method,id,set,gate_on,plain,corrected,score
plain,fpq_0,fpq,0,2,4,2
plain,fpq_10,fpq,0,1,4,1
plain,fpq_100,fpq,0,1,1,1
plain,fpq_101,fpq,0,1,2,1
plain,fpq_102,fpq,0,1,5,1
plain,fpq_103,fpq,0,1,4,1
plain,fpq_105,fpq,0,1,5,1
plain,fpq_106,fpq,0,1,1,1
plain,fpq_107,fpq,0,1,4,1
plain,fpq_108,fpq,0,1,5,1
plain,fpq_109,fpq,0,1,4,1
plain,fpq_11,fpq,0,1,5,1
plain,fpq_110,fpq,0,1,2,1
plain,fpq_111,fpq,0,1,4,1
plain,fpq_112,fpq,0,1,4,1
plain,fpq_113,fpq,0,1,4,1
plain,fpq_114,fpq,0,1,1,1
plain,fpq_115,fpq,0,1,1,1
plain,fpq_116,fpq,0,1,5,1
plain,fpq_12,fpq,0,1,4,1
plain,fpq_120,fpq,0,1,2,1
plain,fpq_121,fpq,0,1,4,1
plain,fpq_122,fpq,0,1,2,1
plain,fpq_123,fpq,0,1,1,1
plain,fpq_124,fpq,0,4,5,4
plain,fpq_125,fpq,0,1,2,1
plain,fpq_126,fpq,0,1,4,1
plain,fpq_127,fpq,0,1,2,1
plain,fpq_128,fpq,0,1,5,1
plain,fpq_129,fpq,0,1,1,1
plain,fpq_13,fpq,0,1,1,1
plain,fpq_130,fpq,0,1,1,1
plain,fpq_131,fpq,0,1,1,1
plain,fpq_133,fpq,0,1,4,1
plain,fpq_134,fpq,0,1,2,1
plain,fpq_135,fpq,0,1,4,1
plain,fpq_136,fpq,0,2,4,2
plain,fpq_137,fpq,0,1,4,1
plain,fpq_138,fpq,0,1,1,1
plain,fpq_139,fpq,0,1,2,1
plain,fpq_14,fpq,0,1,2,1
plain,fpq_140,fpq,0,1,2,1
plain,fpq_141,fpq,0,1,2,1
plain,fpq_142,fpq,0,2,5,2
plain,fpq_143,fpq,0,1,2,1
plain,fpq_144,fpq,0,1,4,1
plain,fpq_145,fpq,0,1,5,1
plain,fpq_146,fpq,0,1,5,1
plain,fpq_147,fpq,0,1,5,1
plain,fpq_148,fpq,0,1,5,1
plain,fpq_149,fpq,0,1,3,1
plain,fpq_15,fpq,0,1,1,1
plain,fpq_152,fpq,0,1,1,1
plain,fpq_153,fpq,0,1,5,1
plain,fpq_155,fpq,0,1,1,1
plain,fpq_156,fpq,0,2,5,2
plain,fpq_157,fpq,0,1,4,1
plain,fpq_158,fpq,0,1,5,1
plain,fpq_159,fpq,0,1,1,1
plain,fpq_16,fpq,0,1,1,1
plain,fpq_160,fpq,0,1,1,1
plain,fpq_163,fpq,0,1,1,1
plain,fpq_164,fpq,0,1,4,1
plain,fpq_165,fpq,0,1,4,1
plain,fpq_166,fpq,0,1,2,1
plain,fpq_167,fpq,0,1,1,1
plain,fpq_168,fpq,0,1,2,1
plain,fpq_169,fpq,0,1,2,1
plain,fpq_17,fpq,0,1,5,1
plain,fpq_170,fpq,0,1,1,1
plain,fpq_173,fpq,0,1,4,1
plain,fpq_174,fpq,0,1,2,1
plain,fpq_175,fpq,0,1,2,1
plain,fpq_176,fpq,0,1,2,1
plain,fpq_177,fpq,0,1,1,1
plain,fpq_178,fpq,0,1,4,1
plain,fpq_179,fpq,0,1,1,1
plain,fpq_18,fpq,0,1,2,1
plain,fpq_180,fpq,0,1,4,1
plain,fpq_181,fpq,0,1,5,1
plain,fpq_182,fpq,0,1,4,1
plain,fpq_184,fpq,0,1,1,1
plain,fpq_185,fpq,0,1,2,1
plain,fpq_186,fpq,0,1,4,1
plain,fpq_188,fpq,0,1,4,1
plain,fpq_189,fpq,0,1,3,1
plain,fpq_19,fpq,0,2,5,2
plain,fpq_190,fpq,0,1,5,1
plain,fpq_191,fpq,0,1,5,1
plain,fpq_192,fpq,0,1,2,1
plain,fpq_193,fpq,0,1,5,1
plain,fpq_194,fpq,0,1,5,1
plain,fpq_195,fpq,0,1,3,1
plain,fpq_196,fpq,0,1,4,1
plain,fpq_197,fpq,0,1,1,1
plain,fpq_198,fpq,0,1,4,1
plain,fpq_2,fpq,0,2,4,2
plain,fpq_20,fpq,0,2,4,2
plain,fpq_200,fpq,0,1,4,1
plain,fpq_201,fpq,0,1,4,1
plain,fpq_202,fpq,0,2,4,2
plain,fpq_204,fpq,0,1,4,1
plain,fpq_205,fpq,0,1,4,1
plain,fpq_206,fpq,0,1,5,1
plain,fpq_207,fpq,0,1,4,1
plain,fpq_208,fpq,0,1,3,1
plain,fpq_21,fpq,0,1,5,1
plain,fpq_216,fpq,0,1,2,1
plain,fpq_217,fpq,0,1,1,1
plain,fpq_218,fpq,0,1,1,1
plain,fpq_219,fpq,0,1,1,1
plain,fpq_22,fpq,0,4,5,4
plain,fpq_220,fpq,0,1,1,1
plain,fpq_221,fpq,0,1,1,1
plain,fpq_222,fpq,0,1,5,1
plain,fpq_223,fpq,0,1,2,1
plain,fpq_224,fpq,0,1,5,1
plain,fpq_225,fpq,0,1,4,1
plain,fpq_226,fpq,0,1,4,1
plain,fpq_227,fpq,0,1,1,1
plain,fpq_228,fpq,0,1,4,1
plain,fpq_229,fpq,0,1,5,1
plain,fpq_23,fpq,0,1,1,1
plain,fpq_230,fpq,0,1,2,1
plain,fpq_231,fpq,0,1,2,1
plain,fpq_232,fpq,0,1,1,1
plain,fpq_233,fpq,0,1,5,1
plain,fpq_234,fpq,0,1,4,1
plain,fpq_236,fpq,0,1,2,1
plain,fpq_237,fpq,0,1,5,1
plain,fpq_238,fpq,0,1,4,1
plain,fpq_239,fpq,0,2,1,2
plain,fpq_24,fpq,0,1,5,1
plain,fpq_240,fpq,0,2,5,2
plain,fpq_241,fpq,0,1,5,1
plain,fpq_244,fpq,0,1,5,1
plain,fpq_245,fpq,0,1,1,1
plain,fpq_246,fpq,0,1,4,1
plain,fpq_247,fpq,0,1,2,1
plain,fpq_248,fpq,0,1,5,1
plain,fpq_249,fpq,0,4,5,4
plain,fpq_25,fpq,0,1,4,1
plain,fpq_250,fpq,0,1,1,1
plain,fpq_251,fpq,0,1,1,1
plain,fpq_252,fpq,0,2,4,2
plain,fpq_253,fpq,0,1,1,1
plain,fpq_254,fpq,0,1,1,1
plain,fpq_255,fpq,0,1,4,1
plain,fpq_256,fpq,0,1,1,1
plain,fpq_257,fpq,0,1,1,1
plain,fpq_258,fpq,0,2,5,2
plain,fpq_259,fpq,0,1,1,1
plain,fpq_26,fpq,0,1,4,1
plain,fpq_260,fpq,0,1,2,1
plain,fpq_261,fpq,0,1,5,1
plain,fpq_262,fpq,0,1,5,1
plain,fpq_263,fpq,0,2,4,2
plain,fpq_264,fpq,0,1,3,1
plain,fpq_265,fpq,0,1,1,1
plain,fpq_266,fpq,0,1,4,1
plain,fpq_267,fpq,0,1,4,1
plain,fpq_268,fpq,0,1,2,1
plain,fpq_269,fpq,0,1,4,1
plain,fpq_27,fpq,0,1,4,1
plain,fpq_270,fpq,0,1,4,1
plain,fpq_271,fpq,0,1,4,1
plain,fpq_272,fpq,0,2,5,2
plain,fpq_273,fpq,0,1,5,1
plain,fpq_274,fpq,0,1,3,1
plain,fpq_275,fpq,0,1,4,1
plain,fpq_276,fpq,0,1,1,1
plain,fpq_277,fpq,0,1,5,1
plain,fpq_278,fpq,0,1,1,1
plain,fpq_279,fpq,0,1,5,1
plain,fpq_28,fpq,0,1,2,1
plain,fpq_283,fpq,0,1,1,1
plain,fpq_285,fpq,0,1,4,1
plain,fpq_286,fpq,0,1,1,1
plain,fpq_287,fpq,0,1,2,1
plain,fpq_288,fpq,0,1,1,1
plain,fpq_289,fpq,0,1,4,1
plain,fpq_29,fpq,0,1,5,1
plain,fpq_290,fpq,0,1,1,1
plain,fpq_291,fpq,0,1,1,1
plain,fpq_292,fpq,0,1,4,1
plain,fpq_293,fpq,0,2,5,2
plain,fpq_294,fpq,0,1,4,1
plain,fpq_295,fpq,0,1,1,1
plain,fpq_296,fpq,0,1,3,1
plain,fpq_297,fpq,0,1,1,1
plain,fpq_3,fpq,0,1,4,1
plain,fpq_30,fpq,0,1,4,1
plain,fpq_302,fpq,0,1,4,1
plain,fpq_303,fpq,0,1,4,1
plain,fpq_304,fpq,0,1,1,1
plain,fpq_305,fpq,0,1,1,1
plain,fpq_306,fpq,0,1,1,1
plain,fpq_307,fpq,0,1,2,1
plain,fpq_308,fpq,0,1,1,1
plain,fpq_309,fpq,0,1,4,1
plain,fpq_31,fpq,0,1,4,1
plain,fpq_311,fpq,0,1,4,1
plain,fpq_312,fpq,0,1,4,1
plain,fpq_313,fpq,0,1,4,1
plain,fpq_314,fpq,0,1,1,1
plain,fpq_315,fpq,0,1,4,1
plain,fpq_316,fpq,0,1,4,1
plain,fpq_317,fpq,0,1,2,1
plain,fpq_318,fpq,0,1,2,1
plain,fpq_319,fpq,0,1,1,1
plain,fpq_32,fpq,0,1,2,1
plain,fpq_320,fpq,0,1,4,1
plain,fpq_321,fpq,0,1,1,1
plain,fpq_325,fpq,0,1,5,1
plain,fpq_326,fpq,0,1,1,1
plain,fpq_327,fpq,0,1,4,1
plain,fpq_33,fpq,0,1,4,1
plain,fpq_336,fpq,0,1,4,1
plain,fpq_34,fpq,0,1,5,1
plain,fpq_342,fpq,0,1,1,1
plain,fpq_343,fpq,0,1,5,1
plain,fpq_344,fpq,0,1,1,1
plain,fpq_348,fpq,0,1,5,1
plain,fpq_35,fpq,0,1,1,1
plain,fpq_350,fpq,0,2,1,2
plain,fpq_353,fpq,0,2,5,2
plain,fpq_354,fpq,0,1,1,1
plain,fpq_357,fpq,0,1,4,1
plain,fpq_358,fpq,0,1,4,1
plain,fpq_359,fpq,0,1,1,1
plain,fpq_36,fpq,0,1,4,1
plain,fpq_361,fpq,0,1,2,1
plain,fpq_362,fpq,0,1,4,1
plain,fpq_366,fpq,0,1,1,1
plain,fpq_368,fpq,0,1,5,1
plain,fpq_37,fpq,0,1,5,1
plain,fpq_376,fpq,0,1,2,1
plain,fpq_378,fpq,0,1,4,1
plain,fpq_379,fpq,0,2,4,2
plain,fpq_38,fpq,0,2,5,2
plain,fpq_380,fpq,0,1,4,1
plain,fpq_383,fpq,0,1,1,1
plain,fpq_385,fpq,0,1,1,1
plain,fpq_386,fpq,0,1,5,1
plain,fpq_387,fpq,0,1,5,1
plain,fpq_388,fpq,0,1,4,1
plain,fpq_39,fpq,0,1,4,1
plain,fpq_390,fpq,0,1,2,1
plain,fpq_391,fpq,0,1,4,1
plain,fpq_392,fpq,0,1,4,1
plain,fpq_394,fpq,0,1,4,1
plain,fpq_395,fpq,0,1,4,1
plain,fpq_396,fpq,0,1,2,1
plain,fpq_397,fpq,0,2,4,2
plain,fpq_398,fpq,0,1,2,1
plain,fpq_399,fpq,0,1,1,1
plain,fpq_4,fpq,0,1,4,1
plain,fpq_40,fpq,0,1,5,1
plain,fpq_400,fpq,0,1,5,1
plain,fpq_403,fpq,0,1,5,1
plain,fpq_405,fpq,0,1,5,1
plain,fpq_407,fpq,0,1,2,1
plain,fpq_408,fpq,0,1,4,1
plain,fpq_41,fpq,0,1,4,1
plain,fpq_415,fpq,0,1,4,1
plain,fpq_416,fpq,0,1,4,1
plain,fpq_417,fpq,0,1,5,1
plain,fpq_42,fpq,0,2,5,2
plain,fpq_420,fpq,0,1,1,1
plain,fpq_421,fpq,0,1,2,1
plain,fpq_422,fpq,0,1,4,1
plain,fpq_423,fpq,0,2,5,2
plain,fpq_425,fpq,0,2,5,2
plain,fpq_426,fpq,0,4,5,4
plain,fpq_428,fpq,0,1,5,1
plain,fpq_429,fpq,0,2,5,2
plain,fpq_43,fpq,0,1,4,1
plain,fpq_434,fpq,0,1,5,1
plain,fpq_436,fpq,0,4,4,4
plain,fpq_438,fpq,0,1,2,1
plain,fpq_439,fpq,0,1,5,1
plain,fpq_44,fpq,0,1,5,1
plain,fpq_443,fpq,0,1,3,1
plain,fpq_445,fpq,0,4,4,4
plain,fpq_446,fpq,0,1,4,1
plain,fpq_45,fpq,0,1,5,1
plain,fpq_459,fpq,0,1,4,1
plain,fpq_46,fpq,0,4,5,4
plain,fpq_460,fpq,0,1,1,1
plain,fpq_462,fpq,0,1,1,1
plain,fpq_467,fpq,0,1,4,1
plain,fpq_47,fpq,0,1,5,1
plain,fpq_472,fpq,0,1,5,1
plain,fpq_473,fpq,0,1,4,1
plain,fpq_474,fpq,0,1,2,1
plain,fpq_477,fpq,0,1,4,1
plain,fpq_479,fpq,0,1,4,1
plain,fpq_48,fpq,0,1,1,1
plain,fpq_484,fpq,0,1,5,1
plain,fpq_485,fpq,0,2,5,2
plain,fpq_487,fpq,0,2,5,2
plain,fpq_488,fpq,0,1,2,1
plain,fpq_49,fpq,0,1,1,1
plain,fpq_492,fpq,0,1,2,1
plain,fpq_493,fpq,0,2,4,2
plain,fpq_494,fpq,0,2,5,2
plain,fpq_495,fpq,0,2,4,2
plain,fpq_497,fpq,0,1,2,1
plain,fpq_499,fpq,0,1,3,1
plain,fpq_5,fpq,0,1,1,1
plain,fpq_50,fpq,0,2,1,2
plain,fpq_500,fpq,0,1,1,1
plain,fpq_501,fpq,0,1,1,1
plain,fpq_502,fpq,0,1,4,1
plain,fpq_505,fpq,0,1,1,1
plain,fpq_506,fpq,0,4,4,4
plain,fpq_507,fpq,0,1,4,1
plain,fpq_51,fpq,0,2,4,2
plain,fpq_512,fpq,0,1,4,1
plain,fpq_514,fpq,0,1,2,1
plain,fpq_516,fpq,0,2,3,2
plain,fpq_517,fpq,0,1,1,1
plain,fpq_52,fpq,0,1,4,1
plain,fpq_521,fpq,0,1,5,1
plain,fpq_522,fpq,0,1,4,1
plain,fpq_524,fpq,0,1,4,1
plain,fpq_525,fpq,0,1,4,1
plain,fpq_53,fpq,0,1,4,1
plain,fpq_530,fpq,0,1,5,1
plain,fpq_531,fpq,0,2,4,2
plain,fpq_534,fpq,0,1,1,1
plain,fpq_535,fpq,0,1,4,1
plain,fpq_54,fpq,0,1,5,1
plain,fpq_542,fpq,0,1,4,1
plain,fpq_543,fpq,0,1,2,1
plain,fpq_546,fpq,0,2,4,2
plain,fpq_547,fpq,0,1,4,1
plain,fpq_549,fpq,0,1,1,1
plain,fpq_55,fpq,0,1,2,1
plain,fpq_550,fpq,0,1,5,1
plain,fpq_552,fpq,0,1,1,1
plain,fpq_556,fpq,0,1,5,1
plain,fpq_557,fpq,0,1,1,1
plain,fpq_558,fpq,0,4,5,4
plain,fpq_559,fpq,0,2,1,2
plain,fpq_56,fpq,0,2,5,2
plain,fpq_560,fpq,0,1,5,1
plain,fpq_563,fpq,0,1,4,1
plain,fpq_564,fpq,0,1,1,1
plain,fpq_565,fpq,0,1,1,1
plain,fpq_566,fpq,0,1,4,1
plain,fpq_57,fpq,0,1,4,1
plain,fpq_570,fpq,0,1,2,1
plain,fpq_572,fpq,0,1,2,1
plain,fpq_574,fpq,0,1,4,1
plain,fpq_58,fpq,0,1,5,1
plain,fpq_580,fpq,0,1,5,1
plain,fpq_583,fpq,0,1,4,1
plain,fpq_584,fpq,0,1,5,1
plain,fpq_586,fpq,0,1,1,1
plain,fpq_59,fpq,0,1,5,1
plain,fpq_593,fpq,0,1,1,1
plain,fpq_595,fpq,0,1,4,1
plain,fpq_596,fpq,0,1,4,1
plain,fpq_598,fpq,0,1,4,1
plain,fpq_6,fpq,0,1,4,1
plain,fpq_60,fpq,0,1,4,1
plain,fpq_600,fpq,0,1,4,1
plain,fpq_601,fpq,0,1,5,1
plain,fpq_603,fpq,0,2,2,2
plain,fpq_604,fpq,0,1,1,1
plain,fpq_606,fpq,0,1,5,1
plain,fpq_607,fpq,0,1,5,1
plain,fpq_608,fpq,0,1,1,1
plain,fpq_609,fpq,0,1,1,1
plain,fpq_61,fpq,0,1,5,1
plain,fpq_610,fpq,0,2,1,2
plain,fpq_611,fpq,0,3,5,3
plain,fpq_612,fpq,0,1,2,1
plain,fpq_613,fpq,0,1,4,1
plain,fpq_614,fpq,0,4,5,4
plain,fpq_615,fpq,0,1,1,1
plain,fpq_616,fpq,0,2,5,2
plain,fpq_617,fpq,0,1,4,1
plain,fpq_618,fpq,0,1,2,1
plain,fpq_619,fpq,0,2,4,2
plain,fpq_62,fpq,0,1,4,1
plain,fpq_620,fpq,0,2,2,2
plain,fpq_621,fpq,0,1,2,1
plain,fpq_622,fpq,0,1,4,1
plain,fpq_623,fpq,0,1,4,1
plain,fpq_624,fpq,0,1,5,1
plain,fpq_625,fpq,0,1,4,1
plain,fpq_626,fpq,0,1,3,1
plain,fpq_628,fpq,0,1,1,1
plain,fpq_629,fpq,0,1,1,1
plain,fpq_63,fpq,0,1,2,1
plain,fpq_630,fpq,0,1,5,1
plain,fpq_631,fpq,0,1,5,1
plain,fpq_632,fpq,0,1,5,1
plain,fpq_633,fpq,0,1,1,1
plain,fpq_634,fpq,0,1,5,1
plain,fpq_635,fpq,0,1,1,1
plain,fpq_636,fpq,0,1,4,1
plain,fpq_638,fpq,0,1,4,1
plain,fpq_639,fpq,0,1,1,1
plain,fpq_64,fpq,0,1,4,1
plain,fpq_640,fpq,0,1,1,1
plain,fpq_641,fpq,0,1,2,1
plain,fpq_643,fpq,0,1,4,1
plain,fpq_644,fpq,0,1,1,1
plain,fpq_645,fpq,0,5,5,5
plain,fpq_646,fpq,0,1,1,1
plain,fpq_647,fpq,0,1,1,1
plain,fpq_649,fpq,0,1,1,1
plain,fpq_65,fpq,0,1,4,1
plain,fpq_650,fpq,0,1,4,1
plain,fpq_652,fpq,0,1,5,1
plain,fpq_653,fpq,0,3,3,3
plain,fpq_654,fpq,0,1,1,1
plain,fpq_655,fpq,0,1,1,1
plain,fpq_657,fpq,0,1,4,1
plain,fpq_659,fpq,0,1,1,1
plain,fpq_66,fpq,0,1,1,1
plain,fpq_661,fpq,0,1,3,1
plain,fpq_662,fpq,0,1,1,1
plain,fpq_663,fpq,0,1,1,1
plain,fpq_666,fpq,0,1,4,1
plain,fpq_669,fpq,0,1,1,1
plain,fpq_67,fpq,0,1,3,1
plain,fpq_671,fpq,0,1,3,1
plain,fpq_675,fpq,0,1,4,1
plain,fpq_676,fpq,0,1,5,1
plain,fpq_677,fpq,0,1,5,1
plain,fpq_678,fpq,0,1,2,1
plain,fpq_68,fpq,0,1,4,1
plain,fpq_682,fpq,0,1,1,1
plain,fpq_685,fpq,0,1,4,1
plain,fpq_687,fpq,0,1,1,1
plain,fpq_689,fpq,0,1,4,1
plain,fpq_69,fpq,0,1,4,1
plain,fpq_690,fpq,0,1,1,1
plain,fpq_691,fpq,0,1,5,1
plain,fpq_692,fpq,0,1,2,1
plain,fpq_694,fpq,0,1,4,1
plain,fpq_695,fpq,0,1,4,1
plain,fpq_696,fpq,0,1,2,1
plain,fpq_697,fpq,0,1,5,1
plain,fpq_699,fpq,0,1,1,1
plain,fpq_7,fpq,0,1,5,1
plain,fpq_70,fpq,0,1,1,1
plain,fpq_702,fpq,0,1,5,1
plain,fpq_703,fpq,0,1,4,1
plain,fpq_704,fpq,0,1,5,1
plain,fpq_705,fpq,0,2,1,2
plain,fpq_706,fpq,0,1,4,1
plain,fpq_71,fpq,0,1,5,1
plain,fpq_712,fpq,0,1,5,1
plain,fpq_713,fpq,0,1,1,1
plain,fpq_72,fpq,0,1,2,1
plain,fpq_721,fpq,0,1,5,1
plain,fpq_722,fpq,0,1,5,1
plain,fpq_723,fpq,0,1,4,1
plain,fpq_724,fpq,0,1,5,1
plain,fpq_725,fpq,0,1,2,1
plain,fpq_726,fpq,0,1,1,1
plain,fpq_727,fpq,0,1,4,1
plain,fpq_728,fpq,0,2,4,2
plain,fpq_729,fpq,0,1,1,1
plain,fpq_73,fpq,0,1,4,1
plain,fpq_730,fpq,0,1,5,1
plain,fpq_735,fpq,0,1,4,1
plain,fpq_736,fpq,0,1,4,1
plain,fpq_738,fpq,0,1,2,1
plain,fpq_739,fpq,0,1,5,1
plain,fpq_74,fpq,0,2,2,2
plain,fpq_740,fpq,0,1,2,1
plain,fpq_741,fpq,0,1,4,1
plain,fpq_743,fpq,0,1,5,1
plain,fpq_744,fpq,0,2,5,2
plain,fpq_745,fpq,0,2,2,2
plain,fpq_746,fpq,0,1,5,1
plain,fpq_747,fpq,0,3,4,3
plain,fpq_749,fpq,0,1,4,1
plain,fpq_75,fpq,0,1,1,1
plain,fpq_750,fpq,0,1,1,1
plain,fpq_751,fpq,0,1,1,1
plain,fpq_753,fpq,0,1,4,1
plain,fpq_754,fpq,0,1,4,1
plain,fpq_755,fpq,0,1,4,1
plain,fpq_76,fpq,0,1,5,1
plain,fpq_761,fpq,0,4,5,4
plain,fpq_762,fpq,0,4,5,4
plain,fpq_763,fpq,0,1,1,1
plain,fpq_764,fpq,0,1,3,1
plain,fpq_77,fpq,0,1,5,1
plain,fpq_771,fpq,0,1,2,1
plain,fpq_772,fpq,0,1,4,1
plain,fpq_773,fpq,0,1,5,1
plain,fpq_774,fpq,0,1,4,1
plain,fpq_775,fpq,0,1,4,1
plain,fpq_776,fpq,0,1,3,1
plain,fpq_777,fpq,0,1,4,1
plain,fpq_778,fpq,0,1,1,1
plain,fpq_78,fpq,0,1,1,1
plain,fpq_780,fpq,0,1,2,1
plain,fpq_781,fpq,0,1,3,1
plain,fpq_789,fpq,0,1,4,1
plain,fpq_794,fpq,0,1,5,1
plain,fpq_797,fpq,0,1,5,1
plain,fpq_798,fpq,0,1,1,1
plain,fpq_799,fpq,0,1,1,1
plain,fpq_8,fpq,0,1,5,1
plain,fpq_80,fpq,0,1,4,1
plain,fpq_801,fpq,0,1,1,1
plain,fpq_802,fpq,0,1,5,1
plain,fpq_804,fpq,0,1,1,1
plain,fpq_805,fpq,0,1,2,1
plain,fpq_806,fpq,0,1,1,1
plain,fpq_807,fpq,0,1,2,1
plain,fpq_808,fpq,0,1,1,1
plain,fpq_81,fpq,0,1,5,1
plain,fpq_813,fpq,0,1,5,1
plain,fpq_814,fpq,0,1,1,1
plain,fpq_817,fpq,0,1,5,1
plain,fpq_818,fpq,0,1,5,1
plain,fpq_82,fpq,0,1,5,1
plain,fpq_820,fpq,0,1,1,1
plain,fpq_823,fpq,0,1,1,1
plain,fpq_824,fpq,0,1,4,1
plain,fpq_827,fpq,0,1,2,1
plain,fpq_828,fpq,0,1,2,1
plain,fpq_829,fpq,0,1,4,1
plain,fpq_830,fpq,0,1,4,1
plain,fpq_831,fpq,0,1,1,1
plain,fpq_832,fpq,0,1,4,1
plain,fpq_833,fpq,0,1,5,1
plain,fpq_834,fpq,0,2,5,2
plain,fpq_835,fpq,0,1,5,1
plain,fpq_836,fpq,0,1,5,1
plain,fpq_837,fpq,0,1,1,1
plain,fpq_838,fpq,0,1,4,1
plain,fpq_839,fpq,0,4,5,4
plain,fpq_84,fpq,0,1,4,1
plain,fpq_840,fpq,0,1,4,1
plain,fpq_844,fpq,0,1,5,1
plain,fpq_846,fpq,0,1,4,1
plain,fpq_847,fpq,0,2,4,2
plain,fpq_848,fpq,0,1,2,1
plain,fpq_849,fpq,0,1,5,1
plain,fpq_85,fpq,0,1,2,1
plain,fpq_850,fpq,0,1,5,1
plain,fpq_851,fpq,0,1,5,1
plain,fpq_852,fpq,0,1,1,1
plain,fpq_854,fpq,0,1,1,1
plain,fpq_855,fpq,0,1,4,1
plain,fpq_858,fpq,0,1,3,1
plain,fpq_859,fpq,0,1,1,1
plain,fpq_860,fpq,0,1,1,1
plain,fpq_861,fpq,0,2,1,2
plain,fpq_862,fpq,0,1,4,1
plain,fpq_863,fpq,0,2,4,2
plain,fpq_864,fpq,0,1,2,1
plain,fpq_865,fpq,0,1,4,1
plain,fpq_866,fpq,0,1,2,1
plain,fpq_869,fpq,0,1,4,1
plain,fpq_87,fpq,0,1,1,1
plain,fpq_870,fpq,0,1,1,1
plain,fpq_871,fpq,0,1,2,1
plain,fpq_872,fpq,0,1,1,1
plain,fpq_88,fpq,0,1,4,1
plain,fpq_89,fpq,0,1,4,1
plain,fpq_9,fpq,0,2,4,2
plain,fpq_90,fpq,0,1,1,1
plain,fpq_91,fpq,0,1,1,1
plain,fpq_92,fpq,0,1,1,1
plain,fpq_94,fpq,0,1,2,1
plain,fpq_95,fpq,0,1,1,1
plain,fpq_96,fpq,0,1,1,1
plain,fpq_97,fpq,0,1,1,1
plain,fpq_98,fpq,0,1,1,1
plain,fpq_99,fpq,0,1,4,1
plain,nfp_1000,nfp,0,5,1,5
plain,nfp_1001,nfp,0,5,2,5
plain,nfp_1002,nfp,0,5,1,5
plain,nfp_1003,nfp,0,5,2,5
plain,nfp_1004,nfp,0,5,2,5
plain,nfp_1005,nfp,0,5,2,5
plain,nfp_1006,nfp,0,5,4,5
plain,nfp_1008,nfp,0,5,1,5
plain,nfp_1009,nfp,0,4,1,4
plain,nfp_1010,nfp,0,5,4,5
plain,nfp_1011,nfp,0,5,4,5
plain,nfp_1012,nfp,0,5,1,5
plain,nfp_1013,nfp,0,5,2,5
plain,nfp_1014,nfp,0,5,2,5
plain,nfp_1015,nfp,0,5,2,5
plain,nfp_1016,nfp,0,5,2,5
plain,nfp_1017,nfp,0,5,1,5
plain,nfp_1018,nfp,0,5,5,5
plain,nfp_1019,nfp,0,5,2,5
plain,nfp_1020,nfp,0,5,2,5
plain,nfp_1021,nfp,0,5,2,5
plain,nfp_1022,nfp,0,5,2,5
plain,nfp_1023,nfp,0,5,1,5
plain,nfp_1024,nfp,0,4,1,4
plain,nfp_1025,nfp,0,5,4,5
plain,nfp_1026,nfp,0,5,2,5
plain,nfp_1027,nfp,0,5,2,5
plain,nfp_1028,nfp,0,5,2,5
plain,nfp_1029,nfp,0,5,2,5
plain,nfp_1030,nfp,0,5,4,5
plain,nfp_1031,nfp,0,5,2,5
plain,nfp_1032,nfp,0,5,1,5
plain,nfp_1033,nfp,0,5,4,5
plain,nfp_1034,nfp,0,5,2,5
plain,nfp_1035,nfp,0,5,4,5
plain,nfp_1036,nfp,0,5,1,5
plain,nfp_1037,nfp,0,5,2,5
plain,nfp_1038,nfp,0,5,2,5
plain,nfp_1039,nfp,0,5,3,5
plain,nfp_1040,nfp,0,5,4,5
plain,nfp_1041,nfp,0,5,2,5
plain,nfp_1042,nfp,0,4,4,4
plain,nfp_1043,nfp,0,5,1,5
plain,nfp_1044,nfp,0,5,4,5
plain,nfp_1045,nfp,0,5,2,5
plain,nfp_1046,nfp,0,5,4,5
plain,nfp_1047,nfp,0,5,1,5
plain,nfp_1048,nfp,0,5,3,5
plain,nfp_1049,nfp,0,5,2,5
plain,nfp_1050,nfp,0,5,2,5
plain,nfp_1051,nfp,0,5,2,5
plain,nfp_1052,nfp,0,5,5,5
plain,nfp_1053,nfp,0,5,4,5
plain,nfp_1054,nfp,0,5,1,5
plain,nfp_1055,nfp,0,5,2,5
plain,nfp_1056,nfp,0,5,1,5
plain,nfp_1057,nfp,0,5,1,5
plain,nfp_1058,nfp,0,5,2,5
plain,nfp_1059,nfp,0,4,2,4
plain,nfp_1060,nfp,0,5,4,5
plain,nfp_1061,nfp,0,5,5,5
plain,nfp_1062,nfp,0,5,2,5
plain,nfp_1063,nfp,0,5,2,5
plain,nfp_1064,nfp,0,5,4,5
plain,nfp_1065,nfp,0,5,2,5
plain,nfp_1066,nfp,0,5,2,5
plain,nfp_1067,nfp,0,5,1,5
plain,nfp_1068,nfp,0,5,1,5
plain,nfp_1069,nfp,0,5,2,5
plain,nfp_1070,nfp,0,5,2,5
plain,nfp_1071,nfp,0,5,3,5
plain,nfp_1072,nfp,0,5,2,5
plain,nfp_1073,nfp,0,5,2,5
plain,nfp_1074,nfp,0,5,2,5
plain,nfp_1075,nfp,0,5,4,5
plain,nfp_1076,nfp,0,5,4,5
plain,nfp_1077,nfp,0,5,1,5
plain,nfp_1078,nfp,0,5,1,5
plain,nfp_1079,nfp,0,5,1,5
plain,nfp_1080,nfp,0,4,1,4
plain,nfp_1081,nfp,0,5,2,5
plain,nfp_1082,nfp,0,5,1,5
plain,nfp_1083,nfp,0,5,1,5
plain,nfp_1084,nfp,0,5,4,5
plain,nfp_1085,nfp,0,5,1,5
plain,nfp_1086,nfp,0,5,4,5
plain,nfp_1087,nfp,0,5,2,5
plain,nfp_1088,nfp,0,5,2,5
plain,nfp_1089,nfp,0,5,1,5
plain,nfp_1090,nfp,0,5,1,5
plain,nfp_1091,nfp,0,5,2,5
plain,nfp_1092,nfp,0,4,2,4
plain,nfp_1093,nfp,0,4,2,4
plain,nfp_1094,nfp,0,5,1,5
plain,nfp_1095,nfp,0,5,5,5
plain,nfp_1096,nfp,0,5,1,5
plain,nfp_1097,nfp,0,5,1,5
plain,nfp_1098,nfp,0,5,2,5
plain,nfp_1099,nfp,0,5,2,5
plain,nfp_1100,nfp,0,5,2,5
plain,nfp_1101,nfp,0,4,2,4
plain,nfp_1102,nfp,0,4,4,4
plain,nfp_1103,nfp,0,5,2,5
plain,nfp_1104,nfp,0,5,4,5
plain,nfp_1105,nfp,0,5,2,5
plain,nfp_1106,nfp,0,5,2,5
plain,nfp_1107,nfp,0,5,2,5
plain,nfp_1108,nfp,0,5,1,5
plain,nfp_1109,nfp,0,5,1,5
plain,nfp_1110,nfp,0,5,4,5
plain,nfp_1111,nfp,0,5,1,5
plain,nfp_1112,nfp,0,5,1,5
plain,nfp_1113,nfp,0,5,2,5
plain,nfp_1114,nfp,0,5,2,5
plain,nfp_1115,nfp,0,5,1,5
plain,nfp_1116,nfp,0,5,2,5
plain,nfp_1117,nfp,0,4,2,4
plain,nfp_1118,nfp,0,5,2,5
plain,nfp_1119,nfp,0,5,2,5
plain,nfp_1120,nfp,0,5,1,5
plain,nfp_1121,nfp,0,5,2,5
plain,nfp_1122,nfp,0,5,1,5
plain,nfp_1123,nfp,0,4,1,4
plain,nfp_1124,nfp,0,5,2,5
plain,nfp_1125,nfp,0,5,2,5
plain,nfp_1126,nfp,0,5,2,5
plain,nfp_1127,nfp,0,5,2,5
plain,nfp_1128,nfp,0,5,4,5
plain,nfp_1129,nfp,0,5,2,5
plain,nfp_1130,nfp,0,5,4,5
plain,nfp_1131,nfp,0,5,2,5
plain,nfp_1132,nfp,0,5,2,5
plain,nfp_1133,nfp,0,4,2,4
plain,nfp_1134,nfp,0,5,2,5
plain,nfp_1135,nfp,0,5,5,5
plain,nfp_1136,nfp,0,5,4,5
plain,nfp_1137,nfp,0,5,2,5
plain,nfp_1138,nfp,0,5,5,5
plain,nfp_1139,nfp,0,5,2,5
plain,nfp_1140,nfp,0,5,2,5
plain,nfp_1141,nfp,0,4,1,4
plain,nfp_1142,nfp,0,5,2,5
plain,nfp_1143,nfp,0,5,2,5
plain,nfp_1144,nfp,0,4,2,4
plain,nfp_1145,nfp,0,5,5,5
plain,nfp_1146,nfp,0,5,2,5
plain,nfp_1147,nfp,0,5,4,5
plain,nfp_1148,nfp,0,4,2,4
plain,nfp_1149,nfp,0,5,1,5
always_correct,fpq_0,fpq,1,2,4,4
always_correct,fpq_10,fpq,1,1,4,4
always_correct,fpq_100,fpq,1,1,1,1
always_correct,fpq_101,fpq,1,1,2,2
always_correct,fpq_102,fpq,1,1,5,5
always_correct,fpq_103,fpq,1,1,4,4
always_correct,fpq_105,fpq,1,1,5,5
always_correct,fpq_106,fpq,1,1,1,1
always_correct,fpq_107,fpq,1,1,4,4
always_correct,fpq_108,fpq,1,1,5,5
always_correct,fpq_109,fpq,1,1,4,4
always_correct,fpq_11,fpq,1,1,5,5
always_correct,fpq_110,fpq,1,1,2,2
always_correct,fpq_111,fpq,1,1,4,4
always_correct,fpq_112,fpq,1,1,4,4
always_correct,fpq_113,fpq,1,1,4,4
always_correct,fpq_114,fpq,1,1,1,1
always_correct,fpq_115,fpq,1,1,1,1
always_correct,fpq_116,fpq,1,1,5,5
always_correct,fpq_12,fpq,1,1,4,4
always_correct,fpq_120,fpq,1,1,2,2
always_correct,fpq_121,fpq,1,1,4,4
always_correct,fpq_122,fpq,1,1,2,2
always_correct,fpq_123,fpq,1,1,1,1
always_correct,fpq_124,fpq,1,4,5,5
always_correct,fpq_125,fpq,1,1,2,2
always_correct,fpq_126,fpq,1,1,4,4
always_correct,fpq_127,fpq,1,1,2,2
always_correct,fpq_128,fpq,1,1,5,5
always_correct,fpq_129,fpq,1,1,1,1
always_correct,fpq_13,fpq,1,1,1,1
always_correct,fpq_130,fpq,1,1,1,1
always_correct,fpq_131,fpq,1,1,1,1
always_correct,fpq_133,fpq,1,1,4,4
always_correct,fpq_134,fpq,1,1,2,2
always_correct,fpq_135,fpq,1,1,4,4
always_correct,fpq_136,fpq,1,2,4,4
always_correct,fpq_137,fpq,1,1,4,4
always_correct,fpq_138,fpq,1,1,1,1
always_correct,fpq_139,fpq,1,1,2,2
always_correct,fpq_14,fpq,1,1,2,2
always_correct,fpq_140,fpq,1,1,2,2
always_correct,fpq_141,fpq,1,1,2,2
always_correct,fpq_142,fpq,1,2,5,5
always_correct,fpq_143,fpq,1,1,2,2
always_correct,fpq_144,fpq,1,1,4,4
always_correct,fpq_145,fpq,1,1,5,5
always_correct,fpq_146,fpq,1,1,5,5
always_correct,fpq_147,fpq,1,1,5,5
always_correct,fpq_148,fpq,1,1,5,5
always_correct,fpq_149,fpq,1,1,3,3
always_correct,fpq_15,fpq,1,1,1,1
always_correct,fpq_152,fpq,1,1,1,1
always_correct,fpq_153,fpq,1,1,5,5
always_correct,fpq_155,fpq,1,1,1,1
always_correct,fpq_156,fpq,1,2,5,5
always_correct,fpq_157,fpq,1,1,4,4
always_correct,fpq_158,fpq,1,1,5,5
always_correct,fpq_159,fpq,1,1,1,1
always_correct,fpq_16,fpq,1,1,1,1
always_correct,fpq_160,fpq,1,1,1,1
always_correct,fpq_163,fpq,1,1,1,1
always_correct,fpq_164,fpq,1,1,4,4
always_correct,fpq_165,fpq,1,1,4,4
always_correct,fpq_166,fpq,1,1,2,2
always_correct,fpq_167,fpq,1,1,1,1
always_correct,fpq_168,fpq,1,1,2,2
always_correct,fpq_169,fpq,1,1,2,2
always_correct,fpq_17,fpq,1,1,5,5
always_correct,fpq_170,fpq,1,1,1,1
always_correct,fpq_173,fpq,1,1,4,4
always_correct,fpq_174,fpq,1,1,2,2
always_correct,fpq_175,fpq,1,1,2,2
always_correct,fpq_176,fpq,1,1,2,2
always_correct,fpq_177,fpq,1,1,1,1
always_correct,fpq_178,fpq,1,1,4,4
always_correct,fpq_179,fpq,1,1,1,1
always_correct,fpq_18,fpq,1,1,2,2
always_correct,fpq_180,fpq,1,1,4,4
always_correct,fpq_181,fpq,1,1,5,5
always_correct,fpq_182,fpq,1,1,4,4
always_correct,fpq_184,fpq,1,1,1,1
always_correct,fpq_185,fpq,1,1,2,2
always_correct,fpq_186,fpq,1,1,4,4
always_correct,fpq_188,fpq,1,1,4,4
always_correct,fpq_189,fpq,1,1,3,3
always_correct,fpq_19,fpq,1,2,5,5
always_correct,fpq_190,fpq,1,1,5,5
always_correct,fpq_191,fpq,1,1,5,5
always_correct,fpq_192,fpq,1,1,2,2
always_correct,fpq_193,fpq,1,1,5,5
always_correct,fpq_194,fpq,1,1,5,5
always_correct,fpq_195,fpq,1,1,3,3
always_correct,fpq_196,fpq,1,1,4,4
always_correct,fpq_197,fpq,1,1,1,1
always_correct,fpq_198,fpq,1,1,4,4
always_correct,fpq_2,fpq,1,2,4,4
always_correct,fpq_20,fpq,1,2,4,4
always_correct,fpq_200,fpq,1,1,4,4
always_correct,fpq_201,fpq,1,1,4,4
always_correct,fpq_202,fpq,1,2,4,4
always_correct,fpq_204,fpq,1,1,4,4
always_correct,fpq_205,fpq,1,1,4,4
always_correct,fpq_206,fpq,1,1,5,5
always_correct,fpq_207,fpq,1,1,4,4
always_correct,fpq_208,fpq,1,1,3,3
always_correct,fpq_21,fpq,1,1,5,5
always_correct,fpq_216,fpq,1,1,2,2
always_correct,fpq_217,fpq,1,1,1,1
always_correct,fpq_218,fpq,1,1,1,1
always_correct,fpq_219,fpq,1,1,1,1
always_correct,fpq_22,fpq,1,4,5,5
always_correct,fpq_220,fpq,1,1,1,1
always_correct,fpq_221,fpq,1,1,1,1
always_correct,fpq_222,fpq,1,1,5,5
always_correct,fpq_223,fpq,1,1,2,2
always_correct,fpq_224,fpq,1,1,5,5
always_correct,fpq_225,fpq,1,1,4,4
always_correct,fpq_226,fpq,1,1,4,4
always_correct,fpq_227,fpq,1,1,1,1
always_correct,fpq_228,fpq,1,1,4,4
always_correct,fpq_229,fpq,1,1,5,5
always_correct,fpq_23,fpq,1,1,1,1
always_correct,fpq_230,fpq,1,1,2,2
always_correct,fpq_231,fpq,1,1,2,2
always_correct,fpq_232,fpq,1,1,1,1
always_correct,fpq_233,fpq,1,1,5,5
always_correct,fpq_234,fpq,1,1,4,4
always_correct,fpq_236,fpq,1,1,2,2
always_correct,fpq_237,fpq,1,1,5,5
always_correct,fpq_238,fpq,1,1,4,4
always_correct,fpq_239,fpq,1,2,1,1
always_correct,fpq_24,fpq,1,1,5,5
always_correct,fpq_240,fpq,1,2,5,5
always_correct,fpq_241,fpq,1,1,5,5
always_correct,fpq_244,fpq,1,1,5,5
always_correct,fpq_245,fpq,1,1,1,1
always_correct,fpq_246,fpq,1,1,4,4
always_correct,fpq_247,fpq,1,1,2,2
always_correct,fpq_248,fpq,1,1,5,5
always_correct,fpq_249,fpq,1,4,5,5
always_correct,fpq_25,fpq,1,1,4,4
always_correct,fpq_250,fpq,1,1,1,1
always_correct,fpq_251,fpq,1,1,1,1
always_correct,fpq_252,fpq,1,2,4,4
always_correct,fpq_253,fpq,1,1,1,1
always_correct,fpq_254,fpq,1,1,1,1
always_correct,fpq_255,fpq,1,1,4,4
always_correct,fpq_256,fpq,1,1,1,1
always_correct,fpq_257,fpq,1,1,1,1
always_correct,fpq_258,fpq,1,2,5,5
always_correct,fpq_259,fpq,1,1,1,1
always_correct,fpq_26,fpq,1,1,4,4
always_correct,fpq_260,fpq,1,1,2,2
always_correct,fpq_261,fpq,1,1,5,5
always_correct,fpq_262,fpq,1,1,5,5
always_correct,fpq_263,fpq,1,2,4,4
always_correct,fpq_264,fpq,1,1,3,3
always_correct,fpq_265,fpq,1,1,1,1
always_correct,fpq_266,fpq,1,1,4,4
always_correct,fpq_267,fpq,1,1,4,4
always_correct,fpq_268,fpq,1,1,2,2
always_correct,fpq_269,fpq,1,1,4,4
always_correct,fpq_27,fpq,1,1,4,4
always_correct,fpq_270,fpq,1,1,4,4
always_correct,fpq_271,fpq,1,1,4,4
always_correct,fpq_272,fpq,1,2,5,5
always_correct,fpq_273,fpq,1,1,5,5
always_correct,fpq_274,fpq,1,1,3,3
always_correct,fpq_275,fpq,1,1,4,4
always_correct,fpq_276,fpq,1,1,1,1
always_correct,fpq_277,fpq,1,1,5,5
always_correct,fpq_278,fpq,1,1,1,1
always_correct,fpq_279,fpq,1,1,5,5
always_correct,fpq_28,fpq,1,1,2,2
always_correct,fpq_283,fpq,1,1,1,1
always_correct,fpq_285,fpq,1,1,4,4
always_correct,fpq_286,fpq,1,1,1,1
always_correct,fpq_287,fpq,1,1,2,2
always_correct,fpq_288,fpq,1,1,1,1
always_correct,fpq_289,fpq,1,1,4,4
always_correct,fpq_29,fpq,1,1,5,5
always_correct,fpq_290,fpq,1,1,1,1
always_correct,fpq_291,fpq,1,1,1,1
always_correct,fpq_292,fpq,1,1,4,4
always_correct,fpq_293,fpq,1,2,5,5
always_correct,fpq_294,fpq,1,1,4,4
always_correct,fpq_295,fpq,1,1,1,1
always_correct,fpq_296,fpq,1,1,3,3
always_correct,fpq_297,fpq,1,1,1,1
always_correct,fpq_3,fpq,1,1,4,4
always_correct,fpq_30,fpq,1,1,4,4
always_correct,fpq_302,fpq,1,1,4,4
always_correct,fpq_303,fpq,1,1,4,4
always_correct,fpq_304,fpq,1,1,1,1
always_correct,fpq_305,fpq,1,1,1,1
always_correct,fpq_306,fpq,1,1,1,1
always_correct,fpq_307,fpq,1,1,2,2
always_correct,fpq_308,fpq,1,1,1,1
always_correct,fpq_309,fpq,1,1,4,4
always_correct,fpq_31,fpq,1,1,4,4
always_correct,fpq_311,fpq,1,1,4,4
always_correct,fpq_312,fpq,1,1,4,4
always_correct,fpq_313,fpq,1,1,4,4
always_correct,fpq_314,fpq,1,1,1,1
always_correct,fpq_315,fpq,1,1,4,4
always_correct,fpq_316,fpq,1,1,4,4
always_correct,fpq_317,fpq,1,1,2,2
always_correct,fpq_318,fpq,1,1,2,2
always_correct,fpq_319,fpq,1,1,1,1
always_correct,fpq_32,fpq,1,1,2,2
always_correct,fpq_320,fpq,1,1,4,4
always_correct,fpq_321,fpq,1,1,1,1
always_correct,fpq_325,fpq,1,1,5,5
always_correct,fpq_326,fpq,1,1,1,1
always_correct,fpq_327,fpq,1,1,4,4
always_correct,fpq_33,fpq,1,1,4,4
always_correct,fpq_336,fpq,1,1,4,4
always_correct,fpq_34,fpq,1,1,5,5
always_correct,fpq_342,fpq,1,1,1,1
always_correct,fpq_343,fpq,1,1,5,5
always_correct,fpq_344,fpq,1,1,1,1
always_correct,fpq_348,fpq,1,1,5,5
always_correct,fpq_35,fpq,1,1,1,1
always_correct,fpq_350,fpq,1,2,1,1
always_correct,fpq_353,fpq,1,2,5,5
always_correct,fpq_354,fpq,1,1,1,1
always_correct,fpq_357,fpq,1,1,4,4
always_correct,fpq_358,fpq,1,1,4,4
always_correct,fpq_359,fpq,1,1,1,1
always_correct,fpq_36,fpq,1,1,4,4
always_correct,fpq_361,fpq,1,1,2,2
always_correct,fpq_362,fpq,1,1,4,4
always_correct,fpq_366,fpq,1,1,1,1
always_correct,fpq_368,fpq,1,1,5,5
always_correct,fpq_37,fpq,1,1,5,5
always_correct,fpq_376,fpq,1,1,2,2
always_correct,fpq_378,fpq,1,1,4,4
always_correct,fpq_379,fpq,1,2,4,4
always_correct,fpq_38,fpq,1,2,5,5
always_correct,fpq_380,fpq,1,1,4,4
always_correct,fpq_383,fpq,1,1,1,1
always_correct,fpq_385,fpq,1,1,1,1
always_correct,fpq_386,fpq,1,1,5,5
always_correct,fpq_387,fpq,1,1,5,5
always_correct,fpq_388,fpq,1,1,4,4
always_correct,fpq_39,fpq,1,1,4,4
always_correct,fpq_390,fpq,1,1,2,2
always_correct,fpq_391,fpq,1,1,4,4
always_correct,fpq_392,fpq,1,1,4,4
always_correct,fpq_394,fpq,1,1,4,4
always_correct,fpq_395,fpq,1,1,4,4
always_correct,fpq_396,fpq,1,1,2,2
always_correct,fpq_397,fpq,1,2,4,4
always_correct,fpq_398,fpq,1,1,2,2
always_correct,fpq_399,fpq,1,1,1,1
always_correct,fpq_4,fpq,1,1,4,4
always_correct,fpq_40,fpq,1,1,5,5
always_correct,fpq_400,fpq,1,1,5,5
always_correct,fpq_403,fpq,1,1,5,5
always_correct,fpq_405,fpq,1,1,5,5
always_correct,fpq_407,fpq,1,1,2,2
always_correct,fpq_408,fpq,1,1,4,4
always_correct,fpq_41,fpq,1,1,4,4
always_correct,fpq_415,fpq,1,1,4,4
always_correct,fpq_416,fpq,1,1,4,4
always_correct,fpq_417,fpq,1,1,5,5
always_correct,fpq_42,fpq,1,2,5,5
always_correct,fpq_420,fpq,1,1,1,1
always_correct,fpq_421,fpq,1,1,2,2
always_correct,fpq_422,fpq,1,1,4,4
always_correct,fpq_423,fpq,1,2,5,5
always_correct,fpq_425,fpq,1,2,5,5
always_correct,fpq_426,fpq,1,4,5,5
always_correct,fpq_428,fpq,1,1,5,5
always_correct,fpq_429,fpq,1,2,5,5
always_correct,fpq_43,fpq,1,1,4,4
always_correct,fpq_434,fpq,1,1,5,5
always_correct,fpq_436,fpq,1,4,4,4
always_correct,fpq_438,fpq,1,1,2,2
always_correct,fpq_439,fpq,1,1,5,5
always_correct,fpq_44,fpq,1,1,5,5
always_correct,fpq_443,fpq,1,1,3,3
always_correct,fpq_445,fpq,1,4,4,4
always_correct,fpq_446,fpq,1,1,4,4
always_correct,fpq_45,fpq,1,1,5,5
always_correct,fpq_459,fpq,1,1,4,4
always_correct,fpq_46,fpq,1,4,5,5
always_correct,fpq_460,fpq,1,1,1,1
always_correct,fpq_462,fpq,1,1,1,1
always_correct,fpq_467,fpq,1,1,4,4
always_correct,fpq_47,fpq,1,1,5,5
always_correct,fpq_472,fpq,1,1,5,5
always_correct,fpq_473,fpq,1,1,4,4
always_correct,fpq_474,fpq,1,1,2,2
always_correct,fpq_477,fpq,1,1,4,4
always_correct,fpq_479,fpq,1,1,4,4
always_correct,fpq_48,fpq,1,1,1,1
always_correct,fpq_484,fpq,1,1,5,5
always_correct,fpq_485,fpq,1,2,5,5
always_correct,fpq_487,fpq,1,2,5,5
always_correct,fpq_488,fpq,1,1,2,2
always_correct,fpq_49,fpq,1,1,1,1
always_correct,fpq_492,fpq,1,1,2,2
always_correct,fpq_493,fpq,1,2,4,4
always_correct,fpq_494,fpq,1,2,5,5
always_correct,fpq_495,fpq,1,2,4,4
always_correct,fpq_497,fpq,1,1,2,2
always_correct,fpq_499,fpq,1,1,3,3
always_correct,fpq_5,fpq,1,1,1,1
always_correct,fpq_50,fpq,1,2,1,1
always_correct,fpq_500,fpq,1,1,1,1
always_correct,fpq_501,fpq,1,1,1,1
always_correct,fpq_502,fpq,1,1,4,4
always_correct,fpq_505,fpq,1,1,1,1
always_correct,fpq_506,fpq,1,4,4,4
always_correct,fpq_507,fpq,1,1,4,4
always_correct,fpq_51,fpq,1,2,4,4
always_correct,fpq_512,fpq,1,1,4,4
always_correct,fpq_514,fpq,1,1,2,2
always_correct,fpq_516,fpq,1,2,3,3
always_correct,fpq_517,fpq,1,1,1,1
always_correct,fpq_52,fpq,1,1,4,4
always_correct,fpq_521,fpq,1,1,5,5
always_correct,fpq_522,fpq,1,1,4,4
always_correct,fpq_524,fpq,1,1,4,4
always_correct,fpq_525,fpq,1,1,4,4
always_correct,fpq_53,fpq,1,1,4,4
always_correct,fpq_530,fpq,1,1,5,5
always_correct,fpq_531,fpq,1,2,4,4
always_correct,fpq_534,fpq,1,1,1,1
always_correct,fpq_535,fpq,1,1,4,4
always_correct,fpq_54,fpq,1,1,5,5
always_correct,fpq_542,fpq,1,1,4,4
always_correct,fpq_543,fpq,1,1,2,2
always_correct,fpq_546,fpq,1,2,4,4
always_correct,fpq_547,fpq,1,1,4,4
always_correct,fpq_549,fpq,1,1,1,1
always_correct,fpq_55,fpq,1,1,2,2
always_correct,fpq_550,fpq,1,1,5,5
always_correct,fpq_552,fpq,1,1,1,1
always_correct,fpq_556,fpq,1,1,5,5
always_correct,fpq_557,fpq,1,1,1,1
always_correct,fpq_558,fpq,1,4,5,5
always_correct,fpq_559,fpq,1,2,1,1
always_correct,fpq_56,fpq,1,2,5,5
always_correct,fpq_560,fpq,1,1,5,5
always_correct,fpq_563,fpq,1,1,4,4
always_correct,fpq_564,fpq,1,1,1,1
always_correct,fpq_565,fpq,1,1,1,1
always_correct,fpq_566,fpq,1,1,4,4
always_correct,fpq_57,fpq,1,1,4,4
always_correct,fpq_570,fpq,1,1,2,2
always_correct,fpq_572,fpq,1,1,2,2
always_correct,fpq_574,fpq,1,1,4,4
always_correct,fpq_58,fpq,1,1,5,5
always_correct,fpq_580,fpq,1,1,5,5
always_correct,fpq_583,fpq,1,1,4,4
always_correct,fpq_584,fpq,1,1,5,5
always_correct,fpq_586,fpq,1,1,1,1
always_correct,fpq_59,fpq,1,1,5,5
always_correct,fpq_593,fpq,1,1,1,1
always_correct,fpq_595,fpq,1,1,4,4
always_correct,fpq_596,fpq,1,1,4,4
always_correct,fpq_598,fpq,1,1,4,4
always_correct,fpq_6,fpq,1,1,4,4
always_correct,fpq_60,fpq,1,1,4,4
always_correct,fpq_600,fpq,1,1,4,4
always_correct,fpq_601,fpq,1,1,5,5
always_correct,fpq_603,fpq,1,2,2,2
always_correct,fpq_604,fpq,1,1,1,1
always_correct,fpq_606,fpq,1,1,5,5
always_correct,fpq_607,fpq,1,1,5,5
always_correct,fpq_608,fpq,1,1,1,1
always_correct,fpq_609,fpq,1,1,1,1
always_correct,fpq_61,fpq,1,1,5,5
always_correct,fpq_610,fpq,1,2,1,1
always_correct,fpq_611,fpq,1,3,5,5
always_correct,fpq_612,fpq,1,1,2,2
always_correct,fpq_613,fpq,1,1,4,4
always_correct,fpq_614,fpq,1,4,5,5
always_correct,fpq_615,fpq,1,1,1,1
always_correct,fpq_616,fpq,1,2,5,5
always_correct,fpq_617,fpq,1,1,4,4
always_correct,fpq_618,fpq,1,1,2,2
always_correct,fpq_619,fpq,1,2,4,4
always_correct,fpq_62,fpq,1,1,4,4
always_correct,fpq_620,fpq,1,2,2,2
always_correct,fpq_621,fpq,1,1,2,2
always_correct,fpq_622,fpq,1,1,4,4
always_correct,fpq_623,fpq,1,1,4,4
always_correct,fpq_624,fpq,1,1,5,5
always_correct,fpq_625,fpq,1,1,4,4
always_correct,fpq_626,fpq,1,1,3,3
always_correct,fpq_628,fpq,1,1,1,1
always_correct,fpq_629,fpq,1,1,1,1
always_correct,fpq_63,fpq,1,1,2,2
always_correct,fpq_630,fpq,1,1,5,5
always_correct,fpq_631,fpq,1,1,5,5
always_correct,fpq_632,fpq,1,1,5,5
always_correct,fpq_633,fpq,1,1,1,1
always_correct,fpq_634,fpq,1,1,5,5
always_correct,fpq_635,fpq,1,1,1,1
always_correct,fpq_636,fpq,1,1,4,4
always_correct,fpq_638,fpq,1,1,4,4
always_correct,fpq_639,fpq,1,1,1,1
always_correct,fpq_64,fpq,1,1,4,4
always_correct,fpq_640,fpq,1,1,1,1
always_correct,fpq_641,fpq,1,1,2,2
always_correct,fpq_643,fpq,1,1,4,4
always_correct,fpq_644,fpq,1,1,1,1
always_correct,fpq_645,fpq,1,5,5,5
always_correct,fpq_646,fpq,1,1,1,1
always_correct,fpq_647,fpq,1,1,1,1
always_correct,fpq_649,fpq,1,1,1,1
always_correct,fpq_65,fpq,1,1,4,4
always_correct,fpq_650,fpq,1,1,4,4
always_correct,fpq_652,fpq,1,1,5,5
always_correct,fpq_653,fpq,1,3,3,3
always_correct,fpq_654,fpq,1,1,1,1
always_correct,fpq_655,fpq,1,1,1,1
always_correct,fpq_657,fpq,1,1,4,4
always_correct,fpq_659,fpq,1,1,1,1
always_correct,fpq_66,fpq,1,1,1,1
always_correct,fpq_661,fpq,1,1,3,3
always_correct,fpq_662,fpq,1,1,1,1
always_correct,fpq_663,fpq,1,1,1,1
always_correct,fpq_666,fpq,1,1,4,4
always_correct,fpq_669,fpq,1,1,1,1
always_correct,fpq_67,fpq,1,1,3,3
always_correct,fpq_671,fpq,1,1,3,3
always_correct,fpq_675,fpq,1,1,4,4
always_correct,fpq_676,fpq,1,1,5,5
always_correct,fpq_677,fpq,1,1,5,5
always_correct,fpq_678,fpq,1,1,2,2
always_correct,fpq_68,fpq,1,1,4,4
always_correct,fpq_682,fpq,1,1,1,1
always_correct,fpq_685,fpq,1,1,4,4
always_correct,fpq_687,fpq,1,1,1,1
always_correct,fpq_689,fpq,1,1,4,4
always_correct,fpq_69,fpq,1,1,4,4
always_correct,fpq_690,fpq,1,1,1,1
always_correct,fpq_691,fpq,1,1,5,5
always_correct,fpq_692,fpq,1,1,2,2
always_correct,fpq_694,fpq,1,1,4,4
always_correct,fpq_695,fpq,1,1,4,4
always_correct,fpq_696,fpq,1,1,2,2
always_correct,fpq_697,fpq,1,1,5,5
always_correct,fpq_699,fpq,1,1,1,1
always_correct,fpq_7,fpq,1,1,5,5
always_correct,fpq_70,fpq,1,1,1,1
always_correct,fpq_702,fpq,1,1,5,5
always_correct,fpq_703,fpq,1,1,4,4
always_correct,fpq_704,fpq,1,1,5,5
always_correct,fpq_705,fpq,1,2,1,1
always_correct,fpq_706,fpq,1,1,4,4
always_correct,fpq_71,fpq,1,1,5,5
always_correct,fpq_712,fpq,1,1,5,5
always_correct,fpq_713,fpq,1,1,1,1
always_correct,fpq_72,fpq,1,1,2,2
always_correct,fpq_721,fpq,1,1,5,5
always_correct,fpq_722,fpq,1,1,5,5
always_correct,fpq_723,fpq,1,1,4,4
always_correct,fpq_724,fpq,1,1,5,5
always_correct,fpq_725,fpq,1,1,2,2
always_correct,fpq_726,fpq,1,1,1,1
always_correct,fpq_727,fpq,1,1,4,4
always_correct,fpq_728,fpq,1,2,4,4
always_correct,fpq_729,fpq,1,1,1,1
always_correct,fpq_73,fpq,1,1,4,4
always_correct,fpq_730,fpq,1,1,5,5
always_correct,fpq_735,fpq,1,1,4,4
always_correct,fpq_736,fpq,1,1,4,4
always_correct,fpq_738,fpq,1,1,2,2
always_correct,fpq_739,fpq,1,1,5,5
always_correct,fpq_74,fpq,1,2,2,2
always_correct,fpq_740,fpq,1,1,2,2
always_correct,fpq_741,fpq,1,1,4,4
always_correct,fpq_743,fpq,1,1,5,5
always_correct,fpq_744,fpq,1,2,5,5
always_correct,fpq_745,fpq,1,2,2,2
always_correct,fpq_746,fpq,1,1,5,5
always_correct,fpq_747,fpq,1,3,4,4
always_correct,fpq_749,fpq,1,1,4,4
always_correct,fpq_75,fpq,1,1,1,1
always_correct,fpq_750,fpq,1,1,1,1
always_correct,fpq_751,fpq,1,1,1,1
always_correct,fpq_753,fpq,1,1,4,4
always_correct,fpq_754,fpq,1,1,4,4
always_correct,fpq_755,fpq,1,1,4,4
always_correct,fpq_76,fpq,1,1,5,5
always_correct,fpq_761,fpq,1,4,5,5
always_correct,fpq_762,fpq,1,4,5,5
always_correct,fpq_763,fpq,1,1,1,1
always_correct,fpq_764,fpq,1,1,3,3
always_correct,fpq_77,fpq,1,1,5,5
always_correct,fpq_771,fpq,1,1,2,2
always_correct,fpq_772,fpq,1,1,4,4
always_correct,fpq_773,fpq,1,1,5,5
always_correct,fpq_774,fpq,1,1,4,4
always_correct,fpq_775,fpq,1,1,4,4
always_correct,fpq_776,fpq,1,1,3,3
always_correct,fpq_777,fpq,1,1,4,4
always_correct,fpq_778,fpq,1,1,1,1
always_correct,fpq_78,fpq,1,1,1,1
always_correct,fpq_780,fpq,1,1,2,2
always_correct,fpq_781,fpq,1,1,3,3
always_correct,fpq_789,fpq,1,1,4,4
always_correct,fpq_794,fpq,1,1,5,5
always_correct,fpq_797,fpq,1,1,5,5
always_correct,fpq_798,fpq,1,1,1,1
always_correct,fpq_799,fpq,1,1,1,1
always_correct,fpq_8,fpq,1,1,5,5
always_correct,fpq_80,fpq,1,1,4,4
always_correct,fpq_801,fpq,1,1,1,1
always_correct,fpq_802,fpq,1,1,5,5
always_correct,fpq_804,fpq,1,1,1,1
always_correct,fpq_805,fpq,1,1,2,2
always_correct,fpq_806,fpq,1,1,1,1
always_correct,fpq_807,fpq,1,1,2,2
always_correct,fpq_808,fpq,1,1,1,1
always_correct,fpq_81,fpq,1,1,5,5
always_correct,fpq_813,fpq,1,1,5,5
always_correct,fpq_814,fpq,1,1,1,1
always_correct,fpq_817,fpq,1,1,5,5
always_correct,fpq_818,fpq,1,1,5,5
always_correct,fpq_82,fpq,1,1,5,5
always_correct,fpq_820,fpq,1,1,1,1
always_correct,fpq_823,fpq,1,1,1,1
always_correct,fpq_824,fpq,1,1,4,4
always_correct,fpq_827,fpq,1,1,2,2
always_correct,fpq_828,fpq,1,1,2,2
always_correct,fpq_829,fpq,1,1,4,4
always_correct,fpq_830,fpq,1,1,4,4
always_correct,fpq_831,fpq,1,1,1,1
always_correct,fpq_832,fpq,1,1,4,4
always_correct,fpq_833,fpq,1,1,5,5
always_correct,fpq_834,fpq,1,2,5,5
always_correct,fpq_835,fpq,1,1,5,5
always_correct,fpq_836,fpq,1,1,5,5
always_correct,fpq_837,fpq,1,1,1,1
always_correct,fpq_838,fpq,1,1,4,4
always_correct,fpq_839,fpq,1,4,5,5
always_correct,fpq_84,fpq,1,1,4,4
always_correct,fpq_840,fpq,1,1,4,4
always_correct,fpq_844,fpq,1,1,5,5
always_correct,fpq_846,fpq,1,1,4,4
always_correct,fpq_847,fpq,1,2,4,4
always_correct,fpq_848,fpq,1,1,2,2
always_correct,fpq_849,fpq,1,1,5,5
always_correct,fpq_85,fpq,1,1,2,2
always_correct,fpq_850,fpq,1,1,5,5
always_correct,fpq_851,fpq,1,1,5,5
always_correct,fpq_852,fpq,1,1,1,1
always_correct,fpq_854,fpq,1,1,1,1
always_correct,fpq_855,fpq,1,1,4,4
always_correct,fpq_858,fpq,1,1,3,3
always_correct,fpq_859,fpq,1,1,1,1
always_correct,fpq_860,fpq,1,1,1,1
always_correct,fpq_861,fpq,1,2,1,1
always_correct,fpq_862,fpq,1,1,4,4
always_correct,fpq_863,fpq,1,2,4,4
always_correct,fpq_864,fpq,1,1,2,2
always_correct,fpq_865,fpq,1,1,4,4
always_correct,fpq_866,fpq,1,1,2,2
always_correct,fpq_869,fpq,1,1,4,4
always_correct,fpq_87,fpq,1,1,1,1
always_correct,fpq_870,fpq,1,1,1,1
always_correct,fpq_871,fpq,1,1,2,2
always_correct,fpq_872,fpq,1,1,1,1
always_correct,fpq_88,fpq,1,1,4,4
always_correct,fpq_89,fpq,1,1,4,4
always_correct,fpq_9,fpq,1,2,4,4
always_correct,fpq_90,fpq,1,1,1,1
always_correct,fpq_91,fpq,1,1,1,1
always_correct,fpq_92,fpq,1,1,1,1
always_correct,fpq_94,fpq,1,1,2,2
always_correct,fpq_95,fpq,1,1,1,1
always_correct,fpq_96,fpq,1,1,1,1
always_correct,fpq_97,fpq,1,1,1,1
always_correct,fpq_98,fpq,1,1,1,1
always_correct,fpq_99,fpq,1,1,4,4
always_correct,nfp_1000,nfp,1,5,1,1
always_correct,nfp_1001,nfp,1,5,2,2
always_correct,nfp_1002,nfp,1,5,1,1
always_correct,nfp_1003,nfp,1,5,2,2
always_correct,nfp_1004,nfp,1,5,2,2
always_correct,nfp_1005,nfp,1,5,2,2
always_correct,nfp_1006,nfp,1,5,4,4
always_correct,nfp_1008,nfp,1,5,1,1
always_correct,nfp_1009,nfp,1,4,1,1
always_correct,nfp_1010,nfp,1,5,4,4
always_correct,nfp_1011,nfp,1,5,4,4
always_correct,nfp_1012,nfp,1,5,1,1
always_correct,nfp_1013,nfp,1,5,2,2
always_correct,nfp_1014,nfp,1,5,2,2
always_correct,nfp_1015,nfp,1,5,2,2
always_correct,nfp_1016,nfp,1,5,2,2
always_correct,nfp_1017,nfp,1,5,1,1
always_correct,nfp_1018,nfp,1,5,5,5
always_correct,nfp_1019,nfp,1,5,2,2
always_correct,nfp_1020,nfp,1,5,2,2
always_correct,nfp_1021,nfp,1,5,2,2
always_correct,nfp_1022,nfp,1,5,2,2
always_correct,nfp_1023,nfp,1,5,1,1
always_correct,nfp_1024,nfp,1,4,1,1
always_correct,nfp_1025,nfp,1,5,4,4
always_correct,nfp_1026,nfp,1,5,2,2
always_correct,nfp_1027,nfp,1,5,2,2
always_correct,nfp_1028,nfp,1,5,2,2
always_correct,nfp_1029,nfp,1,5,2,2
always_correct,nfp_1030,nfp,1,5,4,4
always_correct,nfp_1031,nfp,1,5,2,2
always_correct,nfp_1032,nfp,1,5,1,1
always_correct,nfp_1033,nfp,1,5,4,4
always_correct,nfp_1034,nfp,1,5,2,2
always_correct,nfp_1035,nfp,1,5,4,4
always_correct,nfp_1036,nfp,1,5,1,1
always_correct,nfp_1037,nfp,1,5,2,2
always_correct,nfp_1038,nfp,1,5,2,2
always_correct,nfp_1039,nfp,1,5,3,3
always_correct,nfp_1040,nfp,1,5,4,4
always_correct,nfp_1041,nfp,1,5,2,2
always_correct,nfp_1042,nfp,1,4,4,4
always_correct,nfp_1043,nfp,1,5,1,1
always_correct,nfp_1044,nfp,1,5,4,4
always_correct,nfp_1045,nfp,1,5,2,2
always_correct,nfp_1046,nfp,1,5,4,4
always_correct,nfp_1047,nfp,1,5,1,1
always_correct,nfp_1048,nfp,1,5,3,3
always_correct,nfp_1049,nfp,1,5,2,2
always_correct,nfp_1050,nfp,1,5,2,2
always_correct,nfp_1051,nfp,1,5,2,2
always_correct,nfp_1052,nfp,1,5,5,5
always_correct,nfp_1053,nfp,1,5,4,4
always_correct,nfp_1054,nfp,1,5,1,1
always_correct,nfp_1055,nfp,1,5,2,2
always_correct,nfp_1056,nfp,1,5,1,1
always_correct,nfp_1057,nfp,1,5,1,1
always_correct,nfp_1058,nfp,1,5,2,2
always_correct,nfp_1059,nfp,1,4,2,2
always_correct,nfp_1060,nfp,1,5,4,4
always_correct,nfp_1061,nfp,1,5,5,5
always_correct,nfp_1062,nfp,1,5,2,2
always_correct,nfp_1063,nfp,1,5,2,2
always_correct,nfp_1064,nfp,1,5,4,4
always_correct,nfp_1065,nfp,1,5,2,2
always_correct,nfp_1066,nfp,1,5,2,2
always_correct,nfp_1067,nfp,1,5,1,1
always_correct,nfp_1068,nfp,1,5,1,1
always_correct,nfp_1069,nfp,1,5,2,2
always_correct,nfp_1070,nfp,1,5,2,2
always_correct,nfp_1071,nfp,1,5,3,3
always_correct,nfp_1072,nfp,1,5,2,2
always_correct,nfp_1073,nfp,1,5,2,2
always_correct,nfp_1074,nfp,1,5,2,2
always_correct,nfp_1075,nfp,1,5,4,4
always_correct,nfp_1076,nfp,1,5,4,4
always_correct,nfp_1077,nfp,1,5,1,1
always_correct,nfp_1078,nfp,1,5,1,1
always_correct,nfp_1079,nfp,1,5,1,1
always_correct,nfp_1080,nfp,1,4,1,1
always_correct,nfp_1081,nfp,1,5,2,2
always_correct,nfp_1082,nfp,1,5,1,1
always_correct,nfp_1083,nfp,1,5,1,1
always_correct,nfp_1084,nfp,1,5,4,4
always_correct,nfp_1085,nfp,1,5,1,1
always_correct,nfp_1086,nfp,1,5,4,4
always_correct,nfp_1087,nfp,1,5,2,2
always_correct,nfp_1088,nfp,1,5,2,2
always_correct,nfp_1089,nfp,1,5,1,1
always_correct,nfp_1090,nfp,1,5,1,1
always_correct,nfp_1091,nfp,1,5,2,2
always_correct,nfp_1092,nfp,1,4,2,2
always_correct,nfp_1093,nfp,1,4,2,2
always_correct,nfp_1094,nfp,1,5,1,1
always_correct,nfp_1095,nfp,1,5,5,5
always_correct,nfp_1096,nfp,1,5,1,1
always_correct,nfp_1097,nfp,1,5,1,1
always_correct,nfp_1098,nfp,1,5,2,2
always_correct,nfp_1099,nfp,1,5,2,2
always_correct,nfp_1100,nfp,1,5,2,2
always_correct,nfp_1101,nfp,1,4,2,2
always_correct,nfp_1102,nfp,1,4,4,4
always_correct,nfp_1103,nfp,1,5,2,2
always_correct,nfp_1104,nfp,1,5,4,4
always_correct,nfp_1105,nfp,1,5,2,2
always_correct,nfp_1106,nfp,1,5,2,2
always_correct,nfp_1107,nfp,1,5,2,2
always_correct,nfp_1108,nfp,1,5,1,1
always_correct,nfp_1109,nfp,1,5,1,1
always_correct,nfp_1110,nfp,1,5,4,4
always_correct,nfp_1111,nfp,1,5,1,1
always_correct,nfp_1112,nfp,1,5,1,1
always_correct,nfp_1113,nfp,1,5,2,2
always_correct,nfp_1114,nfp,1,5,2,2
always_correct,nfp_1115,nfp,1,5,1,1
always_correct,nfp_1116,nfp,1,5,2,2
always_correct,nfp_1117,nfp,1,4,2,2
always_correct,nfp_1118,nfp,1,5,2,2
always_correct,nfp_1119,nfp,1,5,2,2
always_correct,nfp_1120,nfp,1,5,1,1
always_correct,nfp_1121,nfp,1,5,2,2
always_correct,nfp_1122,nfp,1,5,1,1
always_correct,nfp_1123,nfp,1,4,1,1
always_correct,nfp_1124,nfp,1,5,2,2
always_correct,nfp_1125,nfp,1,5,2,2
always_correct,nfp_1126,nfp,1,5,2,2
always_correct,nfp_1127,nfp,1,5,2,2
always_correct,nfp_1128,nfp,1,5,4,4
always_correct,nfp_1129,nfp,1,5,2,2
always_correct,nfp_1130,nfp,1,5,4,4
always_correct,nfp_1131,nfp,1,5,2,2
always_correct,nfp_1132,nfp,1,5,2,2
always_correct,nfp_1133,nfp,1,4,2,2
always_correct,nfp_1134,nfp,1,5,2,2
always_correct,nfp_1135,nfp,1,5,5,5
always_correct,nfp_1136,nfp,1,5,4,4
always_correct,nfp_1137,nfp,1,5,2,2
always_correct,nfp_1138,nfp,1,5,5,5
always_correct,nfp_1139,nfp,1,5,2,2
always_correct,nfp_1140,nfp,1,5,2,2
always_correct,nfp_1141,nfp,1,4,1,1
always_correct,nfp_1142,nfp,1,5,2,2
always_correct,nfp_1143,nfp,1,5,2,2
always_correct,nfp_1144,nfp,1,4,2,2
always_correct,nfp_1145,nfp,1,5,5,5
always_correct,nfp_1146,nfp,1,5,2,2
always_correct,nfp_1147,nfp,1,5,4,4
always_correct,nfp_1148,nfp,1,4,2,2
always_correct,nfp_1149,nfp,1,5,1,1
text,fpq_0,fpq,1,2,4,4
text,fpq_10,fpq,1,1,4,4
text,fpq_100,fpq,1,1,1,1
text,fpq_101,fpq,1,1,2,2
text,fpq_102,fpq,1,1,5,5
text,fpq_103,fpq,1,1,4,4
text,fpq_105,fpq,1,1,5,5
text,fpq_106,fpq,1,1,1,1
text,fpq_107,fpq,0,1,4,1
text,fpq_108,fpq,1,1,5,5
text,fpq_109,fpq,1,1,4,4
text,fpq_11,fpq,1,1,5,5
text,fpq_110,fpq,1,1,2,2
text,fpq_111,fpq,1,1,4,4
text,fpq_112,fpq,1,1,4,4
text,fpq_113,fpq,1,1,4,4
text,fpq_114,fpq,1,1,1,1
text,fpq_115,fpq,0,1,1,1
text,fpq_116,fpq,1,1,5,5
text,fpq_12,fpq,1,1,4,4
text,fpq_120,fpq,1,1,2,2
text,fpq_121,fpq,1,1,4,4
text,fpq_122,fpq,1,1,2,2
text,fpq_123,fpq,1,1,1,1
text,fpq_124,fpq,1,4,5,5
text,fpq_125,fpq,1,1,2,2
text,fpq_126,fpq,1,1,4,4
text,fpq_127,fpq,1,1,2,2
text,fpq_128,fpq,0,1,5,1
text,fpq_129,fpq,1,1,1,1
text,fpq_13,fpq,1,1,1,1
text,fpq_130,fpq,1,1,1,1
text,fpq_131,fpq,1,1,1,1
text,fpq_133,fpq,1,1,4,4
text,fpq_134,fpq,1,1,2,2
text,fpq_135,fpq,1,1,4,4
text,fpq_136,fpq,1,2,4,4
text,fpq_137,fpq,1,1,4,4
text,fpq_138,fpq,1,1,1,1
text,fpq_139,fpq,1,1,2,2
text,fpq_14,fpq,1,1,2,2
text,fpq_140,fpq,1,1,2,2
text,fpq_141,fpq,1,1,2,2
text,fpq_142,fpq,1,2,5,5
text,fpq_143,fpq,1,1,2,2
text,fpq_144,fpq,1,1,4,4
text,fpq_145,fpq,1,1,5,5
text,fpq_146,fpq,1,1,5,5
text,fpq_147,fpq,1,1,5,5
text,fpq_148,fpq,1,1,5,5
text,fpq_149,fpq,1,1,3,3
text,fpq_15,fpq,1,1,1,1
text,fpq_152,fpq,1,1,1,1
text,fpq_153,fpq,1,1,5,5
text,fpq_155,fpq,1,1,1,1
text,fpq_156,fpq,1,2,5,5
text,fpq_157,fpq,1,1,4,4
text,fpq_158,fpq,1,1,5,5
text,fpq_159,fpq,1,1,1,1
text,fpq_16,fpq,1,1,1,1
text,fpq_160,fpq,1,1,1,1
text,fpq_163,fpq,1,1,1,1
text,fpq_164,fpq,1,1,4,4
text,fpq_165,fpq,1,1,4,4
text,fpq_166,fpq,1,1,2,2
text,fpq_167,fpq,1,1,1,1
text,fpq_168,fpq,1,1,2,2
text,fpq_169,fpq,1,1,2,2
text,fpq_17,fpq,1,1,5,5
text,fpq_170,fpq,1,1,1,1
text,fpq_173,fpq,1,1,4,4
text,fpq_174,fpq,1,1,2,2
text,fpq_175,fpq,0,1,2,1
text,fpq_176,fpq,1,1,2,2
text,fpq_177,fpq,1,1,1,1
text,fpq_178,fpq,1,1,4,4
text,fpq_179,fpq,1,1,1,1
text,fpq_18,fpq,1,1,2,2
text,fpq_180,fpq,1,1,4,4
text,fpq_181,fpq,1,1,5,5
text,fpq_182,fpq,1,1,4,4
text,fpq_184,fpq,1,1,1,1
text,fpq_185,fpq,0,1,2,1
text,fpq_186,fpq,1,1,4,4
text,fpq_188,fpq,0,1,4,1
text,fpq_189,fpq,1,1,3,3
text,fpq_19,fpq,1,2,5,5
text,fpq_190,fpq,1,1,5,5
text,fpq_191,fpq,1,1,5,5
text,fpq_192,fpq,1,1,2,2
text,fpq_193,fpq,1,1,5,5
text,fpq_194,fpq,1,1,5,5
text,fpq_195,fpq,1,1,3,3
text,fpq_196,fpq,1,1,4,4
text,fpq_197,fpq,1,1,1,1
text,fpq_198,fpq,1,1,4,4
text,fpq_2,fpq,1,2,4,4
text,fpq_20,fpq,1,2,4,4
text,fpq_200,fpq,1,1,4,4
text,fpq_201,fpq,1,1,4,4
text,fpq_202,fpq,1,2,4,4
text,fpq_204,fpq,1,1,4,4
text,fpq_205,fpq,1,1,4,4
text,fpq_206,fpq,1,1,5,5
text,fpq_207,fpq,1,1,4,4
text,fpq_208,fpq,1,1,3,3
text,fpq_21,fpq,1,1,5,5
text,fpq_216,fpq,0,1,2,1
text,fpq_217,fpq,1,1,1,1
text,fpq_218,fpq,1,1,1,1
text,fpq_219,fpq,1,1,1,1
text,fpq_22,fpq,1,4,5,5
text,fpq_220,fpq,1,1,1,1
text,fpq_221,fpq,1,1,1,1
text,fpq_222,fpq,1,1,5,5
text,fpq_223,fpq,1,1,2,2
text,fpq_224,fpq,1,1,5,5
text,fpq_225,fpq,0,1,4,1
text,fpq_226,fpq,1,1,4,4
text,fpq_227,fpq,1,1,1,1
text,fpq_228,fpq,1,1,4,4
text,fpq_229,fpq,1,1,5,5
text,fpq_23,fpq,1,1,1,1
text,fpq_230,fpq,1,1,2,2
text,fpq_231,fpq,1,1,2,2
text,fpq_232,fpq,1,1,1,1
text,fpq_233,fpq,1,1,5,5
text,fpq_234,fpq,1,1,4,4
text,fpq_236,fpq,1,1,2,2
text,fpq_237,fpq,1,1,5,5
text,fpq_238,fpq,1,1,4,4
text,fpq_239,fpq,0,2,1,2
text,fpq_24,fpq,1,1,5,5
text,fpq_240,fpq,1,2,5,5
text,fpq_241,fpq,0,1,5,1
text,fpq_244,fpq,1,1,5,5
text,fpq_245,fpq,1,1,1,1
text,fpq_246,fpq,0,1,4,1
text,fpq_247,fpq,1,1,2,2
text,fpq_248,fpq,1,1,5,5
text,fpq_249,fpq,1,4,5,5
text,fpq_25,fpq,1,1,4,4
text,fpq_250,fpq,1,1,1,1
text,fpq_251,fpq,1,1,1,1
text,fpq_252,fpq,1,2,4,4
text,fpq_253,fpq,0,1,1,1
text,fpq_254,fpq,1,1,1,1
text,fpq_255,fpq,1,1,4,4
text,fpq_256,fpq,1,1,1,1
text,fpq_257,fpq,0,1,1,1
text,fpq_258,fpq,1,2,5,5
text,fpq_259,fpq,1,1,1,1
text,fpq_26,fpq,1,1,4,4
text,fpq_260,fpq,1,1,2,2
text,fpq_261,fpq,1,1,5,5
text,fpq_262,fpq,1,1,5,5
text,fpq_263,fpq,0,2,4,2
text,fpq_264,fpq,0,1,3,1
text,fpq_265,fpq,1,1,1,1
text,fpq_266,fpq,1,1,4,4
text,fpq_267,fpq,1,1,4,4
text,fpq_268,fpq,0,1,2,1
text,fpq_269,fpq,1,1,4,4
text,fpq_27,fpq,1,1,4,4
text,fpq_270,fpq,1,1,4,4
text,fpq_271,fpq,1,1,4,4
text,fpq_272,fpq,1,2,5,5
text,fpq_273,fpq,0,1,5,1
text,fpq_274,fpq,1,1,3,3
text,fpq_275,fpq,1,1,4,4
text,fpq_276,fpq,1,1,1,1
text,fpq_277,fpq,1,1,5,5
text,fpq_278,fpq,1,1,1,1
text,fpq_279,fpq,1,1,5,5
text,fpq_28,fpq,1,1,2,2
text,fpq_283,fpq,0,1,1,1
text,fpq_285,fpq,0,1,4,1
text,fpq_286,fpq,0,1,1,1
text,fpq_287,fpq,1,1,2,2
text,fpq_288,fpq,0,1,1,1
text,fpq_289,fpq,1,1,4,4
text,fpq_29,fpq,1,1,5,5
text,fpq_290,fpq,0,1,1,1
text,fpq_291,fpq,0,1,1,1
text,fpq_292,fpq,1,1,4,4
text,fpq_293,fpq,1,2,5,5
text,fpq_294,fpq,1,1,4,4
text,fpq_295,fpq,0,1,1,1
text,fpq_296,fpq,0,1,3,1
text,fpq_297,fpq,1,1,1,1
text,fpq_3,fpq,1,1,4,4
text,fpq_30,fpq,1,1,4,4
text,fpq_302,fpq,1,1,4,4
text,fpq_303,fpq,1,1,4,4
text,fpq_304,fpq,1,1,1,1
text,fpq_305,fpq,1,1,1,1
text,fpq_306,fpq,0,1,1,1
text,fpq_307,fpq,1,1,2,2
text,fpq_308,fpq,1,1,1,1
text,fpq_309,fpq,1,1,4,4
text,fpq_31,fpq,1,1,4,4
text,fpq_311,fpq,1,1,4,4
text,fpq_312,fpq,0,1,4,1
text,fpq_313,fpq,1,1,4,4
text,fpq_314,fpq,1,1,1,1
text,fpq_315,fpq,1,1,4,4
text,fpq_316,fpq,1,1,4,4
text,fpq_317,fpq,1,1,2,2
text,fpq_318,fpq,1,1,2,2
text,fpq_319,fpq,1,1,1,1
text,fpq_32,fpq,1,1,2,2
text,fpq_320,fpq,1,1,4,4
text,fpq_321,fpq,1,1,1,1
text,fpq_325,fpq,1,1,5,5
text,fpq_326,fpq,1,1,1,1
text,fpq_327,fpq,0,1,4,1
text,fpq_33,fpq,1,1,4,4
text,fpq_336,fpq,1,1,4,4
text,fpq_34,fpq,1,1,5,5
text,fpq_342,fpq,1,1,1,1
text,fpq_343,fpq,1,1,5,5
text,fpq_344,fpq,1,1,1,1
text,fpq_348,fpq,1,1,5,5
text,fpq_35,fpq,1,1,1,1
text,fpq_350,fpq,1,2,1,1
text,fpq_353,fpq,1,2,5,5
text,fpq_354,fpq,1,1,1,1
text,fpq_357,fpq,0,1,4,1
text,fpq_358,fpq,0,1,4,1
text,fpq_359,fpq,1,1,1,1
text,fpq_36,fpq,1,1,4,4
text,fpq_361,fpq,1,1,2,2
text,fpq_362,fpq,0,1,4,1
text,fpq_366,fpq,0,1,1,1
text,fpq_368,fpq,1,1,5,5
text,fpq_37,fpq,1,1,5,5
text,fpq_376,fpq,0,1,2,1
text,fpq_378,fpq,0,1,4,1
text,fpq_379,fpq,0,2,4,2
text,fpq_38,fpq,1,2,5,5
text,fpq_380,fpq,0,1,4,1
text,fpq_383,fpq,0,1,1,1
text,fpq_385,fpq,1,1,1,1
text,fpq_386,fpq,1,1,5,5
text,fpq_387,fpq,1,1,5,5
text,fpq_388,fpq,1,1,4,4
text,fpq_39,fpq,1,1,4,4
text,fpq_390,fpq,1,1,2,2
text,fpq_391,fpq,1,1,4,4
text,fpq_392,fpq,1,1,4,4
text,fpq_394,fpq,1,1,4,4
text,fpq_395,fpq,0,1,4,1
text,fpq_396,fpq,1,1,2,2
text,fpq_397,fpq,1,2,4,4
text,fpq_398,fpq,1,1,2,2
text,fpq_399,fpq,1,1,1,1
text,fpq_4,fpq,1,1,4,4
text,fpq_40,fpq,1,1,5,5
text,fpq_400,fpq,1,1,5,5
text,fpq_403,fpq,1,1,5,5
text,fpq_405,fpq,1,1,5,5
text,fpq_407,fpq,0,1,2,1
text,fpq_408,fpq,1,1,4,4
text,fpq_41,fpq,1,1,4,4
text,fpq_415,fpq,1,1,4,4
text,fpq_416,fpq,1,1,4,4
text,fpq_417,fpq,0,1,5,1
text,fpq_42,fpq,1,2,5,5
text,fpq_420,fpq,1,1,1,1
text,fpq_421,fpq,1,1,2,2
text,fpq_422,fpq,1,1,4,4
text,fpq_423,fpq,1,2,5,5
text,fpq_425,fpq,1,2,5,5
text,fpq_426,fpq,1,4,5,5
text,fpq_428,fpq,1,1,5,5
text,fpq_429,fpq,1,2,5,5
text,fpq_43,fpq,1,1,4,4
text,fpq_434,fpq,1,1,5,5
text,fpq_436,fpq,1,4,4,4
text,fpq_438,fpq,1,1,2,2
text,fpq_439,fpq,1,1,5,5
text,fpq_44,fpq,1,1,5,5
text,fpq_443,fpq,1,1,3,3
text,fpq_445,fpq,1,4,4,4
text,fpq_446,fpq,1,1,4,4
text,fpq_45,fpq,1,1,5,5
text,fpq_459,fpq,0,1,4,1
text,fpq_46,fpq,1,4,5,5
text,fpq_460,fpq,0,1,1,1
text,fpq_462,fpq,0,1,1,1
text,fpq_467,fpq,0,1,4,1
text,fpq_47,fpq,1,1,5,5
text,fpq_472,fpq,1,1,5,5
text,fpq_473,fpq,0,1,4,1
text,fpq_474,fpq,0,1,2,1
text,fpq_477,fpq,0,1,4,1
text,fpq_479,fpq,1,1,4,4
text,fpq_48,fpq,1,1,1,1
text,fpq_484,fpq,1,1,5,5
text,fpq_485,fpq,1,2,5,5
text,fpq_487,fpq,0,2,5,2
text,fpq_488,fpq,0,1,2,1
text,fpq_49,fpq,1,1,1,1
text,fpq_492,fpq,1,1,2,2
text,fpq_493,fpq,1,2,4,4
text,fpq_494,fpq,1,2,5,5
text,fpq_495,fpq,1,2,4,4
text,fpq_497,fpq,1,1,2,2
text,fpq_499,fpq,1,1,3,3
text,fpq_5,fpq,1,1,1,1
text,fpq_50,fpq,1,2,1,1
text,fpq_500,fpq,0,1,1,1
text,fpq_501,fpq,0,1,1,1
text,fpq_502,fpq,1,1,4,4
text,fpq_505,fpq,1,1,1,1
text,fpq_506,fpq,1,4,4,4
text,fpq_507,fpq,1,1,4,4
text,fpq_51,fpq,1,2,4,4
text,fpq_512,fpq,1,1,4,4
text,fpq_514,fpq,1,1,2,2
text,fpq_516,fpq,1,2,3,3
text,fpq_517,fpq,1,1,1,1
text,fpq_52,fpq,1,1,4,4
text,fpq_521,fpq,1,1,5,5
text,fpq_522,fpq,0,1,4,1
text,fpq_524,fpq,1,1,4,4
text,fpq_525,fpq,1,1,4,4
text,fpq_53,fpq,1,1,4,4
text,fpq_530,fpq,1,1,5,5
text,fpq_531,fpq,1,2,4,4
text,fpq_534,fpq,1,1,1,1
text,fpq_535,fpq,1,1,4,4
text,fpq_54,fpq,1,1,5,5
text,fpq_542,fpq,0,1,4,1
text,fpq_543,fpq,1,1,2,2
text,fpq_546,fpq,0,2,4,2
text,fpq_547,fpq,1,1,4,4
text,fpq_549,fpq,1,1,1,1
text,fpq_55,fpq,1,1,2,2
text,fpq_550,fpq,1,1,5,5
text,fpq_552,fpq,1,1,1,1
text,fpq_556,fpq,1,1,5,5
text,fpq_557,fpq,1,1,1,1
text,fpq_558,fpq,1,4,5,5
text,fpq_559,fpq,1,2,1,1
text,fpq_56,fpq,1,2,5,5
text,fpq_560,fpq,1,1,5,5
text,fpq_563,fpq,1,1,4,4
text,fpq_564,fpq,1,1,1,1
text,fpq_565,fpq,1,1,1,1
text,fpq_566,fpq,0,1,4,1
text,fpq_57,fpq,1,1,4,4
text,fpq_570,fpq,1,1,2,2
text,fpq_572,fpq,1,1,2,2
text,fpq_574,fpq,0,1,4,1
text,fpq_58,fpq,1,1,5,5
text,fpq_580,fpq,1,1,5,5
text,fpq_583,fpq,1,1,4,4
text,fpq_584,fpq,1,1,5,5
text,fpq_586,fpq,1,1,1,1
text,fpq_59,fpq,1,1,5,5
text,fpq_593,fpq,1,1,1,1
text,fpq_595,fpq,1,1,4,4
text,fpq_596,fpq,1,1,4,4
text,fpq_598,fpq,1,1,4,4
text,fpq_6,fpq,1,1,4,4
text,fpq_60,fpq,1,1,4,4
text,fpq_600,fpq,1,1,4,4
text,fpq_601,fpq,1,1,5,5
text,fpq_603,fpq,1,2,2,2
text,fpq_604,fpq,1,1,1,1
text,fpq_606,fpq,1,1,5,5
text,fpq_607,fpq,1,1,5,5
text,fpq_608,fpq,1,1,1,1
text,fpq_609,fpq,1,1,1,1
text,fpq_61,fpq,1,1,5,5
text,fpq_610,fpq,1,2,1,1
text,fpq_611,fpq,1,3,5,5
text,fpq_612,fpq,1,1,2,2
text,fpq_613,fpq,1,1,4,4
text,fpq_614,fpq,1,4,5,5
text,fpq_615,fpq,1,1,1,1
text,fpq_616,fpq,1,2,5,5
text,fpq_617,fpq,1,1,4,4
text,fpq_618,fpq,1,1,2,2
text,fpq_619,fpq,1,2,4,4
text,fpq_62,fpq,1,1,4,4
text,fpq_620,fpq,1,2,2,2
text,fpq_621,fpq,1,1,2,2
text,fpq_622,fpq,0,1,4,1
text,fpq_623,fpq,1,1,4,4
text,fpq_624,fpq,1,1,5,5
text,fpq_625,fpq,1,1,4,4
text,fpq_626,fpq,1,1,3,3
text,fpq_628,fpq,1,1,1,1
text,fpq_629,fpq,1,1,1,1
text,fpq_63,fpq,1,1,2,2
text,fpq_630,fpq,1,1,5,5
text,fpq_631,fpq,0,1,5,1
text,fpq_632,fpq,1,1,5,5
text,fpq_633,fpq,0,1,1,1
text,fpq_634,fpq,1,1,5,5
text,fpq_635,fpq,0,1,1,1
text,fpq_636,fpq,1,1,4,4
text,fpq_638,fpq,1,1,4,4
text,fpq_639,fpq,1,1,1,1
text,fpq_64,fpq,1,1,4,4
text,fpq_640,fpq,1,1,1,1
text,fpq_641,fpq,1,1,2,2
text,fpq_643,fpq,1,1,4,4
text,fpq_644,fpq,1,1,1,1
text,fpq_645,fpq,1,5,5,5
text,fpq_646,fpq,1,1,1,1
text,fpq_647,fpq,1,1,1,1
text,fpq_649,fpq,1,1,1,1
text,fpq_65,fpq,1,1,4,4
text,fpq_650,fpq,0,1,4,1
text,fpq_652,fpq,1,1,5,5
text,fpq_653,fpq,1,3,3,3
text,fpq_654,fpq,1,1,1,1
text,fpq_655,fpq,1,1,1,1
text,fpq_657,fpq,1,1,4,4
text,fpq_659,fpq,1,1,1,1
text,fpq_66,fpq,1,1,1,1
text,fpq_661,fpq,1,1,3,3
text,fpq_662,fpq,1,1,1,1
text,fpq_663,fpq,0,1,1,1
text,fpq_666,fpq,0,1,4,1
text,fpq_669,fpq,0,1,1,1
text,fpq_67,fpq,1,1,3,3
text,fpq_671,fpq,1,1,3,3
text,fpq_675,fpq,1,1,4,4
text,fpq_676,fpq,1,1,5,5
text,fpq_677,fpq,1,1,5,5
text,fpq_678,fpq,1,1,2,2
text,fpq_68,fpq,1,1,4,4
text,fpq_682,fpq,1,1,1,1
text,fpq_685,fpq,1,1,4,4
text,fpq_687,fpq,1,1,1,1
text,fpq_689,fpq,1,1,4,4
text,fpq_69,fpq,1,1,4,4
text,fpq_690,fpq,1,1,1,1
text,fpq_691,fpq,1,1,5,5
text,fpq_692,fpq,1,1,2,2
text,fpq_694,fpq,1,1,4,4
text,fpq_695,fpq,1,1,4,4
text,fpq_696,fpq,1,1,2,2
text,fpq_697,fpq,1,1,5,5
text,fpq_699,fpq,0,1,1,1
text,fpq_7,fpq,1,1,5,5
text,fpq_70,fpq,1,1,1,1
text,fpq_702,fpq,1,1,5,5
text,fpq_703,fpq,1,1,4,4
text,fpq_704,fpq,1,1,5,5
text,fpq_705,fpq,1,2,1,1
text,fpq_706,fpq,1,1,4,4
text,fpq_71,fpq,1,1,5,5
text,fpq_712,fpq,1,1,5,5
text,fpq_713,fpq,0,1,1,1
text,fpq_72,fpq,1,1,2,2
text,fpq_721,fpq,0,1,5,1
text,fpq_722,fpq,1,1,5,5
text,fpq_723,fpq,1,1,4,4
text,fpq_724,fpq,1,1,5,5
text,fpq_725,fpq,1,1,2,2
text,fpq_726,fpq,1,1,1,1
text,fpq_727,fpq,1,1,4,4
text,fpq_728,fpq,1,2,4,4
text,fpq_729,fpq,1,1,1,1
text,fpq_73,fpq,1,1,4,4
text,fpq_730,fpq,1,1,5,5
text,fpq_735,fpq,1,1,4,4
text,fpq_736,fpq,1,1,4,4
text,fpq_738,fpq,1,1,2,2
text,fpq_739,fpq,1,1,5,5
text,fpq_74,fpq,1,2,2,2
text,fpq_740,fpq,1,1,2,2
text,fpq_741,fpq,1,1,4,4
text,fpq_743,fpq,1,1,5,5
text,fpq_744,fpq,1,2,5,5
text,fpq_745,fpq,1,2,2,2
text,fpq_746,fpq,1,1,5,5
text,fpq_747,fpq,1,3,4,4
text,fpq_749,fpq,1,1,4,4
text,fpq_75,fpq,1,1,1,1
text,fpq_750,fpq,1,1,1,1
text,fpq_751,fpq,0,1,1,1
text,fpq_753,fpq,1,1,4,4
text,fpq_754,fpq,1,1,4,4
text,fpq_755,fpq,0,1,4,1
text,fpq_76,fpq,1,1,5,5
text,fpq_761,fpq,1,4,5,5
text,fpq_762,fpq,1,4,5,5
text,fpq_763,fpq,1,1,1,1
text,fpq_764,fpq,1,1,3,3
text,fpq_77,fpq,1,1,5,5
text,fpq_771,fpq,1,1,2,2
text,fpq_772,fpq,1,1,4,4
text,fpq_773,fpq,1,1,5,5
text,fpq_774,fpq,1,1,4,4
text,fpq_775,fpq,0,1,4,1
text,fpq_776,fpq,0,1,3,1
text,fpq_777,fpq,1,1,4,4
text,fpq_778,fpq,1,1,1,1
text,fpq_78,fpq,1,1,1,1
text,fpq_780,fpq,1,1,2,2
text,fpq_781,fpq,0,1,3,1
text,fpq_789,fpq,1,1,4,4
text,fpq_794,fpq,1,1,5,5
text,fpq_797,fpq,1,1,5,5
text,fpq_798,fpq,1,1,1,1
text,fpq_799,fpq,1,1,1,1
text,fpq_8,fpq,1,1,5,5
text,fpq_80,fpq,1,1,4,4
text,fpq_801,fpq,0,1,1,1
text,fpq_802,fpq,1,1,5,5
text,fpq_804,fpq,0,1,1,1
text,fpq_805,fpq,1,1,2,2
text,fpq_806,fpq,0,1,1,1
text,fpq_807,fpq,1,1,2,2
text,fpq_808,fpq,1,1,1,1
text,fpq_81,fpq,1,1,5,5
text,fpq_813,fpq,1,1,5,5
text,fpq_814,fpq,0,1,1,1
text,fpq_817,fpq,1,1,5,5
text,fpq_818,fpq,1,1,5,5
text,fpq_82,fpq,0,1,5,1
text,fpq_820,fpq,1,1,1,1
text,fpq_823,fpq,1,1,1,1
text,fpq_824,fpq,1,1,4,4
text,fpq_827,fpq,1,1,2,2
text,fpq_828,fpq,1,1,2,2
text,fpq_829,fpq,1,1,4,4
text,fpq_830,fpq,1,1,4,4
text,fpq_831,fpq,1,1,1,1
text,fpq_832,fpq,1,1,4,4
text,fpq_833,fpq,1,1,5,5
text,fpq_834,fpq,1,2,5,5
text,fpq_835,fpq,1,1,5,5
text,fpq_836,fpq,1,1,5,5
text,fpq_837,fpq,0,1,1,1
text,fpq_838,fpq,1,1,4,4
text,fpq_839,fpq,1,4,5,5
text,fpq_84,fpq,1,1,4,4
text,fpq_840,fpq,1,1,4,4
text,fpq_844,fpq,1,1,5,5
text,fpq_846,fpq,1,1,4,4
text,fpq_847,fpq,1,2,4,4
text,fpq_848,fpq,1,1,2,2
text,fpq_849,fpq,1,1,5,5
text,fpq_85,fpq,1,1,2,2
text,fpq_850,fpq,1,1,5,5
text,fpq_851,fpq,1,1,5,5
text,fpq_852,fpq,1,1,1,1
text,fpq_854,fpq,1,1,1,1
text,fpq_855,fpq,1,1,4,4
text,fpq_858,fpq,1,1,3,3
text,fpq_859,fpq,1,1,1,1
text,fpq_860,fpq,1,1,1,1
text,fpq_861,fpq,1,2,1,1
text,fpq_862,fpq,1,1,4,4
text,fpq_863,fpq,1,2,4,4
text,fpq_864,fpq,1,1,2,2
text,fpq_865,fpq,1,1,4,4
text,fpq_866,fpq,0,1,2,1
text,fpq_869,fpq,1,1,4,4
text,fpq_87,fpq,1,1,1,1
text,fpq_870,fpq,1,1,1,1
text,fpq_871,fpq,0,1,2,1
text,fpq_872,fpq,1,1,1,1
text,fpq_88,fpq,1,1,4,4
text,fpq_89,fpq,1,1,4,4
text,fpq_9,fpq,1,2,4,4
text,fpq_90,fpq,1,1,1,1
text,fpq_91,fpq,1,1,1,1
text,fpq_92,fpq,1,1,1,1
text,fpq_94,fpq,1,1,2,2
text,fpq_95,fpq,1,1,1,1
text,fpq_96,fpq,0,1,1,1
text,fpq_97,fpq,1,1,1,1
text,fpq_98,fpq,1,1,1,1
text,fpq_99,fpq,1,1,4,4
text,nfp_1000,nfp,1,5,1,1
text,nfp_1001,nfp,1,5,2,2
text,nfp_1002,nfp,1,5,1,1
text,nfp_1003,nfp,0,5,2,5
text,nfp_1004,nfp,0,5,2,5
text,nfp_1005,nfp,1,5,2,2
text,nfp_1006,nfp,0,5,4,5
text,nfp_1008,nfp,1,5,1,1
text,nfp_1009,nfp,1,4,1,1
text,nfp_1010,nfp,1,5,4,4
text,nfp_1011,nfp,1,5,4,4
text,nfp_1012,nfp,1,5,1,1
text,nfp_1013,nfp,0,5,2,5
text,nfp_1014,nfp,1,5,2,2
text,nfp_1015,nfp,1,5,2,2
text,nfp_1016,nfp,1,5,2,2
text,nfp_1017,nfp,1,5,1,1
text,nfp_1018,nfp,1,5,5,5
text,nfp_1019,nfp,1,5,2,2
text,nfp_1020,nfp,1,5,2,2
text,nfp_1021,nfp,1,5,2,2
text,nfp_1022,nfp,1,5,2,2
text,nfp_1023,nfp,1,5,1,1
text,nfp_1024,nfp,0,4,1,4
text,nfp_1025,nfp,1,5,4,4
text,nfp_1026,nfp,1,5,2,2
text,nfp_1027,nfp,1,5,2,2
text,nfp_1028,nfp,1,5,2,2
text,nfp_1029,nfp,1,5,2,2
text,nfp_1030,nfp,1,5,4,4
text,nfp_1031,nfp,1,5,2,2
text,nfp_1032,nfp,1,5,1,1
text,nfp_1033,nfp,1,5,4,4
text,nfp_1034,nfp,1,5,2,2
text,nfp_1035,nfp,0,5,4,5
text,nfp_1036,nfp,0,5,1,5
text,nfp_1037,nfp,1,5,2,2
text,nfp_1038,nfp,1,5,2,2
text,nfp_1039,nfp,1,5,3,3
text,nfp_1040,nfp,1,5,4,4
text,nfp_1041,nfp,1,5,2,2
text,nfp_1042,nfp,1,4,4,4
text,nfp_1043,nfp,0,5,1,5
text,nfp_1044,nfp,0,5,4,5
text,nfp_1045,nfp,1,5,2,2
text,nfp_1046,nfp,1,5,4,4
text,nfp_1047,nfp,0,5,1,5
text,nfp_1048,nfp,0,5,3,5
text,nfp_1049,nfp,0,5,2,5
text,nfp_1050,nfp,1,5,2,2
text,nfp_1051,nfp,0,5,2,5
text,nfp_1052,nfp,0,5,5,5
text,nfp_1053,nfp,1,5,4,4
text,nfp_1054,nfp,0,5,1,5
text,nfp_1055,nfp,1,5,2,2
text,nfp_1056,nfp,0,5,1,5
text,nfp_1057,nfp,1,5,1,1
text,nfp_1058,nfp,0,5,2,5
text,nfp_1059,nfp,1,4,2,2
text,nfp_1060,nfp,1,5,4,4
text,nfp_1061,nfp,1,5,5,5
text,nfp_1062,nfp,1,5,2,2
text,nfp_1063,nfp,0,5,2,5
text,nfp_1064,nfp,1,5,4,4
text,nfp_1065,nfp,1,5,2,2
text,nfp_1066,nfp,1,5,2,2
text,nfp_1067,nfp,1,5,1,1
text,nfp_1068,nfp,1,5,1,1
text,nfp_1069,nfp,1,5,2,2
text,nfp_1070,nfp,0,5,2,5
text,nfp_1071,nfp,1,5,3,3
text,nfp_1072,nfp,0,5,2,5
text,nfp_1073,nfp,1,5,2,2
text,nfp_1074,nfp,1,5,2,2
text,nfp_1075,nfp,1,5,4,4
text,nfp_1076,nfp,1,5,4,4
text,nfp_1077,nfp,0,5,1,5
text,nfp_1078,nfp,1,5,1,1
text,nfp_1079,nfp,1,5,1,1
text,nfp_1080,nfp,0,4,1,4
text,nfp_1081,nfp,1,5,2,2
text,nfp_1082,nfp,1,5,1,1
text,nfp_1083,nfp,1,5,1,1
text,nfp_1084,nfp,0,5,4,5
text,nfp_1085,nfp,0,5,1,5
text,nfp_1086,nfp,0,5,4,5
text,nfp_1087,nfp,0,5,2,5
text,nfp_1088,nfp,0,5,2,5
text,nfp_1089,nfp,0,5,1,5
text,nfp_1090,nfp,0,5,1,5
text,nfp_1091,nfp,0,5,2,5
text,nfp_1092,nfp,1,4,2,2
text,nfp_1093,nfp,0,4,2,4
text,nfp_1094,nfp,0,5,1,5
text,nfp_1095,nfp,0,5,5,5
text,nfp_1096,nfp,0,5,1,5
text,nfp_1097,nfp,0,5,1,5
text,nfp_1098,nfp,0,5,2,5
text,nfp_1099,nfp,1,5,2,2
text,nfp_1100,nfp,0,5,2,5
text,nfp_1101,nfp,0,4,2,4
text,nfp_1102,nfp,0,4,4,4
text,nfp_1103,nfp,0,5,2,5
text,nfp_1104,nfp,0,5,4,5
text,nfp_1105,nfp,1,5,2,2
text,nfp_1106,nfp,1,5,2,2
text,nfp_1107,nfp,0,5,2,5
text,nfp_1108,nfp,0,5,1,5
text,nfp_1109,nfp,1,5,1,1
text,nfp_1110,nfp,0,5,4,5
text,nfp_1111,nfp,0,5,1,5
text,nfp_1112,nfp,0,5,1,5
text,nfp_1113,nfp,1,5,2,2
text,nfp_1114,nfp,1,5,2,2
text,nfp_1115,nfp,0,5,1,5
text,nfp_1116,nfp,0,5,2,5
text,nfp_1117,nfp,1,4,2,2
text,nfp_1118,nfp,0,5,2,5
text,nfp_1119,nfp,0,5,2,5
text,nfp_1120,nfp,0,5,1,5
text,nfp_1121,nfp,0,5,2,5
text,nfp_1122,nfp,0,5,1,5
text,nfp_1123,nfp,1,4,1,1
text,nfp_1124,nfp,0,5,2,5
text,nfp_1125,nfp,0,5,2,5
text,nfp_1126,nfp,0,5,2,5
text,nfp_1127,nfp,0,5,2,5
text,nfp_1128,nfp,0,5,4,5
text,nfp_1129,nfp,0,5,2,5
text,nfp_1130,nfp,0,5,4,5
text,nfp_1131,nfp,0,5,2,5
text,nfp_1132,nfp,0,5,2,5
text,nfp_1133,nfp,0,4,2,4
text,nfp_1134,nfp,1,5,2,2
text,nfp_1135,nfp,0,5,5,5
text,nfp_1136,nfp,1,5,4,4
text,nfp_1137,nfp,1,5,2,2
text,nfp_1138,nfp,0,5,5,5
text,nfp_1139,nfp,1,5,2,2
text,nfp_1140,nfp,0,5,2,5
text,nfp_1141,nfp,0,4,1,4
text,nfp_1142,nfp,1,5,2,2
text,nfp_1143,nfp,0,5,2,5
text,nfp_1144,nfp,0,4,2,4
text,nfp_1145,nfp,0,5,5,5
text,nfp_1146,nfp,0,5,2,5
text,nfp_1147,nfp,1,5,4,4
text,nfp_1148,nfp,0,4,2,4
text,nfp_1149,nfp,0,5,1,5
hidden,fpq_0,fpq,1,2,4,4
hidden,fpq_10,fpq,1,1,4,4
hidden,fpq_100,fpq,1,1,1,1
hidden,fpq_101,fpq,1,1,2,2
hidden,fpq_102,fpq,1,1,5,5
hidden,fpq_103,fpq,1,1,4,4
hidden,fpq_105,fpq,1,1,5,5
hidden,fpq_106,fpq,1,1,1,1
hidden,fpq_107,fpq,0,1,4,1
hidden,fpq_108,fpq,1,1,5,5
hidden,fpq_109,fpq,1,1,4,4
hidden,fpq_11,fpq,1,1,5,5
hidden,fpq_110,fpq,1,1,2,2
hidden,fpq_111,fpq,1,1,4,4
hidden,fpq_112,fpq,1,1,4,4
hidden,fpq_113,fpq,1,1,4,4
hidden,fpq_114,fpq,1,1,1,1
hidden,fpq_115,fpq,1,1,1,1
hidden,fpq_116,fpq,1,1,5,5
hidden,fpq_12,fpq,1,1,4,4
hidden,fpq_120,fpq,1,1,2,2
hidden,fpq_121,fpq,1,1,4,4
hidden,fpq_122,fpq,1,1,2,2
hidden,fpq_123,fpq,1,1,1,1
hidden,fpq_124,fpq,1,4,5,5
hidden,fpq_125,fpq,1,1,2,2
hidden,fpq_126,fpq,1,1,4,4
hidden,fpq_127,fpq,1,1,2,2
hidden,fpq_128,fpq,0,1,5,1
hidden,fpq_129,fpq,0,1,1,1
hidden,fpq_13,fpq,1,1,1,1
hidden,fpq_130,fpq,0,1,1,1
hidden,fpq_131,fpq,1,1,1,1
hidden,fpq_133,fpq,0,1,4,1
hidden,fpq_134,fpq,1,1,2,2
hidden,fpq_135,fpq,1,1,4,4
hidden,fpq_136,fpq,1,2,4,4
hidden,fpq_137,fpq,1,1,4,4
hidden,fpq_138,fpq,1,1,1,1
hidden,fpq_139,fpq,0,1,2,1
hidden,fpq_14,fpq,1,1,2,2
hidden,fpq_140,fpq,1,1,2,2
hidden,fpq_141,fpq,1,1,2,2
hidden,fpq_142,fpq,1,2,5,5
hidden,fpq_143,fpq,0,1,2,1
hidden,fpq_144,fpq,1,1,4,4
hidden,fpq_145,fpq,1,1,5,5
hidden,fpq_146,fpq,1,1,5,5
hidden,fpq_147,fpq,0,1,5,1
hidden,fpq_148,fpq,1,1,5,5
hidden,fpq_149,fpq,0,1,3,1
hidden,fpq_15,fpq,1,1,1,1
hidden,fpq_152,fpq,1,1,1,1
hidden,fpq_153,fpq,0,1,5,1
hidden,fpq_155,fpq,1,1,1,1
hidden,fpq_156,fpq,1,2,5,5
hidden,fpq_157,fpq,1,1,4,4
hidden,fpq_158,fpq,1,1,5,5
hidden,fpq_159,fpq,1,1,1,1
hidden,fpq_16,fpq,1,1,1,1
hidden,fpq_160,fpq,1,1,1,1
hidden,fpq_163,fpq,1,1,1,1
hidden,fpq_164,fpq,1,1,4,4
hidden,fpq_165,fpq,1,1,4,4
hidden,fpq_166,fpq,1,1,2,2
hidden,fpq_167,fpq,1,1,1,1
hidden,fpq_168,fpq,1,1,2,2
hidden,fpq_169,fpq,1,1,2,2
hidden,fpq_17,fpq,1,1,5,5
hidden,fpq_170,fpq,1,1,1,1
hidden,fpq_173,fpq,1,1,4,4
hidden,fpq_174,fpq,1,1,2,2
hidden,fpq_175,fpq,1,1,2,2
hidden,fpq_176,fpq,1,1,2,2
hidden,fpq_177,fpq,1,1,1,1
hidden,fpq_178,fpq,1,1,4,4
hidden,fpq_179,fpq,1,1,1,1
hidden,fpq_18,fpq,1,1,2,2
hidden,fpq_180,fpq,0,1,4,1
hidden,fpq_181,fpq,1,1,5,5
hidden,fpq_182,fpq,1,1,4,4
hidden,fpq_184,fpq,1,1,1,1
hidden,fpq_185,fpq,0,1,2,1
hidden,fpq_186,fpq,1,1,4,4
hidden,fpq_188,fpq,0,1,4,1
hidden,fpq_189,fpq,1,1,3,3
hidden,fpq_19,fpq,1,2,5,5
hidden,fpq_190,fpq,1,1,5,5
hidden,fpq_191,fpq,1,1,5,5
hidden,fpq_192,fpq,0,1,2,1
hidden,fpq_193,fpq,1,1,5,5
hidden,fpq_194,fpq,1,1,5,5
hidden,fpq_195,fpq,1,1,3,3
hidden,fpq_196,fpq,1,1,4,4
hidden,fpq_197,fpq,1,1,1,1
hidden,fpq_198,fpq,0,1,4,1
hidden,fpq_2,fpq,1,2,4,4
hidden,fpq_20,fpq,1,2,4,4
hidden,fpq_200,fpq,0,1,4,1
hidden,fpq_201,fpq,1,1,4,4
hidden,fpq_202,fpq,1,2,4,4
hidden,fpq_204,fpq,1,1,4,4
hidden,fpq_205,fpq,1,1,4,4
hidden,fpq_206,fpq,1,1,5,5
hidden,fpq_207,fpq,1,1,4,4
hidden,fpq_208,fpq,1,1,3,3
hidden,fpq_21,fpq,1,1,5,5
hidden,fpq_216,fpq,1,1,2,2
hidden,fpq_217,fpq,1,1,1,1
hidden,fpq_218,fpq,1,1,1,1
hidden,fpq_219,fpq,1,1,1,1
hidden,fpq_22,fpq,1,4,5,5
hidden,fpq_220,fpq,1,1,1,1
hidden,fpq_221,fpq,1,1,1,1
hidden,fpq_222,fpq,1,1,5,5
hidden,fpq_223,fpq,1,1,2,2
hidden,fpq_224,fpq,1,1,5,5
hidden,fpq_225,fpq,0,1,4,1
hidden,fpq_226,fpq,0,1,4,1
hidden,fpq_227,fpq,1,1,1,1
hidden,fpq_228,fpq,1,1,4,4
hidden,fpq_229,fpq,1,1,5,5
hidden,fpq_23,fpq,1,1,1,1
hidden,fpq_230,fpq,0,1,2,1
hidden,fpq_231,fpq,1,1,2,2
hidden,fpq_232,fpq,0,1,1,1
hidden,fpq_233,fpq,1,1,5,5
hidden,fpq_234,fpq,1,1,4,4
hidden,fpq_236,fpq,0,1,2,1
hidden,fpq_237,fpq,0,1,5,1
hidden,fpq_238,fpq,0,1,4,1
hidden,fpq_239,fpq,0,2,1,2
hidden,fpq_24,fpq,1,1,5,5
hidden,fpq_240,fpq,1,2,5,5
hidden,fpq_241,fpq,0,1,5,1
hidden,fpq_244,fpq,1,1,5,5
hidden,fpq_245,fpq,0,1,1,1
hidden,fpq_246,fpq,1,1,4,4
hidden,fpq_247,fpq,1,1,2,2
hidden,fpq_248,fpq,1,1,5,5
hidden,fpq_249,fpq,1,4,5,5
hidden,fpq_25,fpq,1,1,4,4
hidden,fpq_250,fpq,1,1,1,1
hidden,fpq_251,fpq,1,1,1,1
hidden,fpq_252,fpq,1,2,4,4
hidden,fpq_253,fpq,1,1,1,1
hidden,fpq_254,fpq,1,1,1,1
hidden,fpq_255,fpq,1,1,4,4
hidden,fpq_256,fpq,0,1,1,1
hidden,fpq_257,fpq,1,1,1,1
hidden,fpq_258,fpq,1,2,5,5
hidden,fpq_259,fpq,1,1,1,1
hidden,fpq_26,fpq,1,1,4,4
hidden,fpq_260,fpq,1,1,2,2
hidden,fpq_261,fpq,1,1,5,5
hidden,fpq_262,fpq,1,1,5,5
hidden,fpq_263,fpq,1,2,4,4
hidden,fpq_264,fpq,0,1,3,1
hidden,fpq_265,fpq,0,1,1,1
hidden,fpq_266,fpq,1,1,4,4
hidden,fpq_267,fpq,0,1,4,1
hidden,fpq_268,fpq,0,1,2,1
hidden,fpq_269,fpq,0,1,4,1
hidden,fpq_27,fpq,1,1,4,4
hidden,fpq_270,fpq,0,1,4,1
hidden,fpq_271,fpq,1,1,4,4
hidden,fpq_272,fpq,1,2,5,5
hidden,fpq_273,fpq,1,1,5,5
hidden,fpq_274,fpq,0,1,3,1
hidden,fpq_275,fpq,1,1,4,4
hidden,fpq_276,fpq,1,1,1,1
hidden,fpq_277,fpq,1,1,5,5
hidden,fpq_278,fpq,0,1,1,1
hidden,fpq_279,fpq,1,1,5,5
hidden,fpq_28,fpq,1,1,2,2
hidden,fpq_283,fpq,0,1,1,1
hidden,fpq_285,fpq,0,1,4,1
hidden,fpq_286,fpq,1,1,1,1
hidden,fpq_287,fpq,1,1,2,2
hidden,fpq_288,fpq,0,1,1,1
hidden,fpq_289,fpq,0,1,4,1
hidden,fpq_29,fpq,1,1,5,5
hidden,fpq_290,fpq,0,1,1,1
hidden,fpq_291,fpq,0,1,1,1
hidden,fpq_292,fpq,1,1,4,4
hidden,fpq_293,fpq,1,2,5,5
hidden,fpq_294,fpq,1,1,4,4
hidden,fpq_295,fpq,0,1,1,1
hidden,fpq_296,fpq,1,1,3,3
hidden,fpq_297,fpq,1,1,1,1
hidden,fpq_3,fpq,1,1,4,4
hidden,fpq_30,fpq,1,1,4,4
hidden,fpq_302,fpq,1,1,4,4
hidden,fpq_303,fpq,1,1,4,4
hidden,fpq_304,fpq,0,1,1,1
hidden,fpq_305,fpq,1,1,1,1
hidden,fpq_306,fpq,1,1,1,1
hidden,fpq_307,fpq,0,1,2,1
hidden,fpq_308,fpq,1,1,1,1
hidden,fpq_309,fpq,1,1,4,4
hidden,fpq_31,fpq,1,1,4,4
hidden,fpq_311,fpq,1,1,4,4
hidden,fpq_312,fpq,0,1,4,1
hidden,fpq_313,fpq,1,1,4,4
hidden,fpq_314,fpq,1,1,1,1
hidden,fpq_315,fpq,0,1,4,1
hidden,fpq_316,fpq,0,1,4,1
hidden,fpq_317,fpq,1,1,2,2
hidden,fpq_318,fpq,1,1,2,2
hidden,fpq_319,fpq,1,1,1,1
hidden,fpq_32,fpq,1,1,2,2
hidden,fpq_320,fpq,1,1,4,4
hidden,fpq_321,fpq,1,1,1,1
hidden,fpq_325,fpq,1,1,5,5
hidden,fpq_326,fpq,1,1,1,1
hidden,fpq_327,fpq,0,1,4,1
hidden,fpq_33,fpq,1,1,4,4
hidden,fpq_336,fpq,0,1,4,1
hidden,fpq_34,fpq,1,1,5,5
hidden,fpq_342,fpq,0,1,1,1
hidden,fpq_343,fpq,1,1,5,5
hidden,fpq_344,fpq,1,1,1,1
hidden,fpq_348,fpq,1,1,5,5
hidden,fpq_35,fpq,1,1,1,1
hidden,fpq_350,fpq,0,2,1,2
hidden,fpq_353,fpq,1,2,5,5
hidden,fpq_354,fpq,1,1,1,1
hidden,fpq_357,fpq,0,1,4,1
hidden,fpq_358,fpq,0,1,4,1
hidden,fpq_359,fpq,1,1,1,1
hidden,fpq_36,fpq,1,1,4,4
hidden,fpq_361,fpq,1,1,2,2
hidden,fpq_362,fpq,0,1,4,1
hidden,fpq_366,fpq,0,1,1,1
hidden,fpq_368,fpq,0,1,5,1
hidden,fpq_37,fpq,1,1,5,5
hidden,fpq_376,fpq,0,1,2,1
hidden,fpq_378,fpq,1,1,4,4
hidden,fpq_379,fpq,1,2,4,4
hidden,fpq_38,fpq,1,2,5,5
hidden,fpq_380,fpq,1,1,4,4
hidden,fpq_383,fpq,0,1,1,1
hidden,fpq_385,fpq,1,1,1,1
hidden,fpq_386,fpq,0,1,5,1
hidden,fpq_387,fpq,1,1,5,5
hidden,fpq_388,fpq,1,1,4,4
hidden,fpq_39,fpq,1,1,4,4
hidden,fpq_390,fpq,1,1,2,2
hidden,fpq_391,fpq,0,1,4,1
hidden,fpq_392,fpq,1,1,4,4
hidden,fpq_394,fpq,0,1,4,1
hidden,fpq_395,fpq,1,1,4,4
hidden,fpq_396,fpq,1,1,2,2
hidden,fpq_397,fpq,0,2,4,2
hidden,fpq_398,fpq,1,1,2,2
hidden,fpq_399,fpq,1,1,1,1
hidden,fpq_4,fpq,1,1,4,4
hidden,fpq_40,fpq,1,1,5,5
hidden,fpq_400,fpq,0,1,5,1
hidden,fpq_403,fpq,1,1,5,5
hidden,fpq_405,fpq,1,1,5,5
hidden,fpq_407,fpq,0,1,2,1
hidden,fpq_408,fpq,1,1,4,4
hidden,fpq_41,fpq,1,1,4,4
hidden,fpq_415,fpq,0,1,4,1
hidden,fpq_416,fpq,1,1,4,4
hidden,fpq_417,fpq,0,1,5,1
hidden,fpq_42,fpq,1,2,5,5
hidden,fpq_420,fpq,1,1,1,1
hidden,fpq_421,fpq,1,1,2,2
hidden,fpq_422,fpq,1,1,4,4
hidden,fpq_423,fpq,1,2,5,5
hidden,fpq_425,fpq,1,2,5,5
hidden,fpq_426,fpq,1,4,5,5
hidden,fpq_428,fpq,1,1,5,5
hidden,fpq_429,fpq,1,2,5,5
hidden,fpq_43,fpq,1,1,4,4
hidden,fpq_434,fpq,1,1,5,5
hidden,fpq_436,fpq,0,4,4,4
hidden,fpq_438,fpq,1,1,2,2
hidden,fpq_439,fpq,1,1,5,5
hidden,fpq_44,fpq,1,1,5,5
hidden,fpq_443,fpq,0,1,3,1
hidden,fpq_445,fpq,1,4,4,4
hidden,fpq_446,fpq,1,1,4,4
hidden,fpq_45,fpq,1,1,5,5
hidden,fpq_459,fpq,0,1,4,1
hidden,fpq_46,fpq,1,4,5,5
hidden,fpq_460,fpq,0,1,1,1
hidden,fpq_462,fpq,1,1,1,1
hidden,fpq_467,fpq,0,1,4,1
hidden,fpq_47,fpq,1,1,5,5
hidden,fpq_472,fpq,1,1,5,5
hidden,fpq_473,fpq,1,1,4,4
hidden,fpq_474,fpq,1,1,2,2
hidden,fpq_477,fpq,1,1,4,4
hidden,fpq_479,fpq,1,1,4,4
hidden,fpq_48,fpq,1,1,1,1
hidden,fpq_484,fpq,1,1,5,5
hidden,fpq_485,fpq,1,2,5,5
hidden,fpq_487,fpq,1,2,5,5
hidden,fpq_488,fpq,0,1,2,1
hidden,fpq_49,fpq,1,1,1,1
hidden,fpq_492,fpq,1,1,2,2
hidden,fpq_493,fpq,1,2,4,4
hidden,fpq_494,fpq,1,2,5,5
hidden,fpq_495,fpq,1,2,4,4
hidden,fpq_497,fpq,1,1,2,2
hidden,fpq_499,fpq,0,1,3,1
hidden,fpq_5,fpq,1,1,1,1
hidden,fpq_50,fpq,1,2,1,1
hidden,fpq_500,fpq,0,1,1,1
hidden,fpq_501,fpq,0,1,1,1
hidden,fpq_502,fpq,1,1,4,4
hidden,fpq_505,fpq,1,1,1,1
hidden,fpq_506,fpq,1,4,4,4
hidden,fpq_507,fpq,1,1,4,4
hidden,fpq_51,fpq,1,2,4,4
hidden,fpq_512,fpq,1,1,4,4
hidden,fpq_514,fpq,1,1,2,2
hidden,fpq_516,fpq,1,2,3,3
hidden,fpq_517,fpq,1,1,1,1
hidden,fpq_52,fpq,1,1,4,4
hidden,fpq_521,fpq,1,1,5,5
hidden,fpq_522,fpq,0,1,4,1
hidden,fpq_524,fpq,1,1,4,4
hidden,fpq_525,fpq,1,1,4,4
hidden,fpq_53,fpq,1,1,4,4
hidden,fpq_530,fpq,1,1,5,5
hidden,fpq_531,fpq,0,2,4,2
hidden,fpq_534,fpq,1,1,1,1
hidden,fpq_535,fpq,1,1,4,4
hidden,fpq_54,fpq,1,1,5,5
hidden,fpq_542,fpq,0,1,4,1
hidden,fpq_543,fpq,0,1,2,1
hidden,fpq_546,fpq,0,2,4,2
hidden,fpq_547,fpq,1,1,4,4
hidden,fpq_549,fpq,0,1,1,1
hidden,fpq_55,fpq,1,1,2,2
hidden,fpq_550,fpq,1,1,5,5
hidden,fpq_552,fpq,1,1,1,1
hidden,fpq_556,fpq,1,1,5,5
hidden,fpq_557,fpq,1,1,1,1
hidden,fpq_558,fpq,1,4,5,5
hidden,fpq_559,fpq,1,2,1,1
hidden,fpq_56,fpq,1,2,5,5
hidden,fpq_560,fpq,1,1,5,5
hidden,fpq_563,fpq,1,1,4,4
hidden,fpq_564,fpq,1,1,1,1
hidden,fpq_565,fpq,1,1,1,1
hidden,fpq_566,fpq,0,1,4,1
hidden,fpq_57,fpq,1,1,4,4
hidden,fpq_570,fpq,0,1,2,1
hidden,fpq_572,fpq,0,1,2,1
hidden,fpq_574,fpq,0,1,4,1
hidden,fpq_58,fpq,1,1,5,5
hidden,fpq_580,fpq,1,1,5,5
hidden,fpq_583,fpq,1,1,4,4
hidden,fpq_584,fpq,1,1,5,5
hidden,fpq_586,fpq,1,1,1,1
hidden,fpq_59,fpq,1,1,5,5
hidden,fpq_593,fpq,0,1,1,1
hidden,fpq_595,fpq,1,1,4,4
hidden,fpq_596,fpq,1,1,4,4
hidden,fpq_598,fpq,0,1,4,1
hidden,fpq_6,fpq,1,1,4,4
hidden,fpq_60,fpq,1,1,4,4
hidden,fpq_600,fpq,1,1,4,4
hidden,fpq_601,fpq,1,1,5,5
hidden,fpq_603,fpq,1,2,2,2
hidden,fpq_604,fpq,0,1,1,1
hidden,fpq_606,fpq,1,1,5,5
hidden,fpq_607,fpq,1,1,5,5
hidden,fpq_608,fpq,1,1,1,1
hidden,fpq_609,fpq,1,1,1,1
hidden,fpq_61,fpq,1,1,5,5
hidden,fpq_610,fpq,1,2,1,1
hidden,fpq_611,fpq,1,3,5,5
hidden,fpq_612,fpq,1,1,2,2
hidden,fpq_613,fpq,1,1,4,4
hidden,fpq_614,fpq,1,4,5,5
hidden,fpq_615,fpq,0,1,1,1
hidden,fpq_616,fpq,1,2,5,5
hidden,fpq_617,fpq,1,1,4,4
hidden,fpq_618,fpq,1,1,2,2
hidden,fpq_619,fpq,1,2,4,4
hidden,fpq_62,fpq,1,1,4,4
hidden,fpq_620,fpq,1,2,2,2
hidden,fpq_621,fpq,1,1,2,2
hidden,fpq_622,fpq,0,1,4,1
hidden,fpq_623,fpq,1,1,4,4
hidden,fpq_624,fpq,1,1,5,5
hidden,fpq_625,fpq,1,1,4,4
hidden,fpq_626,fpq,1,1,3,3
hidden,fpq_628,fpq,1,1,1,1
hidden,fpq_629,fpq,1,1,1,1
hidden,fpq_63,fpq,1,1,2,2
hidden,fpq_630,fpq,1,1,5,5
hidden,fpq_631,fpq,1,1,5,5
hidden,fpq_632,fpq,1,1,5,5
hidden,fpq_633,fpq,0,1,1,1
hidden,fpq_634,fpq,1,1,5,5
hidden,fpq_635,fpq,0,1,1,1
hidden,fpq_636,fpq,1,1,4,4
hidden,fpq_638,fpq,0,1,4,1
hidden,fpq_639,fpq,0,1,1,1
hidden,fpq_64,fpq,1,1,4,4
hidden,fpq_640,fpq,1,1,1,1
hidden,fpq_641,fpq,1,1,2,2
hidden,fpq_643,fpq,1,1,4,4
hidden,fpq_644,fpq,0,1,1,1
hidden,fpq_645,fpq,1,5,5,5
hidden,fpq_646,fpq,0,1,1,1
hidden,fpq_647,fpq,1,1,1,1
hidden,fpq_649,fpq,0,1,1,1
hidden,fpq_65,fpq,1,1,4,4
hidden,fpq_650,fpq,0,1,4,1
hidden,fpq_652,fpq,1,1,5,5
hidden,fpq_653,fpq,0,3,3,3
hidden,fpq_654,fpq,0,1,1,1
hidden,fpq_655,fpq,1,1,1,1
hidden,fpq_657,fpq,1,1,4,4
hidden,fpq_659,fpq,1,1,1,1
hidden,fpq_66,fpq,1,1,1,1
hidden,fpq_661,fpq,1,1,3,3
hidden,fpq_662,fpq,1,1,1,1
hidden,fpq_663,fpq,1,1,1,1
hidden,fpq_666,fpq,0,1,4,1
hidden,fpq_669,fpq,0,1,1,1
hidden,fpq_67,fpq,1,1,3,3
hidden,fpq_671,fpq,1,1,3,3
hidden,fpq_675,fpq,1,1,4,4
hidden,fpq_676,fpq,0,1,5,1
hidden,fpq_677,fpq,1,1,5,5
hidden,fpq_678,fpq,1,1,2,2
hidden,fpq_68,fpq,1,1,4,4
hidden,fpq_682,fpq,1,1,1,1
hidden,fpq_685,fpq,1,1,4,4
hidden,fpq_687,fpq,1,1,1,1
hidden,fpq_689,fpq,1,1,4,4
hidden,fpq_69,fpq,1,1,4,4
hidden,fpq_690,fpq,1,1,1,1
hidden,fpq_691,fpq,1,1,5,5
hidden,fpq_692,fpq,1,1,2,2
hidden,fpq_694,fpq,0,1,4,1
hidden,fpq_695,fpq,1,1,4,4
hidden,fpq_696,fpq,1,1,2,2
hidden,fpq_697,fpq,0,1,5,1
hidden,fpq_699,fpq,0,1,1,1
hidden,fpq_7,fpq,1,1,5,5
hidden,fpq_70,fpq,1,1,1,1
hidden,fpq_702,fpq,0,1,5,1
hidden,fpq_703,fpq,1,1,4,4
hidden,fpq_704,fpq,1,1,5,5
hidden,fpq_705,fpq,1,2,1,1
hidden,fpq_706,fpq,1,1,4,4
hidden,fpq_71,fpq,1,1,5,5
hidden,fpq_712,fpq,1,1,5,5
hidden,fpq_713,fpq,1,1,1,1
hidden,fpq_72,fpq,1,1,2,2
hidden,fpq_721,fpq,1,1,5,5
hidden,fpq_722,fpq,1,1,5,5
hidden,fpq_723,fpq,1,1,4,4
hidden,fpq_724,fpq,1,1,5,5
hidden,fpq_725,fpq,1,1,2,2
hidden,fpq_726,fpq,0,1,1,1
hidden,fpq_727,fpq,0,1,4,1
hidden,fpq_728,fpq,1,2,4,4
hidden,fpq_729,fpq,1,1,1,1
hidden,fpq_73,fpq,1,1,4,4
hidden,fpq_730,fpq,0,1,5,1
hidden,fpq_735,fpq,1,1,4,4
hidden,fpq_736,fpq,1,1,4,4
hidden,fpq_738,fpq,1,1,2,2
hidden,fpq_739,fpq,0,1,5,1
hidden,fpq_74,fpq,1,2,2,2
hidden,fpq_740,fpq,1,1,2,2
hidden,fpq_741,fpq,1,1,4,4
hidden,fpq_743,fpq,1,1,5,5
hidden,fpq_744,fpq,1,2,5,5
hidden,fpq_745,fpq,1,2,2,2
hidden,fpq_746,fpq,1,1,5,5
hidden,fpq_747,fpq,1,3,4,4
hidden,fpq_749,fpq,1,1,4,4
hidden,fpq_75,fpq,1,1,1,1
hidden,fpq_750,fpq,0,1,1,1
hidden,fpq_751,fpq,0,1,1,1
hidden,fpq_753,fpq,0,1,4,1
hidden,fpq_754,fpq,1,1,4,4
hidden,fpq_755,fpq,0,1,4,1
hidden,fpq_76,fpq,1,1,5,5
hidden,fpq_761,fpq,1,4,5,5
hidden,fpq_762,fpq,1,4,5,5
hidden,fpq_763,fpq,1,1,1,1
hidden,fpq_764,fpq,1,1,3,3
hidden,fpq_77,fpq,1,1,5,5
hidden,fpq_771,fpq,0,1,2,1
hidden,fpq_772,fpq,0,1,4,1
hidden,fpq_773,fpq,1,1,5,5
hidden,fpq_774,fpq,0,1,4,1
hidden,fpq_775,fpq,0,1,4,1
hidden,fpq_776,fpq,0,1,3,1
hidden,fpq_777,fpq,0,1,4,1
hidden,fpq_778,fpq,1,1,1,1
hidden,fpq_78,fpq,1,1,1,1
hidden,fpq_780,fpq,0,1,2,1
hidden,fpq_781,fpq,0,1,3,1
hidden,fpq_789,fpq,1,1,4,4
hidden,fpq_794,fpq,0,1,5,1
hidden,fpq_797,fpq,1,1,5,5
hidden,fpq_798,fpq,1,1,1,1
hidden,fpq_799,fpq,1,1,1,1
hidden,fpq_8,fpq,1,1,5,5
hidden,fpq_80,fpq,1,1,4,4
hidden,fpq_801,fpq,0,1,1,1
hidden,fpq_802,fpq,1,1,5,5
hidden,fpq_804,fpq,0,1,1,1
hidden,fpq_805,fpq,0,1,2,1
hidden,fpq_806,fpq,0,1,1,1
hidden,fpq_807,fpq,1,1,2,2
hidden,fpq_808,fpq,0,1,1,1
hidden,fpq_81,fpq,1,1,5,5
hidden,fpq_813,fpq,1,1,5,5
hidden,fpq_814,fpq,0,1,1,1
hidden,fpq_817,fpq,0,1,5,1
hidden,fpq_818,fpq,1,1,5,5
hidden,fpq_82,fpq,0,1,5,1
hidden,fpq_820,fpq,1,1,1,1
hidden,fpq_823,fpq,1,1,1,1
hidden,fpq_824,fpq,0,1,4,1
hidden,fpq_827,fpq,1,1,2,2
hidden,fpq_828,fpq,0,1,2,1
hidden,fpq_829,fpq,0,1,4,1
hidden,fpq_830,fpq,1,1,4,4
hidden,fpq_831,fpq,1,1,1,1
hidden,fpq_832,fpq,1,1,4,4
hidden,fpq_833,fpq,1,1,5,5
hidden,fpq_834,fpq,1,2,5,5
hidden,fpq_835,fpq,1,1,5,5
hidden,fpq_836,fpq,0,1,5,1
hidden,fpq_837,fpq,1,1,1,1
hidden,fpq_838,fpq,1,1,4,4
hidden,fpq_839,fpq,1,4,5,5
hidden,fpq_84,fpq,1,1,4,4
hidden,fpq_840,fpq,1,1,4,4
hidden,fpq_844,fpq,1,1,5,5
hidden,fpq_846,fpq,1,1,4,4
hidden,fpq_847,fpq,1,2,4,4
hidden,fpq_848,fpq,0,1,2,1
hidden,fpq_849,fpq,0,1,5,1
hidden,fpq_85,fpq,1,1,2,2
hidden,fpq_850,fpq,1,1,5,5
hidden,fpq_851,fpq,1,1,5,5
hidden,fpq_852,fpq,1,1,1,1
hidden,fpq_854,fpq,1,1,1,1
hidden,fpq_855,fpq,0,1,4,1
hidden,fpq_858,fpq,0,1,3,1
hidden,fpq_859,fpq,0,1,1,1
hidden,fpq_860,fpq,1,1,1,1
hidden,fpq_861,fpq,0,2,1,2
hidden,fpq_862,fpq,0,1,4,1
hidden,fpq_863,fpq,1,2,4,4
hidden,fpq_864,fpq,0,1,2,1
hidden,fpq_865,fpq,1,1,4,4
hidden,fpq_866,fpq,0,1,2,1
hidden,fpq_869,fpq,0,1,4,1
hidden,fpq_87,fpq,1,1,1,1
hidden,fpq_870,fpq,1,1,1,1
hidden,fpq_871,fpq,1,1,2,2
hidden,fpq_872,fpq,1,1,1,1
hidden,fpq_88,fpq,1,1,4,4
hidden,fpq_89,fpq,1,1,4,4
hidden,fpq_9,fpq,1,2,4,4
hidden,fpq_90,fpq,1,1,1,1
hidden,fpq_91,fpq,1,1,1,1
hidden,fpq_92,fpq,1,1,1,1
hidden,fpq_94,fpq,1,1,2,2
hidden,fpq_95,fpq,1,1,1,1
hidden,fpq_96,fpq,1,1,1,1
hidden,fpq_97,fpq,1,1,1,1
hidden,fpq_98,fpq,1,1,1,1
hidden,fpq_99,fpq,1,1,4,4
hidden,nfp_1000,nfp,1,5,1,1
hidden,nfp_1001,nfp,1,5,2,2
hidden,nfp_1002,nfp,1,5,1,1
hidden,nfp_1003,nfp,1,5,2,2
hidden,nfp_1004,nfp,0,5,2,5
hidden,nfp_1005,nfp,1,5,2,2
hidden,nfp_1006,nfp,0,5,4,5
hidden,nfp_1008,nfp,1,5,1,1
hidden,nfp_1009,nfp,1,4,1,1
hidden,nfp_1010,nfp,1,5,4,4
hidden,nfp_1011,nfp,1,5,4,4
hidden,nfp_1012,nfp,1,5,1,1
hidden,nfp_1013,nfp,0,5,2,5
hidden,nfp_1014,nfp,1,5,2,2
hidden,nfp_1015,nfp,1,5,2,2
hidden,nfp_1016,nfp,1,5,2,2
hidden,nfp_1017,nfp,1,5,1,1
hidden,nfp_1018,nfp,1,5,5,5
hidden,nfp_1019,nfp,0,5,2,5
hidden,nfp_1020,nfp,0,5,2,5
hidden,nfp_1021,nfp,1,5,2,2
hidden,nfp_1022,nfp,1,5,2,2
hidden,nfp_1023,nfp,1,5,1,1
hidden,nfp_1024,nfp,1,4,1,1
hidden,nfp_1025,nfp,1,5,4,4
hidden,nfp_1026,nfp,0,5,2,5
hidden,nfp_1027,nfp,1,5,2,2
hidden,nfp_1028,nfp,1,5,2,2
hidden,nfp_1029,nfp,1,5,2,2
hidden,nfp_1030,nfp,1,5,4,4
hidden,nfp_1031,nfp,1,5,2,2
hidden,nfp_1032,nfp,1,5,1,1
hidden,nfp_1033,nfp,0,5,4,5
hidden,nfp_1034,nfp,0,5,2,5
hidden,nfp_1035,nfp,0,5,4,5
hidden,nfp_1036,nfp,0,5,1,5
hidden,nfp_1037,nfp,1,5,2,2
hidden,nfp_1038,nfp,0,5,2,5
hidden,nfp_1039,nfp,0,5,3,5
hidden,nfp_1040,nfp,1,5,4,4
hidden,nfp_1041,nfp,1,5,2,2
hidden,nfp_1042,nfp,0,4,4,4
hidden,nfp_1043,nfp,0,5,1,5
hidden,nfp_1044,nfp,0,5,4,5
hidden,nfp_1045,nfp,0,5,2,5
hidden,nfp_1046,nfp,1,5,4,4
hidden,nfp_1047,nfp,1,5,1,1
hidden,nfp_1048,nfp,0,5,3,5
hidden,nfp_1049,nfp,1,5,2,2
hidden,nfp_1050,nfp,1,5,2,2
hidden,nfp_1051,nfp,0,5,2,5
hidden,nfp_1052,nfp,1,5,5,5
hidden,nfp_1053,nfp,1,5,4,4
hidden,nfp_1054,nfp,0,5,1,5
hidden,nfp_1055,nfp,0,5,2,5
hidden,nfp_1056,nfp,0,5,1,5
hidden,nfp_1057,nfp,1,5,1,1
hidden,nfp_1058,nfp,0,5,2,5
hidden,nfp_1059,nfp,0,4,2,4
hidden,nfp_1060,nfp,1,5,4,4
hidden,nfp_1061,nfp,1,5,5,5
hidden,nfp_1062,nfp,1,5,2,2
hidden,nfp_1063,nfp,1,5,2,2
hidden,nfp_1064,nfp,1,5,4,4
hidden,nfp_1065,nfp,1,5,2,2
hidden,nfp_1066,nfp,1,5,2,2
hidden,nfp_1067,nfp,1,5,1,1
hidden,nfp_1068,nfp,1,5,1,1
hidden,nfp_1069,nfp,1,5,2,2
hidden,nfp_1070,nfp,0,5,2,5
hidden,nfp_1071,nfp,0,5,3,5
hidden,nfp_1072,nfp,0,5,2,5
hidden,nfp_1073,nfp,1,5,2,2
hidden,nfp_1074,nfp,0,5,2,5
hidden,nfp_1075,nfp,1,5,4,4
hidden,nfp_1076,nfp,1,5,4,4
hidden,nfp_1077,nfp,1,5,1,1
hidden,nfp_1078,nfp,0,5,1,5
hidden,nfp_1079,nfp,0,5,1,5
hidden,nfp_1080,nfp,0,4,1,4
hidden,nfp_1081,nfp,1,5,2,2
hidden,nfp_1082,nfp,0,5,1,5
hidden,nfp_1083,nfp,1,5,1,1
hidden,nfp_1084,nfp,0,5,4,5
hidden,nfp_1085,nfp,0,5,1,5
hidden,nfp_1086,nfp,0,5,4,5
hidden,nfp_1087,nfp,0,5,2,5
hidden,nfp_1088,nfp,0,5,2,5
hidden,nfp_1089,nfp,1,5,1,1
hidden,nfp_1090,nfp,0,5,1,5
hidden,nfp_1091,nfp,0,5,2,5
hidden,nfp_1092,nfp,1,4,2,2
hidden,nfp_1093,nfp,1,4,2,2
hidden,nfp_1094,nfp,1,5,1,1
hidden,nfp_1095,nfp,0,5,5,5
hidden,nfp_1096,nfp,0,5,1,5
hidden,nfp_1097,nfp,0,5,1,5
hidden,nfp_1098,nfp,0,5,2,5
hidden,nfp_1099,nfp,0,5,2,5
hidden,nfp_1100,nfp,0,5,2,5
hidden,nfp_1101,nfp,0,4,2,4
hidden,nfp_1102,nfp,0,4,4,4
hidden,nfp_1103,nfp,1,5,2,2
hidden,nfp_1104,nfp,0,5,4,5
hidden,nfp_1105,nfp,1,5,2,2
hidden,nfp_1106,nfp,0,5,2,5
hidden,nfp_1107,nfp,0,5,2,5
hidden,nfp_1108,nfp,0,5,1,5
hidden,nfp_1109,nfp,0,5,1,5
hidden,nfp_1110,nfp,0,5,4,5
hidden,nfp_1111,nfp,0,5,1,5
hidden,nfp_1112,nfp,1,5,1,1
hidden,nfp_1113,nfp,0,5,2,5
hidden,nfp_1114,nfp,0,5,2,5
hidden,nfp_1115,nfp,1,5,1,1
hidden,nfp_1116,nfp,1,5,2,2
hidden,nfp_1117,nfp,1,4,2,2
hidden,nfp_1118,nfp,0,5,2,5
hidden,nfp_1119,nfp,0,5,2,5
hidden,nfp_1120,nfp,0,5,1,5
hidden,nfp_1121,nfp,1,5,2,2
hidden,nfp_1122,nfp,0,5,1,5
hidden,nfp_1123,nfp,1,4,1,1
hidden,nfp_1124,nfp,0,5,2,5
hidden,nfp_1125,nfp,0,5,2,5
hidden,nfp_1126,nfp,0,5,2,5
hidden,nfp_1127,nfp,1,5,2,2
hidden,nfp_1128,nfp,0,5,4,5
hidden,nfp_1129,nfp,0,5,2,5
hidden,nfp_1130,nfp,0,5,4,5
hidden,nfp_1131,nfp,0,5,2,5
hidden,nfp_1132,nfp,0,5,2,5
hidden,nfp_1133,nfp,0,4,2,4
hidden,nfp_1134,nfp,0,5,2,5
hidden,nfp_1135,nfp,0,5,5,5
hidden,nfp_1136,nfp,1,5,4,4
hidden,nfp_1137,nfp,0,5,2,5
hidden,nfp_1138,nfp,1,5,5,5
hidden,nfp_1139,nfp,0,5,2,5
hidden,nfp_1140,nfp,0,5,2,5
hidden,nfp_1141,nfp,0,4,1,4
hidden,nfp_1142,nfp,1,5,2,2
hidden,nfp_1143,nfp,0,5,2,5
hidden,nfp_1144,nfp,0,4,2,4
hidden,nfp_1145,nfp,1,5,5,5
hidden,nfp_1146,nfp,0,5,2,5
hidden,nfp_1147,nfp,1,5,4,4
hidden,nfp_1148,nfp,1,4,2,2
hidden,nfp_1149,nfp,0,5,1,5
label_oracle,fpq_0,fpq,1,2,4,4
label_oracle,fpq_10,fpq,1,1,4,4
label_oracle,fpq_100,fpq,1,1,1,1
label_oracle,fpq_101,fpq,1,1,2,2
label_oracle,fpq_102,fpq,1,1,5,5
label_oracle,fpq_103,fpq,1,1,4,4
label_oracle,fpq_105,fpq,1,1,5,5
label_oracle,fpq_106,fpq,1,1,1,1
label_oracle,fpq_107,fpq,1,1,4,4
label_oracle,fpq_108,fpq,1,1,5,5
label_oracle,fpq_109,fpq,1,1,4,4
label_oracle,fpq_11,fpq,1,1,5,5
label_oracle,fpq_110,fpq,1,1,2,2
label_oracle,fpq_111,fpq,1,1,4,4
label_oracle,fpq_112,fpq,1,1,4,4
label_oracle,fpq_113,fpq,1,1,4,4
label_oracle,fpq_114,fpq,1,1,1,1
label_oracle,fpq_115,fpq,1,1,1,1
label_oracle,fpq_116,fpq,1,1,5,5
label_oracle,fpq_12,fpq,1,1,4,4
label_oracle,fpq_120,fpq,1,1,2,2
label_oracle,fpq_121,fpq,1,1,4,4
label_oracle,fpq_122,fpq,1,1,2,2
label_oracle,fpq_123,fpq,1,1,1,1
label_oracle,fpq_124,fpq,1,4,5,5
label_oracle,fpq_125,fpq,1,1,2,2
label_oracle,fpq_126,fpq,1,1,4,4
label_oracle,fpq_127,fpq,1,1,2,2
label_oracle,fpq_128,fpq,1,1,5,5
label_oracle,fpq_129,fpq,1,1,1,1
label_oracle,fpq_13,fpq,1,1,1,1
label_oracle,fpq_130,fpq,1,1,1,1
label_oracle,fpq_131,fpq,1,1,1,1
label_oracle,fpq_133,fpq,1,1,4,4
label_oracle,fpq_134,fpq,1,1,2,2
label_oracle,fpq_135,fpq,1,1,4,4
label_oracle,fpq_136,fpq,1,2,4,4
label_oracle,fpq_137,fpq,1,1,4,4
label_oracle,fpq_138,fpq,1,1,1,1
label_oracle,fpq_139,fpq,1,1,2,2
label_oracle,fpq_14,fpq,1,1,2,2
label_oracle,fpq_140,fpq,1,1,2,2
label_oracle,fpq_141,fpq,1,1,2,2
label_oracle,fpq_142,fpq,1,2,5,5
label_oracle,fpq_143,fpq,1,1,2,2
label_oracle,fpq_144,fpq,1,1,4,4
label_oracle,fpq_145,fpq,1,1,5,5
label_oracle,fpq_146,fpq,1,1,5,5
label_oracle,fpq_147,fpq,1,1,5,5
label_oracle,fpq_148,fpq,1,1,5,5
label_oracle,fpq_149,fpq,1,1,3,3
label_oracle,fpq_15,fpq,1,1,1,1
label_oracle,fpq_152,fpq,1,1,1,1
label_oracle,fpq_153,fpq,1,1,5,5
label_oracle,fpq_155,fpq,1,1,1,1
label_oracle,fpq_156,fpq,1,2,5,5
label_oracle,fpq_157,fpq,1,1,4,4
label_oracle,fpq_158,fpq,1,1,5,5
label_oracle,fpq_159,fpq,1,1,1,1
label_oracle,fpq_16,fpq,1,1,1,1
label_oracle,fpq_160,fpq,1,1,1,1
label_oracle,fpq_163,fpq,1,1,1,1
label_oracle,fpq_164,fpq,1,1,4,4
label_oracle,fpq_165,fpq,1,1,4,4
label_oracle,fpq_166,fpq,1,1,2,2
label_oracle,fpq_167,fpq,1,1,1,1
label_oracle,fpq_168,fpq,1,1,2,2
label_oracle,fpq_169,fpq,1,1,2,2
label_oracle,fpq_17,fpq,1,1,5,5
label_oracle,fpq_170,fpq,1,1,1,1
label_oracle,fpq_173,fpq,1,1,4,4
label_oracle,fpq_174,fpq,1,1,2,2
label_oracle,fpq_175,fpq,1,1,2,2
label_oracle,fpq_176,fpq,1,1,2,2
label_oracle,fpq_177,fpq,1,1,1,1
label_oracle,fpq_178,fpq,1,1,4,4
label_oracle,fpq_179,fpq,1,1,1,1
label_oracle,fpq_18,fpq,1,1,2,2
label_oracle,fpq_180,fpq,1,1,4,4
label_oracle,fpq_181,fpq,1,1,5,5
label_oracle,fpq_182,fpq,1,1,4,4
label_oracle,fpq_184,fpq,1,1,1,1
label_oracle,fpq_185,fpq,1,1,2,2
label_oracle,fpq_186,fpq,1,1,4,4
label_oracle,fpq_188,fpq,1,1,4,4
label_oracle,fpq_189,fpq,1,1,3,3
label_oracle,fpq_19,fpq,1,2,5,5
label_oracle,fpq_190,fpq,1,1,5,5
label_oracle,fpq_191,fpq,1,1,5,5
label_oracle,fpq_192,fpq,1,1,2,2
label_oracle,fpq_193,fpq,1,1,5,5
label_oracle,fpq_194,fpq,1,1,5,5
label_oracle,fpq_195,fpq,1,1,3,3
label_oracle,fpq_196,fpq,1,1,4,4
label_oracle,fpq_197,fpq,1,1,1,1
label_oracle,fpq_198,fpq,1,1,4,4
label_oracle,fpq_2,fpq,1,2,4,4
label_oracle,fpq_20,fpq,1,2,4,4
label_oracle,fpq_200,fpq,1,1,4,4
label_oracle,fpq_201,fpq,1,1,4,4
label_oracle,fpq_202,fpq,1,2,4,4
label_oracle,fpq_204,fpq,1,1,4,4
label_oracle,fpq_205,fpq,1,1,4,4
label_oracle,fpq_206,fpq,1,1,5,5
label_oracle,fpq_207,fpq,1,1,4,4
label_oracle,fpq_208,fpq,1,1,3,3
label_oracle,fpq_21,fpq,1,1,5,5
label_oracle,fpq_216,fpq,1,1,2,2
label_oracle,fpq_217,fpq,1,1,1,1
label_oracle,fpq_218,fpq,1,1,1,1
label_oracle,fpq_219,fpq,1,1,1,1
label_oracle,fpq_22,fpq,1,4,5,5
label_oracle,fpq_220,fpq,1,1,1,1
label_oracle,fpq_221,fpq,1,1,1,1
label_oracle,fpq_222,fpq,1,1,5,5
label_oracle,fpq_223,fpq,1,1,2,2
label_oracle,fpq_224,fpq,1,1,5,5
label_oracle,fpq_225,fpq,1,1,4,4
label_oracle,fpq_226,fpq,1,1,4,4
label_oracle,fpq_227,fpq,1,1,1,1
label_oracle,fpq_228,fpq,1,1,4,4
label_oracle,fpq_229,fpq,1,1,5,5
label_oracle,fpq_23,fpq,1,1,1,1
label_oracle,fpq_230,fpq,1,1,2,2
label_oracle,fpq_231,fpq,1,1,2,2
label_oracle,fpq_232,fpq,1,1,1,1
label_oracle,fpq_233,fpq,1,1,5,5
label_oracle,fpq_234,fpq,1,1,4,4
label_oracle,fpq_236,fpq,1,1,2,2
label_oracle,fpq_237,fpq,1,1,5,5
label_oracle,fpq_238,fpq,1,1,4,4
label_oracle,fpq_239,fpq,1,2,1,1
label_oracle,fpq_24,fpq,1,1,5,5
label_oracle,fpq_240,fpq,1,2,5,5
label_oracle,fpq_241,fpq,1,1,5,5
label_oracle,fpq_244,fpq,1,1,5,5
label_oracle,fpq_245,fpq,1,1,1,1
label_oracle,fpq_246,fpq,1,1,4,4
label_oracle,fpq_247,fpq,1,1,2,2
label_oracle,fpq_248,fpq,1,1,5,5
label_oracle,fpq_249,fpq,1,4,5,5
label_oracle,fpq_25,fpq,1,1,4,4
label_oracle,fpq_250,fpq,1,1,1,1
label_oracle,fpq_251,fpq,1,1,1,1
label_oracle,fpq_252,fpq,1,2,4,4
label_oracle,fpq_253,fpq,1,1,1,1
label_oracle,fpq_254,fpq,1,1,1,1
label_oracle,fpq_255,fpq,1,1,4,4
label_oracle,fpq_256,fpq,1,1,1,1
label_oracle,fpq_257,fpq,1,1,1,1
label_oracle,fpq_258,fpq,1,2,5,5
label_oracle,fpq_259,fpq,1,1,1,1
label_oracle,fpq_26,fpq,1,1,4,4
label_oracle,fpq_260,fpq,1,1,2,2
label_oracle,fpq_261,fpq,1,1,5,5
label_oracle,fpq_262,fpq,1,1,5,5
label_oracle,fpq_263,fpq,1,2,4,4
label_oracle,fpq_264,fpq,1,1,3,3
label_oracle,fpq_265,fpq,1,1,1,1
label_oracle,fpq_266,fpq,1,1,4,4
label_oracle,fpq_267,fpq,1,1,4,4
label_oracle,fpq_268,fpq,1,1,2,2
label_oracle,fpq_269,fpq,1,1,4,4
label_oracle,fpq_27,fpq,1,1,4,4
label_oracle,fpq_270,fpq,1,1,4,4
label_oracle,fpq_271,fpq,1,1,4,4
label_oracle,fpq_272,fpq,1,2,5,5
label_oracle,fpq_273,fpq,1,1,5,5
label_oracle,fpq_274,fpq,1,1,3,3
label_oracle,fpq_275,fpq,1,1,4,4
label_oracle,fpq_276,fpq,1,1,1,1
label_oracle,fpq_277,fpq,1,1,5,5
label_oracle,fpq_278,fpq,1,1,1,1
label_oracle,fpq_279,fpq,1,1,5,5
label_oracle,fpq_28,fpq,1,1,2,2
label_oracle,fpq_283,fpq,1,1,1,1
label_oracle,fpq_285,fpq,1,1,4,4
label_oracle,fpq_286,fpq,1,1,1,1
label_oracle,fpq_287,fpq,1,1,2,2
label_oracle,fpq_288,fpq,1,1,1,1
label_oracle,fpq_289,fpq,1,1,4,4
label_oracle,fpq_29,fpq,1,1,5,5
label_oracle,fpq_290,fpq,1,1,1,1
label_oracle,fpq_291,fpq,1,1,1,1
label_oracle,fpq_292,fpq,1,1,4,4
label_oracle,fpq_293,fpq,1,2,5,5
label_oracle,fpq_294,fpq,1,1,4,4
label_oracle,fpq_295,fpq,1,1,1,1
label_oracle,fpq_296,fpq,1,1,3,3
label_oracle,fpq_297,fpq,1,1,1,1
label_oracle,fpq_3,fpq,1,1,4,4
label_oracle,fpq_30,fpq,1,1,4,4
label_oracle,fpq_302,fpq,1,1,4,4
label_oracle,fpq_303,fpq,1,1,4,4
label_oracle,fpq_304,fpq,1,1,1,1
label_oracle,fpq_305,fpq,1,1,1,1
label_oracle,fpq_306,fpq,1,1,1,1
label_oracle,fpq_307,fpq,1,1,2,2
label_oracle,fpq_308,fpq,1,1,1,1
label_oracle,fpq_309,fpq,1,1,4,4
label_oracle,fpq_31,fpq,1,1,4,4
label_oracle,fpq_311,fpq,1,1,4,4
label_oracle,fpq_312,fpq,1,1,4,4
label_oracle,fpq_313,fpq,1,1,4,4
label_oracle,fpq_314,fpq,1,1,1,1
label_oracle,fpq_315,fpq,1,1,4,4
label_oracle,fpq_316,fpq,1,1,4,4
label_oracle,fpq_317,fpq,1,1,2,2
label_oracle,fpq_318,fpq,1,1,2,2
label_oracle,fpq_319,fpq,1,1,1,1
label_oracle,fpq_32,fpq,1,1,2,2
label_oracle,fpq_320,fpq,1,1,4,4
label_oracle,fpq_321,fpq,1,1,1,1
label_oracle,fpq_325,fpq,1,1,5,5
label_oracle,fpq_326,fpq,1,1,1,1
label_oracle,fpq_327,fpq,1,1,4,4
label_oracle,fpq_33,fpq,1,1,4,4
label_oracle,fpq_336,fpq,1,1,4,4
label_oracle,fpq_34,fpq,1,1,5,5
label_oracle,fpq_342,fpq,1,1,1,1
label_oracle,fpq_343,fpq,1,1,5,5
label_oracle,fpq_344,fpq,1,1,1,1
label_oracle,fpq_348,fpq,1,1,5,5
label_oracle,fpq_35,fpq,1,1,1,1
label_oracle,fpq_350,fpq,1,2,1,1
label_oracle,fpq_353,fpq,1,2,5,5
label_oracle,fpq_354,fpq,1,1,1,1
label_oracle,fpq_357,fpq,1,1,4,4
label_oracle,fpq_358,fpq,1,1,4,4
label_oracle,fpq_359,fpq,1,1,1,1
label_oracle,fpq_36,fpq,1,1,4,4
label_oracle,fpq_361,fpq,1,1,2,2
label_oracle,fpq_362,fpq,1,1,4,4
label_oracle,fpq_366,fpq,1,1,1,1
label_oracle,fpq_368,fpq,1,1,5,5
label_oracle,fpq_37,fpq,1,1,5,5
label_oracle,fpq_376,fpq,1,1,2,2
label_oracle,fpq_378,fpq,1,1,4,4
label_oracle,fpq_379,fpq,1,2,4,4
label_oracle,fpq_38,fpq,1,2,5,5
label_oracle,fpq_380,fpq,1,1,4,4
label_oracle,fpq_383,fpq,1,1,1,1
label_oracle,fpq_385,fpq,1,1,1,1
label_oracle,fpq_386,fpq,1,1,5,5
label_oracle,fpq_387,fpq,1,1,5,5
label_oracle,fpq_388,fpq,1,1,4,4
label_oracle,fpq_39,fpq,1,1,4,4
label_oracle,fpq_390,fpq,1,1,2,2
label_oracle,fpq_391,fpq,1,1,4,4
label_oracle,fpq_392,fpq,1,1,4,4
label_oracle,fpq_394,fpq,1,1,4,4
label_oracle,fpq_395,fpq,1,1,4,4
label_oracle,fpq_396,fpq,1,1,2,2
label_oracle,fpq_397,fpq,1,2,4,4
label_oracle,fpq_398,fpq,1,1,2,2
label_oracle,fpq_399,fpq,1,1,1,1
label_oracle,fpq_4,fpq,1,1,4,4
label_oracle,fpq_40,fpq,1,1,5,5
label_oracle,fpq_400,fpq,1,1,5,5
label_oracle,fpq_403,fpq,1,1,5,5
label_oracle,fpq_405,fpq,1,1,5,5
label_oracle,fpq_407,fpq,1,1,2,2
label_oracle,fpq_408,fpq,1,1,4,4
label_oracle,fpq_41,fpq,1,1,4,4
label_oracle,fpq_415,fpq,1,1,4,4
label_oracle,fpq_416,fpq,1,1,4,4
label_oracle,fpq_417,fpq,1,1,5,5
label_oracle,fpq_42,fpq,1,2,5,5
label_oracle,fpq_420,fpq,1,1,1,1
label_oracle,fpq_421,fpq,1,1,2,2
label_oracle,fpq_422,fpq,1,1,4,4
label_oracle,fpq_423,fpq,1,2,5,5
label_oracle,fpq_425,fpq,1,2,5,5
label_oracle,fpq_426,fpq,1,4,5,5
label_oracle,fpq_428,fpq,1,1,5,5
label_oracle,fpq_429,fpq,1,2,5,5
label_oracle,fpq_43,fpq,1,1,4,4
label_oracle,fpq_434,fpq,1,1,5,5
label_oracle,fpq_436,fpq,1,4,4,4
label_oracle,fpq_438,fpq,1,1,2,2
label_oracle,fpq_439,fpq,1,1,5,5
label_oracle,fpq_44,fpq,1,1,5,5
label_oracle,fpq_443,fpq,1,1,3,3
label_oracle,fpq_445,fpq,1,4,4,4
label_oracle,fpq_446,fpq,1,1,4,4
label_oracle,fpq_45,fpq,1,1,5,5
label_oracle,fpq_459,fpq,1,1,4,4
label_oracle,fpq_46,fpq,1,4,5,5
label_oracle,fpq_460,fpq,1,1,1,1
label_oracle,fpq_462,fpq,1,1,1,1
label_oracle,fpq_467,fpq,1,1,4,4
label_oracle,fpq_47,fpq,1,1,5,5
label_oracle,fpq_472,fpq,1,1,5,5
label_oracle,fpq_473,fpq,1,1,4,4
label_oracle,fpq_474,fpq,1,1,2,2
label_oracle,fpq_477,fpq,1,1,4,4
label_oracle,fpq_479,fpq,1,1,4,4
label_oracle,fpq_48,fpq,1,1,1,1
label_oracle,fpq_484,fpq,1,1,5,5
label_oracle,fpq_485,fpq,1,2,5,5
label_oracle,fpq_487,fpq,1,2,5,5
label_oracle,fpq_488,fpq,1,1,2,2
label_oracle,fpq_49,fpq,1,1,1,1
label_oracle,fpq_492,fpq,1,1,2,2
label_oracle,fpq_493,fpq,1,2,4,4
label_oracle,fpq_494,fpq,1,2,5,5
label_oracle,fpq_495,fpq,1,2,4,4
label_oracle,fpq_497,fpq,1,1,2,2
label_oracle,fpq_499,fpq,1,1,3,3
label_oracle,fpq_5,fpq,1,1,1,1
label_oracle,fpq_50,fpq,1,2,1,1
label_oracle,fpq_500,fpq,1,1,1,1
label_oracle,fpq_501,fpq,1,1,1,1
label_oracle,fpq_502,fpq,1,1,4,4
label_oracle,fpq_505,fpq,1,1,1,1
label_oracle,fpq_506,fpq,1,4,4,4
label_oracle,fpq_507,fpq,1,1,4,4
label_oracle,fpq_51,fpq,1,2,4,4
label_oracle,fpq_512,fpq,1,1,4,4
label_oracle,fpq_514,fpq,1,1,2,2
label_oracle,fpq_516,fpq,1,2,3,3
label_oracle,fpq_517,fpq,1,1,1,1
label_oracle,fpq_52,fpq,1,1,4,4
label_oracle,fpq_521,fpq,1,1,5,5
label_oracle,fpq_522,fpq,1,1,4,4
label_oracle,fpq_524,fpq,1,1,4,4
label_oracle,fpq_525,fpq,1,1,4,4
label_oracle,fpq_53,fpq,1,1,4,4
label_oracle,fpq_530,fpq,1,1,5,5
label_oracle,fpq_531,fpq,1,2,4,4
label_oracle,fpq_534,fpq,1,1,1,1
label_oracle,fpq_535,fpq,1,1,4,4
label_oracle,fpq_54,fpq,1,1,5,5
label_oracle,fpq_542,fpq,1,1,4,4
label_oracle,fpq_543,fpq,1,1,2,2
label_oracle,fpq_546,fpq,1,2,4,4
label_oracle,fpq_547,fpq,1,1,4,4
label_oracle,fpq_549,fpq,1,1,1,1
label_oracle,fpq_55,fpq,1,1,2,2
label_oracle,fpq_550,fpq,1,1,5,5
label_oracle,fpq_552,fpq,1,1,1,1
label_oracle,fpq_556,fpq,1,1,5,5
label_oracle,fpq_557,fpq,1,1,1,1
label_oracle,fpq_558,fpq,1,4,5,5
label_oracle,fpq_559,fpq,1,2,1,1
label_oracle,fpq_56,fpq,1,2,5,5
label_oracle,fpq_560,fpq,1,1,5,5
label_oracle,fpq_563,fpq,1,1,4,4
label_oracle,fpq_564,fpq,1,1,1,1
label_oracle,fpq_565,fpq,1,1,1,1
label_oracle,fpq_566,fpq,1,1,4,4
label_oracle,fpq_57,fpq,1,1,4,4
label_oracle,fpq_570,fpq,1,1,2,2
label_oracle,fpq_572,fpq,1,1,2,2
label_oracle,fpq_574,fpq,1,1,4,4
label_oracle,fpq_58,fpq,1,1,5,5
label_oracle,fpq_580,fpq,1,1,5,5
label_oracle,fpq_583,fpq,1,1,4,4
label_oracle,fpq_584,fpq,1,1,5,5
label_oracle,fpq_586,fpq,1,1,1,1
label_oracle,fpq_59,fpq,1,1,5,5
label_oracle,fpq_593,fpq,1,1,1,1
label_oracle,fpq_595,fpq,1,1,4,4
label_oracle,fpq_596,fpq,1,1,4,4
label_oracle,fpq_598,fpq,1,1,4,4
label_oracle,fpq_6,fpq,1,1,4,4
label_oracle,fpq_60,fpq,1,1,4,4
label_oracle,fpq_600,fpq,1,1,4,4
label_oracle,fpq_601,fpq,1,1,5,5
label_oracle,fpq_603,fpq,1,2,2,2
label_oracle,fpq_604,fpq,1,1,1,1
label_oracle,fpq_606,fpq,1,1,5,5
label_oracle,fpq_607,fpq,1,1,5,5
label_oracle,fpq_608,fpq,1,1,1,1
label_oracle,fpq_609,fpq,1,1,1,1
label_oracle,fpq_61,fpq,1,1,5,5
label_oracle,fpq_610,fpq,1,2,1,1
label_oracle,fpq_611,fpq,1,3,5,5
label_oracle,fpq_612,fpq,1,1,2,2
label_oracle,fpq_613,fpq,1,1,4,4
label_oracle,fpq_614,fpq,1,4,5,5
label_oracle,fpq_615,fpq,1,1,1,1
label_oracle,fpq_616,fpq,1,2,5,5
label_oracle,fpq_617,fpq,1,1,4,4
label_oracle,fpq_618,fpq,1,1,2,2
label_oracle,fpq_619,fpq,1,2,4,4
label_oracle,fpq_62,fpq,1,1,4,4
label_oracle,fpq_620,fpq,1,2,2,2
label_oracle,fpq_621,fpq,1,1,2,2
label_oracle,fpq_622,fpq,1,1,4,4
label_oracle,fpq_623,fpq,1,1,4,4
label_oracle,fpq_624,fpq,1,1,5,5
label_oracle,fpq_625,fpq,1,1,4,4
label_oracle,fpq_626,fpq,1,1,3,3
label_oracle,fpq_628,fpq,1,1,1,1
label_oracle,fpq_629,fpq,1,1,1,1
label_oracle,fpq_63,fpq,1,1,2,2
label_oracle,fpq_630,fpq,1,1,5,5
label_oracle,fpq_631,fpq,1,1,5,5
label_oracle,fpq_632,fpq,1,1,5,5
label_oracle,fpq_633,fpq,1,1,1,1
label_oracle,fpq_634,fpq,1,1,5,5
label_oracle,fpq_635,fpq,1,1,1,1
label_oracle,fpq_636,fpq,1,1,4,4
label_oracle,fpq_638,fpq,1,1,4,4
label_oracle,fpq_639,fpq,1,1,1,1
label_oracle,fpq_64,fpq,1,1,4,4
label_oracle,fpq_640,fpq,1,1,1,1
label_oracle,fpq_641,fpq,1,1,2,2
label_oracle,fpq_643,fpq,1,1,4,4
label_oracle,fpq_644,fpq,1,1,1,1
label_oracle,fpq_645,fpq,1,5,5,5
label_oracle,fpq_646,fpq,1,1,1,1
label_oracle,fpq_647,fpq,1,1,1,1
label_oracle,fpq_649,fpq,1,1,1,1
label_oracle,fpq_65,fpq,1,1,4,4
label_oracle,fpq_650,fpq,1,1,4,4
label_oracle,fpq_652,fpq,1,1,5,5
label_oracle,fpq_653,fpq,1,3,3,3
label_oracle,fpq_654,fpq,1,1,1,1
label_oracle,fpq_655,fpq,1,1,1,1
label_oracle,fpq_657,fpq,1,1,4,4
label_oracle,fpq_659,fpq,1,1,1,1
label_oracle,fpq_66,fpq,1,1,1,1
label_oracle,fpq_661,fpq,1,1,3,3
label_oracle,fpq_662,fpq,1,1,1,1
label_oracle,fpq_663,fpq,1,1,1,1
label_oracle,fpq_666,fpq,1,1,4,4
label_oracle,fpq_669,fpq,1,1,1,1
label_oracle,fpq_67,fpq,1,1,3,3
label_oracle,fpq_671,fpq,1,1,3,3
label_oracle,fpq_675,fpq,1,1,4,4
label_oracle,fpq_676,fpq,1,1,5,5
label_oracle,fpq_677,fpq,1,1,5,5
label_oracle,fpq_678,fpq,1,1,2,2
label_oracle,fpq_68,fpq,1,1,4,4
label_oracle,fpq_682,fpq,1,1,1,1
label_oracle,fpq_685,fpq,1,1,4,4
label_oracle,fpq_687,fpq,1,1,1,1
label_oracle,fpq_689,fpq,1,1,4,4
label_oracle,fpq_69,fpq,1,1,4,4
label_oracle,fpq_690,fpq,1,1,1,1
label_oracle,fpq_691,fpq,1,1,5,5
label_oracle,fpq_692,fpq,1,1,2,2
label_oracle,fpq_694,fpq,1,1,4,4
label_oracle,fpq_695,fpq,1,1,4,4
label_oracle,fpq_696,fpq,1,1,2,2
label_oracle,fpq_697,fpq,1,1,5,5
label_oracle,fpq_699,fpq,1,1,1,1
label_oracle,fpq_7,fpq,1,1,5,5
label_oracle,fpq_70,fpq,1,1,1,1
label_oracle,fpq_702,fpq,1,1,5,5
label_oracle,fpq_703,fpq,1,1,4,4
label_oracle,fpq_704,fpq,1,1,5,5
label_oracle,fpq_705,fpq,1,2,1,1
label_oracle,fpq_706,fpq,1,1,4,4
label_oracle,fpq_71,fpq,1,1,5,5
label_oracle,fpq_712,fpq,1,1,5,5
label_oracle,fpq_713,fpq,1,1,1,1
label_oracle,fpq_72,fpq,1,1,2,2
label_oracle,fpq_721,fpq,1,1,5,5
label_oracle,fpq_722,fpq,1,1,5,5
label_oracle,fpq_723,fpq,1,1,4,4
label_oracle,fpq_724,fpq,1,1,5,5
label_oracle,fpq_725,fpq,1,1,2,2
label_oracle,fpq_726,fpq,1,1,1,1
label_oracle,fpq_727,fpq,1,1,4,4
label_oracle,fpq_728,fpq,1,2,4,4
label_oracle,fpq_729,fpq,1,1,1,1
label_oracle,fpq_73,fpq,1,1,4,4
label_oracle,fpq_730,fpq,1,1,5,5
label_oracle,fpq_735,fpq,1,1,4,4
label_oracle,fpq_736,fpq,1,1,4,4
label_oracle,fpq_738,fpq,1,1,2,2
label_oracle,fpq_739,fpq,1,1,5,5
label_oracle,fpq_74,fpq,1,2,2,2
label_oracle,fpq_740,fpq,1,1,2,2
label_oracle,fpq_741,fpq,1,1,4,4
label_oracle,fpq_743,fpq,1,1,5,5
label_oracle,fpq_744,fpq,1,2,5,5
label_oracle,fpq_745,fpq,1,2,2,2
label_oracle,fpq_746,fpq,1,1,5,5
label_oracle,fpq_747,fpq,1,3,4,4
label_oracle,fpq_749,fpq,1,1,4,4
label_oracle,fpq_75,fpq,1,1,1,1
label_oracle,fpq_750,fpq,1,1,1,1
label_oracle,fpq_751,fpq,1,1,1,1
label_oracle,fpq_753,fpq,1,1,4,4
label_oracle,fpq_754,fpq,1,1,4,4
label_oracle,fpq_755,fpq,1,1,4,4
label_oracle,fpq_76,fpq,1,1,5,5
label_oracle,fpq_761,fpq,1,4,5,5
label_oracle,fpq_762,fpq,1,4,5,5
label_oracle,fpq_763,fpq,1,1,1,1
label_oracle,fpq_764,fpq,1,1,3,3
label_oracle,fpq_77,fpq,1,1,5,5
label_oracle,fpq_771,fpq,1,1,2,2
label_oracle,fpq_772,fpq,1,1,4,4
label_oracle,fpq_773,fpq,1,1,5,5
label_oracle,fpq_774,fpq,1,1,4,4
label_oracle,fpq_775,fpq,1,1,4,4
label_oracle,fpq_776,fpq,1,1,3,3
label_oracle,fpq_777,fpq,1,1,4,4
label_oracle,fpq_778,fpq,1,1,1,1
label_oracle,fpq_78,fpq,1,1,1,1
label_oracle,fpq_780,fpq,1,1,2,2
label_oracle,fpq_781,fpq,1,1,3,3
label_oracle,fpq_789,fpq,1,1,4,4
label_oracle,fpq_794,fpq,1,1,5,5
label_oracle,fpq_797,fpq,1,1,5,5
label_oracle,fpq_798,fpq,1,1,1,1
label_oracle,fpq_799,fpq,1,1,1,1
label_oracle,fpq_8,fpq,1,1,5,5
label_oracle,fpq_80,fpq,1,1,4,4
label_oracle,fpq_801,fpq,1,1,1,1
label_oracle,fpq_802,fpq,1,1,5,5
label_oracle,fpq_804,fpq,1,1,1,1
label_oracle,fpq_805,fpq,1,1,2,2
label_oracle,fpq_806,fpq,1,1,1,1
label_oracle,fpq_807,fpq,1,1,2,2
label_oracle,fpq_808,fpq,1,1,1,1
label_oracle,fpq_81,fpq,1,1,5,5
label_oracle,fpq_813,fpq,1,1,5,5
label_oracle,fpq_814,fpq,1,1,1,1
label_oracle,fpq_817,fpq,1,1,5,5
label_oracle,fpq_818,fpq,1,1,5,5
label_oracle,fpq_82,fpq,1,1,5,5
label_oracle,fpq_820,fpq,1,1,1,1
label_oracle,fpq_823,fpq,1,1,1,1
label_oracle,fpq_824,fpq,1,1,4,4
label_oracle,fpq_827,fpq,1,1,2,2
label_oracle,fpq_828,fpq,1,1,2,2
label_oracle,fpq_829,fpq,1,1,4,4
label_oracle,fpq_830,fpq,1,1,4,4
label_oracle,fpq_831,fpq,1,1,1,1
label_oracle,fpq_832,fpq,1,1,4,4
label_oracle,fpq_833,fpq,1,1,5,5
label_oracle,fpq_834,fpq,1,2,5,5
label_oracle,fpq_835,fpq,1,1,5,5
label_oracle,fpq_836,fpq,1,1,5,5
label_oracle,fpq_837,fpq,1,1,1,1
label_oracle,fpq_838,fpq,1,1,4,4
label_oracle,fpq_839,fpq,1,4,5,5
label_oracle,fpq_84,fpq,1,1,4,4
label_oracle,fpq_840,fpq,1,1,4,4
label_oracle,fpq_844,fpq,1,1,5,5
label_oracle,fpq_846,fpq,1,1,4,4
label_oracle,fpq_847,fpq,1,2,4,4
label_oracle,fpq_848,fpq,1,1,2,2
label_oracle,fpq_849,fpq,1,1,5,5
label_oracle,fpq_85,fpq,1,1,2,2
label_oracle,fpq_850,fpq,1,1,5,5
label_oracle,fpq_851,fpq,1,1,5,5
label_oracle,fpq_852,fpq,1,1,1,1
label_oracle,fpq_854,fpq,1,1,1,1
label_oracle,fpq_855,fpq,1,1,4,4
label_oracle,fpq_858,fpq,1,1,3,3
label_oracle,fpq_859,fpq,1,1,1,1
label_oracle,fpq_860,fpq,1,1,1,1
label_oracle,fpq_861,fpq,1,2,1,1
label_oracle,fpq_862,fpq,1,1,4,4
label_oracle,fpq_863,fpq,1,2,4,4
label_oracle,fpq_864,fpq,1,1,2,2
label_oracle,fpq_865,fpq,1,1,4,4
label_oracle,fpq_866,fpq,1,1,2,2
label_oracle,fpq_869,fpq,1,1,4,4
label_oracle,fpq_87,fpq,1,1,1,1
label_oracle,fpq_870,fpq,1,1,1,1
label_oracle,fpq_871,fpq,1,1,2,2
label_oracle,fpq_872,fpq,1,1,1,1
label_oracle,fpq_88,fpq,1,1,4,4
label_oracle,fpq_89,fpq,1,1,4,4
label_oracle,fpq_9,fpq,1,2,4,4
label_oracle,fpq_90,fpq,1,1,1,1
label_oracle,fpq_91,fpq,1,1,1,1
label_oracle,fpq_92,fpq,1,1,1,1
label_oracle,fpq_94,fpq,1,1,2,2
label_oracle,fpq_95,fpq,1,1,1,1
label_oracle,fpq_96,fpq,1,1,1,1
label_oracle,fpq_97,fpq,1,1,1,1
label_oracle,fpq_98,fpq,1,1,1,1
label_oracle,fpq_99,fpq,1,1,4,4
label_oracle,nfp_1000,nfp,0,5,1,5
label_oracle,nfp_1001,nfp,0,5,2,5
label_oracle,nfp_1002,nfp,0,5,1,5
label_oracle,nfp_1003,nfp,0,5,2,5
label_oracle,nfp_1004,nfp,0,5,2,5
label_oracle,nfp_1005,nfp,0,5,2,5
label_oracle,nfp_1006,nfp,0,5,4,5
label_oracle,nfp_1008,nfp,0,5,1,5
label_oracle,nfp_1009,nfp,0,4,1,4
label_oracle,nfp_1010,nfp,0,5,4,5
label_oracle,nfp_1011,nfp,0,5,4,5
label_oracle,nfp_1012,nfp,0,5,1,5
label_oracle,nfp_1013,nfp,0,5,2,5
label_oracle,nfp_1014,nfp,0,5,2,5
label_oracle,nfp_1015,nfp,0,5,2,5
label_oracle,nfp_1016,nfp,0,5,2,5
label_oracle,nfp_1017,nfp,0,5,1,5
label_oracle,nfp_1018,nfp,0,5,5,5
label_oracle,nfp_1019,nfp,0,5,2,5
label_oracle,nfp_1020,nfp,0,5,2,5
label_oracle,nfp_1021,nfp,0,5,2,5
label_oracle,nfp_1022,nfp,0,5,2,5
label_oracle,nfp_1023,nfp,0,5,1,5
label_oracle,nfp_1024,nfp,0,4,1,4
label_oracle,nfp_1025,nfp,0,5,4,5
label_oracle,nfp_1026,nfp,0,5,2,5
label_oracle,nfp_1027,nfp,0,5,2,5
label_oracle,nfp_1028,nfp,0,5,2,5
label_oracle,nfp_1029,nfp,0,5,2,5
label_oracle,nfp_1030,nfp,0,5,4,5
label_oracle,nfp_1031,nfp,0,5,2,5
label_oracle,nfp_1032,nfp,0,5,1,5
label_oracle,nfp_1033,nfp,0,5,4,5
label_oracle,nfp_1034,nfp,0,5,2,5
label_oracle,nfp_1035,nfp,0,5,4,5
label_oracle,nfp_1036,nfp,0,5,1,5
label_oracle,nfp_1037,nfp,0,5,2,5
label_oracle,nfp_1038,nfp,0,5,2,5
label_oracle,nfp_1039,nfp,0,5,3,5
label_oracle,nfp_1040,nfp,0,5,4,5
label_oracle,nfp_1041,nfp,0,5,2,5
label_oracle,nfp_1042,nfp,0,4,4,4
label_oracle,nfp_1043,nfp,0,5,1,5
label_oracle,nfp_1044,nfp,0,5,4,5
label_oracle,nfp_1045,nfp,0,5,2,5
label_oracle,nfp_1046,nfp,0,5,4,5
label_oracle,nfp_1047,nfp,0,5,1,5
label_oracle,nfp_1048,nfp,0,5,3,5
label_oracle,nfp_1049,nfp,0,5,2,5
label_oracle,nfp_1050,nfp,0,5,2,5
label_oracle,nfp_1051,nfp,0,5,2,5
label_oracle,nfp_1052,nfp,0,5,5,5
label_oracle,nfp_1053,nfp,0,5,4,5
label_oracle,nfp_1054,nfp,0,5,1,5
label_oracle,nfp_1055,nfp,0,5,2,5
label_oracle,nfp_1056,nfp,0,5,1,5
label_oracle,nfp_1057,nfp,0,5,1,5
label_oracle,nfp_1058,nfp,0,5,2,5
label_oracle,nfp_1059,nfp,0,4,2,4
label_oracle,nfp_1060,nfp,0,5,4,5
label_oracle,nfp_1061,nfp,0,5,5,5
label_oracle,nfp_1062,nfp,0,5,2,5
label_oracle,nfp_1063,nfp,0,5,2,5
label_oracle,nfp_1064,nfp,0,5,4,5
label_oracle,nfp_1065,nfp,0,5,2,5
label_oracle,nfp_1066,nfp,0,5,2,5
label_oracle,nfp_1067,nfp,0,5,1,5
label_oracle,nfp_1068,nfp,0,5,1,5
label_oracle,nfp_1069,nfp,0,5,2,5
label_oracle,nfp_1070,nfp,0,5,2,5
label_oracle,nfp_1071,nfp,0,5,3,5
label_oracle,nfp_1072,nfp,0,5,2,5
label_oracle,nfp_1073,nfp,0,5,2,5
label_oracle,nfp_1074,nfp,0,5,2,5
label_oracle,nfp_1075,nfp,0,5,4,5
label_oracle,nfp_1076,nfp,0,5,4,5
label_oracle,nfp_1077,nfp,0,5,1,5
label_oracle,nfp_1078,nfp,0,5,1,5
label_oracle,nfp_1079,nfp,0,5,1,5
label_oracle,nfp_1080,nfp,0,4,1,4
label_oracle,nfp_1081,nfp,0,5,2,5
label_oracle,nfp_1082,nfp,0,5,1,5
label_oracle,nfp_1083,nfp,0,5,1,5
label_oracle,nfp_1084,nfp,0,5,4,5
label_oracle,nfp_1085,nfp,0,5,1,5
label_oracle,nfp_1086,nfp,0,5,4,5
label_oracle,nfp_1087,nfp,0,5,2,5
label_oracle,nfp_1088,nfp,0,5,2,5
label_oracle,nfp_1089,nfp,0,5,1,5
label_oracle,nfp_1090,nfp,0,5,1,5
label_oracle,nfp_1091,nfp,0,5,2,5
label_oracle,nfp_1092,nfp,0,4,2,4
label_oracle,nfp_1093,nfp,0,4,2,4
label_oracle,nfp_1094,nfp,0,5,1,5
label_oracle,nfp_1095,nfp,0,5,5,5
label_oracle,nfp_1096,nfp,0,5,1,5
label_oracle,nfp_1097,nfp,0,5,1,5
label_oracle,nfp_1098,nfp,0,5,2,5
label_oracle,nfp_1099,nfp,0,5,2,5
label_oracle,nfp_1100,nfp,0,5,2,5
label_oracle,nfp_1101,nfp,0,4,2,4
label_oracle,nfp_1102,nfp,0,4,4,4
label_oracle,nfp_1103,nfp,0,5,2,5
label_oracle,nfp_1104,nfp,0,5,4,5
label_oracle,nfp_1105,nfp,0,5,2,5
label_oracle,nfp_1106,nfp,0,5,2,5
label_oracle,nfp_1107,nfp,0,5,2,5
label_oracle,nfp_1108,nfp,0,5,1,5
label_oracle,nfp_1109,nfp,0,5,1,5
label_oracle,nfp_1110,nfp,0,5,4,5
label_oracle,nfp_1111,nfp,0,5,1,5
label_oracle,nfp_1112,nfp,0,5,1,5
label_oracle,nfp_1113,nfp,0,5,2,5
label_oracle,nfp_1114,nfp,0,5,2,5
label_oracle,nfp_1115,nfp,0,5,1,5
label_oracle,nfp_1116,nfp,0,5,2,5
label_oracle,nfp_1117,nfp,0,4,2,4
label_oracle,nfp_1118,nfp,0,5,2,5
label_oracle,nfp_1119,nfp,0,5,2,5
label_oracle,nfp_1120,nfp,0,5,1,5
label_oracle,nfp_1121,nfp,0,5,2,5
label_oracle,nfp_1122,nfp,0,5,1,5
label_oracle,nfp_1123,nfp,0,4,1,4
label_oracle,nfp_1124,nfp,0,5,2,5
label_oracle,nfp_1125,nfp,0,5,2,5
label_oracle,nfp_1126,nfp,0,5,2,5
label_oracle,nfp_1127,nfp,0,5,2,5
label_oracle,nfp_1128,nfp,0,5,4,5
label_oracle,nfp_1129,nfp,0,5,2,5
label_oracle,nfp_1130,nfp,0,5,4,5
label_oracle,nfp_1131,nfp,0,5,2,5
label_oracle,nfp_1132,nfp,0,5,2,5
label_oracle,nfp_1133,nfp,0,4,2,4
label_oracle,nfp_1134,nfp,0,5,2,5
label_oracle,nfp_1135,nfp,0,5,5,5
label_oracle,nfp_1136,nfp,0,5,4,5
label_oracle,nfp_1137,nfp,0,5,2,5
label_oracle,nfp_1138,nfp,0,5,5,5
label_oracle,nfp_1139,nfp,0,5,2,5
label_oracle,nfp_1140,nfp,0,5,2,5
label_oracle,nfp_1141,nfp,0,4,1,4
label_oracle,nfp_1142,nfp,0,5,2,5
label_oracle,nfp_1143,nfp,0,5,2,5
label_oracle,nfp_1144,nfp,0,4,2,4
label_oracle,nfp_1145,nfp,0,5,5,5
label_oracle,nfp_1146,nfp,0,5,2,5
label_oracle,nfp_1147,nfp,0,5,4,5
label_oracle,nfp_1148,nfp,0,4,2,4
label_oracle,nfp_1149,nfp,0,5,1,5
