condition,id,label,rule,yes
control,fpq_0,fpq,model_boolean,0
control,fpq_0,fpq,any_false,0
control,fpq_0,fpq,false_and_relied_on,0
control,fpq_0,fpq,false_or_unknown_relied_on,0
control,fpq_10,fpq,model_boolean,0
control,fpq_10,fpq,any_false,0
control,fpq_10,fpq,false_and_relied_on,0
control,fpq_10,fpq,false_or_unknown_relied_on,0
control,fpq_100,fpq,model_boolean,0
control,fpq_100,fpq,any_false,0
control,fpq_100,fpq,false_and_relied_on,0
control,fpq_100,fpq,false_or_unknown_relied_on,0
control,fpq_101,fpq,model_boolean,0
control,fpq_101,fpq,any_false,0
control,fpq_101,fpq,false_and_relied_on,0
control,fpq_101,fpq,false_or_unknown_relied_on,0
control,fpq_102,fpq,model_boolean,0
control,fpq_102,fpq,any_false,0
control,fpq_102,fpq,false_and_relied_on,0
control,fpq_102,fpq,false_or_unknown_relied_on,0
control,fpq_103,fpq,model_boolean,0
control,fpq_103,fpq,any_false,0
control,fpq_103,fpq,false_and_relied_on,0
control,fpq_103,fpq,false_or_unknown_relied_on,0
control,fpq_105,fpq,model_boolean,0
control,fpq_105,fpq,any_false,0
control,fpq_105,fpq,false_and_relied_on,0
control,fpq_105,fpq,false_or_unknown_relied_on,0
control,fpq_106,fpq,model_boolean,0
control,fpq_106,fpq,any_false,0
control,fpq_106,fpq,false_and_relied_on,0
control,fpq_106,fpq,false_or_unknown_relied_on,0
control,fpq_107,fpq,model_boolean,0
control,fpq_107,fpq,any_false,0
control,fpq_107,fpq,false_and_relied_on,0
control,fpq_107,fpq,false_or_unknown_relied_on,1
control,fpq_108,fpq,model_boolean,0
control,fpq_108,fpq,any_false,0
control,fpq_108,fpq,false_and_relied_on,0
control,fpq_108,fpq,false_or_unknown_relied_on,0
control,fpq_109,fpq,model_boolean,0
control,fpq_109,fpq,any_false,0
control,fpq_109,fpq,false_and_relied_on,0
control,fpq_109,fpq,false_or_unknown_relied_on,0
control,fpq_11,fpq,model_boolean,0
control,fpq_11,fpq,any_false,0
control,fpq_11,fpq,false_and_relied_on,0
control,fpq_11,fpq,false_or_unknown_relied_on,0
control,fpq_110,fpq,model_boolean,0
control,fpq_110,fpq,any_false,0
control,fpq_110,fpq,false_and_relied_on,0
control,fpq_110,fpq,false_or_unknown_relied_on,0
control,fpq_111,fpq,model_boolean,0
control,fpq_111,fpq,any_false,0
control,fpq_111,fpq,false_and_relied_on,0
control,fpq_111,fpq,false_or_unknown_relied_on,1
control,fpq_112,fpq,model_boolean,0
control,fpq_112,fpq,any_false,0
control,fpq_112,fpq,false_and_relied_on,0
control,fpq_112,fpq,false_or_unknown_relied_on,0
control,fpq_113,fpq,model_boolean,0
control,fpq_113,fpq,any_false,0
control,fpq_113,fpq,false_and_relied_on,0
control,fpq_113,fpq,false_or_unknown_relied_on,0
control,fpq_114,fpq,model_boolean,0
control,fpq_114,fpq,any_false,0
control,fpq_114,fpq,false_and_relied_on,0
control,fpq_114,fpq,false_or_unknown_relied_on,0
control,fpq_115,fpq,model_boolean,0
control,fpq_115,fpq,any_false,0
control,fpq_115,fpq,false_and_relied_on,0
control,fpq_115,fpq,false_or_unknown_relied_on,1
control,fpq_116,fpq,model_boolean,0
control,fpq_116,fpq,any_false,0
control,fpq_116,fpq,false_and_relied_on,0
control,fpq_116,fpq,false_or_unknown_relied_on,0
control,fpq_12,fpq,model_boolean,0
control,fpq_12,fpq,any_false,0
control,fpq_12,fpq,false_and_relied_on,0
control,fpq_12,fpq,false_or_unknown_relied_on,0
control,fpq_120,fpq,model_boolean,0
control,fpq_120,fpq,any_false,0
control,fpq_120,fpq,false_and_relied_on,0
control,fpq_120,fpq,false_or_unknown_relied_on,0
control,fpq_121,fpq,model_boolean,0
control,fpq_121,fpq,any_false,0
control,fpq_121,fpq,false_and_relied_on,0
control,fpq_121,fpq,false_or_unknown_relied_on,1
control,fpq_122,fpq,model_boolean,0
control,fpq_122,fpq,any_false,0
control,fpq_122,fpq,false_and_relied_on,0
control,fpq_122,fpq,false_or_unknown_relied_on,0
control,fpq_123,fpq,model_boolean,0
control,fpq_123,fpq,any_false,0
control,fpq_123,fpq,false_and_relied_on,0
control,fpq_123,fpq,false_or_unknown_relied_on,0
control,fpq_124,fpq,model_boolean,0
control,fpq_124,fpq,any_false,0
control,fpq_124,fpq,false_and_relied_on,0
control,fpq_124,fpq,false_or_unknown_relied_on,0
control,fpq_125,fpq,model_boolean,0
control,fpq_125,fpq,any_false,0
control,fpq_125,fpq,false_and_relied_on,0
control,fpq_125,fpq,false_or_unknown_relied_on,0
control,fpq_126,fpq,model_boolean,0
control,fpq_126,fpq,any_false,0
control,fpq_126,fpq,false_and_relied_on,0
control,fpq_126,fpq,false_or_unknown_relied_on,0
control,fpq_127,fpq,model_boolean,1
control,fpq_127,fpq,any_false,1
control,fpq_127,fpq,false_and_relied_on,1
control,fpq_127,fpq,false_or_unknown_relied_on,1
control,fpq_129,fpq,model_boolean,0
control,fpq_129,fpq,any_false,1
control,fpq_129,fpq,false_and_relied_on,0
control,fpq_129,fpq,false_or_unknown_relied_on,0
control,fpq_13,fpq,model_boolean,0
control,fpq_13,fpq,any_false,0
control,fpq_13,fpq,false_and_relied_on,0
control,fpq_13,fpq,false_or_unknown_relied_on,0
control,fpq_130,fpq,model_boolean,0
control,fpq_130,fpq,any_false,1
control,fpq_130,fpq,false_and_relied_on,0
control,fpq_130,fpq,false_or_unknown_relied_on,0
control,fpq_131,fpq,model_boolean,0
control,fpq_131,fpq,any_false,0
control,fpq_131,fpq,false_and_relied_on,0
control,fpq_131,fpq,false_or_unknown_relied_on,0
control,fpq_133,fpq,model_boolean,0
control,fpq_133,fpq,any_false,0
control,fpq_133,fpq,false_and_relied_on,0
control,fpq_133,fpq,false_or_unknown_relied_on,0
control,fpq_134,fpq,model_boolean,0
control,fpq_134,fpq,any_false,0
control,fpq_134,fpq,false_and_relied_on,0
control,fpq_134,fpq,false_or_unknown_relied_on,0
control,fpq_135,fpq,model_boolean,0
control,fpq_135,fpq,any_false,0
control,fpq_135,fpq,false_and_relied_on,0
control,fpq_135,fpq,false_or_unknown_relied_on,0
control,fpq_136,fpq,model_boolean,0
control,fpq_136,fpq,any_false,1
control,fpq_136,fpq,false_and_relied_on,0
control,fpq_136,fpq,false_or_unknown_relied_on,0
control,fpq_137,fpq,model_boolean,0
control,fpq_137,fpq,any_false,0
control,fpq_137,fpq,false_and_relied_on,0
control,fpq_137,fpq,false_or_unknown_relied_on,0
control,fpq_138,fpq,model_boolean,0
control,fpq_138,fpq,any_false,0
control,fpq_138,fpq,false_and_relied_on,0
control,fpq_138,fpq,false_or_unknown_relied_on,0
control,fpq_139,fpq,model_boolean,0
control,fpq_139,fpq,any_false,0
control,fpq_139,fpq,false_and_relied_on,0
control,fpq_139,fpq,false_or_unknown_relied_on,0
control,fpq_14,fpq,model_boolean,0
control,fpq_14,fpq,any_false,0
control,fpq_14,fpq,false_and_relied_on,0
control,fpq_14,fpq,false_or_unknown_relied_on,1
control,fpq_140,fpq,model_boolean,0
control,fpq_140,fpq,any_false,0
control,fpq_140,fpq,false_and_relied_on,0
control,fpq_140,fpq,false_or_unknown_relied_on,0
control,fpq_141,fpq,model_boolean,0
control,fpq_141,fpq,any_false,0
control,fpq_141,fpq,false_and_relied_on,0
control,fpq_141,fpq,false_or_unknown_relied_on,0
control,fpq_142,fpq,model_boolean,0
control,fpq_142,fpq,any_false,1
control,fpq_142,fpq,false_and_relied_on,0
control,fpq_142,fpq,false_or_unknown_relied_on,0
control,fpq_143,fpq,model_boolean,0
control,fpq_143,fpq,any_false,0
control,fpq_143,fpq,false_and_relied_on,0
control,fpq_143,fpq,false_or_unknown_relied_on,0
control,fpq_144,fpq,model_boolean,0
control,fpq_144,fpq,any_false,0
control,fpq_144,fpq,false_and_relied_on,0
control,fpq_144,fpq,false_or_unknown_relied_on,0
control,fpq_145,fpq,model_boolean,0
control,fpq_145,fpq,any_false,0
control,fpq_145,fpq,false_and_relied_on,0
control,fpq_145,fpq,false_or_unknown_relied_on,0
control,fpq_146,fpq,model_boolean,0
control,fpq_146,fpq,any_false,0
control,fpq_146,fpq,false_and_relied_on,0
control,fpq_146,fpq,false_or_unknown_relied_on,0
control,fpq_147,fpq,model_boolean,1
control,fpq_147,fpq,any_false,1
control,fpq_147,fpq,false_and_relied_on,1
control,fpq_147,fpq,false_or_unknown_relied_on,1
control,fpq_148,fpq,model_boolean,0
control,fpq_148,fpq,any_false,0
control,fpq_148,fpq,false_and_relied_on,0
control,fpq_148,fpq,false_or_unknown_relied_on,0
control,fpq_149,fpq,model_boolean,1
control,fpq_149,fpq,any_false,1
control,fpq_149,fpq,false_and_relied_on,1
control,fpq_149,fpq,false_or_unknown_relied_on,1
control,fpq_15,fpq,model_boolean,0
control,fpq_15,fpq,any_false,0
control,fpq_15,fpq,false_and_relied_on,0
control,fpq_15,fpq,false_or_unknown_relied_on,0
control,fpq_152,fpq,model_boolean,0
control,fpq_152,fpq,any_false,0
control,fpq_152,fpq,false_and_relied_on,0
control,fpq_152,fpq,false_or_unknown_relied_on,0
control,fpq_153,fpq,model_boolean,0
control,fpq_153,fpq,any_false,0
control,fpq_153,fpq,false_and_relied_on,0
control,fpq_153,fpq,false_or_unknown_relied_on,0
control,fpq_155,fpq,model_boolean,0
control,fpq_155,fpq,any_false,0
control,fpq_155,fpq,false_and_relied_on,0
control,fpq_155,fpq,false_or_unknown_relied_on,0
control,fpq_156,fpq,model_boolean,1
control,fpq_156,fpq,any_false,1
control,fpq_156,fpq,false_and_relied_on,1
control,fpq_156,fpq,false_or_unknown_relied_on,1
control,fpq_157,fpq,model_boolean,1
control,fpq_157,fpq,any_false,1
control,fpq_157,fpq,false_and_relied_on,0
control,fpq_157,fpq,false_or_unknown_relied_on,0
control,fpq_158,fpq,model_boolean,0
control,fpq_158,fpq,any_false,0
control,fpq_158,fpq,false_and_relied_on,0
control,fpq_158,fpq,false_or_unknown_relied_on,0
control,fpq_159,fpq,model_boolean,0
control,fpq_159,fpq,any_false,0
control,fpq_159,fpq,false_and_relied_on,0
control,fpq_159,fpq,false_or_unknown_relied_on,0
control,fpq_16,fpq,model_boolean,0
control,fpq_16,fpq,any_false,0
control,fpq_16,fpq,false_and_relied_on,0
control,fpq_16,fpq,false_or_unknown_relied_on,0
control,fpq_160,fpq,model_boolean,0
control,fpq_160,fpq,any_false,0
control,fpq_160,fpq,false_and_relied_on,0
control,fpq_160,fpq,false_or_unknown_relied_on,0
control,fpq_163,fpq,model_boolean,0
control,fpq_163,fpq,any_false,0
control,fpq_163,fpq,false_and_relied_on,0
control,fpq_163,fpq,false_or_unknown_relied_on,0
control,fpq_164,fpq,model_boolean,0
control,fpq_164,fpq,any_false,0
control,fpq_164,fpq,false_and_relied_on,0
control,fpq_164,fpq,false_or_unknown_relied_on,0
control,fpq_165,fpq,model_boolean,0
control,fpq_165,fpq,any_false,0
control,fpq_165,fpq,false_and_relied_on,0
control,fpq_165,fpq,false_or_unknown_relied_on,0
control,fpq_166,fpq,model_boolean,0
control,fpq_166,fpq,any_false,0
control,fpq_166,fpq,false_and_relied_on,0
control,fpq_166,fpq,false_or_unknown_relied_on,0
control,fpq_167,fpq,model_boolean,0
control,fpq_167,fpq,any_false,0
control,fpq_167,fpq,false_and_relied_on,0
control,fpq_167,fpq,false_or_unknown_relied_on,0
control,fpq_168,fpq,model_boolean,0
control,fpq_168,fpq,any_false,0
control,fpq_168,fpq,false_and_relied_on,0
control,fpq_168,fpq,false_or_unknown_relied_on,0
control,fpq_17,fpq,model_boolean,1
control,fpq_17,fpq,any_false,1
control,fpq_17,fpq,false_and_relied_on,1
control,fpq_17,fpq,false_or_unknown_relied_on,1
control,fpq_170,fpq,model_boolean,0
control,fpq_170,fpq,any_false,1
control,fpq_170,fpq,false_and_relied_on,0
control,fpq_170,fpq,false_or_unknown_relied_on,1
control,fpq_173,fpq,model_boolean,0
control,fpq_173,fpq,any_false,0
control,fpq_173,fpq,false_and_relied_on,0
control,fpq_173,fpq,false_or_unknown_relied_on,0
control,fpq_174,fpq,model_boolean,0
control,fpq_174,fpq,any_false,0
control,fpq_174,fpq,false_and_relied_on,0
control,fpq_174,fpq,false_or_unknown_relied_on,1
control,fpq_175,fpq,model_boolean,0
control,fpq_175,fpq,any_false,0
control,fpq_175,fpq,false_and_relied_on,0
control,fpq_175,fpq,false_or_unknown_relied_on,0
control,fpq_176,fpq,model_boolean,0
control,fpq_176,fpq,any_false,0
control,fpq_176,fpq,false_and_relied_on,0
control,fpq_176,fpq,false_or_unknown_relied_on,0
control,fpq_177,fpq,model_boolean,0
control,fpq_177,fpq,any_false,0
control,fpq_177,fpq,false_and_relied_on,0
control,fpq_177,fpq,false_or_unknown_relied_on,0
control,fpq_178,fpq,model_boolean,0
control,fpq_178,fpq,any_false,0
control,fpq_178,fpq,false_and_relied_on,0
control,fpq_178,fpq,false_or_unknown_relied_on,0
control,fpq_179,fpq,model_boolean,0
control,fpq_179,fpq,any_false,0
control,fpq_179,fpq,false_and_relied_on,0
control,fpq_179,fpq,false_or_unknown_relied_on,1
control,fpq_18,fpq,model_boolean,0
control,fpq_18,fpq,any_false,0
control,fpq_18,fpq,false_and_relied_on,0
control,fpq_18,fpq,false_or_unknown_relied_on,0
control,fpq_180,fpq,model_boolean,0
control,fpq_180,fpq,any_false,0
control,fpq_180,fpq,false_and_relied_on,0
control,fpq_180,fpq,false_or_unknown_relied_on,1
control,fpq_181,fpq,model_boolean,0
control,fpq_181,fpq,any_false,0
control,fpq_181,fpq,false_and_relied_on,0
control,fpq_181,fpq,false_or_unknown_relied_on,0
control,fpq_182,fpq,model_boolean,0
control,fpq_182,fpq,any_false,0
control,fpq_182,fpq,false_and_relied_on,0
control,fpq_182,fpq,false_or_unknown_relied_on,0
control,fpq_184,fpq,model_boolean,0
control,fpq_184,fpq,any_false,0
control,fpq_184,fpq,false_and_relied_on,0
control,fpq_184,fpq,false_or_unknown_relied_on,0
control,fpq_185,fpq,model_boolean,0
control,fpq_185,fpq,any_false,0
control,fpq_185,fpq,false_and_relied_on,0
control,fpq_185,fpq,false_or_unknown_relied_on,0
control,fpq_186,fpq,model_boolean,0
control,fpq_186,fpq,any_false,0
control,fpq_186,fpq,false_and_relied_on,0
control,fpq_186,fpq,false_or_unknown_relied_on,0
control,fpq_188,fpq,model_boolean,0
control,fpq_188,fpq,any_false,0
control,fpq_188,fpq,false_and_relied_on,0
control,fpq_188,fpq,false_or_unknown_relied_on,0
control,fpq_189,fpq,model_boolean,0
control,fpq_189,fpq,any_false,0
control,fpq_189,fpq,false_and_relied_on,0
control,fpq_189,fpq,false_or_unknown_relied_on,0
control,fpq_19,fpq,model_boolean,0
control,fpq_19,fpq,any_false,0
control,fpq_19,fpq,false_and_relied_on,0
control,fpq_19,fpq,false_or_unknown_relied_on,1
control,fpq_190,fpq,model_boolean,0
control,fpq_190,fpq,any_false,0
control,fpq_190,fpq,false_and_relied_on,0
control,fpq_190,fpq,false_or_unknown_relied_on,0
control,fpq_191,fpq,model_boolean,0
control,fpq_191,fpq,any_false,0
control,fpq_191,fpq,false_and_relied_on,0
control,fpq_191,fpq,false_or_unknown_relied_on,1
control,fpq_192,fpq,model_boolean,0
control,fpq_192,fpq,any_false,0
control,fpq_192,fpq,false_and_relied_on,0
control,fpq_192,fpq,false_or_unknown_relied_on,0
control,fpq_193,fpq,model_boolean,0
control,fpq_193,fpq,any_false,0
control,fpq_193,fpq,false_and_relied_on,0
control,fpq_193,fpq,false_or_unknown_relied_on,1
control,fpq_194,fpq,model_boolean,0
control,fpq_194,fpq,any_false,0
control,fpq_194,fpq,false_and_relied_on,0
control,fpq_194,fpq,false_or_unknown_relied_on,0
control,fpq_195,fpq,model_boolean,0
control,fpq_195,fpq,any_false,0
control,fpq_195,fpq,false_and_relied_on,0
control,fpq_195,fpq,false_or_unknown_relied_on,0
control,fpq_196,fpq,model_boolean,0
control,fpq_196,fpq,any_false,0
control,fpq_196,fpq,false_and_relied_on,0
control,fpq_196,fpq,false_or_unknown_relied_on,0
control,fpq_197,fpq,model_boolean,0
control,fpq_197,fpq,any_false,0
control,fpq_197,fpq,false_and_relied_on,0
control,fpq_197,fpq,false_or_unknown_relied_on,0
control,fpq_198,fpq,model_boolean,0
control,fpq_198,fpq,any_false,0
control,fpq_198,fpq,false_and_relied_on,0
control,fpq_198,fpq,false_or_unknown_relied_on,0
control,fpq_2,fpq,model_boolean,0
control,fpq_2,fpq,any_false,0
control,fpq_2,fpq,false_and_relied_on,0
control,fpq_2,fpq,false_or_unknown_relied_on,0
control,fpq_20,fpq,model_boolean,0
control,fpq_20,fpq,any_false,0
control,fpq_20,fpq,false_and_relied_on,0
control,fpq_20,fpq,false_or_unknown_relied_on,1
control,fpq_200,fpq,model_boolean,0
control,fpq_200,fpq,any_false,0
control,fpq_200,fpq,false_and_relied_on,0
control,fpq_200,fpq,false_or_unknown_relied_on,0
control,fpq_201,fpq,model_boolean,0
control,fpq_201,fpq,any_false,0
control,fpq_201,fpq,false_and_relied_on,0
control,fpq_201,fpq,false_or_unknown_relied_on,0
control,fpq_202,fpq,model_boolean,0
control,fpq_202,fpq,any_false,0
control,fpq_202,fpq,false_and_relied_on,0
control,fpq_202,fpq,false_or_unknown_relied_on,0
control,fpq_204,fpq,model_boolean,0
control,fpq_204,fpq,any_false,0
control,fpq_204,fpq,false_and_relied_on,0
control,fpq_204,fpq,false_or_unknown_relied_on,0
control,fpq_205,fpq,model_boolean,0
control,fpq_205,fpq,any_false,0
control,fpq_205,fpq,false_and_relied_on,0
control,fpq_205,fpq,false_or_unknown_relied_on,0
control,fpq_206,fpq,model_boolean,1
control,fpq_206,fpq,any_false,1
control,fpq_206,fpq,false_and_relied_on,0
control,fpq_206,fpq,false_or_unknown_relied_on,0
control,fpq_207,fpq,model_boolean,0
control,fpq_207,fpq,any_false,1
control,fpq_207,fpq,false_and_relied_on,0
control,fpq_207,fpq,false_or_unknown_relied_on,1
control,fpq_208,fpq,model_boolean,0
control,fpq_208,fpq,any_false,0
control,fpq_208,fpq,false_and_relied_on,0
control,fpq_208,fpq,false_or_unknown_relied_on,1
control,fpq_21,fpq,model_boolean,0
control,fpq_21,fpq,any_false,0
control,fpq_21,fpq,false_and_relied_on,0
control,fpq_21,fpq,false_or_unknown_relied_on,0
control,fpq_216,fpq,model_boolean,0
control,fpq_216,fpq,any_false,0
control,fpq_216,fpq,false_and_relied_on,0
control,fpq_216,fpq,false_or_unknown_relied_on,0
control,fpq_217,fpq,model_boolean,0
control,fpq_217,fpq,any_false,0
control,fpq_217,fpq,false_and_relied_on,0
control,fpq_217,fpq,false_or_unknown_relied_on,0
control,fpq_218,fpq,model_boolean,0
control,fpq_218,fpq,any_false,0
control,fpq_218,fpq,false_and_relied_on,0
control,fpq_218,fpq,false_or_unknown_relied_on,0
control,fpq_219,fpq,model_boolean,0
control,fpq_219,fpq,any_false,0
control,fpq_219,fpq,false_and_relied_on,0
control,fpq_219,fpq,false_or_unknown_relied_on,1
control,fpq_22,fpq,model_boolean,0
control,fpq_22,fpq,any_false,0
control,fpq_22,fpq,false_and_relied_on,0
control,fpq_22,fpq,false_or_unknown_relied_on,0
control,fpq_220,fpq,model_boolean,0
control,fpq_220,fpq,any_false,0
control,fpq_220,fpq,false_and_relied_on,0
control,fpq_220,fpq,false_or_unknown_relied_on,0
control,fpq_221,fpq,model_boolean,0
control,fpq_221,fpq,any_false,0
control,fpq_221,fpq,false_and_relied_on,0
control,fpq_221,fpq,false_or_unknown_relied_on,0
control,fpq_222,fpq,model_boolean,0
control,fpq_222,fpq,any_false,0
control,fpq_222,fpq,false_and_relied_on,0
control,fpq_222,fpq,false_or_unknown_relied_on,0
control,fpq_223,fpq,model_boolean,0
control,fpq_223,fpq,any_false,0
control,fpq_223,fpq,false_and_relied_on,0
control,fpq_223,fpq,false_or_unknown_relied_on,0
control,fpq_224,fpq,model_boolean,0
control,fpq_224,fpq,any_false,0
control,fpq_224,fpq,false_and_relied_on,0
control,fpq_224,fpq,false_or_unknown_relied_on,1
control,fpq_225,fpq,model_boolean,0
control,fpq_225,fpq,any_false,0
control,fpq_225,fpq,false_and_relied_on,0
control,fpq_225,fpq,false_or_unknown_relied_on,1
control,fpq_227,fpq,model_boolean,0
control,fpq_227,fpq,any_false,0
control,fpq_227,fpq,false_and_relied_on,0
control,fpq_227,fpq,false_or_unknown_relied_on,0
control,fpq_228,fpq,model_boolean,1
control,fpq_228,fpq,any_false,1
control,fpq_228,fpq,false_and_relied_on,0
control,fpq_228,fpq,false_or_unknown_relied_on,0
control,fpq_229,fpq,model_boolean,0
control,fpq_229,fpq,any_false,0
control,fpq_229,fpq,false_and_relied_on,0
control,fpq_229,fpq,false_or_unknown_relied_on,0
control,fpq_23,fpq,model_boolean,0
control,fpq_23,fpq,any_false,0
control,fpq_23,fpq,false_and_relied_on,0
control,fpq_23,fpq,false_or_unknown_relied_on,0
control,fpq_230,fpq,model_boolean,0
control,fpq_230,fpq,any_false,0
control,fpq_230,fpq,false_and_relied_on,0
control,fpq_230,fpq,false_or_unknown_relied_on,0
control,fpq_231,fpq,model_boolean,0
control,fpq_231,fpq,any_false,0
control,fpq_231,fpq,false_and_relied_on,0
control,fpq_231,fpq,false_or_unknown_relied_on,0
control,fpq_232,fpq,model_boolean,0
control,fpq_232,fpq,any_false,0
control,fpq_232,fpq,false_and_relied_on,0
control,fpq_232,fpq,false_or_unknown_relied_on,1
control,fpq_233,fpq,model_boolean,0
control,fpq_233,fpq,any_false,0
control,fpq_233,fpq,false_and_relied_on,0
control,fpq_233,fpq,false_or_unknown_relied_on,0
control,fpq_234,fpq,model_boolean,0
control,fpq_234,fpq,any_false,1
control,fpq_234,fpq,false_and_relied_on,0
control,fpq_234,fpq,false_or_unknown_relied_on,0
control,fpq_236,fpq,model_boolean,0
control,fpq_236,fpq,any_false,0
control,fpq_236,fpq,false_and_relied_on,0
control,fpq_236,fpq,false_or_unknown_relied_on,1
control,fpq_237,fpq,model_boolean,0
control,fpq_237,fpq,any_false,0
control,fpq_237,fpq,false_and_relied_on,0
control,fpq_237,fpq,false_or_unknown_relied_on,0
control,fpq_238,fpq,model_boolean,0
control,fpq_238,fpq,any_false,0
control,fpq_238,fpq,false_and_relied_on,0
control,fpq_238,fpq,false_or_unknown_relied_on,0
control,fpq_239,fpq,model_boolean,0
control,fpq_239,fpq,any_false,0
control,fpq_239,fpq,false_and_relied_on,0
control,fpq_239,fpq,false_or_unknown_relied_on,0
control,fpq_24,fpq,model_boolean,1
control,fpq_24,fpq,any_false,1
control,fpq_24,fpq,false_and_relied_on,1
control,fpq_24,fpq,false_or_unknown_relied_on,1
control,fpq_240,fpq,model_boolean,0
control,fpq_240,fpq,any_false,0
control,fpq_240,fpq,false_and_relied_on,0
control,fpq_240,fpq,false_or_unknown_relied_on,0
control,fpq_241,fpq,model_boolean,0
control,fpq_241,fpq,any_false,0
control,fpq_241,fpq,false_and_relied_on,0
control,fpq_241,fpq,false_or_unknown_relied_on,1
control,fpq_244,fpq,model_boolean,0
control,fpq_244,fpq,any_false,0
control,fpq_244,fpq,false_and_relied_on,0
control,fpq_244,fpq,false_or_unknown_relied_on,0
control,fpq_245,fpq,model_boolean,0
control,fpq_245,fpq,any_false,0
control,fpq_245,fpq,false_and_relied_on,0
control,fpq_245,fpq,false_or_unknown_relied_on,0
control,fpq_246,fpq,model_boolean,0
control,fpq_246,fpq,any_false,0
control,fpq_246,fpq,false_and_relied_on,0
control,fpq_246,fpq,false_or_unknown_relied_on,0
control,fpq_247,fpq,model_boolean,0
control,fpq_247,fpq,any_false,0
control,fpq_247,fpq,false_and_relied_on,0
control,fpq_247,fpq,false_or_unknown_relied_on,1
control,fpq_248,fpq,model_boolean,0
control,fpq_248,fpq,any_false,0
control,fpq_248,fpq,false_and_relied_on,0
control,fpq_248,fpq,false_or_unknown_relied_on,0
control,fpq_249,fpq,model_boolean,0
control,fpq_249,fpq,any_false,0
control,fpq_249,fpq,false_and_relied_on,0
control,fpq_249,fpq,false_or_unknown_relied_on,0
control,fpq_25,fpq,model_boolean,0
control,fpq_25,fpq,any_false,0
control,fpq_25,fpq,false_and_relied_on,0
control,fpq_25,fpq,false_or_unknown_relied_on,0
control,fpq_250,fpq,model_boolean,0
control,fpq_250,fpq,any_false,0
control,fpq_250,fpq,false_and_relied_on,0
control,fpq_250,fpq,false_or_unknown_relied_on,0
control,fpq_251,fpq,model_boolean,0
control,fpq_251,fpq,any_false,0
control,fpq_251,fpq,false_and_relied_on,0
control,fpq_251,fpq,false_or_unknown_relied_on,0
control,fpq_252,fpq,model_boolean,0
control,fpq_252,fpq,any_false,0
control,fpq_252,fpq,false_and_relied_on,0
control,fpq_252,fpq,false_or_unknown_relied_on,0
control,fpq_253,fpq,model_boolean,0
control,fpq_253,fpq,any_false,0
control,fpq_253,fpq,false_and_relied_on,0
control,fpq_253,fpq,false_or_unknown_relied_on,0
control,fpq_254,fpq,model_boolean,0
control,fpq_254,fpq,any_false,0
control,fpq_254,fpq,false_and_relied_on,0
control,fpq_254,fpq,false_or_unknown_relied_on,0
control,fpq_255,fpq,model_boolean,0
control,fpq_255,fpq,any_false,0
control,fpq_255,fpq,false_and_relied_on,0
control,fpq_255,fpq,false_or_unknown_relied_on,1
control,fpq_256,fpq,model_boolean,0
control,fpq_256,fpq,any_false,0
control,fpq_256,fpq,false_and_relied_on,0
control,fpq_256,fpq,false_or_unknown_relied_on,0
control,fpq_257,fpq,model_boolean,0
control,fpq_257,fpq,any_false,0
control,fpq_257,fpq,false_and_relied_on,0
control,fpq_257,fpq,false_or_unknown_relied_on,0
control,fpq_258,fpq,model_boolean,0
control,fpq_258,fpq,any_false,0
control,fpq_258,fpq,false_and_relied_on,0
control,fpq_258,fpq,false_or_unknown_relied_on,0
control,fpq_259,fpq,model_boolean,0
control,fpq_259,fpq,any_false,0
control,fpq_259,fpq,false_and_relied_on,0
control,fpq_259,fpq,false_or_unknown_relied_on,0
control,fpq_26,fpq,model_boolean,0
control,fpq_26,fpq,any_false,0
control,fpq_26,fpq,false_and_relied_on,0
control,fpq_26,fpq,false_or_unknown_relied_on,0
control,fpq_260,fpq,model_boolean,0
control,fpq_260,fpq,any_false,0
control,fpq_260,fpq,false_and_relied_on,0
control,fpq_260,fpq,false_or_unknown_relied_on,0
control,fpq_261,fpq,model_boolean,0
control,fpq_261,fpq,any_false,0
control,fpq_261,fpq,false_and_relied_on,0
control,fpq_261,fpq,false_or_unknown_relied_on,0
control,fpq_262,fpq,model_boolean,0
control,fpq_262,fpq,any_false,1
control,fpq_262,fpq,false_and_relied_on,0
control,fpq_262,fpq,false_or_unknown_relied_on,0
control,fpq_263,fpq,model_boolean,1
control,fpq_263,fpq,any_false,1
control,fpq_263,fpq,false_and_relied_on,1
control,fpq_263,fpq,false_or_unknown_relied_on,1
control,fpq_264,fpq,model_boolean,0
control,fpq_264,fpq,any_false,1
control,fpq_264,fpq,false_and_relied_on,0
control,fpq_264,fpq,false_or_unknown_relied_on,0
control,fpq_265,fpq,model_boolean,0
control,fpq_265,fpq,any_false,0
control,fpq_265,fpq,false_and_relied_on,0
control,fpq_265,fpq,false_or_unknown_relied_on,0
control,fpq_266,fpq,model_boolean,1
control,fpq_266,fpq,any_false,1
control,fpq_266,fpq,false_and_relied_on,0
control,fpq_266,fpq,false_or_unknown_relied_on,0
control,fpq_267,fpq,model_boolean,0
control,fpq_267,fpq,any_false,0
control,fpq_267,fpq,false_and_relied_on,0
control,fpq_267,fpq,false_or_unknown_relied_on,0
control,fpq_268,fpq,model_boolean,0
control,fpq_268,fpq,any_false,0
control,fpq_268,fpq,false_and_relied_on,0
control,fpq_268,fpq,false_or_unknown_relied_on,0
control,fpq_269,fpq,model_boolean,1
control,fpq_269,fpq,any_false,1
control,fpq_269,fpq,false_and_relied_on,1
control,fpq_269,fpq,false_or_unknown_relied_on,1
control,fpq_27,fpq,model_boolean,1
control,fpq_27,fpq,any_false,1
control,fpq_27,fpq,false_and_relied_on,1
control,fpq_27,fpq,false_or_unknown_relied_on,1
control,fpq_270,fpq,model_boolean,0
control,fpq_270,fpq,any_false,1
control,fpq_270,fpq,false_and_relied_on,0
control,fpq_270,fpq,false_or_unknown_relied_on,0
control,fpq_271,fpq,model_boolean,0
control,fpq_271,fpq,any_false,0
control,fpq_271,fpq,false_and_relied_on,0
control,fpq_271,fpq,false_or_unknown_relied_on,1
control,fpq_272,fpq,model_boolean,0
control,fpq_272,fpq,any_false,1
control,fpq_272,fpq,false_and_relied_on,0
control,fpq_272,fpq,false_or_unknown_relied_on,0
control,fpq_273,fpq,model_boolean,1
control,fpq_273,fpq,any_false,1
control,fpq_273,fpq,false_and_relied_on,1
control,fpq_273,fpq,false_or_unknown_relied_on,1
control,fpq_274,fpq,model_boolean,0
control,fpq_274,fpq,any_false,0
control,fpq_274,fpq,false_and_relied_on,0
control,fpq_274,fpq,false_or_unknown_relied_on,1
control,fpq_275,fpq,model_boolean,1
control,fpq_275,fpq,any_false,1
control,fpq_275,fpq,false_and_relied_on,1
control,fpq_275,fpq,false_or_unknown_relied_on,1
control,fpq_276,fpq,model_boolean,1
control,fpq_276,fpq,any_false,1
control,fpq_276,fpq,false_and_relied_on,1
control,fpq_276,fpq,false_or_unknown_relied_on,1
control,fpq_277,fpq,model_boolean,1
control,fpq_277,fpq,any_false,1
control,fpq_277,fpq,false_and_relied_on,1
control,fpq_277,fpq,false_or_unknown_relied_on,1
control,fpq_278,fpq,model_boolean,0
control,fpq_278,fpq,any_false,0
control,fpq_278,fpq,false_and_relied_on,0
control,fpq_278,fpq,false_or_unknown_relied_on,0
control,fpq_279,fpq,model_boolean,0
control,fpq_279,fpq,any_false,0
control,fpq_279,fpq,false_and_relied_on,0
control,fpq_279,fpq,false_or_unknown_relied_on,0
control,fpq_28,fpq,model_boolean,0
control,fpq_28,fpq,any_false,0
control,fpq_28,fpq,false_and_relied_on,0
control,fpq_28,fpq,false_or_unknown_relied_on,0
control,fpq_283,fpq,model_boolean,0
control,fpq_283,fpq,any_false,0
control,fpq_283,fpq,false_and_relied_on,0
control,fpq_283,fpq,false_or_unknown_relied_on,0
control,fpq_285,fpq,model_boolean,0
control,fpq_285,fpq,any_false,0
control,fpq_285,fpq,false_and_relied_on,0
control,fpq_285,fpq,false_or_unknown_relied_on,0
control,fpq_286,fpq,model_boolean,0
control,fpq_286,fpq,any_false,0
control,fpq_286,fpq,false_and_relied_on,0
control,fpq_286,fpq,false_or_unknown_relied_on,0
control,fpq_287,fpq,model_boolean,0
control,fpq_287,fpq,any_false,0
control,fpq_287,fpq,false_and_relied_on,0
control,fpq_287,fpq,false_or_unknown_relied_on,0
control,fpq_288,fpq,model_boolean,0
control,fpq_288,fpq,any_false,0
control,fpq_288,fpq,false_and_relied_on,0
control,fpq_288,fpq,false_or_unknown_relied_on,0
control,fpq_289,fpq,model_boolean,0
control,fpq_289,fpq,any_false,0
control,fpq_289,fpq,false_and_relied_on,0
control,fpq_289,fpq,false_or_unknown_relied_on,0
control,fpq_29,fpq,model_boolean,0
control,fpq_29,fpq,any_false,0
control,fpq_29,fpq,false_and_relied_on,0
control,fpq_29,fpq,false_or_unknown_relied_on,1
control,fpq_290,fpq,model_boolean,0
control,fpq_290,fpq,any_false,0
control,fpq_290,fpq,false_and_relied_on,0
control,fpq_290,fpq,false_or_unknown_relied_on,0
control,fpq_291,fpq,model_boolean,0
control,fpq_291,fpq,any_false,0
control,fpq_291,fpq,false_and_relied_on,0
control,fpq_291,fpq,false_or_unknown_relied_on,0
control,fpq_292,fpq,model_boolean,1
control,fpq_292,fpq,any_false,1
control,fpq_292,fpq,false_and_relied_on,1
control,fpq_292,fpq,false_or_unknown_relied_on,1
control,fpq_293,fpq,model_boolean,1
control,fpq_293,fpq,any_false,1
control,fpq_293,fpq,false_and_relied_on,0
control,fpq_293,fpq,false_or_unknown_relied_on,0
control,fpq_294,fpq,model_boolean,1
control,fpq_294,fpq,any_false,1
control,fpq_294,fpq,false_and_relied_on,0
control,fpq_294,fpq,false_or_unknown_relied_on,1
control,fpq_295,fpq,model_boolean,0
control,fpq_295,fpq,any_false,0
control,fpq_295,fpq,false_and_relied_on,0
control,fpq_295,fpq,false_or_unknown_relied_on,0
control,fpq_296,fpq,model_boolean,0
control,fpq_296,fpq,any_false,0
control,fpq_296,fpq,false_and_relied_on,0
control,fpq_296,fpq,false_or_unknown_relied_on,0
control,fpq_297,fpq,model_boolean,0
control,fpq_297,fpq,any_false,0
control,fpq_297,fpq,false_and_relied_on,0
control,fpq_297,fpq,false_or_unknown_relied_on,0
control,fpq_3,fpq,model_boolean,0
control,fpq_3,fpq,any_false,1
control,fpq_3,fpq,false_and_relied_on,0
control,fpq_3,fpq,false_or_unknown_relied_on,0
control,fpq_30,fpq,model_boolean,0
control,fpq_30,fpq,any_false,1
control,fpq_30,fpq,false_and_relied_on,0
control,fpq_30,fpq,false_or_unknown_relied_on,0
control,fpq_302,fpq,model_boolean,0
control,fpq_302,fpq,any_false,0
control,fpq_302,fpq,false_and_relied_on,0
control,fpq_302,fpq,false_or_unknown_relied_on,0
control,fpq_303,fpq,model_boolean,0
control,fpq_303,fpq,any_false,0
control,fpq_303,fpq,false_and_relied_on,0
control,fpq_303,fpq,false_or_unknown_relied_on,0
control,fpq_304,fpq,model_boolean,0
control,fpq_304,fpq,any_false,1
control,fpq_304,fpq,false_and_relied_on,0
control,fpq_304,fpq,false_or_unknown_relied_on,1
control,fpq_305,fpq,model_boolean,0
control,fpq_305,fpq,any_false,0
control,fpq_305,fpq,false_and_relied_on,0
control,fpq_305,fpq,false_or_unknown_relied_on,0
control,fpq_306,fpq,model_boolean,0
control,fpq_306,fpq,any_false,0
control,fpq_306,fpq,false_and_relied_on,0
control,fpq_306,fpq,false_or_unknown_relied_on,0
control,fpq_307,fpq,model_boolean,0
control,fpq_307,fpq,any_false,1
control,fpq_307,fpq,false_and_relied_on,0
control,fpq_307,fpq,false_or_unknown_relied_on,0
control,fpq_308,fpq,model_boolean,0
control,fpq_308,fpq,any_false,0
control,fpq_308,fpq,false_and_relied_on,0
control,fpq_308,fpq,false_or_unknown_relied_on,0
control,fpq_309,fpq,model_boolean,0
control,fpq_309,fpq,any_false,0
control,fpq_309,fpq,false_and_relied_on,0
control,fpq_309,fpq,false_or_unknown_relied_on,0
control,fpq_31,fpq,model_boolean,1
control,fpq_31,fpq,any_false,1
control,fpq_31,fpq,false_and_relied_on,1
control,fpq_31,fpq,false_or_unknown_relied_on,1
control,fpq_311,fpq,model_boolean,1
control,fpq_311,fpq,any_false,1
control,fpq_311,fpq,false_and_relied_on,1
control,fpq_311,fpq,false_or_unknown_relied_on,1
control,fpq_312,fpq,model_boolean,0
control,fpq_312,fpq,any_false,0
control,fpq_312,fpq,false_and_relied_on,0
control,fpq_312,fpq,false_or_unknown_relied_on,0
control,fpq_313,fpq,model_boolean,0
control,fpq_313,fpq,any_false,0
control,fpq_313,fpq,false_and_relied_on,0
control,fpq_313,fpq,false_or_unknown_relied_on,0
control,fpq_314,fpq,model_boolean,0
control,fpq_314,fpq,any_false,0
control,fpq_314,fpq,false_and_relied_on,0
control,fpq_314,fpq,false_or_unknown_relied_on,0
control,fpq_315,fpq,model_boolean,0
control,fpq_315,fpq,any_false,0
control,fpq_315,fpq,false_and_relied_on,0
control,fpq_315,fpq,false_or_unknown_relied_on,0
control,fpq_316,fpq,model_boolean,0
control,fpq_316,fpq,any_false,0
control,fpq_316,fpq,false_and_relied_on,0
control,fpq_316,fpq,false_or_unknown_relied_on,0
control,fpq_317,fpq,model_boolean,0
control,fpq_317,fpq,any_false,0
control,fpq_317,fpq,false_and_relied_on,0
control,fpq_317,fpq,false_or_unknown_relied_on,0
control,fpq_318,fpq,model_boolean,0
control,fpq_318,fpq,any_false,0
control,fpq_318,fpq,false_and_relied_on,0
control,fpq_318,fpq,false_or_unknown_relied_on,0
control,fpq_319,fpq,model_boolean,0
control,fpq_319,fpq,any_false,0
control,fpq_319,fpq,false_and_relied_on,0
control,fpq_319,fpq,false_or_unknown_relied_on,0
control,fpq_32,fpq,model_boolean,0
control,fpq_32,fpq,any_false,0
control,fpq_32,fpq,false_and_relied_on,0
control,fpq_32,fpq,false_or_unknown_relied_on,0
control,fpq_320,fpq,model_boolean,0
control,fpq_320,fpq,any_false,0
control,fpq_320,fpq,false_and_relied_on,0
control,fpq_320,fpq,false_or_unknown_relied_on,1
control,fpq_321,fpq,model_boolean,0
control,fpq_321,fpq,any_false,0
control,fpq_321,fpq,false_and_relied_on,0
control,fpq_321,fpq,false_or_unknown_relied_on,0
control,fpq_325,fpq,model_boolean,0
control,fpq_325,fpq,any_false,0
control,fpq_325,fpq,false_and_relied_on,0
control,fpq_325,fpq,false_or_unknown_relied_on,0
control,fpq_326,fpq,model_boolean,0
control,fpq_326,fpq,any_false,0
control,fpq_326,fpq,false_and_relied_on,0
control,fpq_326,fpq,false_or_unknown_relied_on,0
control,fpq_327,fpq,model_boolean,0
control,fpq_327,fpq,any_false,0
control,fpq_327,fpq,false_and_relied_on,0
control,fpq_327,fpq,false_or_unknown_relied_on,1
control,fpq_33,fpq,model_boolean,0
control,fpq_33,fpq,any_false,0
control,fpq_33,fpq,false_and_relied_on,0
control,fpq_33,fpq,false_or_unknown_relied_on,0
control,fpq_336,fpq,model_boolean,0
control,fpq_336,fpq,any_false,0
control,fpq_336,fpq,false_and_relied_on,0
control,fpq_336,fpq,false_or_unknown_relied_on,0
control,fpq_34,fpq,model_boolean,0
control,fpq_34,fpq,any_false,0
control,fpq_34,fpq,false_and_relied_on,0
control,fpq_34,fpq,false_or_unknown_relied_on,1
control,fpq_342,fpq,model_boolean,1
control,fpq_342,fpq,any_false,1
control,fpq_342,fpq,false_and_relied_on,1
control,fpq_342,fpq,false_or_unknown_relied_on,1
control,fpq_343,fpq,model_boolean,0
control,fpq_343,fpq,any_false,0
control,fpq_343,fpq,false_and_relied_on,0
control,fpq_343,fpq,false_or_unknown_relied_on,1
control,fpq_344,fpq,model_boolean,0
control,fpq_344,fpq,any_false,0
control,fpq_344,fpq,false_and_relied_on,0
control,fpq_344,fpq,false_or_unknown_relied_on,0
control,fpq_348,fpq,model_boolean,1
control,fpq_348,fpq,any_false,1
control,fpq_348,fpq,false_and_relied_on,1
control,fpq_348,fpq,false_or_unknown_relied_on,1
control,fpq_35,fpq,model_boolean,0
control,fpq_35,fpq,any_false,0
control,fpq_35,fpq,false_and_relied_on,0
control,fpq_35,fpq,false_or_unknown_relied_on,0
control,fpq_350,fpq,model_boolean,0
control,fpq_350,fpq,any_false,0
control,fpq_350,fpq,false_and_relied_on,0
control,fpq_350,fpq,false_or_unknown_relied_on,0
control,fpq_353,fpq,model_boolean,0
control,fpq_353,fpq,any_false,0
control,fpq_353,fpq,false_and_relied_on,0
control,fpq_353,fpq,false_or_unknown_relied_on,0
control,fpq_354,fpq,model_boolean,0
control,fpq_354,fpq,any_false,0
control,fpq_354,fpq,false_and_relied_on,0
control,fpq_354,fpq,false_or_unknown_relied_on,0
control,fpq_357,fpq,model_boolean,0
control,fpq_357,fpq,any_false,0
control,fpq_357,fpq,false_and_relied_on,0
control,fpq_357,fpq,false_or_unknown_relied_on,0
control,fpq_358,fpq,model_boolean,0
control,fpq_358,fpq,any_false,0
control,fpq_358,fpq,false_and_relied_on,0
control,fpq_358,fpq,false_or_unknown_relied_on,1
control,fpq_359,fpq,model_boolean,0
control,fpq_359,fpq,any_false,0
control,fpq_359,fpq,false_and_relied_on,0
control,fpq_359,fpq,false_or_unknown_relied_on,0
control,fpq_36,fpq,model_boolean,0
control,fpq_36,fpq,any_false,0
control,fpq_36,fpq,false_and_relied_on,0
control,fpq_36,fpq,false_or_unknown_relied_on,0
control,fpq_361,fpq,model_boolean,0
control,fpq_361,fpq,any_false,0
control,fpq_361,fpq,false_and_relied_on,0
control,fpq_361,fpq,false_or_unknown_relied_on,0
control,fpq_362,fpq,model_boolean,0
control,fpq_362,fpq,any_false,0
control,fpq_362,fpq,false_and_relied_on,0
control,fpq_362,fpq,false_or_unknown_relied_on,0
control,fpq_366,fpq,model_boolean,0
control,fpq_366,fpq,any_false,0
control,fpq_366,fpq,false_and_relied_on,0
control,fpq_366,fpq,false_or_unknown_relied_on,0
control,fpq_368,fpq,model_boolean,0
control,fpq_368,fpq,any_false,0
control,fpq_368,fpq,false_and_relied_on,0
control,fpq_368,fpq,false_or_unknown_relied_on,0
control,fpq_37,fpq,model_boolean,0
control,fpq_37,fpq,any_false,1
control,fpq_37,fpq,false_and_relied_on,0
control,fpq_37,fpq,false_or_unknown_relied_on,1
control,fpq_376,fpq,model_boolean,0
control,fpq_376,fpq,any_false,0
control,fpq_376,fpq,false_and_relied_on,0
control,fpq_376,fpq,false_or_unknown_relied_on,0
control,fpq_378,fpq,model_boolean,0
control,fpq_378,fpq,any_false,0
control,fpq_378,fpq,false_and_relied_on,0
control,fpq_378,fpq,false_or_unknown_relied_on,0
control,fpq_379,fpq,model_boolean,0
control,fpq_379,fpq,any_false,0
control,fpq_379,fpq,false_and_relied_on,0
control,fpq_379,fpq,false_or_unknown_relied_on,0
control,fpq_38,fpq,model_boolean,0
control,fpq_38,fpq,any_false,0
control,fpq_38,fpq,false_and_relied_on,0
control,fpq_38,fpq,false_or_unknown_relied_on,0
control,fpq_380,fpq,model_boolean,0
control,fpq_380,fpq,any_false,0
control,fpq_380,fpq,false_and_relied_on,0
control,fpq_380,fpq,false_or_unknown_relied_on,1
control,fpq_383,fpq,model_boolean,0
control,fpq_383,fpq,any_false,0
control,fpq_383,fpq,false_and_relied_on,0
control,fpq_383,fpq,false_or_unknown_relied_on,0
control,fpq_385,fpq,model_boolean,0
control,fpq_385,fpq,any_false,0
control,fpq_385,fpq,false_and_relied_on,0
control,fpq_385,fpq,false_or_unknown_relied_on,0
control,fpq_386,fpq,model_boolean,0
control,fpq_386,fpq,any_false,0
control,fpq_386,fpq,false_and_relied_on,0
control,fpq_386,fpq,false_or_unknown_relied_on,1
control,fpq_387,fpq,model_boolean,0
control,fpq_387,fpq,any_false,0
control,fpq_387,fpq,false_and_relied_on,0
control,fpq_387,fpq,false_or_unknown_relied_on,0
control,fpq_388,fpq,model_boolean,0
control,fpq_388,fpq,any_false,0
control,fpq_388,fpq,false_and_relied_on,0
control,fpq_388,fpq,false_or_unknown_relied_on,1
control,fpq_389,fpq,model_boolean,0
control,fpq_389,fpq,any_false,0
control,fpq_389,fpq,false_and_relied_on,0
control,fpq_389,fpq,false_or_unknown_relied_on,1
control,fpq_39,fpq,model_boolean,0
control,fpq_39,fpq,any_false,0
control,fpq_39,fpq,false_and_relied_on,0
control,fpq_39,fpq,false_or_unknown_relied_on,0
control,fpq_390,fpq,model_boolean,0
control,fpq_390,fpq,any_false,0
control,fpq_390,fpq,false_and_relied_on,0
control,fpq_390,fpq,false_or_unknown_relied_on,1
control,fpq_391,fpq,model_boolean,1
control,fpq_391,fpq,any_false,1
control,fpq_391,fpq,false_and_relied_on,1
control,fpq_391,fpq,false_or_unknown_relied_on,1
control,fpq_392,fpq,model_boolean,1
control,fpq_392,fpq,any_false,1
control,fpq_392,fpq,false_and_relied_on,1
control,fpq_392,fpq,false_or_unknown_relied_on,1
control,fpq_394,fpq,model_boolean,0
control,fpq_394,fpq,any_false,0
control,fpq_394,fpq,false_and_relied_on,0
control,fpq_394,fpq,false_or_unknown_relied_on,0
control,fpq_395,fpq,model_boolean,0
control,fpq_395,fpq,any_false,0
control,fpq_395,fpq,false_and_relied_on,0
control,fpq_395,fpq,false_or_unknown_relied_on,0
control,fpq_396,fpq,model_boolean,0
control,fpq_396,fpq,any_false,0
control,fpq_396,fpq,false_and_relied_on,0
control,fpq_396,fpq,false_or_unknown_relied_on,1
control,fpq_397,fpq,model_boolean,1
control,fpq_397,fpq,any_false,1
control,fpq_397,fpq,false_and_relied_on,1
control,fpq_397,fpq,false_or_unknown_relied_on,1
control,fpq_398,fpq,model_boolean,1
control,fpq_398,fpq,any_false,1
control,fpq_398,fpq,false_and_relied_on,1
control,fpq_398,fpq,false_or_unknown_relied_on,1
control,fpq_399,fpq,model_boolean,1
control,fpq_399,fpq,any_false,1
control,fpq_399,fpq,false_and_relied_on,1
control,fpq_399,fpq,false_or_unknown_relied_on,1
control,fpq_4,fpq,model_boolean,0
control,fpq_4,fpq,any_false,0
control,fpq_4,fpq,false_and_relied_on,0
control,fpq_4,fpq,false_or_unknown_relied_on,0
control,fpq_40,fpq,model_boolean,0
control,fpq_40,fpq,any_false,0
control,fpq_40,fpq,false_and_relied_on,0
control,fpq_40,fpq,false_or_unknown_relied_on,1
control,fpq_400,fpq,model_boolean,0
control,fpq_400,fpq,any_false,0
control,fpq_400,fpq,false_and_relied_on,0
control,fpq_400,fpq,false_or_unknown_relied_on,0
control,fpq_403,fpq,model_boolean,0
control,fpq_403,fpq,any_false,1
control,fpq_403,fpq,false_and_relied_on,0
control,fpq_403,fpq,false_or_unknown_relied_on,0
control,fpq_405,fpq,model_boolean,0
control,fpq_405,fpq,any_false,0
control,fpq_405,fpq,false_and_relied_on,0
control,fpq_405,fpq,false_or_unknown_relied_on,1
control,fpq_407,fpq,model_boolean,1
control,fpq_407,fpq,any_false,1
control,fpq_407,fpq,false_and_relied_on,1
control,fpq_407,fpq,false_or_unknown_relied_on,1
control,fpq_408,fpq,model_boolean,0
control,fpq_408,fpq,any_false,0
control,fpq_408,fpq,false_and_relied_on,0
control,fpq_408,fpq,false_or_unknown_relied_on,0
control,fpq_41,fpq,model_boolean,0
control,fpq_41,fpq,any_false,0
control,fpq_41,fpq,false_and_relied_on,0
control,fpq_41,fpq,false_or_unknown_relied_on,0
control,fpq_415,fpq,model_boolean,0
control,fpq_415,fpq,any_false,0
control,fpq_415,fpq,false_and_relied_on,0
control,fpq_415,fpq,false_or_unknown_relied_on,0
control,fpq_416,fpq,model_boolean,0
control,fpq_416,fpq,any_false,0
control,fpq_416,fpq,false_and_relied_on,0
control,fpq_416,fpq,false_or_unknown_relied_on,0
control,fpq_417,fpq,model_boolean,0
control,fpq_417,fpq,any_false,0
control,fpq_417,fpq,false_and_relied_on,0
control,fpq_417,fpq,false_or_unknown_relied_on,1
control,fpq_42,fpq,model_boolean,0
control,fpq_42,fpq,any_false,0
control,fpq_42,fpq,false_and_relied_on,0
control,fpq_42,fpq,false_or_unknown_relied_on,0
control,fpq_420,fpq,model_boolean,0
control,fpq_420,fpq,any_false,0
control,fpq_420,fpq,false_and_relied_on,0
control,fpq_420,fpq,false_or_unknown_relied_on,0
control,fpq_421,fpq,model_boolean,0
control,fpq_421,fpq,any_false,0
control,fpq_421,fpq,false_and_relied_on,0
control,fpq_421,fpq,false_or_unknown_relied_on,0
control,fpq_422,fpq,model_boolean,0
control,fpq_422,fpq,any_false,0
control,fpq_422,fpq,false_and_relied_on,0
control,fpq_422,fpq,false_or_unknown_relied_on,1
control,fpq_423,fpq,model_boolean,1
control,fpq_423,fpq,any_false,1
control,fpq_423,fpq,false_and_relied_on,1
control,fpq_423,fpq,false_or_unknown_relied_on,1
control,fpq_425,fpq,model_boolean,0
control,fpq_425,fpq,any_false,0
control,fpq_425,fpq,false_and_relied_on,0
control,fpq_425,fpq,false_or_unknown_relied_on,0
control,fpq_426,fpq,model_boolean,0
control,fpq_426,fpq,any_false,0
control,fpq_426,fpq,false_and_relied_on,0
control,fpq_426,fpq,false_or_unknown_relied_on,0
control,fpq_428,fpq,model_boolean,0
control,fpq_428,fpq,any_false,0
control,fpq_428,fpq,false_and_relied_on,0
control,fpq_428,fpq,false_or_unknown_relied_on,0
control,fpq_429,fpq,model_boolean,0
control,fpq_429,fpq,any_false,1
control,fpq_429,fpq,false_and_relied_on,0
control,fpq_429,fpq,false_or_unknown_relied_on,0
control,fpq_43,fpq,model_boolean,0
control,fpq_43,fpq,any_false,0
control,fpq_43,fpq,false_and_relied_on,0
control,fpq_43,fpq,false_or_unknown_relied_on,1
control,fpq_434,fpq,model_boolean,1
control,fpq_434,fpq,any_false,1
control,fpq_434,fpq,false_and_relied_on,1
control,fpq_434,fpq,false_or_unknown_relied_on,1
control,fpq_436,fpq,model_boolean,0
control,fpq_436,fpq,any_false,0
control,fpq_436,fpq,false_and_relied_on,0
control,fpq_436,fpq,false_or_unknown_relied_on,0
control,fpq_438,fpq,model_boolean,0
control,fpq_438,fpq,any_false,0
control,fpq_438,fpq,false_and_relied_on,0
control,fpq_438,fpq,false_or_unknown_relied_on,1
control,fpq_439,fpq,model_boolean,1
control,fpq_439,fpq,any_false,1
control,fpq_439,fpq,false_and_relied_on,1
control,fpq_439,fpq,false_or_unknown_relied_on,1
control,fpq_44,fpq,model_boolean,1
control,fpq_44,fpq,any_false,1
control,fpq_44,fpq,false_and_relied_on,1
control,fpq_44,fpq,false_or_unknown_relied_on,1
control,fpq_443,fpq,model_boolean,1
control,fpq_443,fpq,any_false,1
control,fpq_443,fpq,false_and_relied_on,1
control,fpq_443,fpq,false_or_unknown_relied_on,1
control,fpq_445,fpq,model_boolean,0
control,fpq_445,fpq,any_false,0
control,fpq_445,fpq,false_and_relied_on,0
control,fpq_445,fpq,false_or_unknown_relied_on,0
control,fpq_446,fpq,model_boolean,0
control,fpq_446,fpq,any_false,0
control,fpq_446,fpq,false_and_relied_on,0
control,fpq_446,fpq,false_or_unknown_relied_on,0
control,fpq_45,fpq,model_boolean,1
control,fpq_45,fpq,any_false,1
control,fpq_45,fpq,false_and_relied_on,1
control,fpq_45,fpq,false_or_unknown_relied_on,1
control,fpq_459,fpq,model_boolean,1
control,fpq_459,fpq,any_false,1
control,fpq_459,fpq,false_and_relied_on,1
control,fpq_459,fpq,false_or_unknown_relied_on,1
control,fpq_46,fpq,model_boolean,0
control,fpq_46,fpq,any_false,0
control,fpq_46,fpq,false_and_relied_on,0
control,fpq_46,fpq,false_or_unknown_relied_on,1
control,fpq_460,fpq,model_boolean,0
control,fpq_460,fpq,any_false,0
control,fpq_460,fpq,false_and_relied_on,0
control,fpq_460,fpq,false_or_unknown_relied_on,0
control,fpq_462,fpq,model_boolean,1
control,fpq_462,fpq,any_false,1
control,fpq_462,fpq,false_and_relied_on,1
control,fpq_462,fpq,false_or_unknown_relied_on,1
control,fpq_467,fpq,model_boolean,0
control,fpq_467,fpq,any_false,0
control,fpq_467,fpq,false_and_relied_on,0
control,fpq_467,fpq,false_or_unknown_relied_on,0
control,fpq_47,fpq,model_boolean,0
control,fpq_47,fpq,any_false,0
control,fpq_47,fpq,false_and_relied_on,0
control,fpq_47,fpq,false_or_unknown_relied_on,0
control,fpq_472,fpq,model_boolean,0
control,fpq_472,fpq,any_false,0
control,fpq_472,fpq,false_and_relied_on,0
control,fpq_472,fpq,false_or_unknown_relied_on,0
control,fpq_473,fpq,model_boolean,0
control,fpq_473,fpq,any_false,0
control,fpq_473,fpq,false_and_relied_on,0
control,fpq_473,fpq,false_or_unknown_relied_on,1
control,fpq_474,fpq,model_boolean,0
control,fpq_474,fpq,any_false,0
control,fpq_474,fpq,false_and_relied_on,0
control,fpq_474,fpq,false_or_unknown_relied_on,1
control,fpq_477,fpq,model_boolean,1
control,fpq_477,fpq,any_false,1
control,fpq_477,fpq,false_and_relied_on,1
control,fpq_477,fpq,false_or_unknown_relied_on,1
control,fpq_479,fpq,model_boolean,0
control,fpq_479,fpq,any_false,0
control,fpq_479,fpq,false_and_relied_on,0
control,fpq_479,fpq,false_or_unknown_relied_on,0
control,fpq_48,fpq,model_boolean,0
control,fpq_48,fpq,any_false,0
control,fpq_48,fpq,false_and_relied_on,0
control,fpq_48,fpq,false_or_unknown_relied_on,0
control,fpq_484,fpq,model_boolean,0
control,fpq_484,fpq,any_false,0
control,fpq_484,fpq,false_and_relied_on,0
control,fpq_484,fpq,false_or_unknown_relied_on,0
control,fpq_485,fpq,model_boolean,0
control,fpq_485,fpq,any_false,0
control,fpq_485,fpq,false_and_relied_on,0
control,fpq_485,fpq,false_or_unknown_relied_on,0
control,fpq_487,fpq,model_boolean,0
control,fpq_487,fpq,any_false,0
control,fpq_487,fpq,false_and_relied_on,0
control,fpq_487,fpq,false_or_unknown_relied_on,1
control,fpq_488,fpq,model_boolean,0
control,fpq_488,fpq,any_false,0
control,fpq_488,fpq,false_and_relied_on,0
control,fpq_488,fpq,false_or_unknown_relied_on,0
control,fpq_49,fpq,model_boolean,0
control,fpq_49,fpq,any_false,0
control,fpq_49,fpq,false_and_relied_on,0
control,fpq_49,fpq,false_or_unknown_relied_on,0
control,fpq_492,fpq,model_boolean,0
control,fpq_492,fpq,any_false,0
control,fpq_492,fpq,false_and_relied_on,0
control,fpq_492,fpq,false_or_unknown_relied_on,0
control,fpq_493,fpq,model_boolean,0
control,fpq_493,fpq,any_false,0
control,fpq_493,fpq,false_and_relied_on,0
control,fpq_493,fpq,false_or_unknown_relied_on,1
control,fpq_494,fpq,model_boolean,1
control,fpq_494,fpq,any_false,1
control,fpq_494,fpq,false_and_relied_on,1
control,fpq_494,fpq,false_or_unknown_relied_on,1
control,fpq_495,fpq,model_boolean,0
control,fpq_495,fpq,any_false,0
control,fpq_495,fpq,false_and_relied_on,0
control,fpq_495,fpq,false_or_unknown_relied_on,0
control,fpq_497,fpq,model_boolean,0
control,fpq_497,fpq,any_false,0
control,fpq_497,fpq,false_and_relied_on,0
control,fpq_497,fpq,false_or_unknown_relied_on,0
control,fpq_499,fpq,model_boolean,0
control,fpq_499,fpq,any_false,0
control,fpq_499,fpq,false_and_relied_on,0
control,fpq_499,fpq,false_or_unknown_relied_on,0
control,fpq_5,fpq,model_boolean,0
control,fpq_5,fpq,any_false,0
control,fpq_5,fpq,false_and_relied_on,0
control,fpq_5,fpq,false_or_unknown_relied_on,0
control,fpq_50,fpq,model_boolean,0
control,fpq_50,fpq,any_false,0
control,fpq_50,fpq,false_and_relied_on,0
control,fpq_50,fpq,false_or_unknown_relied_on,0
control,fpq_500,fpq,model_boolean,0
control,fpq_500,fpq,any_false,0
control,fpq_500,fpq,false_and_relied_on,0
control,fpq_500,fpq,false_or_unknown_relied_on,0
control,fpq_501,fpq,model_boolean,0
control,fpq_501,fpq,any_false,0
control,fpq_501,fpq,false_and_relied_on,0
control,fpq_501,fpq,false_or_unknown_relied_on,0
control,fpq_502,fpq,model_boolean,0
control,fpq_502,fpq,any_false,0
control,fpq_502,fpq,false_and_relied_on,0
control,fpq_502,fpq,false_or_unknown_relied_on,0
control,fpq_505,fpq,model_boolean,0
control,fpq_505,fpq,any_false,0
control,fpq_505,fpq,false_and_relied_on,0
control,fpq_505,fpq,false_or_unknown_relied_on,1
control,fpq_506,fpq,model_boolean,0
control,fpq_506,fpq,any_false,0
control,fpq_506,fpq,false_and_relied_on,0
control,fpq_506,fpq,false_or_unknown_relied_on,0
control,fpq_507,fpq,model_boolean,0
control,fpq_507,fpq,any_false,0
control,fpq_507,fpq,false_and_relied_on,0
control,fpq_507,fpq,false_or_unknown_relied_on,0
control,fpq_51,fpq,model_boolean,0
control,fpq_51,fpq,any_false,1
control,fpq_51,fpq,false_and_relied_on,0
control,fpq_51,fpq,false_or_unknown_relied_on,0
control,fpq_512,fpq,model_boolean,0
control,fpq_512,fpq,any_false,0
control,fpq_512,fpq,false_and_relied_on,0
control,fpq_512,fpq,false_or_unknown_relied_on,1
control,fpq_514,fpq,model_boolean,0
control,fpq_514,fpq,any_false,0
control,fpq_514,fpq,false_and_relied_on,0
control,fpq_514,fpq,false_or_unknown_relied_on,1
control,fpq_516,fpq,model_boolean,0
control,fpq_516,fpq,any_false,0
control,fpq_516,fpq,false_and_relied_on,0
control,fpq_516,fpq,false_or_unknown_relied_on,1
control,fpq_517,fpq,model_boolean,0
control,fpq_517,fpq,any_false,0
control,fpq_517,fpq,false_and_relied_on,0
control,fpq_517,fpq,false_or_unknown_relied_on,1
control,fpq_52,fpq,model_boolean,0
control,fpq_52,fpq,any_false,0
control,fpq_52,fpq,false_and_relied_on,0
control,fpq_52,fpq,false_or_unknown_relied_on,1
control,fpq_521,fpq,model_boolean,0
control,fpq_521,fpq,any_false,0
control,fpq_521,fpq,false_and_relied_on,0
control,fpq_521,fpq,false_or_unknown_relied_on,1
control,fpq_522,fpq,model_boolean,1
control,fpq_522,fpq,any_false,1
control,fpq_522,fpq,false_and_relied_on,1
control,fpq_522,fpq,false_or_unknown_relied_on,1
control,fpq_524,fpq,model_boolean,0
control,fpq_524,fpq,any_false,0
control,fpq_524,fpq,false_and_relied_on,0
control,fpq_524,fpq,false_or_unknown_relied_on,0
control,fpq_525,fpq,model_boolean,0
control,fpq_525,fpq,any_false,0
control,fpq_525,fpq,false_and_relied_on,0
control,fpq_525,fpq,false_or_unknown_relied_on,1
control,fpq_53,fpq,model_boolean,0
control,fpq_53,fpq,any_false,0
control,fpq_53,fpq,false_and_relied_on,0
control,fpq_53,fpq,false_or_unknown_relied_on,1
control,fpq_530,fpq,model_boolean,0
control,fpq_530,fpq,any_false,0
control,fpq_530,fpq,false_and_relied_on,0
control,fpq_530,fpq,false_or_unknown_relied_on,0
control,fpq_531,fpq,model_boolean,0
control,fpq_531,fpq,any_false,0
control,fpq_531,fpq,false_and_relied_on,0
control,fpq_531,fpq,false_or_unknown_relied_on,0
control,fpq_534,fpq,model_boolean,0
control,fpq_534,fpq,any_false,0
control,fpq_534,fpq,false_and_relied_on,0
control,fpq_534,fpq,false_or_unknown_relied_on,0
control,fpq_535,fpq,model_boolean,0
control,fpq_535,fpq,any_false,0
control,fpq_535,fpq,false_and_relied_on,0
control,fpq_535,fpq,false_or_unknown_relied_on,0
control,fpq_54,fpq,model_boolean,0
control,fpq_54,fpq,any_false,0
control,fpq_54,fpq,false_and_relied_on,0
control,fpq_54,fpq,false_or_unknown_relied_on,0
control,fpq_542,fpq,model_boolean,0
control,fpq_542,fpq,any_false,0
control,fpq_542,fpq,false_and_relied_on,0
control,fpq_542,fpq,false_or_unknown_relied_on,0
control,fpq_543,fpq,model_boolean,0
control,fpq_543,fpq,any_false,1
control,fpq_543,fpq,false_and_relied_on,0
control,fpq_543,fpq,false_or_unknown_relied_on,0
control,fpq_546,fpq,model_boolean,0
control,fpq_546,fpq,any_false,0
control,fpq_546,fpq,false_and_relied_on,0
control,fpq_546,fpq,false_or_unknown_relied_on,0
control,fpq_547,fpq,model_boolean,0
control,fpq_547,fpq,any_false,0
control,fpq_547,fpq,false_and_relied_on,0
control,fpq_547,fpq,false_or_unknown_relied_on,0
control,fpq_549,fpq,model_boolean,0
control,fpq_549,fpq,any_false,0
control,fpq_549,fpq,false_and_relied_on,0
control,fpq_549,fpq,false_or_unknown_relied_on,0
control,fpq_55,fpq,model_boolean,0
control,fpq_55,fpq,any_false,0
control,fpq_55,fpq,false_and_relied_on,0
control,fpq_55,fpq,false_or_unknown_relied_on,0
control,fpq_550,fpq,model_boolean,0
control,fpq_550,fpq,any_false,0
control,fpq_550,fpq,false_and_relied_on,0
control,fpq_550,fpq,false_or_unknown_relied_on,1
control,fpq_552,fpq,model_boolean,0
control,fpq_552,fpq,any_false,0
control,fpq_552,fpq,false_and_relied_on,0
control,fpq_552,fpq,false_or_unknown_relied_on,0
control,fpq_556,fpq,model_boolean,0
control,fpq_556,fpq,any_false,0
control,fpq_556,fpq,false_and_relied_on,0
control,fpq_556,fpq,false_or_unknown_relied_on,1
control,fpq_557,fpq,model_boolean,1
control,fpq_557,fpq,any_false,1
control,fpq_557,fpq,false_and_relied_on,1
control,fpq_557,fpq,false_or_unknown_relied_on,1
control,fpq_558,fpq,model_boolean,0
control,fpq_558,fpq,any_false,0
control,fpq_558,fpq,false_and_relied_on,0
control,fpq_558,fpq,false_or_unknown_relied_on,0
control,fpq_559,fpq,model_boolean,1
control,fpq_559,fpq,any_false,1
control,fpq_559,fpq,false_and_relied_on,1
control,fpq_559,fpq,false_or_unknown_relied_on,1
control,fpq_56,fpq,model_boolean,0
control,fpq_56,fpq,any_false,0
control,fpq_56,fpq,false_and_relied_on,0
control,fpq_56,fpq,false_or_unknown_relied_on,0
control,fpq_560,fpq,model_boolean,0
control,fpq_560,fpq,any_false,1
control,fpq_560,fpq,false_and_relied_on,0
control,fpq_560,fpq,false_or_unknown_relied_on,0
control,fpq_563,fpq,model_boolean,1
control,fpq_563,fpq,any_false,1
control,fpq_563,fpq,false_and_relied_on,1
control,fpq_563,fpq,false_or_unknown_relied_on,1
control,fpq_564,fpq,model_boolean,0
control,fpq_564,fpq,any_false,0
control,fpq_564,fpq,false_and_relied_on,0
control,fpq_564,fpq,false_or_unknown_relied_on,0
control,fpq_565,fpq,model_boolean,0
control,fpq_565,fpq,any_false,0
control,fpq_565,fpq,false_and_relied_on,0
control,fpq_565,fpq,false_or_unknown_relied_on,0
control,fpq_566,fpq,model_boolean,0
control,fpq_566,fpq,any_false,0
control,fpq_566,fpq,false_and_relied_on,0
control,fpq_566,fpq,false_or_unknown_relied_on,0
control,fpq_57,fpq,model_boolean,1
control,fpq_57,fpq,any_false,1
control,fpq_57,fpq,false_and_relied_on,1
control,fpq_57,fpq,false_or_unknown_relied_on,1
control,fpq_570,fpq,model_boolean,0
control,fpq_570,fpq,any_false,0
control,fpq_570,fpq,false_and_relied_on,0
control,fpq_570,fpq,false_or_unknown_relied_on,0
control,fpq_572,fpq,model_boolean,0
control,fpq_572,fpq,any_false,0
control,fpq_572,fpq,false_and_relied_on,0
control,fpq_572,fpq,false_or_unknown_relied_on,0
control,fpq_574,fpq,model_boolean,0
control,fpq_574,fpq,any_false,1
control,fpq_574,fpq,false_and_relied_on,0
control,fpq_574,fpq,false_or_unknown_relied_on,0
control,fpq_58,fpq,model_boolean,0
control,fpq_58,fpq,any_false,0
control,fpq_58,fpq,false_and_relied_on,0
control,fpq_58,fpq,false_or_unknown_relied_on,0
control,fpq_580,fpq,model_boolean,1
control,fpq_580,fpq,any_false,1
control,fpq_580,fpq,false_and_relied_on,1
control,fpq_580,fpq,false_or_unknown_relied_on,1
control,fpq_583,fpq,model_boolean,0
control,fpq_583,fpq,any_false,0
control,fpq_583,fpq,false_and_relied_on,0
control,fpq_583,fpq,false_or_unknown_relied_on,0
control,fpq_584,fpq,model_boolean,0
control,fpq_584,fpq,any_false,0
control,fpq_584,fpq,false_and_relied_on,0
control,fpq_584,fpq,false_or_unknown_relied_on,0
control,fpq_586,fpq,model_boolean,0
control,fpq_586,fpq,any_false,0
control,fpq_586,fpq,false_and_relied_on,0
control,fpq_586,fpq,false_or_unknown_relied_on,1
control,fpq_59,fpq,model_boolean,0
control,fpq_59,fpq,any_false,0
control,fpq_59,fpq,false_and_relied_on,0
control,fpq_59,fpq,false_or_unknown_relied_on,0
control,fpq_593,fpq,model_boolean,0
control,fpq_593,fpq,any_false,0
control,fpq_593,fpq,false_and_relied_on,0
control,fpq_593,fpq,false_or_unknown_relied_on,0
control,fpq_595,fpq,model_boolean,1
control,fpq_595,fpq,any_false,1
control,fpq_595,fpq,false_and_relied_on,1
control,fpq_595,fpq,false_or_unknown_relied_on,1
control,fpq_596,fpq,model_boolean,0
control,fpq_596,fpq,any_false,0
control,fpq_596,fpq,false_and_relied_on,0
control,fpq_596,fpq,false_or_unknown_relied_on,0
control,fpq_598,fpq,model_boolean,0
control,fpq_598,fpq,any_false,1
control,fpq_598,fpq,false_and_relied_on,0
control,fpq_598,fpq,false_or_unknown_relied_on,0
control,fpq_6,fpq,model_boolean,0
control,fpq_6,fpq,any_false,0
control,fpq_6,fpq,false_and_relied_on,0
control,fpq_6,fpq,false_or_unknown_relied_on,0
control,fpq_60,fpq,model_boolean,0
control,fpq_60,fpq,any_false,0
control,fpq_60,fpq,false_and_relied_on,0
control,fpq_60,fpq,false_or_unknown_relied_on,0
control,fpq_600,fpq,model_boolean,0
control,fpq_600,fpq,any_false,0
control,fpq_600,fpq,false_and_relied_on,0
control,fpq_600,fpq,false_or_unknown_relied_on,0
control,fpq_601,fpq,model_boolean,0
control,fpq_601,fpq,any_false,0
control,fpq_601,fpq,false_and_relied_on,0
control,fpq_601,fpq,false_or_unknown_relied_on,0
control,fpq_603,fpq,model_boolean,0
control,fpq_603,fpq,any_false,0
control,fpq_603,fpq,false_and_relied_on,0
control,fpq_603,fpq,false_or_unknown_relied_on,0
control,fpq_604,fpq,model_boolean,0
control,fpq_604,fpq,any_false,0
control,fpq_604,fpq,false_and_relied_on,0
control,fpq_604,fpq,false_or_unknown_relied_on,0
control,fpq_606,fpq,model_boolean,0
control,fpq_606,fpq,any_false,0
control,fpq_606,fpq,false_and_relied_on,0
control,fpq_606,fpq,false_or_unknown_relied_on,1
control,fpq_607,fpq,model_boolean,0
control,fpq_607,fpq,any_false,0
control,fpq_607,fpq,false_and_relied_on,0
control,fpq_607,fpq,false_or_unknown_relied_on,0
control,fpq_608,fpq,model_boolean,0
control,fpq_608,fpq,any_false,0
control,fpq_608,fpq,false_and_relied_on,0
control,fpq_608,fpq,false_or_unknown_relied_on,1
control,fpq_609,fpq,model_boolean,0
control,fpq_609,fpq,any_false,0
control,fpq_609,fpq,false_and_relied_on,0
control,fpq_609,fpq,false_or_unknown_relied_on,0
control,fpq_61,fpq,model_boolean,0
control,fpq_61,fpq,any_false,0
control,fpq_61,fpq,false_and_relied_on,0
control,fpq_61,fpq,false_or_unknown_relied_on,0
control,fpq_610,fpq,model_boolean,0
control,fpq_610,fpq,any_false,0
control,fpq_610,fpq,false_and_relied_on,0
control,fpq_610,fpq,false_or_unknown_relied_on,0
control,fpq_611,fpq,model_boolean,0
control,fpq_611,fpq,any_false,1
control,fpq_611,fpq,false_and_relied_on,0
control,fpq_611,fpq,false_or_unknown_relied_on,0
control,fpq_612,fpq,model_boolean,0
control,fpq_612,fpq,any_false,0
control,fpq_612,fpq,false_and_relied_on,0
control,fpq_612,fpq,false_or_unknown_relied_on,0
control,fpq_613,fpq,model_boolean,1
control,fpq_613,fpq,any_false,0
control,fpq_613,fpq,false_and_relied_on,0
control,fpq_613,fpq,false_or_unknown_relied_on,0
control,fpq_614,fpq,model_boolean,0
control,fpq_614,fpq,any_false,0
control,fpq_614,fpq,false_and_relied_on,0
control,fpq_614,fpq,false_or_unknown_relied_on,1
control,fpq_615,fpq,model_boolean,0
control,fpq_615,fpq,any_false,0
control,fpq_615,fpq,false_and_relied_on,0
control,fpq_615,fpq,false_or_unknown_relied_on,0
control,fpq_616,fpq,model_boolean,0
control,fpq_616,fpq,any_false,0
control,fpq_616,fpq,false_and_relied_on,0
control,fpq_616,fpq,false_or_unknown_relied_on,0
control,fpq_617,fpq,model_boolean,0
control,fpq_617,fpq,any_false,1
control,fpq_617,fpq,false_and_relied_on,0
control,fpq_617,fpq,false_or_unknown_relied_on,0
control,fpq_618,fpq,model_boolean,0
control,fpq_618,fpq,any_false,0
control,fpq_618,fpq,false_and_relied_on,0
control,fpq_618,fpq,false_or_unknown_relied_on,0
control,fpq_619,fpq,model_boolean,0
control,fpq_619,fpq,any_false,0
control,fpq_619,fpq,false_and_relied_on,0
control,fpq_619,fpq,false_or_unknown_relied_on,0
control,fpq_62,fpq,model_boolean,1
control,fpq_62,fpq,any_false,1
control,fpq_62,fpq,false_and_relied_on,1
control,fpq_62,fpq,false_or_unknown_relied_on,1
control,fpq_620,fpq,model_boolean,0
control,fpq_620,fpq,any_false,0
control,fpq_620,fpq,false_and_relied_on,0
control,fpq_620,fpq,false_or_unknown_relied_on,0
control,fpq_621,fpq,model_boolean,0
control,fpq_621,fpq,any_false,1
control,fpq_621,fpq,false_and_relied_on,0
control,fpq_621,fpq,false_or_unknown_relied_on,0
control,fpq_622,fpq,model_boolean,1
control,fpq_622,fpq,any_false,1
control,fpq_622,fpq,false_and_relied_on,1
control,fpq_622,fpq,false_or_unknown_relied_on,1
control,fpq_623,fpq,model_boolean,0
control,fpq_623,fpq,any_false,1
control,fpq_623,fpq,false_and_relied_on,0
control,fpq_623,fpq,false_or_unknown_relied_on,0
control,fpq_624,fpq,model_boolean,1
control,fpq_624,fpq,any_false,1
control,fpq_624,fpq,false_and_relied_on,1
control,fpq_624,fpq,false_or_unknown_relied_on,1
control,fpq_625,fpq,model_boolean,1
control,fpq_625,fpq,any_false,1
control,fpq_625,fpq,false_and_relied_on,1
control,fpq_625,fpq,false_or_unknown_relied_on,1
control,fpq_626,fpq,model_boolean,1
control,fpq_626,fpq,any_false,1
control,fpq_626,fpq,false_and_relied_on,0
control,fpq_626,fpq,false_or_unknown_relied_on,0
control,fpq_628,fpq,model_boolean,0
control,fpq_628,fpq,any_false,0
control,fpq_628,fpq,false_and_relied_on,0
control,fpq_628,fpq,false_or_unknown_relied_on,1
control,fpq_629,fpq,model_boolean,0
control,fpq_629,fpq,any_false,0
control,fpq_629,fpq,false_and_relied_on,0
control,fpq_629,fpq,false_or_unknown_relied_on,0
control,fpq_63,fpq,model_boolean,1
control,fpq_63,fpq,any_false,1
control,fpq_63,fpq,false_and_relied_on,0
control,fpq_63,fpq,false_or_unknown_relied_on,0
control,fpq_630,fpq,model_boolean,1
control,fpq_630,fpq,any_false,1
control,fpq_630,fpq,false_and_relied_on,0
control,fpq_630,fpq,false_or_unknown_relied_on,0
control,fpq_631,fpq,model_boolean,0
control,fpq_631,fpq,any_false,1
control,fpq_631,fpq,false_and_relied_on,0
control,fpq_631,fpq,false_or_unknown_relied_on,0
control,fpq_632,fpq,model_boolean,1
control,fpq_632,fpq,any_false,1
control,fpq_632,fpq,false_and_relied_on,1
control,fpq_632,fpq,false_or_unknown_relied_on,1
control,fpq_633,fpq,model_boolean,0
control,fpq_633,fpq,any_false,0
control,fpq_633,fpq,false_and_relied_on,0
control,fpq_633,fpq,false_or_unknown_relied_on,0
control,fpq_634,fpq,model_boolean,0
control,fpq_634,fpq,any_false,0
control,fpq_634,fpq,false_and_relied_on,0
control,fpq_634,fpq,false_or_unknown_relied_on,0
control,fpq_635,fpq,model_boolean,0
control,fpq_635,fpq,any_false,0
control,fpq_635,fpq,false_and_relied_on,0
control,fpq_635,fpq,false_or_unknown_relied_on,0
control,fpq_636,fpq,model_boolean,0
control,fpq_636,fpq,any_false,0
control,fpq_636,fpq,false_and_relied_on,0
control,fpq_636,fpq,false_or_unknown_relied_on,1
control,fpq_638,fpq,model_boolean,0
control,fpq_638,fpq,any_false,0
control,fpq_638,fpq,false_and_relied_on,0
control,fpq_638,fpq,false_or_unknown_relied_on,0
control,fpq_639,fpq,model_boolean,0
control,fpq_639,fpq,any_false,0
control,fpq_639,fpq,false_and_relied_on,0
control,fpq_639,fpq,false_or_unknown_relied_on,0
control,fpq_64,fpq,model_boolean,1
control,fpq_64,fpq,any_false,1
control,fpq_64,fpq,false_and_relied_on,1
control,fpq_64,fpq,false_or_unknown_relied_on,1
control,fpq_640,fpq,model_boolean,0
control,fpq_640,fpq,any_false,0
control,fpq_640,fpq,false_and_relied_on,0
control,fpq_640,fpq,false_or_unknown_relied_on,0
control,fpq_641,fpq,model_boolean,0
control,fpq_641,fpq,any_false,0
control,fpq_641,fpq,false_and_relied_on,0
control,fpq_641,fpq,false_or_unknown_relied_on,0
control,fpq_643,fpq,model_boolean,0
control,fpq_643,fpq,any_false,0
control,fpq_643,fpq,false_and_relied_on,0
control,fpq_643,fpq,false_or_unknown_relied_on,0
control,fpq_644,fpq,model_boolean,0
control,fpq_644,fpq,any_false,0
control,fpq_644,fpq,false_and_relied_on,0
control,fpq_644,fpq,false_or_unknown_relied_on,0
control,fpq_645,fpq,model_boolean,0
control,fpq_645,fpq,any_false,0
control,fpq_645,fpq,false_and_relied_on,0
control,fpq_645,fpq,false_or_unknown_relied_on,0
control,fpq_646,fpq,model_boolean,0
control,fpq_646,fpq,any_false,0
control,fpq_646,fpq,false_and_relied_on,0
control,fpq_646,fpq,false_or_unknown_relied_on,0
control,fpq_647,fpq,model_boolean,0
control,fpq_647,fpq,any_false,0
control,fpq_647,fpq,false_and_relied_on,0
control,fpq_647,fpq,false_or_unknown_relied_on,0
control,fpq_649,fpq,model_boolean,0
control,fpq_649,fpq,any_false,0
control,fpq_649,fpq,false_and_relied_on,0
control,fpq_649,fpq,false_or_unknown_relied_on,0
control,fpq_65,fpq,model_boolean,0
control,fpq_65,fpq,any_false,0
control,fpq_65,fpq,false_and_relied_on,0
control,fpq_65,fpq,false_or_unknown_relied_on,0
control,fpq_650,fpq,model_boolean,0
control,fpq_650,fpq,any_false,0
control,fpq_650,fpq,false_and_relied_on,0
control,fpq_650,fpq,false_or_unknown_relied_on,0
control,fpq_652,fpq,model_boolean,0
control,fpq_652,fpq,any_false,0
control,fpq_652,fpq,false_and_relied_on,0
control,fpq_652,fpq,false_or_unknown_relied_on,0
control,fpq_653,fpq,model_boolean,0
control,fpq_653,fpq,any_false,0
control,fpq_653,fpq,false_and_relied_on,0
control,fpq_653,fpq,false_or_unknown_relied_on,0
control,fpq_654,fpq,model_boolean,0
control,fpq_654,fpq,any_false,0
control,fpq_654,fpq,false_and_relied_on,0
control,fpq_654,fpq,false_or_unknown_relied_on,0
control,fpq_655,fpq,model_boolean,0
control,fpq_655,fpq,any_false,0
control,fpq_655,fpq,false_and_relied_on,0
control,fpq_655,fpq,false_or_unknown_relied_on,0
control,fpq_657,fpq,model_boolean,1
control,fpq_657,fpq,any_false,1
control,fpq_657,fpq,false_and_relied_on,1
control,fpq_657,fpq,false_or_unknown_relied_on,1
control,fpq_659,fpq,model_boolean,0
control,fpq_659,fpq,any_false,0
control,fpq_659,fpq,false_and_relied_on,0
control,fpq_659,fpq,false_or_unknown_relied_on,0
control,fpq_66,fpq,model_boolean,0
control,fpq_66,fpq,any_false,0
control,fpq_66,fpq,false_and_relied_on,0
control,fpq_66,fpq,false_or_unknown_relied_on,1
control,fpq_661,fpq,model_boolean,0
control,fpq_661,fpq,any_false,0
control,fpq_661,fpq,false_and_relied_on,0
control,fpq_661,fpq,false_or_unknown_relied_on,0
control,fpq_662,fpq,model_boolean,0
control,fpq_662,fpq,any_false,0
control,fpq_662,fpq,false_and_relied_on,0
control,fpq_662,fpq,false_or_unknown_relied_on,0
control,fpq_663,fpq,model_boolean,0
control,fpq_663,fpq,any_false,0
control,fpq_663,fpq,false_and_relied_on,0
control,fpq_663,fpq,false_or_unknown_relied_on,0
control,fpq_666,fpq,model_boolean,0
control,fpq_666,fpq,any_false,0
control,fpq_666,fpq,false_and_relied_on,0
control,fpq_666,fpq,false_or_unknown_relied_on,0
control,fpq_669,fpq,model_boolean,0
control,fpq_669,fpq,any_false,0
control,fpq_669,fpq,false_and_relied_on,0
control,fpq_669,fpq,false_or_unknown_relied_on,0
control,fpq_67,fpq,model_boolean,0
control,fpq_67,fpq,any_false,0
control,fpq_67,fpq,false_and_relied_on,0
control,fpq_67,fpq,false_or_unknown_relied_on,0
control,fpq_671,fpq,model_boolean,0
control,fpq_671,fpq,any_false,0
control,fpq_671,fpq,false_and_relied_on,0
control,fpq_671,fpq,false_or_unknown_relied_on,0
control,fpq_675,fpq,model_boolean,0
control,fpq_675,fpq,any_false,0
control,fpq_675,fpq,false_and_relied_on,0
control,fpq_675,fpq,false_or_unknown_relied_on,1
control,fpq_676,fpq,model_boolean,0
control,fpq_676,fpq,any_false,0
control,fpq_676,fpq,false_and_relied_on,0
control,fpq_676,fpq,false_or_unknown_relied_on,0
control,fpq_677,fpq,model_boolean,0
control,fpq_677,fpq,any_false,0
control,fpq_677,fpq,false_and_relied_on,0
control,fpq_677,fpq,false_or_unknown_relied_on,0
control,fpq_678,fpq,model_boolean,1
control,fpq_678,fpq,any_false,1
control,fpq_678,fpq,false_and_relied_on,1
control,fpq_678,fpq,false_or_unknown_relied_on,1
control,fpq_68,fpq,model_boolean,0
control,fpq_68,fpq,any_false,0
control,fpq_68,fpq,false_and_relied_on,0
control,fpq_68,fpq,false_or_unknown_relied_on,0
control,fpq_682,fpq,model_boolean,0
control,fpq_682,fpq,any_false,0
control,fpq_682,fpq,false_and_relied_on,0
control,fpq_682,fpq,false_or_unknown_relied_on,0
control,fpq_685,fpq,model_boolean,0
control,fpq_685,fpq,any_false,0
control,fpq_685,fpq,false_and_relied_on,0
control,fpq_685,fpq,false_or_unknown_relied_on,0
control,fpq_687,fpq,model_boolean,0
control,fpq_687,fpq,any_false,0
control,fpq_687,fpq,false_and_relied_on,0
control,fpq_687,fpq,false_or_unknown_relied_on,0
control,fpq_689,fpq,model_boolean,0
control,fpq_689,fpq,any_false,1
control,fpq_689,fpq,false_and_relied_on,0
control,fpq_689,fpq,false_or_unknown_relied_on,0
control,fpq_69,fpq,model_boolean,1
control,fpq_69,fpq,any_false,1
control,fpq_69,fpq,false_and_relied_on,1
control,fpq_69,fpq,false_or_unknown_relied_on,1
control,fpq_690,fpq,model_boolean,0
control,fpq_690,fpq,any_false,0
control,fpq_690,fpq,false_and_relied_on,0
control,fpq_690,fpq,false_or_unknown_relied_on,0
control,fpq_691,fpq,model_boolean,1
control,fpq_691,fpq,any_false,1
control,fpq_691,fpq,false_and_relied_on,1
control,fpq_691,fpq,false_or_unknown_relied_on,1
control,fpq_692,fpq,model_boolean,1
control,fpq_692,fpq,any_false,1
control,fpq_692,fpq,false_and_relied_on,1
control,fpq_692,fpq,false_or_unknown_relied_on,1
control,fpq_694,fpq,model_boolean,0
control,fpq_694,fpq,any_false,1
control,fpq_694,fpq,false_and_relied_on,0
control,fpq_694,fpq,false_or_unknown_relied_on,1
control,fpq_695,fpq,model_boolean,0
control,fpq_695,fpq,any_false,0
control,fpq_695,fpq,false_and_relied_on,0
control,fpq_695,fpq,false_or_unknown_relied_on,1
control,fpq_696,fpq,model_boolean,0
control,fpq_696,fpq,any_false,0
control,fpq_696,fpq,false_and_relied_on,0
control,fpq_696,fpq,false_or_unknown_relied_on,0
control,fpq_697,fpq,model_boolean,1
control,fpq_697,fpq,any_false,1
control,fpq_697,fpq,false_and_relied_on,1
control,fpq_697,fpq,false_or_unknown_relied_on,1
control,fpq_699,fpq,model_boolean,0
control,fpq_699,fpq,any_false,0
control,fpq_699,fpq,false_and_relied_on,0
control,fpq_699,fpq,false_or_unknown_relied_on,1
control,fpq_7,fpq,model_boolean,0
control,fpq_7,fpq,any_false,1
control,fpq_7,fpq,false_and_relied_on,0
control,fpq_7,fpq,false_or_unknown_relied_on,1
control,fpq_70,fpq,model_boolean,0
control,fpq_70,fpq,any_false,0
control,fpq_70,fpq,false_and_relied_on,0
control,fpq_70,fpq,false_or_unknown_relied_on,0
control,fpq_702,fpq,model_boolean,1
control,fpq_702,fpq,any_false,1
control,fpq_702,fpq,false_and_relied_on,1
control,fpq_702,fpq,false_or_unknown_relied_on,1
control,fpq_703,fpq,model_boolean,0
control,fpq_703,fpq,any_false,0
control,fpq_703,fpq,false_and_relied_on,0
control,fpq_703,fpq,false_or_unknown_relied_on,0
control,fpq_704,fpq,model_boolean,0
control,fpq_704,fpq,any_false,0
control,fpq_704,fpq,false_and_relied_on,0
control,fpq_704,fpq,false_or_unknown_relied_on,1
control,fpq_705,fpq,model_boolean,0
control,fpq_705,fpq,any_false,0
control,fpq_705,fpq,false_and_relied_on,0
control,fpq_705,fpq,false_or_unknown_relied_on,1
control,fpq_706,fpq,model_boolean,0
control,fpq_706,fpq,any_false,0
control,fpq_706,fpq,false_and_relied_on,0
control,fpq_706,fpq,false_or_unknown_relied_on,1
control,fpq_71,fpq,model_boolean,0
control,fpq_71,fpq,any_false,0
control,fpq_71,fpq,false_and_relied_on,0
control,fpq_71,fpq,false_or_unknown_relied_on,0
control,fpq_712,fpq,model_boolean,0
control,fpq_712,fpq,any_false,0
control,fpq_712,fpq,false_and_relied_on,0
control,fpq_712,fpq,false_or_unknown_relied_on,0
control,fpq_713,fpq,model_boolean,0
control,fpq_713,fpq,any_false,0
control,fpq_713,fpq,false_and_relied_on,0
control,fpq_713,fpq,false_or_unknown_relied_on,0
control,fpq_72,fpq,model_boolean,1
control,fpq_72,fpq,any_false,1
control,fpq_72,fpq,false_and_relied_on,1
control,fpq_72,fpq,false_or_unknown_relied_on,1
control,fpq_721,fpq,model_boolean,1
control,fpq_721,fpq,any_false,1
control,fpq_721,fpq,false_and_relied_on,0
control,fpq_721,fpq,false_or_unknown_relied_on,0
control,fpq_722,fpq,model_boolean,0
control,fpq_722,fpq,any_false,0
control,fpq_722,fpq,false_and_relied_on,0
control,fpq_722,fpq,false_or_unknown_relied_on,1
control,fpq_723,fpq,model_boolean,1
control,fpq_723,fpq,any_false,1
control,fpq_723,fpq,false_and_relied_on,1
control,fpq_723,fpq,false_or_unknown_relied_on,1
control,fpq_724,fpq,model_boolean,0
control,fpq_724,fpq,any_false,0
control,fpq_724,fpq,false_and_relied_on,0
control,fpq_724,fpq,false_or_unknown_relied_on,0
control,fpq_725,fpq,model_boolean,0
control,fpq_725,fpq,any_false,0
control,fpq_725,fpq,false_and_relied_on,0
control,fpq_725,fpq,false_or_unknown_relied_on,0
control,fpq_726,fpq,model_boolean,0
control,fpq_726,fpq,any_false,0
control,fpq_726,fpq,false_and_relied_on,0
control,fpq_726,fpq,false_or_unknown_relied_on,0
control,fpq_727,fpq,model_boolean,0
control,fpq_727,fpq,any_false,0
control,fpq_727,fpq,false_and_relied_on,0
control,fpq_727,fpq,false_or_unknown_relied_on,0
control,fpq_728,fpq,model_boolean,1
control,fpq_728,fpq,any_false,1
control,fpq_728,fpq,false_and_relied_on,1
control,fpq_728,fpq,false_or_unknown_relied_on,1
control,fpq_729,fpq,model_boolean,0
control,fpq_729,fpq,any_false,0
control,fpq_729,fpq,false_and_relied_on,0
control,fpq_729,fpq,false_or_unknown_relied_on,0
control,fpq_73,fpq,model_boolean,0
control,fpq_73,fpq,any_false,0
control,fpq_73,fpq,false_and_relied_on,0
control,fpq_73,fpq,false_or_unknown_relied_on,0
control,fpq_730,fpq,model_boolean,0
control,fpq_730,fpq,any_false,0
control,fpq_730,fpq,false_and_relied_on,0
control,fpq_730,fpq,false_or_unknown_relied_on,1
control,fpq_735,fpq,model_boolean,0
control,fpq_735,fpq,any_false,0
control,fpq_735,fpq,false_and_relied_on,0
control,fpq_735,fpq,false_or_unknown_relied_on,0
control,fpq_736,fpq,model_boolean,0
control,fpq_736,fpq,any_false,0
control,fpq_736,fpq,false_and_relied_on,0
control,fpq_736,fpq,false_or_unknown_relied_on,0
control,fpq_738,fpq,model_boolean,0
control,fpq_738,fpq,any_false,0
control,fpq_738,fpq,false_and_relied_on,0
control,fpq_738,fpq,false_or_unknown_relied_on,0
control,fpq_74,fpq,model_boolean,0
control,fpq_74,fpq,any_false,0
control,fpq_74,fpq,false_and_relied_on,0
control,fpq_74,fpq,false_or_unknown_relied_on,0
control,fpq_740,fpq,model_boolean,0
control,fpq_740,fpq,any_false,0
control,fpq_740,fpq,false_and_relied_on,0
control,fpq_740,fpq,false_or_unknown_relied_on,0
control,fpq_741,fpq,model_boolean,0
control,fpq_741,fpq,any_false,0
control,fpq_741,fpq,false_and_relied_on,0
control,fpq_741,fpq,false_or_unknown_relied_on,0
control,fpq_743,fpq,model_boolean,0
control,fpq_743,fpq,any_false,0
control,fpq_743,fpq,false_and_relied_on,0
control,fpq_743,fpq,false_or_unknown_relied_on,0
control,fpq_744,fpq,model_boolean,0
control,fpq_744,fpq,any_false,0
control,fpq_744,fpq,false_and_relied_on,0
control,fpq_744,fpq,false_or_unknown_relied_on,1
control,fpq_745,fpq,model_boolean,0
control,fpq_745,fpq,any_false,0
control,fpq_745,fpq,false_and_relied_on,0
control,fpq_745,fpq,false_or_unknown_relied_on,0
control,fpq_746,fpq,model_boolean,0
control,fpq_746,fpq,any_false,0
control,fpq_746,fpq,false_and_relied_on,0
control,fpq_746,fpq,false_or_unknown_relied_on,0
control,fpq_747,fpq,model_boolean,0
control,fpq_747,fpq,any_false,0
control,fpq_747,fpq,false_and_relied_on,0
control,fpq_747,fpq,false_or_unknown_relied_on,0
control,fpq_749,fpq,model_boolean,0
control,fpq_749,fpq,any_false,0
control,fpq_749,fpq,false_and_relied_on,0
control,fpq_749,fpq,false_or_unknown_relied_on,0
control,fpq_75,fpq,model_boolean,0
control,fpq_75,fpq,any_false,1
control,fpq_75,fpq,false_and_relied_on,0
control,fpq_75,fpq,false_or_unknown_relied_on,0
control,fpq_750,fpq,model_boolean,0
control,fpq_750,fpq,any_false,1
control,fpq_750,fpq,false_and_relied_on,0
control,fpq_750,fpq,false_or_unknown_relied_on,0
control,fpq_751,fpq,model_boolean,0
control,fpq_751,fpq,any_false,1
control,fpq_751,fpq,false_and_relied_on,0
control,fpq_751,fpq,false_or_unknown_relied_on,0
control,fpq_753,fpq,model_boolean,0
control,fpq_753,fpq,any_false,0
control,fpq_753,fpq,false_and_relied_on,0
control,fpq_753,fpq,false_or_unknown_relied_on,1
control,fpq_754,fpq,model_boolean,0
control,fpq_754,fpq,any_false,0
control,fpq_754,fpq,false_and_relied_on,0
control,fpq_754,fpq,false_or_unknown_relied_on,0
control,fpq_755,fpq,model_boolean,0
control,fpq_755,fpq,any_false,0
control,fpq_755,fpq,false_and_relied_on,0
control,fpq_755,fpq,false_or_unknown_relied_on,0
control,fpq_76,fpq,model_boolean,0
control,fpq_76,fpq,any_false,0
control,fpq_76,fpq,false_and_relied_on,0
control,fpq_76,fpq,false_or_unknown_relied_on,0
control,fpq_761,fpq,model_boolean,0
control,fpq_761,fpq,any_false,1
control,fpq_761,fpq,false_and_relied_on,0
control,fpq_761,fpq,false_or_unknown_relied_on,0
control,fpq_762,fpq,model_boolean,0
control,fpq_762,fpq,any_false,0
control,fpq_762,fpq,false_and_relied_on,0
control,fpq_762,fpq,false_or_unknown_relied_on,0
control,fpq_763,fpq,model_boolean,1
control,fpq_763,fpq,any_false,1
control,fpq_763,fpq,false_and_relied_on,1
control,fpq_763,fpq,false_or_unknown_relied_on,1
control,fpq_764,fpq,model_boolean,1
control,fpq_764,fpq,any_false,1
control,fpq_764,fpq,false_and_relied_on,1
control,fpq_764,fpq,false_or_unknown_relied_on,1
control,fpq_77,fpq,model_boolean,0
control,fpq_77,fpq,any_false,0
control,fpq_77,fpq,false_and_relied_on,0
control,fpq_77,fpq,false_or_unknown_relied_on,0
control,fpq_771,fpq,model_boolean,1
control,fpq_771,fpq,any_false,1
control,fpq_771,fpq,false_and_relied_on,1
control,fpq_771,fpq,false_or_unknown_relied_on,1
control,fpq_772,fpq,model_boolean,0
control,fpq_772,fpq,any_false,0
control,fpq_772,fpq,false_and_relied_on,0
control,fpq_772,fpq,false_or_unknown_relied_on,0
control,fpq_773,fpq,model_boolean,0
control,fpq_773,fpq,any_false,0
control,fpq_773,fpq,false_and_relied_on,0
control,fpq_773,fpq,false_or_unknown_relied_on,0
control,fpq_774,fpq,model_boolean,0
control,fpq_774,fpq,any_false,0
control,fpq_774,fpq,false_and_relied_on,0
control,fpq_774,fpq,false_or_unknown_relied_on,0
control,fpq_775,fpq,model_boolean,1
control,fpq_775,fpq,any_false,1
control,fpq_775,fpq,false_and_relied_on,0
control,fpq_775,fpq,false_or_unknown_relied_on,0
control,fpq_776,fpq,model_boolean,0
control,fpq_776,fpq,any_false,0
control,fpq_776,fpq,false_and_relied_on,0
control,fpq_776,fpq,false_or_unknown_relied_on,1
control,fpq_777,fpq,model_boolean,0
control,fpq_777,fpq,any_false,0
control,fpq_777,fpq,false_and_relied_on,0
control,fpq_777,fpq,false_or_unknown_relied_on,0
control,fpq_778,fpq,model_boolean,0
control,fpq_778,fpq,any_false,0
control,fpq_778,fpq,false_and_relied_on,0
control,fpq_778,fpq,false_or_unknown_relied_on,0
control,fpq_78,fpq,model_boolean,0
control,fpq_78,fpq,any_false,0
control,fpq_78,fpq,false_and_relied_on,0
control,fpq_78,fpq,false_or_unknown_relied_on,0
control,fpq_780,fpq,model_boolean,1
control,fpq_780,fpq,any_false,1
control,fpq_780,fpq,false_and_relied_on,0
control,fpq_780,fpq,false_or_unknown_relied_on,0
control,fpq_781,fpq,model_boolean,0
control,fpq_781,fpq,any_false,0
control,fpq_781,fpq,false_and_relied_on,0
control,fpq_781,fpq,false_or_unknown_relied_on,0
control,fpq_789,fpq,model_boolean,1
control,fpq_789,fpq,any_false,1
control,fpq_789,fpq,false_and_relied_on,1
control,fpq_789,fpq,false_or_unknown_relied_on,1
control,fpq_794,fpq,model_boolean,0
control,fpq_794,fpq,any_false,0
control,fpq_794,fpq,false_and_relied_on,0
control,fpq_794,fpq,false_or_unknown_relied_on,0
control,fpq_797,fpq,model_boolean,0
control,fpq_797,fpq,any_false,0
control,fpq_797,fpq,false_and_relied_on,0
control,fpq_797,fpq,false_or_unknown_relied_on,0
control,fpq_798,fpq,model_boolean,0
control,fpq_798,fpq,any_false,0
control,fpq_798,fpq,false_and_relied_on,0
control,fpq_798,fpq,false_or_unknown_relied_on,1
control,fpq_799,fpq,model_boolean,0
control,fpq_799,fpq,any_false,0
control,fpq_799,fpq,false_and_relied_on,0
control,fpq_799,fpq,false_or_unknown_relied_on,0
control,fpq_8,fpq,model_boolean,1
control,fpq_8,fpq,any_false,1
control,fpq_8,fpq,false_and_relied_on,1
control,fpq_8,fpq,false_or_unknown_relied_on,1
control,fpq_80,fpq,model_boolean,0
control,fpq_80,fpq,any_false,0
control,fpq_80,fpq,false_and_relied_on,0
control,fpq_80,fpq,false_or_unknown_relied_on,1
control,fpq_801,fpq,model_boolean,0
control,fpq_801,fpq,any_false,0
control,fpq_801,fpq,false_and_relied_on,0
control,fpq_801,fpq,false_or_unknown_relied_on,0
control,fpq_802,fpq,model_boolean,0
control,fpq_802,fpq,any_false,0
control,fpq_802,fpq,false_and_relied_on,0
control,fpq_802,fpq,false_or_unknown_relied_on,0
control,fpq_804,fpq,model_boolean,0
control,fpq_804,fpq,any_false,0
control,fpq_804,fpq,false_and_relied_on,0
control,fpq_804,fpq,false_or_unknown_relied_on,1
control,fpq_805,fpq,model_boolean,1
control,fpq_805,fpq,any_false,1
control,fpq_805,fpq,false_and_relied_on,1
control,fpq_805,fpq,false_or_unknown_relied_on,1
control,fpq_806,fpq,model_boolean,0
control,fpq_806,fpq,any_false,0
control,fpq_806,fpq,false_and_relied_on,0
control,fpq_806,fpq,false_or_unknown_relied_on,1
control,fpq_807,fpq,model_boolean,0
control,fpq_807,fpq,any_false,0
control,fpq_807,fpq,false_and_relied_on,0
control,fpq_807,fpq,false_or_unknown_relied_on,0
control,fpq_808,fpq,model_boolean,1
control,fpq_808,fpq,any_false,1
control,fpq_808,fpq,false_and_relied_on,0
control,fpq_808,fpq,false_or_unknown_relied_on,1
control,fpq_81,fpq,model_boolean,0
control,fpq_81,fpq,any_false,0
control,fpq_81,fpq,false_and_relied_on,0
control,fpq_81,fpq,false_or_unknown_relied_on,0
control,fpq_813,fpq,model_boolean,0
control,fpq_813,fpq,any_false,0
control,fpq_813,fpq,false_and_relied_on,0
control,fpq_813,fpq,false_or_unknown_relied_on,0
control,fpq_814,fpq,model_boolean,0
control,fpq_814,fpq,any_false,1
control,fpq_814,fpq,false_and_relied_on,0
control,fpq_814,fpq,false_or_unknown_relied_on,0
control,fpq_817,fpq,model_boolean,0
control,fpq_817,fpq,any_false,0
control,fpq_817,fpq,false_and_relied_on,0
control,fpq_817,fpq,false_or_unknown_relied_on,0
control,fpq_818,fpq,model_boolean,0
control,fpq_818,fpq,any_false,0
control,fpq_818,fpq,false_and_relied_on,0
control,fpq_818,fpq,false_or_unknown_relied_on,0
control,fpq_82,fpq,model_boolean,1
control,fpq_82,fpq,any_false,1
control,fpq_82,fpq,false_and_relied_on,1
control,fpq_82,fpq,false_or_unknown_relied_on,1
control,fpq_820,fpq,model_boolean,0
control,fpq_820,fpq,any_false,1
control,fpq_820,fpq,false_and_relied_on,0
control,fpq_820,fpq,false_or_unknown_relied_on,0
control,fpq_823,fpq,model_boolean,0
control,fpq_823,fpq,any_false,0
control,fpq_823,fpq,false_and_relied_on,0
control,fpq_823,fpq,false_or_unknown_relied_on,0
control,fpq_824,fpq,model_boolean,1
control,fpq_824,fpq,any_false,1
control,fpq_824,fpq,false_and_relied_on,1
control,fpq_824,fpq,false_or_unknown_relied_on,1
control,fpq_827,fpq,model_boolean,0
control,fpq_827,fpq,any_false,0
control,fpq_827,fpq,false_and_relied_on,0
control,fpq_827,fpq,false_or_unknown_relied_on,0
control,fpq_828,fpq,model_boolean,0
control,fpq_828,fpq,any_false,0
control,fpq_828,fpq,false_and_relied_on,0
control,fpq_828,fpq,false_or_unknown_relied_on,0
control,fpq_830,fpq,model_boolean,0
control,fpq_830,fpq,any_false,0
control,fpq_830,fpq,false_and_relied_on,0
control,fpq_830,fpq,false_or_unknown_relied_on,0
control,fpq_831,fpq,model_boolean,0
control,fpq_831,fpq,any_false,1
control,fpq_831,fpq,false_and_relied_on,0
control,fpq_831,fpq,false_or_unknown_relied_on,0
control,fpq_832,fpq,model_boolean,0
control,fpq_832,fpq,any_false,0
control,fpq_832,fpq,false_and_relied_on,0
control,fpq_832,fpq,false_or_unknown_relied_on,0
control,fpq_833,fpq,model_boolean,0
control,fpq_833,fpq,any_false,1
control,fpq_833,fpq,false_and_relied_on,0
control,fpq_833,fpq,false_or_unknown_relied_on,0
control,fpq_834,fpq,model_boolean,1
control,fpq_834,fpq,any_false,1
control,fpq_834,fpq,false_and_relied_on,1
control,fpq_834,fpq,false_or_unknown_relied_on,1
control,fpq_835,fpq,model_boolean,0
control,fpq_835,fpq,any_false,0
control,fpq_835,fpq,false_and_relied_on,0
control,fpq_835,fpq,false_or_unknown_relied_on,0
control,fpq_836,fpq,model_boolean,0
control,fpq_836,fpq,any_false,1
control,fpq_836,fpq,false_and_relied_on,0
control,fpq_836,fpq,false_or_unknown_relied_on,0
control,fpq_837,fpq,model_boolean,0
control,fpq_837,fpq,any_false,0
control,fpq_837,fpq,false_and_relied_on,0
control,fpq_837,fpq,false_or_unknown_relied_on,0
control,fpq_838,fpq,model_boolean,1
control,fpq_838,fpq,any_false,1
control,fpq_838,fpq,false_and_relied_on,1
control,fpq_838,fpq,false_or_unknown_relied_on,1
control,fpq_839,fpq,model_boolean,0
control,fpq_839,fpq,any_false,0
control,fpq_839,fpq,false_and_relied_on,0
control,fpq_839,fpq,false_or_unknown_relied_on,0
control,fpq_84,fpq,model_boolean,0
control,fpq_84,fpq,any_false,0
control,fpq_84,fpq,false_and_relied_on,0
control,fpq_84,fpq,false_or_unknown_relied_on,0
control,fpq_840,fpq,model_boolean,0
control,fpq_840,fpq,any_false,0
control,fpq_840,fpq,false_and_relied_on,0
control,fpq_840,fpq,false_or_unknown_relied_on,0
control,fpq_844,fpq,model_boolean,1
control,fpq_844,fpq,any_false,1
control,fpq_844,fpq,false_and_relied_on,1
control,fpq_844,fpq,false_or_unknown_relied_on,1
control,fpq_846,fpq,model_boolean,0
control,fpq_846,fpq,any_false,0
control,fpq_846,fpq,false_and_relied_on,0
control,fpq_846,fpq,false_or_unknown_relied_on,0
control,fpq_847,fpq,model_boolean,0
control,fpq_847,fpq,any_false,0
control,fpq_847,fpq,false_and_relied_on,0
control,fpq_847,fpq,false_or_unknown_relied_on,0
control,fpq_848,fpq,model_boolean,0
control,fpq_848,fpq,any_false,0
control,fpq_848,fpq,false_and_relied_on,0
control,fpq_848,fpq,false_or_unknown_relied_on,0
control,fpq_849,fpq,model_boolean,0
control,fpq_849,fpq,any_false,0
control,fpq_849,fpq,false_and_relied_on,0
control,fpq_849,fpq,false_or_unknown_relied_on,0
control,fpq_85,fpq,model_boolean,0
control,fpq_85,fpq,any_false,0
control,fpq_85,fpq,false_and_relied_on,0
control,fpq_85,fpq,false_or_unknown_relied_on,0
control,fpq_850,fpq,model_boolean,0
control,fpq_850,fpq,any_false,1
control,fpq_850,fpq,false_and_relied_on,0
control,fpq_850,fpq,false_or_unknown_relied_on,0
control,fpq_851,fpq,model_boolean,1
control,fpq_851,fpq,any_false,1
control,fpq_851,fpq,false_and_relied_on,1
control,fpq_851,fpq,false_or_unknown_relied_on,1
control,fpq_854,fpq,model_boolean,0
control,fpq_854,fpq,any_false,0
control,fpq_854,fpq,false_and_relied_on,0
control,fpq_854,fpq,false_or_unknown_relied_on,0
control,fpq_858,fpq,model_boolean,0
control,fpq_858,fpq,any_false,0
control,fpq_858,fpq,false_and_relied_on,0
control,fpq_858,fpq,false_or_unknown_relied_on,0
control,fpq_859,fpq,model_boolean,0
control,fpq_859,fpq,any_false,0
control,fpq_859,fpq,false_and_relied_on,0
control,fpq_859,fpq,false_or_unknown_relied_on,0
control,fpq_860,fpq,model_boolean,0
control,fpq_860,fpq,any_false,0
control,fpq_860,fpq,false_and_relied_on,0
control,fpq_860,fpq,false_or_unknown_relied_on,0
control,fpq_861,fpq,model_boolean,0
control,fpq_861,fpq,any_false,0
control,fpq_861,fpq,false_and_relied_on,0
control,fpq_861,fpq,false_or_unknown_relied_on,0
control,fpq_862,fpq,model_boolean,1
control,fpq_862,fpq,any_false,1
control,fpq_862,fpq,false_and_relied_on,1
control,fpq_862,fpq,false_or_unknown_relied_on,1
control,fpq_863,fpq,model_boolean,1
control,fpq_863,fpq,any_false,1
control,fpq_863,fpq,false_and_relied_on,1
control,fpq_863,fpq,false_or_unknown_relied_on,1
control,fpq_864,fpq,model_boolean,0
control,fpq_864,fpq,any_false,0
control,fpq_864,fpq,false_and_relied_on,0
control,fpq_864,fpq,false_or_unknown_relied_on,0
control,fpq_865,fpq,model_boolean,0
control,fpq_865,fpq,any_false,0
control,fpq_865,fpq,false_and_relied_on,0
control,fpq_865,fpq,false_or_unknown_relied_on,0
control,fpq_866,fpq,model_boolean,0
control,fpq_866,fpq,any_false,0
control,fpq_866,fpq,false_and_relied_on,0
control,fpq_866,fpq,false_or_unknown_relied_on,1
control,fpq_869,fpq,model_boolean,0
control,fpq_869,fpq,any_false,0
control,fpq_869,fpq,false_and_relied_on,0
control,fpq_869,fpq,false_or_unknown_relied_on,0
control,fpq_87,fpq,model_boolean,0
control,fpq_87,fpq,any_false,0
control,fpq_87,fpq,false_and_relied_on,0
control,fpq_87,fpq,false_or_unknown_relied_on,0
control,fpq_870,fpq,model_boolean,0
control,fpq_870,fpq,any_false,0
control,fpq_870,fpq,false_and_relied_on,0
control,fpq_870,fpq,false_or_unknown_relied_on,0
control,fpq_871,fpq,model_boolean,0
control,fpq_871,fpq,any_false,0
control,fpq_871,fpq,false_and_relied_on,0
control,fpq_871,fpq,false_or_unknown_relied_on,0
control,fpq_872,fpq,model_boolean,0
control,fpq_872,fpq,any_false,0
control,fpq_872,fpq,false_and_relied_on,0
control,fpq_872,fpq,false_or_unknown_relied_on,0
control,fpq_88,fpq,model_boolean,1
control,fpq_88,fpq,any_false,1
control,fpq_88,fpq,false_and_relied_on,1
control,fpq_88,fpq,false_or_unknown_relied_on,1
control,fpq_89,fpq,model_boolean,0
control,fpq_89,fpq,any_false,0
control,fpq_89,fpq,false_and_relied_on,0
control,fpq_89,fpq,false_or_unknown_relied_on,0
control,fpq_9,fpq,model_boolean,1
control,fpq_9,fpq,any_false,1
control,fpq_9,fpq,false_and_relied_on,1
control,fpq_9,fpq,false_or_unknown_relied_on,1
control,fpq_90,fpq,model_boolean,0
control,fpq_90,fpq,any_false,0
control,fpq_90,fpq,false_and_relied_on,0
control,fpq_90,fpq,false_or_unknown_relied_on,0
control,fpq_91,fpq,model_boolean,0
control,fpq_91,fpq,any_false,0
control,fpq_91,fpq,false_and_relied_on,0
control,fpq_91,fpq,false_or_unknown_relied_on,1
control,fpq_92,fpq,model_boolean,0
control,fpq_92,fpq,any_false,0
control,fpq_92,fpq,false_and_relied_on,0
control,fpq_92,fpq,false_or_unknown_relied_on,0
control,fpq_94,fpq,model_boolean,0
control,fpq_94,fpq,any_false,0
control,fpq_94,fpq,false_and_relied_on,0
control,fpq_94,fpq,false_or_unknown_relied_on,0
control,fpq_96,fpq,model_boolean,0
control,fpq_96,fpq,any_false,0
control,fpq_96,fpq,false_and_relied_on,0
control,fpq_96,fpq,false_or_unknown_relied_on,0
control,fpq_97,fpq,model_boolean,0
control,fpq_97,fpq,any_false,0
control,fpq_97,fpq,false_and_relied_on,0
control,fpq_97,fpq,false_or_unknown_relied_on,0
control,fpq_98,fpq,model_boolean,0
control,fpq_98,fpq,any_false,0
control,fpq_98,fpq,false_and_relied_on,0
control,fpq_98,fpq,false_or_unknown_relied_on,1
control,fpq_99,fpq,model_boolean,0
control,fpq_99,fpq,any_false,0
control,fpq_99,fpq,false_and_relied_on,0
control,fpq_99,fpq,false_or_unknown_relied_on,1
control,nfp_1000,nfp,model_boolean,0
control,nfp_1000,nfp,any_false,0
control,nfp_1000,nfp,false_and_relied_on,0
control,nfp_1000,nfp,false_or_unknown_relied_on,0
control,nfp_1001,nfp,model_boolean,0
control,nfp_1001,nfp,any_false,0
control,nfp_1001,nfp,false_and_relied_on,0
control,nfp_1001,nfp,false_or_unknown_relied_on,0
control,nfp_1002,nfp,model_boolean,1
control,nfp_1002,nfp,any_false,1
control,nfp_1002,nfp,false_and_relied_on,1
control,nfp_1002,nfp,false_or_unknown_relied_on,1
control,nfp_1003,nfp,model_boolean,0
control,nfp_1003,nfp,any_false,0
control,nfp_1003,nfp,false_and_relied_on,0
control,nfp_1003,nfp,false_or_unknown_relied_on,1
control,nfp_1004,nfp,model_boolean,0
control,nfp_1004,nfp,any_false,0
control,nfp_1004,nfp,false_and_relied_on,0
control,nfp_1004,nfp,false_or_unknown_relied_on,0
control,nfp_1005,nfp,model_boolean,0
control,nfp_1005,nfp,any_false,0
control,nfp_1005,nfp,false_and_relied_on,0
control,nfp_1005,nfp,false_or_unknown_relied_on,0
control,nfp_1006,nfp,model_boolean,0
control,nfp_1006,nfp,any_false,0
control,nfp_1006,nfp,false_and_relied_on,0
control,nfp_1006,nfp,false_or_unknown_relied_on,0
control,nfp_1008,nfp,model_boolean,0
control,nfp_1008,nfp,any_false,0
control,nfp_1008,nfp,false_and_relied_on,0
control,nfp_1008,nfp,false_or_unknown_relied_on,0
control,nfp_1009,nfp,model_boolean,1
control,nfp_1009,nfp,any_false,0
control,nfp_1009,nfp,false_and_relied_on,0
control,nfp_1009,nfp,false_or_unknown_relied_on,1
control,nfp_1010,nfp,model_boolean,1
control,nfp_1010,nfp,any_false,1
control,nfp_1010,nfp,false_and_relied_on,1
control,nfp_1010,nfp,false_or_unknown_relied_on,1
control,nfp_1011,nfp,model_boolean,0
control,nfp_1011,nfp,any_false,0
control,nfp_1011,nfp,false_and_relied_on,0
control,nfp_1011,nfp,false_or_unknown_relied_on,0
control,nfp_1012,nfp,model_boolean,0
control,nfp_1012,nfp,any_false,0
control,nfp_1012,nfp,false_and_relied_on,0
control,nfp_1012,nfp,false_or_unknown_relied_on,0
control,nfp_1013,nfp,model_boolean,0
control,nfp_1013,nfp,any_false,0
control,nfp_1013,nfp,false_and_relied_on,0
control,nfp_1013,nfp,false_or_unknown_relied_on,0
control,nfp_1014,nfp,model_boolean,0
control,nfp_1014,nfp,any_false,0
control,nfp_1014,nfp,false_and_relied_on,0
control,nfp_1014,nfp,false_or_unknown_relied_on,0
control,nfp_1015,nfp,model_boolean,0
control,nfp_1015,nfp,any_false,0
control,nfp_1015,nfp,false_and_relied_on,0
control,nfp_1015,nfp,false_or_unknown_relied_on,1
control,nfp_1016,nfp,model_boolean,0
control,nfp_1016,nfp,any_false,0
control,nfp_1016,nfp,false_and_relied_on,0
control,nfp_1016,nfp,false_or_unknown_relied_on,1
control,nfp_1017,nfp,model_boolean,0
control,nfp_1017,nfp,any_false,0
control,nfp_1017,nfp,false_and_relied_on,0
control,nfp_1017,nfp,false_or_unknown_relied_on,0
control,nfp_1018,nfp,model_boolean,0
control,nfp_1018,nfp,any_false,0
control,nfp_1018,nfp,false_and_relied_on,0
control,nfp_1018,nfp,false_or_unknown_relied_on,0
control,nfp_1019,nfp,model_boolean,0
control,nfp_1019,nfp,any_false,0
control,nfp_1019,nfp,false_and_relied_on,0
control,nfp_1019,nfp,false_or_unknown_relied_on,0
control,nfp_1020,nfp,model_boolean,0
control,nfp_1020,nfp,any_false,1
control,nfp_1020,nfp,false_and_relied_on,0
control,nfp_1020,nfp,false_or_unknown_relied_on,0
control,nfp_1021,nfp,model_boolean,0
control,nfp_1021,nfp,any_false,0
control,nfp_1021,nfp,false_and_relied_on,0
control,nfp_1021,nfp,false_or_unknown_relied_on,0
control,nfp_1022,nfp,model_boolean,0
control,nfp_1022,nfp,any_false,0
control,nfp_1022,nfp,false_and_relied_on,0
control,nfp_1022,nfp,false_or_unknown_relied_on,1
control,nfp_1023,nfp,model_boolean,0
control,nfp_1023,nfp,any_false,0
control,nfp_1023,nfp,false_and_relied_on,0
control,nfp_1023,nfp,false_or_unknown_relied_on,0
control,nfp_1024,nfp,model_boolean,0
control,nfp_1024,nfp,any_false,0
control,nfp_1024,nfp,false_and_relied_on,0
control,nfp_1024,nfp,false_or_unknown_relied_on,1
control,nfp_1025,nfp,model_boolean,0
control,nfp_1025,nfp,any_false,0
control,nfp_1025,nfp,false_and_relied_on,0
control,nfp_1025,nfp,false_or_unknown_relied_on,0
control,nfp_1026,nfp,model_boolean,0
control,nfp_1026,nfp,any_false,0
control,nfp_1026,nfp,false_and_relied_on,0
control,nfp_1026,nfp,false_or_unknown_relied_on,1
control,nfp_1027,nfp,model_boolean,0
control,nfp_1027,nfp,any_false,0
control,nfp_1027,nfp,false_and_relied_on,0
control,nfp_1027,nfp,false_or_unknown_relied_on,0
control,nfp_1028,nfp,model_boolean,0
control,nfp_1028,nfp,any_false,0
control,nfp_1028,nfp,false_and_relied_on,0
control,nfp_1028,nfp,false_or_unknown_relied_on,0
control,nfp_1029,nfp,model_boolean,0
control,nfp_1029,nfp,any_false,0
control,nfp_1029,nfp,false_and_relied_on,0
control,nfp_1029,nfp,false_or_unknown_relied_on,0
control,nfp_1030,nfp,model_boolean,0
control,nfp_1030,nfp,any_false,0
control,nfp_1030,nfp,false_and_relied_on,0
control,nfp_1030,nfp,false_or_unknown_relied_on,0
control,nfp_1031,nfp,model_boolean,0
control,nfp_1031,nfp,any_false,0
control,nfp_1031,nfp,false_and_relied_on,0
control,nfp_1031,nfp,false_or_unknown_relied_on,0
control,nfp_1032,nfp,model_boolean,0
control,nfp_1032,nfp,any_false,0
control,nfp_1032,nfp,false_and_relied_on,0
control,nfp_1032,nfp,false_or_unknown_relied_on,0
control,nfp_1033,nfp,model_boolean,0
control,nfp_1033,nfp,any_false,0
control,nfp_1033,nfp,false_and_relied_on,0
control,nfp_1033,nfp,false_or_unknown_relied_on,0
control,nfp_1034,nfp,model_boolean,0
control,nfp_1034,nfp,any_false,1
control,nfp_1034,nfp,false_and_relied_on,0
control,nfp_1034,nfp,false_or_unknown_relied_on,0
control,nfp_1035,nfp,model_boolean,0
control,nfp_1035,nfp,any_false,0
control,nfp_1035,nfp,false_and_relied_on,0
control,nfp_1035,nfp,false_or_unknown_relied_on,0
control,nfp_1036,nfp,model_boolean,0
control,nfp_1036,nfp,any_false,0
control,nfp_1036,nfp,false_and_relied_on,0
control,nfp_1036,nfp,false_or_unknown_relied_on,1
control,nfp_1037,nfp,model_boolean,0
control,nfp_1037,nfp,any_false,0
control,nfp_1037,nfp,false_and_relied_on,0
control,nfp_1037,nfp,false_or_unknown_relied_on,1
control,nfp_1038,nfp,model_boolean,0
control,nfp_1038,nfp,any_false,0
control,nfp_1038,nfp,false_and_relied_on,0
control,nfp_1038,nfp,false_or_unknown_relied_on,0
control,nfp_1039,nfp,model_boolean,0
control,nfp_1039,nfp,any_false,0
control,nfp_1039,nfp,false_and_relied_on,0
control,nfp_1039,nfp,false_or_unknown_relied_on,1
control,nfp_1040,nfp,model_boolean,0
control,nfp_1040,nfp,any_false,0
control,nfp_1040,nfp,false_and_relied_on,0
control,nfp_1040,nfp,false_or_unknown_relied_on,0
control,nfp_1041,nfp,model_boolean,0
control,nfp_1041,nfp,any_false,0
control,nfp_1041,nfp,false_and_relied_on,0
control,nfp_1041,nfp,false_or_unknown_relied_on,0
control,nfp_1042,nfp,model_boolean,0
control,nfp_1042,nfp,any_false,0
control,nfp_1042,nfp,false_and_relied_on,0
control,nfp_1042,nfp,false_or_unknown_relied_on,0
control,nfp_1043,nfp,model_boolean,0
control,nfp_1043,nfp,any_false,0
control,nfp_1043,nfp,false_and_relied_on,0
control,nfp_1043,nfp,false_or_unknown_relied_on,0
control,nfp_1044,nfp,model_boolean,0
control,nfp_1044,nfp,any_false,0
control,nfp_1044,nfp,false_and_relied_on,0
control,nfp_1044,nfp,false_or_unknown_relied_on,0
control,nfp_1045,nfp,model_boolean,0
control,nfp_1045,nfp,any_false,0
control,nfp_1045,nfp,false_and_relied_on,0
control,nfp_1045,nfp,false_or_unknown_relied_on,0
control,nfp_1046,nfp,model_boolean,0
control,nfp_1046,nfp,any_false,0
control,nfp_1046,nfp,false_and_relied_on,0
control,nfp_1046,nfp,false_or_unknown_relied_on,0
control,nfp_1047,nfp,model_boolean,0
control,nfp_1047,nfp,any_false,0
control,nfp_1047,nfp,false_and_relied_on,0
control,nfp_1047,nfp,false_or_unknown_relied_on,0
control,nfp_1048,nfp,model_boolean,0
control,nfp_1048,nfp,any_false,0
control,nfp_1048,nfp,false_and_relied_on,0
control,nfp_1048,nfp,false_or_unknown_relied_on,0
control,nfp_1049,nfp,model_boolean,0
control,nfp_1049,nfp,any_false,0
control,nfp_1049,nfp,false_and_relied_on,0
control,nfp_1049,nfp,false_or_unknown_relied_on,0
control,nfp_1050,nfp,model_boolean,0
control,nfp_1050,nfp,any_false,0
control,nfp_1050,nfp,false_and_relied_on,0
control,nfp_1050,nfp,false_or_unknown_relied_on,0
control,nfp_1051,nfp,model_boolean,0
control,nfp_1051,nfp,any_false,0
control,nfp_1051,nfp,false_and_relied_on,0
control,nfp_1051,nfp,false_or_unknown_relied_on,0
control,nfp_1052,nfp,model_boolean,0
control,nfp_1052,nfp,any_false,0
control,nfp_1052,nfp,false_and_relied_on,0
control,nfp_1052,nfp,false_or_unknown_relied_on,0
control,nfp_1053,nfp,model_boolean,0
control,nfp_1053,nfp,any_false,0
control,nfp_1053,nfp,false_and_relied_on,0
control,nfp_1053,nfp,false_or_unknown_relied_on,0
control,nfp_1054,nfp,model_boolean,0
control,nfp_1054,nfp,any_false,0
control,nfp_1054,nfp,false_and_relied_on,0
control,nfp_1054,nfp,false_or_unknown_relied_on,0
control,nfp_1055,nfp,model_boolean,0
control,nfp_1055,nfp,any_false,0
control,nfp_1055,nfp,false_and_relied_on,0
control,nfp_1055,nfp,false_or_unknown_relied_on,0
control,nfp_1056,nfp,model_boolean,0
control,nfp_1056,nfp,any_false,0
control,nfp_1056,nfp,false_and_relied_on,0
control,nfp_1056,nfp,false_or_unknown_relied_on,1
control,nfp_1057,nfp,model_boolean,0
control,nfp_1057,nfp,any_false,0
control,nfp_1057,nfp,false_and_relied_on,0
control,nfp_1057,nfp,false_or_unknown_relied_on,0
control,nfp_1058,nfp,model_boolean,0
control,nfp_1058,nfp,any_false,0
control,nfp_1058,nfp,false_and_relied_on,0
control,nfp_1058,nfp,false_or_unknown_relied_on,0
control,nfp_1059,nfp,model_boolean,0
control,nfp_1059,nfp,any_false,0
control,nfp_1059,nfp,false_and_relied_on,0
control,nfp_1059,nfp,false_or_unknown_relied_on,0
control,nfp_1060,nfp,model_boolean,0
control,nfp_1060,nfp,any_false,0
control,nfp_1060,nfp,false_and_relied_on,0
control,nfp_1060,nfp,false_or_unknown_relied_on,1
control,nfp_1061,nfp,model_boolean,0
control,nfp_1061,nfp,any_false,0
control,nfp_1061,nfp,false_and_relied_on,0
control,nfp_1061,nfp,false_or_unknown_relied_on,0
control,nfp_1062,nfp,model_boolean,0
control,nfp_1062,nfp,any_false,0
control,nfp_1062,nfp,false_and_relied_on,0
control,nfp_1062,nfp,false_or_unknown_relied_on,0
control,nfp_1063,nfp,model_boolean,1
control,nfp_1063,nfp,any_false,1
control,nfp_1063,nfp,false_and_relied_on,1
control,nfp_1063,nfp,false_or_unknown_relied_on,1
control,nfp_1064,nfp,model_boolean,0
control,nfp_1064,nfp,any_false,0
control,nfp_1064,nfp,false_and_relied_on,0
control,nfp_1064,nfp,false_or_unknown_relied_on,0
control,nfp_1065,nfp,model_boolean,0
control,nfp_1065,nfp,any_false,0
control,nfp_1065,nfp,false_and_relied_on,0
control,nfp_1065,nfp,false_or_unknown_relied_on,0
control,nfp_1066,nfp,model_boolean,0
control,nfp_1066,nfp,any_false,0
control,nfp_1066,nfp,false_and_relied_on,0
control,nfp_1066,nfp,false_or_unknown_relied_on,0
control,nfp_1067,nfp,model_boolean,0
control,nfp_1067,nfp,any_false,0
control,nfp_1067,nfp,false_and_relied_on,0
control,nfp_1067,nfp,false_or_unknown_relied_on,0
control,nfp_1068,nfp,model_boolean,0
control,nfp_1068,nfp,any_false,0
control,nfp_1068,nfp,false_and_relied_on,0
control,nfp_1068,nfp,false_or_unknown_relied_on,0
control,nfp_1069,nfp,model_boolean,0
control,nfp_1069,nfp,any_false,0
control,nfp_1069,nfp,false_and_relied_on,0
control,nfp_1069,nfp,false_or_unknown_relied_on,1
control,nfp_1070,nfp,model_boolean,0
control,nfp_1070,nfp,any_false,0
control,nfp_1070,nfp,false_and_relied_on,0
control,nfp_1070,nfp,false_or_unknown_relied_on,0
control,nfp_1071,nfp,model_boolean,0
control,nfp_1071,nfp,any_false,0
control,nfp_1071,nfp,false_and_relied_on,0
control,nfp_1071,nfp,false_or_unknown_relied_on,0
control,nfp_1072,nfp,model_boolean,0
control,nfp_1072,nfp,any_false,0
control,nfp_1072,nfp,false_and_relied_on,0
control,nfp_1072,nfp,false_or_unknown_relied_on,0
control,nfp_1073,nfp,model_boolean,0
control,nfp_1073,nfp,any_false,0
control,nfp_1073,nfp,false_and_relied_on,0
control,nfp_1073,nfp,false_or_unknown_relied_on,0
control,nfp_1074,nfp,model_boolean,0
control,nfp_1074,nfp,any_false,0
control,nfp_1074,nfp,false_and_relied_on,0
control,nfp_1074,nfp,false_or_unknown_relied_on,0
control,nfp_1075,nfp,model_boolean,0
control,nfp_1075,nfp,any_false,0
control,nfp_1075,nfp,false_and_relied_on,0
control,nfp_1075,nfp,false_or_unknown_relied_on,1
control,nfp_1076,nfp,model_boolean,0
control,nfp_1076,nfp,any_false,0
control,nfp_1076,nfp,false_and_relied_on,0
control,nfp_1076,nfp,false_or_unknown_relied_on,0
control,nfp_1077,nfp,model_boolean,0
control,nfp_1077,nfp,any_false,0
control,nfp_1077,nfp,false_and_relied_on,0
control,nfp_1077,nfp,false_or_unknown_relied_on,0
control,nfp_1078,nfp,model_boolean,0
control,nfp_1078,nfp,any_false,0
control,nfp_1078,nfp,false_and_relied_on,0
control,nfp_1078,nfp,false_or_unknown_relied_on,0
control,nfp_1079,nfp,model_boolean,0
control,nfp_1079,nfp,any_false,0
control,nfp_1079,nfp,false_and_relied_on,0
control,nfp_1079,nfp,false_or_unknown_relied_on,0
control,nfp_1080,nfp,model_boolean,0
control,nfp_1080,nfp,any_false,0
control,nfp_1080,nfp,false_and_relied_on,0
control,nfp_1080,nfp,false_or_unknown_relied_on,0
control,nfp_1081,nfp,model_boolean,0
control,nfp_1081,nfp,any_false,0
control,nfp_1081,nfp,false_and_relied_on,0
control,nfp_1081,nfp,false_or_unknown_relied_on,0
control,nfp_1082,nfp,model_boolean,0
control,nfp_1082,nfp,any_false,0
control,nfp_1082,nfp,false_and_relied_on,0
control,nfp_1082,nfp,false_or_unknown_relied_on,0
control,nfp_1083,nfp,model_boolean,0
control,nfp_1083,nfp,any_false,1
control,nfp_1083,nfp,false_and_relied_on,0
control,nfp_1083,nfp,false_or_unknown_relied_on,0
control,nfp_1084,nfp,model_boolean,0
control,nfp_1084,nfp,any_false,0
control,nfp_1084,nfp,false_and_relied_on,0
control,nfp_1084,nfp,false_or_unknown_relied_on,0
control,nfp_1085,nfp,model_boolean,0
control,nfp_1085,nfp,any_false,0
control,nfp_1085,nfp,false_and_relied_on,0
control,nfp_1085,nfp,false_or_unknown_relied_on,0
control,nfp_1086,nfp,model_boolean,0
control,nfp_1086,nfp,any_false,0
control,nfp_1086,nfp,false_and_relied_on,0
control,nfp_1086,nfp,false_or_unknown_relied_on,0
control,nfp_1087,nfp,model_boolean,0
control,nfp_1087,nfp,any_false,0
control,nfp_1087,nfp,false_and_relied_on,0
control,nfp_1087,nfp,false_or_unknown_relied_on,0
control,nfp_1088,nfp,model_boolean,0
control,nfp_1088,nfp,any_false,0
control,nfp_1088,nfp,false_and_relied_on,0
control,nfp_1088,nfp,false_or_unknown_relied_on,0
control,nfp_1089,nfp,model_boolean,0
control,nfp_1089,nfp,any_false,1
control,nfp_1089,nfp,false_and_relied_on,0
control,nfp_1089,nfp,false_or_unknown_relied_on,0
control,nfp_1090,nfp,model_boolean,0
control,nfp_1090,nfp,any_false,0
control,nfp_1090,nfp,false_and_relied_on,0
control,nfp_1090,nfp,false_or_unknown_relied_on,1
control,nfp_1091,nfp,model_boolean,0
control,nfp_1091,nfp,any_false,0
control,nfp_1091,nfp,false_and_relied_on,0
control,nfp_1091,nfp,false_or_unknown_relied_on,0
control,nfp_1092,nfp,model_boolean,0
control,nfp_1092,nfp,any_false,0
control,nfp_1092,nfp,false_and_relied_on,0
control,nfp_1092,nfp,false_or_unknown_relied_on,0
control,nfp_1093,nfp,model_boolean,0
control,nfp_1093,nfp,any_false,0
control,nfp_1093,nfp,false_and_relied_on,0
control,nfp_1093,nfp,false_or_unknown_relied_on,0
control,nfp_1094,nfp,model_boolean,0
control,nfp_1094,nfp,any_false,0
control,nfp_1094,nfp,false_and_relied_on,0
control,nfp_1094,nfp,false_or_unknown_relied_on,1
control,nfp_1095,nfp,model_boolean,0
control,nfp_1095,nfp,any_false,0
control,nfp_1095,nfp,false_and_relied_on,0
control,nfp_1095,nfp,false_or_unknown_relied_on,0
control,nfp_1097,nfp,model_boolean,1
control,nfp_1097,nfp,any_false,1
control,nfp_1097,nfp,false_and_relied_on,1
control,nfp_1097,nfp,false_or_unknown_relied_on,1
control,nfp_1098,nfp,model_boolean,0
control,nfp_1098,nfp,any_false,0
control,nfp_1098,nfp,false_and_relied_on,0
control,nfp_1098,nfp,false_or_unknown_relied_on,0
control,nfp_1099,nfp,model_boolean,0
control,nfp_1099,nfp,any_false,0
control,nfp_1099,nfp,false_and_relied_on,0
control,nfp_1099,nfp,false_or_unknown_relied_on,0
control,nfp_1100,nfp,model_boolean,0
control,nfp_1100,nfp,any_false,0
control,nfp_1100,nfp,false_and_relied_on,0
control,nfp_1100,nfp,false_or_unknown_relied_on,0
control,nfp_1101,nfp,model_boolean,0
control,nfp_1101,nfp,any_false,0
control,nfp_1101,nfp,false_and_relied_on,0
control,nfp_1101,nfp,false_or_unknown_relied_on,0
control,nfp_1102,nfp,model_boolean,0
control,nfp_1102,nfp,any_false,0
control,nfp_1102,nfp,false_and_relied_on,0
control,nfp_1102,nfp,false_or_unknown_relied_on,0
control,nfp_1103,nfp,model_boolean,0
control,nfp_1103,nfp,any_false,0
control,nfp_1103,nfp,false_and_relied_on,0
control,nfp_1103,nfp,false_or_unknown_relied_on,0
control,nfp_1104,nfp,model_boolean,0
control,nfp_1104,nfp,any_false,0
control,nfp_1104,nfp,false_and_relied_on,0
control,nfp_1104,nfp,false_or_unknown_relied_on,0
control,nfp_1105,nfp,model_boolean,0
control,nfp_1105,nfp,any_false,0
control,nfp_1105,nfp,false_and_relied_on,0
control,nfp_1105,nfp,false_or_unknown_relied_on,0
control,nfp_1107,nfp,model_boolean,0
control,nfp_1107,nfp,any_false,0
control,nfp_1107,nfp,false_and_relied_on,0
control,nfp_1107,nfp,false_or_unknown_relied_on,0
control,nfp_1109,nfp,model_boolean,0
control,nfp_1109,nfp,any_false,0
control,nfp_1109,nfp,false_and_relied_on,0
control,nfp_1109,nfp,false_or_unknown_relied_on,0
control,nfp_1110,nfp,model_boolean,0
control,nfp_1110,nfp,any_false,0
control,nfp_1110,nfp,false_and_relied_on,0
control,nfp_1110,nfp,false_or_unknown_relied_on,0
control,nfp_1111,nfp,model_boolean,0
control,nfp_1111,nfp,any_false,0
control,nfp_1111,nfp,false_and_relied_on,0
control,nfp_1111,nfp,false_or_unknown_relied_on,0
control,nfp_1112,nfp,model_boolean,0
control,nfp_1112,nfp,any_false,0
control,nfp_1112,nfp,false_and_relied_on,0
control,nfp_1112,nfp,false_or_unknown_relied_on,0
control,nfp_1113,nfp,model_boolean,0
control,nfp_1113,nfp,any_false,0
control,nfp_1113,nfp,false_and_relied_on,0
control,nfp_1113,nfp,false_or_unknown_relied_on,0
control,nfp_1114,nfp,model_boolean,0
control,nfp_1114,nfp,any_false,0
control,nfp_1114,nfp,false_and_relied_on,0
control,nfp_1114,nfp,false_or_unknown_relied_on,0
control,nfp_1115,nfp,model_boolean,0
control,nfp_1115,nfp,any_false,0
control,nfp_1115,nfp,false_and_relied_on,0
control,nfp_1115,nfp,false_or_unknown_relied_on,0
control,nfp_1116,nfp,model_boolean,0
control,nfp_1116,nfp,any_false,1
control,nfp_1116,nfp,false_and_relied_on,0
control,nfp_1116,nfp,false_or_unknown_relied_on,0
control,nfp_1117,nfp,model_boolean,0
control,nfp_1117,nfp,any_false,0
control,nfp_1117,nfp,false_and_relied_on,0
control,nfp_1117,nfp,false_or_unknown_relied_on,0
control,nfp_1118,nfp,model_boolean,0
control,nfp_1118,nfp,any_false,0
control,nfp_1118,nfp,false_and_relied_on,0
control,nfp_1118,nfp,false_or_unknown_relied_on,1
control,nfp_1119,nfp,model_boolean,0
control,nfp_1119,nfp,any_false,0
control,nfp_1119,nfp,false_and_relied_on,0
control,nfp_1119,nfp,false_or_unknown_relied_on,0
control,nfp_1120,nfp,model_boolean,0
control,nfp_1120,nfp,any_false,0
control,nfp_1120,nfp,false_and_relied_on,0
control,nfp_1120,nfp,false_or_unknown_relied_on,0
control,nfp_1121,nfp,model_boolean,0
control,nfp_1121,nfp,any_false,0
control,nfp_1121,nfp,false_and_relied_on,0
control,nfp_1121,nfp,false_or_unknown_relied_on,0
control,nfp_1122,nfp,model_boolean,0
control,nfp_1122,nfp,any_false,1
control,nfp_1122,nfp,false_and_relied_on,0
control,nfp_1122,nfp,false_or_unknown_relied_on,0
control,nfp_1123,nfp,model_boolean,0
control,nfp_1123,nfp,any_false,0
control,nfp_1123,nfp,false_and_relied_on,0
control,nfp_1123,nfp,false_or_unknown_relied_on,0
control,nfp_1124,nfp,model_boolean,0
control,nfp_1124,nfp,any_false,0
control,nfp_1124,nfp,false_and_relied_on,0
control,nfp_1124,nfp,false_or_unknown_relied_on,0
control,nfp_1125,nfp,model_boolean,0
control,nfp_1125,nfp,any_false,0
control,nfp_1125,nfp,false_and_relied_on,0
control,nfp_1125,nfp,false_or_unknown_relied_on,1
control,nfp_1126,nfp,model_boolean,0
control,nfp_1126,nfp,any_false,0
control,nfp_1126,nfp,false_and_relied_on,0
control,nfp_1126,nfp,false_or_unknown_relied_on,0
control,nfp_1127,nfp,model_boolean,0
control,nfp_1127,nfp,any_false,0
control,nfp_1127,nfp,false_and_relied_on,0
control,nfp_1127,nfp,false_or_unknown_relied_on,1
control,nfp_1128,nfp,model_boolean,0
control,nfp_1128,nfp,any_false,0
control,nfp_1128,nfp,false_and_relied_on,0
control,nfp_1128,nfp,false_or_unknown_relied_on,0
control,nfp_1129,nfp,model_boolean,0
control,nfp_1129,nfp,any_false,0
control,nfp_1129,nfp,false_and_relied_on,0
control,nfp_1129,nfp,false_or_unknown_relied_on,0
control,nfp_1130,nfp,model_boolean,1
control,nfp_1130,nfp,any_false,1
control,nfp_1130,nfp,false_and_relied_on,0
control,nfp_1130,nfp,false_or_unknown_relied_on,0
control,nfp_1131,nfp,model_boolean,0
control,nfp_1131,nfp,any_false,0
control,nfp_1131,nfp,false_and_relied_on,0
control,nfp_1131,nfp,false_or_unknown_relied_on,0
control,nfp_1132,nfp,model_boolean,0
control,nfp_1132,nfp,any_false,0
control,nfp_1132,nfp,false_and_relied_on,0
control,nfp_1132,nfp,false_or_unknown_relied_on,0
control,nfp_1133,nfp,model_boolean,0
control,nfp_1133,nfp,any_false,0
control,nfp_1133,nfp,false_and_relied_on,0
control,nfp_1133,nfp,false_or_unknown_relied_on,0
control,nfp_1134,nfp,model_boolean,0
control,nfp_1134,nfp,any_false,0
control,nfp_1134,nfp,false_and_relied_on,0
control,nfp_1134,nfp,false_or_unknown_relied_on,0
control,nfp_1135,nfp,model_boolean,0
control,nfp_1135,nfp,any_false,0
control,nfp_1135,nfp,false_and_relied_on,0
control,nfp_1135,nfp,false_or_unknown_relied_on,0
control,nfp_1136,nfp,model_boolean,0
control,nfp_1136,nfp,any_false,0
control,nfp_1136,nfp,false_and_relied_on,0
control,nfp_1136,nfp,false_or_unknown_relied_on,0
control,nfp_1137,nfp,model_boolean,0
control,nfp_1137,nfp,any_false,0
control,nfp_1137,nfp,false_and_relied_on,0
control,nfp_1137,nfp,false_or_unknown_relied_on,0
control,nfp_1138,nfp,model_boolean,0
control,nfp_1138,nfp,any_false,0
control,nfp_1138,nfp,false_and_relied_on,0
control,nfp_1138,nfp,false_or_unknown_relied_on,0
control,nfp_1139,nfp,model_boolean,0
control,nfp_1139,nfp,any_false,0
control,nfp_1139,nfp,false_and_relied_on,0
control,nfp_1139,nfp,false_or_unknown_relied_on,0
control,nfp_1140,nfp,model_boolean,0
control,nfp_1140,nfp,any_false,0
control,nfp_1140,nfp,false_and_relied_on,0
control,nfp_1140,nfp,false_or_unknown_relied_on,0
control,nfp_1141,nfp,model_boolean,0
control,nfp_1141,nfp,any_false,0
control,nfp_1141,nfp,false_and_relied_on,0
control,nfp_1141,nfp,false_or_unknown_relied_on,0
control,nfp_1142,nfp,model_boolean,1
control,nfp_1142,nfp,any_false,0
control,nfp_1142,nfp,false_and_relied_on,0
control,nfp_1142,nfp,false_or_unknown_relied_on,0
control,nfp_1143,nfp,model_boolean,0
control,nfp_1143,nfp,any_false,0
control,nfp_1143,nfp,false_and_relied_on,0
control,nfp_1143,nfp,false_or_unknown_relied_on,0
control,nfp_1144,nfp,model_boolean,0
control,nfp_1144,nfp,any_false,0
control,nfp_1144,nfp,false_and_relied_on,0
control,nfp_1144,nfp,false_or_unknown_relied_on,0
control,nfp_1145,nfp,model_boolean,0
control,nfp_1145,nfp,any_false,0
control,nfp_1145,nfp,false_and_relied_on,0
control,nfp_1145,nfp,false_or_unknown_relied_on,1
control,nfp_1146,nfp,model_boolean,0
control,nfp_1146,nfp,any_false,0
control,nfp_1146,nfp,false_and_relied_on,0
control,nfp_1146,nfp,false_or_unknown_relied_on,0
control,nfp_1147,nfp,model_boolean,1
control,nfp_1147,nfp,any_false,1
control,nfp_1147,nfp,false_and_relied_on,1
control,nfp_1147,nfp,false_or_unknown_relied_on,1
control,nfp_1148,nfp,model_boolean,0
control,nfp_1148,nfp,any_false,0
control,nfp_1148,nfp,false_and_relied_on,0
control,nfp_1148,nfp,false_or_unknown_relied_on,1
control,nfp_1149,nfp,model_boolean,0
control,nfp_1149,nfp,any_false,0
control,nfp_1149,nfp,false_and_relied_on,0
control,nfp_1149,nfp,false_or_unknown_relied_on,0
content,fpq_0,fpq,model_boolean,0
content,fpq_0,fpq,any_false,1
content,fpq_0,fpq,false_and_relied_on,0
content,fpq_0,fpq,false_or_unknown_relied_on,0
content,fpq_10,fpq,model_boolean,0
content,fpq_10,fpq,any_false,0
content,fpq_10,fpq,false_and_relied_on,0
content,fpq_10,fpq,false_or_unknown_relied_on,0
content,fpq_100,fpq,model_boolean,0
content,fpq_100,fpq,any_false,0
content,fpq_100,fpq,false_and_relied_on,0
content,fpq_100,fpq,false_or_unknown_relied_on,1
content,fpq_101,fpq,model_boolean,0
content,fpq_101,fpq,any_false,0
content,fpq_101,fpq,false_and_relied_on,0
content,fpq_101,fpq,false_or_unknown_relied_on,0
content,fpq_102,fpq,model_boolean,1
content,fpq_102,fpq,any_false,1
content,fpq_102,fpq,false_and_relied_on,1
content,fpq_102,fpq,false_or_unknown_relied_on,1
content,fpq_103,fpq,model_boolean,0
content,fpq_103,fpq,any_false,0
content,fpq_103,fpq,false_and_relied_on,0
content,fpq_103,fpq,false_or_unknown_relied_on,1
content,fpq_105,fpq,model_boolean,0
content,fpq_105,fpq,any_false,0
content,fpq_105,fpq,false_and_relied_on,0
content,fpq_105,fpq,false_or_unknown_relied_on,1
content,fpq_106,fpq,model_boolean,0
content,fpq_106,fpq,any_false,0
content,fpq_106,fpq,false_and_relied_on,0
content,fpq_106,fpq,false_or_unknown_relied_on,1
content,fpq_107,fpq,model_boolean,0
content,fpq_107,fpq,any_false,0
content,fpq_107,fpq,false_and_relied_on,0
content,fpq_107,fpq,false_or_unknown_relied_on,1
content,fpq_108,fpq,model_boolean,0
content,fpq_108,fpq,any_false,0
content,fpq_108,fpq,false_and_relied_on,0
content,fpq_108,fpq,false_or_unknown_relied_on,0
content,fpq_109,fpq,model_boolean,0
content,fpq_109,fpq,any_false,0
content,fpq_109,fpq,false_and_relied_on,0
content,fpq_109,fpq,false_or_unknown_relied_on,0
content,fpq_11,fpq,model_boolean,0
content,fpq_11,fpq,any_false,0
content,fpq_11,fpq,false_and_relied_on,0
content,fpq_11,fpq,false_or_unknown_relied_on,1
content,fpq_110,fpq,model_boolean,0
content,fpq_110,fpq,any_false,0
content,fpq_110,fpq,false_and_relied_on,0
content,fpq_110,fpq,false_or_unknown_relied_on,0
content,fpq_111,fpq,model_boolean,0
content,fpq_111,fpq,any_false,0
content,fpq_111,fpq,false_and_relied_on,0
content,fpq_111,fpq,false_or_unknown_relied_on,1
content,fpq_112,fpq,model_boolean,0
content,fpq_112,fpq,any_false,0
content,fpq_112,fpq,false_and_relied_on,0
content,fpq_112,fpq,false_or_unknown_relied_on,0
content,fpq_113,fpq,model_boolean,0
content,fpq_113,fpq,any_false,0
content,fpq_113,fpq,false_and_relied_on,0
content,fpq_113,fpq,false_or_unknown_relied_on,1
content,fpq_114,fpq,model_boolean,0
content,fpq_114,fpq,any_false,0
content,fpq_114,fpq,false_and_relied_on,0
content,fpq_114,fpq,false_or_unknown_relied_on,0
content,fpq_115,fpq,model_boolean,0
content,fpq_115,fpq,any_false,1
content,fpq_115,fpq,false_and_relied_on,0
content,fpq_115,fpq,false_or_unknown_relied_on,0
content,fpq_116,fpq,model_boolean,0
content,fpq_116,fpq,any_false,1
content,fpq_116,fpq,false_and_relied_on,0
content,fpq_116,fpq,false_or_unknown_relied_on,0
content,fpq_12,fpq,model_boolean,0
content,fpq_12,fpq,any_false,0
content,fpq_12,fpq,false_and_relied_on,0
content,fpq_12,fpq,false_or_unknown_relied_on,1
content,fpq_120,fpq,model_boolean,0
content,fpq_120,fpq,any_false,0
content,fpq_120,fpq,false_and_relied_on,0
content,fpq_120,fpq,false_or_unknown_relied_on,1
content,fpq_121,fpq,model_boolean,0
content,fpq_121,fpq,any_false,0
content,fpq_121,fpq,false_and_relied_on,0
content,fpq_121,fpq,false_or_unknown_relied_on,1
content,fpq_122,fpq,model_boolean,0
content,fpq_122,fpq,any_false,0
content,fpq_122,fpq,false_and_relied_on,0
content,fpq_122,fpq,false_or_unknown_relied_on,0
content,fpq_123,fpq,model_boolean,0
content,fpq_123,fpq,any_false,0
content,fpq_123,fpq,false_and_relied_on,0
content,fpq_123,fpq,false_or_unknown_relied_on,0
content,fpq_124,fpq,model_boolean,0
content,fpq_124,fpq,any_false,0
content,fpq_124,fpq,false_and_relied_on,0
content,fpq_124,fpq,false_or_unknown_relied_on,0
content,fpq_125,fpq,model_boolean,0
content,fpq_125,fpq,any_false,0
content,fpq_125,fpq,false_and_relied_on,0
content,fpq_125,fpq,false_or_unknown_relied_on,0
content,fpq_126,fpq,model_boolean,0
content,fpq_126,fpq,any_false,0
content,fpq_126,fpq,false_and_relied_on,0
content,fpq_126,fpq,false_or_unknown_relied_on,0
content,fpq_127,fpq,model_boolean,1
content,fpq_127,fpq,any_false,1
content,fpq_127,fpq,false_and_relied_on,1
content,fpq_127,fpq,false_or_unknown_relied_on,1
content,fpq_129,fpq,model_boolean,0
content,fpq_129,fpq,any_false,1
content,fpq_129,fpq,false_and_relied_on,0
content,fpq_129,fpq,false_or_unknown_relied_on,0
content,fpq_13,fpq,model_boolean,0
content,fpq_13,fpq,any_false,0
content,fpq_13,fpq,false_and_relied_on,0
content,fpq_13,fpq,false_or_unknown_relied_on,0
content,fpq_130,fpq,model_boolean,0
content,fpq_130,fpq,any_false,1
content,fpq_130,fpq,false_and_relied_on,0
content,fpq_130,fpq,false_or_unknown_relied_on,0
content,fpq_131,fpq,model_boolean,0
content,fpq_131,fpq,any_false,0
content,fpq_131,fpq,false_and_relied_on,0
content,fpq_131,fpq,false_or_unknown_relied_on,0
content,fpq_133,fpq,model_boolean,0
content,fpq_133,fpq,any_false,0
content,fpq_133,fpq,false_and_relied_on,0
content,fpq_133,fpq,false_or_unknown_relied_on,0
content,fpq_134,fpq,model_boolean,0
content,fpq_134,fpq,any_false,0
content,fpq_134,fpq,false_and_relied_on,0
content,fpq_134,fpq,false_or_unknown_relied_on,0
content,fpq_135,fpq,model_boolean,0
content,fpq_135,fpq,any_false,0
content,fpq_135,fpq,false_and_relied_on,0
content,fpq_135,fpq,false_or_unknown_relied_on,0
content,fpq_136,fpq,model_boolean,0
content,fpq_136,fpq,any_false,0
content,fpq_136,fpq,false_and_relied_on,0
content,fpq_136,fpq,false_or_unknown_relied_on,1
content,fpq_137,fpq,model_boolean,0
content,fpq_137,fpq,any_false,0
content,fpq_137,fpq,false_and_relied_on,0
content,fpq_137,fpq,false_or_unknown_relied_on,0
content,fpq_138,fpq,model_boolean,0
content,fpq_138,fpq,any_false,0
content,fpq_138,fpq,false_and_relied_on,0
content,fpq_138,fpq,false_or_unknown_relied_on,0
content,fpq_139,fpq,model_boolean,0
content,fpq_139,fpq,any_false,0
content,fpq_139,fpq,false_and_relied_on,0
content,fpq_139,fpq,false_or_unknown_relied_on,1
content,fpq_14,fpq,model_boolean,0
content,fpq_14,fpq,any_false,0
content,fpq_14,fpq,false_and_relied_on,0
content,fpq_14,fpq,false_or_unknown_relied_on,0
content,fpq_140,fpq,model_boolean,0
content,fpq_140,fpq,any_false,0
content,fpq_140,fpq,false_and_relied_on,0
content,fpq_140,fpq,false_or_unknown_relied_on,0
content,fpq_141,fpq,model_boolean,0
content,fpq_141,fpq,any_false,0
content,fpq_141,fpq,false_and_relied_on,0
content,fpq_141,fpq,false_or_unknown_relied_on,0
content,fpq_142,fpq,model_boolean,0
content,fpq_142,fpq,any_false,1
content,fpq_142,fpq,false_and_relied_on,0
content,fpq_142,fpq,false_or_unknown_relied_on,0
content,fpq_143,fpq,model_boolean,0
content,fpq_143,fpq,any_false,0
content,fpq_143,fpq,false_and_relied_on,0
content,fpq_143,fpq,false_or_unknown_relied_on,0
content,fpq_144,fpq,model_boolean,0
content,fpq_144,fpq,any_false,0
content,fpq_144,fpq,false_and_relied_on,0
content,fpq_144,fpq,false_or_unknown_relied_on,0
content,fpq_145,fpq,model_boolean,0
content,fpq_145,fpq,any_false,0
content,fpq_145,fpq,false_and_relied_on,0
content,fpq_145,fpq,false_or_unknown_relied_on,0
content,fpq_146,fpq,model_boolean,0
content,fpq_146,fpq,any_false,1
content,fpq_146,fpq,false_and_relied_on,0
content,fpq_146,fpq,false_or_unknown_relied_on,0
content,fpq_147,fpq,model_boolean,1
content,fpq_147,fpq,any_false,1
content,fpq_147,fpq,false_and_relied_on,0
content,fpq_147,fpq,false_or_unknown_relied_on,0
content,fpq_148,fpq,model_boolean,0
content,fpq_148,fpq,any_false,0
content,fpq_148,fpq,false_and_relied_on,0
content,fpq_148,fpq,false_or_unknown_relied_on,0
content,fpq_149,fpq,model_boolean,1
content,fpq_149,fpq,any_false,1
content,fpq_149,fpq,false_and_relied_on,1
content,fpq_149,fpq,false_or_unknown_relied_on,1
content,fpq_15,fpq,model_boolean,0
content,fpq_15,fpq,any_false,0
content,fpq_15,fpq,false_and_relied_on,0
content,fpq_15,fpq,false_or_unknown_relied_on,0
content,fpq_152,fpq,model_boolean,0
content,fpq_152,fpq,any_false,0
content,fpq_152,fpq,false_and_relied_on,0
content,fpq_152,fpq,false_or_unknown_relied_on,1
content,fpq_153,fpq,model_boolean,0
content,fpq_153,fpq,any_false,0
content,fpq_153,fpq,false_and_relied_on,0
content,fpq_153,fpq,false_or_unknown_relied_on,1
content,fpq_155,fpq,model_boolean,0
content,fpq_155,fpq,any_false,0
content,fpq_155,fpq,false_and_relied_on,0
content,fpq_155,fpq,false_or_unknown_relied_on,0
content,fpq_156,fpq,model_boolean,1
content,fpq_156,fpq,any_false,1
content,fpq_156,fpq,false_and_relied_on,1
content,fpq_156,fpq,false_or_unknown_relied_on,1
content,fpq_157,fpq,model_boolean,1
content,fpq_157,fpq,any_false,1
content,fpq_157,fpq,false_and_relied_on,0
content,fpq_157,fpq,false_or_unknown_relied_on,0
content,fpq_158,fpq,model_boolean,0
content,fpq_158,fpq,any_false,0
content,fpq_158,fpq,false_and_relied_on,0
content,fpq_158,fpq,false_or_unknown_relied_on,0
content,fpq_159,fpq,model_boolean,0
content,fpq_159,fpq,any_false,0
content,fpq_159,fpq,false_and_relied_on,0
content,fpq_159,fpq,false_or_unknown_relied_on,1
content,fpq_16,fpq,model_boolean,0
content,fpq_16,fpq,any_false,0
content,fpq_16,fpq,false_and_relied_on,0
content,fpq_16,fpq,false_or_unknown_relied_on,0
content,fpq_160,fpq,model_boolean,0
content,fpq_160,fpq,any_false,0
content,fpq_160,fpq,false_and_relied_on,0
content,fpq_160,fpq,false_or_unknown_relied_on,0
content,fpq_163,fpq,model_boolean,0
content,fpq_163,fpq,any_false,0
content,fpq_163,fpq,false_and_relied_on,0
content,fpq_163,fpq,false_or_unknown_relied_on,0
content,fpq_164,fpq,model_boolean,0
content,fpq_164,fpq,any_false,0
content,fpq_164,fpq,false_and_relied_on,0
content,fpq_164,fpq,false_or_unknown_relied_on,0
content,fpq_165,fpq,model_boolean,0
content,fpq_165,fpq,any_false,0
content,fpq_165,fpq,false_and_relied_on,0
content,fpq_165,fpq,false_or_unknown_relied_on,1
content,fpq_166,fpq,model_boolean,0
content,fpq_166,fpq,any_false,0
content,fpq_166,fpq,false_and_relied_on,0
content,fpq_166,fpq,false_or_unknown_relied_on,0
content,fpq_167,fpq,model_boolean,0
content,fpq_167,fpq,any_false,0
content,fpq_167,fpq,false_and_relied_on,0
content,fpq_167,fpq,false_or_unknown_relied_on,1
content,fpq_168,fpq,model_boolean,0
content,fpq_168,fpq,any_false,0
content,fpq_168,fpq,false_and_relied_on,0
content,fpq_168,fpq,false_or_unknown_relied_on,0
content,fpq_17,fpq,model_boolean,1
content,fpq_17,fpq,any_false,1
content,fpq_17,fpq,false_and_relied_on,1
content,fpq_17,fpq,false_or_unknown_relied_on,1
content,fpq_170,fpq,model_boolean,0
content,fpq_170,fpq,any_false,1
content,fpq_170,fpq,false_and_relied_on,0
content,fpq_170,fpq,false_or_unknown_relied_on,0
content,fpq_173,fpq,model_boolean,0
content,fpq_173,fpq,any_false,0
content,fpq_173,fpq,false_and_relied_on,0
content,fpq_173,fpq,false_or_unknown_relied_on,0
content,fpq_174,fpq,model_boolean,0
content,fpq_174,fpq,any_false,0
content,fpq_174,fpq,false_and_relied_on,0
content,fpq_174,fpq,false_or_unknown_relied_on,1
content,fpq_175,fpq,model_boolean,0
content,fpq_175,fpq,any_false,0
content,fpq_175,fpq,false_and_relied_on,0
content,fpq_175,fpq,false_or_unknown_relied_on,1
content,fpq_176,fpq,model_boolean,0
content,fpq_176,fpq,any_false,0
content,fpq_176,fpq,false_and_relied_on,0
content,fpq_176,fpq,false_or_unknown_relied_on,1
content,fpq_177,fpq,model_boolean,0
content,fpq_177,fpq,any_false,0
content,fpq_177,fpq,false_and_relied_on,0
content,fpq_177,fpq,false_or_unknown_relied_on,1
content,fpq_178,fpq,model_boolean,0
content,fpq_178,fpq,any_false,1
content,fpq_178,fpq,false_and_relied_on,0
content,fpq_178,fpq,false_or_unknown_relied_on,0
content,fpq_179,fpq,model_boolean,0
content,fpq_179,fpq,any_false,0
content,fpq_179,fpq,false_and_relied_on,0
content,fpq_179,fpq,false_or_unknown_relied_on,0
content,fpq_18,fpq,model_boolean,0
content,fpq_18,fpq,any_false,0
content,fpq_18,fpq,false_and_relied_on,0
content,fpq_18,fpq,false_or_unknown_relied_on,0
content,fpq_180,fpq,model_boolean,0
content,fpq_180,fpq,any_false,0
content,fpq_180,fpq,false_and_relied_on,0
content,fpq_180,fpq,false_or_unknown_relied_on,0
content,fpq_181,fpq,model_boolean,0
content,fpq_181,fpq,any_false,0
content,fpq_181,fpq,false_and_relied_on,0
content,fpq_181,fpq,false_or_unknown_relied_on,1
content,fpq_182,fpq,model_boolean,0
content,fpq_182,fpq,any_false,0
content,fpq_182,fpq,false_and_relied_on,0
content,fpq_182,fpq,false_or_unknown_relied_on,1
content,fpq_184,fpq,model_boolean,0
content,fpq_184,fpq,any_false,0
content,fpq_184,fpq,false_and_relied_on,0
content,fpq_184,fpq,false_or_unknown_relied_on,0
content,fpq_185,fpq,model_boolean,0
content,fpq_185,fpq,any_false,0
content,fpq_185,fpq,false_and_relied_on,0
content,fpq_185,fpq,false_or_unknown_relied_on,0
content,fpq_186,fpq,model_boolean,0
content,fpq_186,fpq,any_false,0
content,fpq_186,fpq,false_and_relied_on,0
content,fpq_186,fpq,false_or_unknown_relied_on,1
content,fpq_188,fpq,model_boolean,0
content,fpq_188,fpq,any_false,0
content,fpq_188,fpq,false_and_relied_on,0
content,fpq_188,fpq,false_or_unknown_relied_on,0
content,fpq_189,fpq,model_boolean,0
content,fpq_189,fpq,any_false,0
content,fpq_189,fpq,false_and_relied_on,0
content,fpq_189,fpq,false_or_unknown_relied_on,0
content,fpq_19,fpq,model_boolean,1
content,fpq_19,fpq,any_false,1
content,fpq_19,fpq,false_and_relied_on,1
content,fpq_19,fpq,false_or_unknown_relied_on,1
content,fpq_190,fpq,model_boolean,0
content,fpq_190,fpq,any_false,0
content,fpq_190,fpq,false_and_relied_on,0
content,fpq_190,fpq,false_or_unknown_relied_on,0
content,fpq_191,fpq,model_boolean,0
content,fpq_191,fpq,any_false,0
content,fpq_191,fpq,false_and_relied_on,0
content,fpq_191,fpq,false_or_unknown_relied_on,1
content,fpq_192,fpq,model_boolean,0
content,fpq_192,fpq,any_false,0
content,fpq_192,fpq,false_and_relied_on,0
content,fpq_192,fpq,false_or_unknown_relied_on,0
content,fpq_193,fpq,model_boolean,0
content,fpq_193,fpq,any_false,0
content,fpq_193,fpq,false_and_relied_on,0
content,fpq_193,fpq,false_or_unknown_relied_on,0
content,fpq_194,fpq,model_boolean,0
content,fpq_194,fpq,any_false,0
content,fpq_194,fpq,false_and_relied_on,0
content,fpq_194,fpq,false_or_unknown_relied_on,0
content,fpq_195,fpq,model_boolean,0
content,fpq_195,fpq,any_false,0
content,fpq_195,fpq,false_and_relied_on,0
content,fpq_195,fpq,false_or_unknown_relied_on,1
content,fpq_196,fpq,model_boolean,0
content,fpq_196,fpq,any_false,0
content,fpq_196,fpq,false_and_relied_on,0
content,fpq_196,fpq,false_or_unknown_relied_on,0
content,fpq_197,fpq,model_boolean,0
content,fpq_197,fpq,any_false,0
content,fpq_197,fpq,false_and_relied_on,0
content,fpq_197,fpq,false_or_unknown_relied_on,1
content,fpq_198,fpq,model_boolean,0
content,fpq_198,fpq,any_false,0
content,fpq_198,fpq,false_and_relied_on,0
content,fpq_198,fpq,false_or_unknown_relied_on,0
content,fpq_2,fpq,model_boolean,0
content,fpq_2,fpq,any_false,0
content,fpq_2,fpq,false_and_relied_on,0
content,fpq_2,fpq,false_or_unknown_relied_on,0
content,fpq_20,fpq,model_boolean,0
content,fpq_20,fpq,any_false,0
content,fpq_20,fpq,false_and_relied_on,0
content,fpq_20,fpq,false_or_unknown_relied_on,1
content,fpq_200,fpq,model_boolean,0
content,fpq_200,fpq,any_false,0
content,fpq_200,fpq,false_and_relied_on,0
content,fpq_200,fpq,false_or_unknown_relied_on,0
content,fpq_201,fpq,model_boolean,0
content,fpq_201,fpq,any_false,0
content,fpq_201,fpq,false_and_relied_on,0
content,fpq_201,fpq,false_or_unknown_relied_on,0
content,fpq_202,fpq,model_boolean,0
content,fpq_202,fpq,any_false,0
content,fpq_202,fpq,false_and_relied_on,0
content,fpq_202,fpq,false_or_unknown_relied_on,1
content,fpq_204,fpq,model_boolean,0
content,fpq_204,fpq,any_false,0
content,fpq_204,fpq,false_and_relied_on,0
content,fpq_204,fpq,false_or_unknown_relied_on,0
content,fpq_205,fpq,model_boolean,0
content,fpq_205,fpq,any_false,0
content,fpq_205,fpq,false_and_relied_on,0
content,fpq_205,fpq,false_or_unknown_relied_on,0
content,fpq_206,fpq,model_boolean,1
content,fpq_206,fpq,any_false,1
content,fpq_206,fpq,false_and_relied_on,1
content,fpq_206,fpq,false_or_unknown_relied_on,1
content,fpq_207,fpq,model_boolean,0
content,fpq_207,fpq,any_false,0
content,fpq_207,fpq,false_and_relied_on,0
content,fpq_207,fpq,false_or_unknown_relied_on,0
content,fpq_208,fpq,model_boolean,0
content,fpq_208,fpq,any_false,0
content,fpq_208,fpq,false_and_relied_on,0
content,fpq_208,fpq,false_or_unknown_relied_on,0
content,fpq_21,fpq,model_boolean,0
content,fpq_21,fpq,any_false,0
content,fpq_21,fpq,false_and_relied_on,0
content,fpq_21,fpq,false_or_unknown_relied_on,1
content,fpq_216,fpq,model_boolean,0
content,fpq_216,fpq,any_false,0
content,fpq_216,fpq,false_and_relied_on,0
content,fpq_216,fpq,false_or_unknown_relied_on,0
content,fpq_217,fpq,model_boolean,0
content,fpq_217,fpq,any_false,0
content,fpq_217,fpq,false_and_relied_on,0
content,fpq_217,fpq,false_or_unknown_relied_on,1
content,fpq_218,fpq,model_boolean,0
content,fpq_218,fpq,any_false,0
content,fpq_218,fpq,false_and_relied_on,0
content,fpq_218,fpq,false_or_unknown_relied_on,1
content,fpq_219,fpq,model_boolean,0
content,fpq_219,fpq,any_false,0
content,fpq_219,fpq,false_and_relied_on,0
content,fpq_219,fpq,false_or_unknown_relied_on,1
content,fpq_22,fpq,model_boolean,0
content,fpq_22,fpq,any_false,0
content,fpq_22,fpq,false_and_relied_on,0
content,fpq_22,fpq,false_or_unknown_relied_on,0
content,fpq_220,fpq,model_boolean,0
content,fpq_220,fpq,any_false,0
content,fpq_220,fpq,false_and_relied_on,0
content,fpq_220,fpq,false_or_unknown_relied_on,0
content,fpq_221,fpq,model_boolean,0
content,fpq_221,fpq,any_false,0
content,fpq_221,fpq,false_and_relied_on,0
content,fpq_221,fpq,false_or_unknown_relied_on,0
content,fpq_222,fpq,model_boolean,0
content,fpq_222,fpq,any_false,0
content,fpq_222,fpq,false_and_relied_on,0
content,fpq_222,fpq,false_or_unknown_relied_on,0
content,fpq_223,fpq,model_boolean,0
content,fpq_223,fpq,any_false,0
content,fpq_223,fpq,false_and_relied_on,0
content,fpq_223,fpq,false_or_unknown_relied_on,0
content,fpq_224,fpq,model_boolean,0
content,fpq_224,fpq,any_false,0
content,fpq_224,fpq,false_and_relied_on,0
content,fpq_224,fpq,false_or_unknown_relied_on,1
content,fpq_225,fpq,model_boolean,0
content,fpq_225,fpq,any_false,0
content,fpq_225,fpq,false_and_relied_on,0
content,fpq_225,fpq,false_or_unknown_relied_on,0
content,fpq_227,fpq,model_boolean,0
content,fpq_227,fpq,any_false,0
content,fpq_227,fpq,false_and_relied_on,0
content,fpq_227,fpq,false_or_unknown_relied_on,0
content,fpq_228,fpq,model_boolean,1
content,fpq_228,fpq,any_false,1
content,fpq_228,fpq,false_and_relied_on,1
content,fpq_228,fpq,false_or_unknown_relied_on,1
content,fpq_229,fpq,model_boolean,0
content,fpq_229,fpq,any_false,0
content,fpq_229,fpq,false_and_relied_on,0
content,fpq_229,fpq,false_or_unknown_relied_on,0
content,fpq_23,fpq,model_boolean,0
content,fpq_23,fpq,any_false,0
content,fpq_23,fpq,false_and_relied_on,0
content,fpq_23,fpq,false_or_unknown_relied_on,0
content,fpq_230,fpq,model_boolean,0
content,fpq_230,fpq,any_false,0
content,fpq_230,fpq,false_and_relied_on,0
content,fpq_230,fpq,false_or_unknown_relied_on,1
content,fpq_231,fpq,model_boolean,0
content,fpq_231,fpq,any_false,0
content,fpq_231,fpq,false_and_relied_on,0
content,fpq_231,fpq,false_or_unknown_relied_on,0
content,fpq_232,fpq,model_boolean,0
content,fpq_232,fpq,any_false,0
content,fpq_232,fpq,false_and_relied_on,0
content,fpq_232,fpq,false_or_unknown_relied_on,1
content,fpq_233,fpq,model_boolean,0
content,fpq_233,fpq,any_false,0
content,fpq_233,fpq,false_and_relied_on,0
content,fpq_233,fpq,false_or_unknown_relied_on,1
content,fpq_234,fpq,model_boolean,0
content,fpq_234,fpq,any_false,0
content,fpq_234,fpq,false_and_relied_on,0
content,fpq_234,fpq,false_or_unknown_relied_on,0
content,fpq_236,fpq,model_boolean,0
content,fpq_236,fpq,any_false,0
content,fpq_236,fpq,false_and_relied_on,0
content,fpq_236,fpq,false_or_unknown_relied_on,1
content,fpq_237,fpq,model_boolean,0
content,fpq_237,fpq,any_false,0
content,fpq_237,fpq,false_and_relied_on,0
content,fpq_237,fpq,false_or_unknown_relied_on,1
content,fpq_238,fpq,model_boolean,1
content,fpq_238,fpq,any_false,1
content,fpq_238,fpq,false_and_relied_on,0
content,fpq_238,fpq,false_or_unknown_relied_on,0
content,fpq_239,fpq,model_boolean,0
content,fpq_239,fpq,any_false,0
content,fpq_239,fpq,false_and_relied_on,0
content,fpq_239,fpq,false_or_unknown_relied_on,0
content,fpq_24,fpq,model_boolean,1
content,fpq_24,fpq,any_false,1
content,fpq_24,fpq,false_and_relied_on,1
content,fpq_24,fpq,false_or_unknown_relied_on,1
content,fpq_240,fpq,model_boolean,0
content,fpq_240,fpq,any_false,0
content,fpq_240,fpq,false_and_relied_on,0
content,fpq_240,fpq,false_or_unknown_relied_on,1
content,fpq_241,fpq,model_boolean,0
content,fpq_241,fpq,any_false,0
content,fpq_241,fpq,false_and_relied_on,0
content,fpq_241,fpq,false_or_unknown_relied_on,1
content,fpq_244,fpq,model_boolean,0
content,fpq_244,fpq,any_false,0
content,fpq_244,fpq,false_and_relied_on,0
content,fpq_244,fpq,false_or_unknown_relied_on,0
content,fpq_245,fpq,model_boolean,0
content,fpq_245,fpq,any_false,0
content,fpq_245,fpq,false_and_relied_on,0
content,fpq_245,fpq,false_or_unknown_relied_on,0
content,fpq_246,fpq,model_boolean,0
content,fpq_246,fpq,any_false,0
content,fpq_246,fpq,false_and_relied_on,0
content,fpq_246,fpq,false_or_unknown_relied_on,0
content,fpq_247,fpq,model_boolean,0
content,fpq_247,fpq,any_false,0
content,fpq_247,fpq,false_and_relied_on,0
content,fpq_247,fpq,false_or_unknown_relied_on,1
content,fpq_248,fpq,model_boolean,0
content,fpq_248,fpq,any_false,0
content,fpq_248,fpq,false_and_relied_on,0
content,fpq_248,fpq,false_or_unknown_relied_on,0
content,fpq_249,fpq,model_boolean,0
content,fpq_249,fpq,any_false,0
content,fpq_249,fpq,false_and_relied_on,0
content,fpq_249,fpq,false_or_unknown_relied_on,0
content,fpq_25,fpq,model_boolean,0
content,fpq_25,fpq,any_false,0
content,fpq_25,fpq,false_and_relied_on,0
content,fpq_25,fpq,false_or_unknown_relied_on,0
content,fpq_250,fpq,model_boolean,0
content,fpq_250,fpq,any_false,0
content,fpq_250,fpq,false_and_relied_on,0
content,fpq_250,fpq,false_or_unknown_relied_on,1
content,fpq_251,fpq,model_boolean,0
content,fpq_251,fpq,any_false,0
content,fpq_251,fpq,false_and_relied_on,0
content,fpq_251,fpq,false_or_unknown_relied_on,0
content,fpq_252,fpq,model_boolean,0
content,fpq_252,fpq,any_false,0
content,fpq_252,fpq,false_and_relied_on,0
content,fpq_252,fpq,false_or_unknown_relied_on,1
content,fpq_253,fpq,model_boolean,0
content,fpq_253,fpq,any_false,0
content,fpq_253,fpq,false_and_relied_on,0
content,fpq_253,fpq,false_or_unknown_relied_on,0
content,fpq_254,fpq,model_boolean,0
content,fpq_254,fpq,any_false,0
content,fpq_254,fpq,false_and_relied_on,0
content,fpq_254,fpq,false_or_unknown_relied_on,1
content,fpq_255,fpq,model_boolean,0
content,fpq_255,fpq,any_false,0
content,fpq_255,fpq,false_and_relied_on,0
content,fpq_255,fpq,false_or_unknown_relied_on,0
content,fpq_256,fpq,model_boolean,0
content,fpq_256,fpq,any_false,0
content,fpq_256,fpq,false_and_relied_on,0
content,fpq_256,fpq,false_or_unknown_relied_on,1
content,fpq_257,fpq,model_boolean,0
content,fpq_257,fpq,any_false,0
content,fpq_257,fpq,false_and_relied_on,0
content,fpq_257,fpq,false_or_unknown_relied_on,1
content,fpq_258,fpq,model_boolean,0
content,fpq_258,fpq,any_false,0
content,fpq_258,fpq,false_and_relied_on,0
content,fpq_258,fpq,false_or_unknown_relied_on,1
content,fpq_259,fpq,model_boolean,0
content,fpq_259,fpq,any_false,0
content,fpq_259,fpq,false_and_relied_on,0
content,fpq_259,fpq,false_or_unknown_relied_on,0
content,fpq_26,fpq,model_boolean,0
content,fpq_26,fpq,any_false,0
content,fpq_26,fpq,false_and_relied_on,0
content,fpq_26,fpq,false_or_unknown_relied_on,0
content,fpq_260,fpq,model_boolean,0
content,fpq_260,fpq,any_false,0
content,fpq_260,fpq,false_and_relied_on,0
content,fpq_260,fpq,false_or_unknown_relied_on,0
content,fpq_261,fpq,model_boolean,0
content,fpq_261,fpq,any_false,0
content,fpq_261,fpq,false_and_relied_on,0
content,fpq_261,fpq,false_or_unknown_relied_on,0
content,fpq_262,fpq,model_boolean,0
content,fpq_262,fpq,any_false,1
content,fpq_262,fpq,false_and_relied_on,0
content,fpq_262,fpq,false_or_unknown_relied_on,1
content,fpq_263,fpq,model_boolean,1
content,fpq_263,fpq,any_false,1
content,fpq_263,fpq,false_and_relied_on,1
content,fpq_263,fpq,false_or_unknown_relied_on,1
content,fpq_264,fpq,model_boolean,0
content,fpq_264,fpq,any_false,1
content,fpq_264,fpq,false_and_relied_on,0
content,fpq_264,fpq,false_or_unknown_relied_on,0
content,fpq_265,fpq,model_boolean,0
content,fpq_265,fpq,any_false,0
content,fpq_265,fpq,false_and_relied_on,0
content,fpq_265,fpq,false_or_unknown_relied_on,1
content,fpq_266,fpq,model_boolean,1
content,fpq_266,fpq,any_false,1
content,fpq_266,fpq,false_and_relied_on,0
content,fpq_266,fpq,false_or_unknown_relied_on,0
content,fpq_267,fpq,model_boolean,0
content,fpq_267,fpq,any_false,0
content,fpq_267,fpq,false_and_relied_on,0
content,fpq_267,fpq,false_or_unknown_relied_on,1
content,fpq_268,fpq,model_boolean,0
content,fpq_268,fpq,any_false,0
content,fpq_268,fpq,false_and_relied_on,0
content,fpq_268,fpq,false_or_unknown_relied_on,0
content,fpq_269,fpq,model_boolean,1
content,fpq_269,fpq,any_false,1
content,fpq_269,fpq,false_and_relied_on,1
content,fpq_269,fpq,false_or_unknown_relied_on,1
content,fpq_27,fpq,model_boolean,1
content,fpq_27,fpq,any_false,1
content,fpq_27,fpq,false_and_relied_on,1
content,fpq_27,fpq,false_or_unknown_relied_on,1
content,fpq_270,fpq,model_boolean,0
content,fpq_270,fpq,any_false,1
content,fpq_270,fpq,false_and_relied_on,0
content,fpq_270,fpq,false_or_unknown_relied_on,0
content,fpq_271,fpq,model_boolean,0
content,fpq_271,fpq,any_false,0
content,fpq_271,fpq,false_and_relied_on,0
content,fpq_271,fpq,false_or_unknown_relied_on,1
content,fpq_272,fpq,model_boolean,0
content,fpq_272,fpq,any_false,1
content,fpq_272,fpq,false_and_relied_on,0
content,fpq_272,fpq,false_or_unknown_relied_on,1
content,fpq_273,fpq,model_boolean,1
content,fpq_273,fpq,any_false,1
content,fpq_273,fpq,false_and_relied_on,0
content,fpq_273,fpq,false_or_unknown_relied_on,0
content,fpq_274,fpq,model_boolean,1
content,fpq_274,fpq,any_false,1
content,fpq_274,fpq,false_and_relied_on,0
content,fpq_274,fpq,false_or_unknown_relied_on,1
content,fpq_275,fpq,model_boolean,1
content,fpq_275,fpq,any_false,1
content,fpq_275,fpq,false_and_relied_on,1
content,fpq_275,fpq,false_or_unknown_relied_on,1
content,fpq_276,fpq,model_boolean,1
content,fpq_276,fpq,any_false,1
content,fpq_276,fpq,false_and_relied_on,1
content,fpq_276,fpq,false_or_unknown_relied_on,1
content,fpq_277,fpq,model_boolean,0
content,fpq_277,fpq,any_false,0
content,fpq_277,fpq,false_and_relied_on,0
content,fpq_277,fpq,false_or_unknown_relied_on,0
content,fpq_278,fpq,model_boolean,0
content,fpq_278,fpq,any_false,0
content,fpq_278,fpq,false_and_relied_on,0
content,fpq_278,fpq,false_or_unknown_relied_on,1
content,fpq_279,fpq,model_boolean,0
content,fpq_279,fpq,any_false,0
content,fpq_279,fpq,false_and_relied_on,0
content,fpq_279,fpq,false_or_unknown_relied_on,1
content,fpq_28,fpq,model_boolean,0
content,fpq_28,fpq,any_false,1
content,fpq_28,fpq,false_and_relied_on,0
content,fpq_28,fpq,false_or_unknown_relied_on,0
content,fpq_283,fpq,model_boolean,0
content,fpq_283,fpq,any_false,0
content,fpq_283,fpq,false_and_relied_on,0
content,fpq_283,fpq,false_or_unknown_relied_on,1
content,fpq_285,fpq,model_boolean,0
content,fpq_285,fpq,any_false,0
content,fpq_285,fpq,false_and_relied_on,0
content,fpq_285,fpq,false_or_unknown_relied_on,1
content,fpq_286,fpq,model_boolean,0
content,fpq_286,fpq,any_false,0
content,fpq_286,fpq,false_and_relied_on,0
content,fpq_286,fpq,false_or_unknown_relied_on,0
content,fpq_287,fpq,model_boolean,0
content,fpq_287,fpq,any_false,0
content,fpq_287,fpq,false_and_relied_on,0
content,fpq_287,fpq,false_or_unknown_relied_on,0
content,fpq_288,fpq,model_boolean,0
content,fpq_288,fpq,any_false,0
content,fpq_288,fpq,false_and_relied_on,0
content,fpq_288,fpq,false_or_unknown_relied_on,0
content,fpq_289,fpq,model_boolean,0
content,fpq_289,fpq,any_false,0
content,fpq_289,fpq,false_and_relied_on,0
content,fpq_289,fpq,false_or_unknown_relied_on,0
content,fpq_29,fpq,model_boolean,0
content,fpq_29,fpq,any_false,0
content,fpq_29,fpq,false_and_relied_on,0
content,fpq_29,fpq,false_or_unknown_relied_on,1
content,fpq_290,fpq,model_boolean,0
content,fpq_290,fpq,any_false,0
content,fpq_290,fpq,false_and_relied_on,0
content,fpq_290,fpq,false_or_unknown_relied_on,1
content,fpq_291,fpq,model_boolean,0
content,fpq_291,fpq,any_false,0
content,fpq_291,fpq,false_and_relied_on,0
content,fpq_291,fpq,false_or_unknown_relied_on,0
content,fpq_292,fpq,model_boolean,1
content,fpq_292,fpq,any_false,1
content,fpq_292,fpq,false_and_relied_on,1
content,fpq_292,fpq,false_or_unknown_relied_on,1
content,fpq_293,fpq,model_boolean,0
content,fpq_293,fpq,any_false,0
content,fpq_293,fpq,false_and_relied_on,0
content,fpq_293,fpq,false_or_unknown_relied_on,0
content,fpq_294,fpq,model_boolean,1
content,fpq_294,fpq,any_false,1
content,fpq_294,fpq,false_and_relied_on,1
content,fpq_294,fpq,false_or_unknown_relied_on,1
content,fpq_295,fpq,model_boolean,0
content,fpq_295,fpq,any_false,0
content,fpq_295,fpq,false_and_relied_on,0
content,fpq_295,fpq,false_or_unknown_relied_on,1
content,fpq_296,fpq,model_boolean,0
content,fpq_296,fpq,any_false,0
content,fpq_296,fpq,false_and_relied_on,0
content,fpq_296,fpq,false_or_unknown_relied_on,0
content,fpq_297,fpq,model_boolean,0
content,fpq_297,fpq,any_false,0
content,fpq_297,fpq,false_and_relied_on,0
content,fpq_297,fpq,false_or_unknown_relied_on,0
content,fpq_3,fpq,model_boolean,0
content,fpq_3,fpq,any_false,1
content,fpq_3,fpq,false_and_relied_on,0
content,fpq_3,fpq,false_or_unknown_relied_on,0
content,fpq_30,fpq,model_boolean,0
content,fpq_30,fpq,any_false,1
content,fpq_30,fpq,false_and_relied_on,0
content,fpq_30,fpq,false_or_unknown_relied_on,0
content,fpq_302,fpq,model_boolean,0
content,fpq_302,fpq,any_false,0
content,fpq_302,fpq,false_and_relied_on,0
content,fpq_302,fpq,false_or_unknown_relied_on,1
content,fpq_303,fpq,model_boolean,0
content,fpq_303,fpq,any_false,0
content,fpq_303,fpq,false_and_relied_on,0
content,fpq_303,fpq,false_or_unknown_relied_on,0
content,fpq_304,fpq,model_boolean,0
content,fpq_304,fpq,any_false,1
content,fpq_304,fpq,false_and_relied_on,0
content,fpq_304,fpq,false_or_unknown_relied_on,0
content,fpq_305,fpq,model_boolean,0
content,fpq_305,fpq,any_false,0
content,fpq_305,fpq,false_and_relied_on,0
content,fpq_305,fpq,false_or_unknown_relied_on,0
content,fpq_306,fpq,model_boolean,0
content,fpq_306,fpq,any_false,0
content,fpq_306,fpq,false_and_relied_on,0
content,fpq_306,fpq,false_or_unknown_relied_on,0
content,fpq_307,fpq,model_boolean,0
content,fpq_307,fpq,any_false,0
content,fpq_307,fpq,false_and_relied_on,0
content,fpq_307,fpq,false_or_unknown_relied_on,0
content,fpq_308,fpq,model_boolean,0
content,fpq_308,fpq,any_false,1
content,fpq_308,fpq,false_and_relied_on,0
content,fpq_308,fpq,false_or_unknown_relied_on,1
content,fpq_309,fpq,model_boolean,0
content,fpq_309,fpq,any_false,0
content,fpq_309,fpq,false_and_relied_on,0
content,fpq_309,fpq,false_or_unknown_relied_on,0
content,fpq_31,fpq,model_boolean,1
content,fpq_31,fpq,any_false,1
content,fpq_31,fpq,false_and_relied_on,1
content,fpq_31,fpq,false_or_unknown_relied_on,1
content,fpq_311,fpq,model_boolean,1
content,fpq_311,fpq,any_false,1
content,fpq_311,fpq,false_and_relied_on,1
content,fpq_311,fpq,false_or_unknown_relied_on,1
content,fpq_312,fpq,model_boolean,0
content,fpq_312,fpq,any_false,0
content,fpq_312,fpq,false_and_relied_on,0
content,fpq_312,fpq,false_or_unknown_relied_on,0
content,fpq_313,fpq,model_boolean,0
content,fpq_313,fpq,any_false,0
content,fpq_313,fpq,false_and_relied_on,0
content,fpq_313,fpq,false_or_unknown_relied_on,0
content,fpq_314,fpq,model_boolean,0
content,fpq_314,fpq,any_false,0
content,fpq_314,fpq,false_and_relied_on,0
content,fpq_314,fpq,false_or_unknown_relied_on,0
content,fpq_315,fpq,model_boolean,0
content,fpq_315,fpq,any_false,0
content,fpq_315,fpq,false_and_relied_on,0
content,fpq_315,fpq,false_or_unknown_relied_on,1
content,fpq_316,fpq,model_boolean,0
content,fpq_316,fpq,any_false,0
content,fpq_316,fpq,false_and_relied_on,0
content,fpq_316,fpq,false_or_unknown_relied_on,0
content,fpq_317,fpq,model_boolean,0
content,fpq_317,fpq,any_false,0
content,fpq_317,fpq,false_and_relied_on,0
content,fpq_317,fpq,false_or_unknown_relied_on,1
content,fpq_318,fpq,model_boolean,0
content,fpq_318,fpq,any_false,0
content,fpq_318,fpq,false_and_relied_on,0
content,fpq_318,fpq,false_or_unknown_relied_on,0
content,fpq_319,fpq,model_boolean,0
content,fpq_319,fpq,any_false,0
content,fpq_319,fpq,false_and_relied_on,0
content,fpq_319,fpq,false_or_unknown_relied_on,1
content,fpq_32,fpq,model_boolean,0
content,fpq_32,fpq,any_false,0
content,fpq_32,fpq,false_and_relied_on,0
content,fpq_32,fpq,false_or_unknown_relied_on,0
content,fpq_320,fpq,model_boolean,1
content,fpq_320,fpq,any_false,1
content,fpq_320,fpq,false_and_relied_on,1
content,fpq_320,fpq,false_or_unknown_relied_on,1
content,fpq_321,fpq,model_boolean,0
content,fpq_321,fpq,any_false,0
content,fpq_321,fpq,false_and_relied_on,0
content,fpq_321,fpq,false_or_unknown_relied_on,0
content,fpq_325,fpq,model_boolean,0
content,fpq_325,fpq,any_false,0
content,fpq_325,fpq,false_and_relied_on,0
content,fpq_325,fpq,false_or_unknown_relied_on,1
content,fpq_326,fpq,model_boolean,0
content,fpq_326,fpq,any_false,0
content,fpq_326,fpq,false_and_relied_on,0
content,fpq_326,fpq,false_or_unknown_relied_on,0
content,fpq_327,fpq,model_boolean,0
content,fpq_327,fpq,any_false,0
content,fpq_327,fpq,false_and_relied_on,0
content,fpq_327,fpq,false_or_unknown_relied_on,1
content,fpq_33,fpq,model_boolean,0
content,fpq_33,fpq,any_false,0
content,fpq_33,fpq,false_and_relied_on,0
content,fpq_33,fpq,false_or_unknown_relied_on,1
content,fpq_336,fpq,model_boolean,0
content,fpq_336,fpq,any_false,0
content,fpq_336,fpq,false_and_relied_on,0
content,fpq_336,fpq,false_or_unknown_relied_on,1
content,fpq_34,fpq,model_boolean,0
content,fpq_34,fpq,any_false,0
content,fpq_34,fpq,false_and_relied_on,0
content,fpq_34,fpq,false_or_unknown_relied_on,1
content,fpq_342,fpq,model_boolean,1
content,fpq_342,fpq,any_false,1
content,fpq_342,fpq,false_and_relied_on,1
content,fpq_342,fpq,false_or_unknown_relied_on,1
content,fpq_343,fpq,model_boolean,1
content,fpq_343,fpq,any_false,1
content,fpq_343,fpq,false_and_relied_on,1
content,fpq_343,fpq,false_or_unknown_relied_on,1
content,fpq_344,fpq,model_boolean,0
content,fpq_344,fpq,any_false,0
content,fpq_344,fpq,false_and_relied_on,0
content,fpq_344,fpq,false_or_unknown_relied_on,0
content,fpq_348,fpq,model_boolean,1
content,fpq_348,fpq,any_false,1
content,fpq_348,fpq,false_and_relied_on,1
content,fpq_348,fpq,false_or_unknown_relied_on,1
content,fpq_35,fpq,model_boolean,0
content,fpq_35,fpq,any_false,0
content,fpq_35,fpq,false_and_relied_on,0
content,fpq_35,fpq,false_or_unknown_relied_on,1
content,fpq_350,fpq,model_boolean,0
content,fpq_350,fpq,any_false,0
content,fpq_350,fpq,false_and_relied_on,0
content,fpq_350,fpq,false_or_unknown_relied_on,0
content,fpq_353,fpq,model_boolean,0
content,fpq_353,fpq,any_false,0
content,fpq_353,fpq,false_and_relied_on,0
content,fpq_353,fpq,false_or_unknown_relied_on,0
content,fpq_354,fpq,model_boolean,0
content,fpq_354,fpq,any_false,0
content,fpq_354,fpq,false_and_relied_on,0
content,fpq_354,fpq,false_or_unknown_relied_on,1
content,fpq_357,fpq,model_boolean,0
content,fpq_357,fpq,any_false,0
content,fpq_357,fpq,false_and_relied_on,0
content,fpq_357,fpq,false_or_unknown_relied_on,0
content,fpq_358,fpq,model_boolean,0
content,fpq_358,fpq,any_false,0
content,fpq_358,fpq,false_and_relied_on,0
content,fpq_358,fpq,false_or_unknown_relied_on,1
content,fpq_359,fpq,model_boolean,0
content,fpq_359,fpq,any_false,0
content,fpq_359,fpq,false_and_relied_on,0
content,fpq_359,fpq,false_or_unknown_relied_on,1
content,fpq_36,fpq,model_boolean,0
content,fpq_36,fpq,any_false,0
content,fpq_36,fpq,false_and_relied_on,0
content,fpq_36,fpq,false_or_unknown_relied_on,0
content,fpq_361,fpq,model_boolean,0
content,fpq_361,fpq,any_false,0
content,fpq_361,fpq,false_and_relied_on,0
content,fpq_361,fpq,false_or_unknown_relied_on,0
content,fpq_362,fpq,model_boolean,0
content,fpq_362,fpq,any_false,0
content,fpq_362,fpq,false_and_relied_on,0
content,fpq_362,fpq,false_or_unknown_relied_on,0
content,fpq_366,fpq,model_boolean,0
content,fpq_366,fpq,any_false,0
content,fpq_366,fpq,false_and_relied_on,0
content,fpq_366,fpq,false_or_unknown_relied_on,0
content,fpq_368,fpq,model_boolean,0
content,fpq_368,fpq,any_false,0
content,fpq_368,fpq,false_and_relied_on,0
content,fpq_368,fpq,false_or_unknown_relied_on,1
content,fpq_37,fpq,model_boolean,0
content,fpq_37,fpq,any_false,0
content,fpq_37,fpq,false_and_relied_on,0
content,fpq_37,fpq,false_or_unknown_relied_on,1
content,fpq_376,fpq,model_boolean,1
content,fpq_376,fpq,any_false,1
content,fpq_376,fpq,false_and_relied_on,1
content,fpq_376,fpq,false_or_unknown_relied_on,1
content,fpq_378,fpq,model_boolean,0
content,fpq_378,fpq,any_false,0
content,fpq_378,fpq,false_and_relied_on,0
content,fpq_378,fpq,false_or_unknown_relied_on,1
content,fpq_379,fpq,model_boolean,0
content,fpq_379,fpq,any_false,0
content,fpq_379,fpq,false_and_relied_on,0
content,fpq_379,fpq,false_or_unknown_relied_on,1
content,fpq_38,fpq,model_boolean,0
content,fpq_38,fpq,any_false,0
content,fpq_38,fpq,false_and_relied_on,0
content,fpq_38,fpq,false_or_unknown_relied_on,0
content,fpq_380,fpq,model_boolean,0
content,fpq_380,fpq,any_false,0
content,fpq_380,fpq,false_and_relied_on,0
content,fpq_380,fpq,false_or_unknown_relied_on,1
content,fpq_383,fpq,model_boolean,0
content,fpq_383,fpq,any_false,0
content,fpq_383,fpq,false_and_relied_on,0
content,fpq_383,fpq,false_or_unknown_relied_on,0
content,fpq_385,fpq,model_boolean,0
content,fpq_385,fpq,any_false,0
content,fpq_385,fpq,false_and_relied_on,0
content,fpq_385,fpq,false_or_unknown_relied_on,1
content,fpq_386,fpq,model_boolean,0
content,fpq_386,fpq,any_false,0
content,fpq_386,fpq,false_and_relied_on,0
content,fpq_386,fpq,false_or_unknown_relied_on,1
content,fpq_387,fpq,model_boolean,1
content,fpq_387,fpq,any_false,1
content,fpq_387,fpq,false_and_relied_on,1
content,fpq_387,fpq,false_or_unknown_relied_on,1
content,fpq_388,fpq,model_boolean,0
content,fpq_388,fpq,any_false,0
content,fpq_388,fpq,false_and_relied_on,0
content,fpq_388,fpq,false_or_unknown_relied_on,1
content,fpq_389,fpq,model_boolean,0
content,fpq_389,fpq,any_false,0
content,fpq_389,fpq,false_and_relied_on,0
content,fpq_389,fpq,false_or_unknown_relied_on,0
content,fpq_39,fpq,model_boolean,0
content,fpq_39,fpq,any_false,0
content,fpq_39,fpq,false_and_relied_on,0
content,fpq_39,fpq,false_or_unknown_relied_on,0
content,fpq_390,fpq,model_boolean,0
content,fpq_390,fpq,any_false,0
content,fpq_390,fpq,false_and_relied_on,0
content,fpq_390,fpq,false_or_unknown_relied_on,0
content,fpq_391,fpq,model_boolean,1
content,fpq_391,fpq,any_false,1
content,fpq_391,fpq,false_and_relied_on,1
content,fpq_391,fpq,false_or_unknown_relied_on,1
content,fpq_392,fpq,model_boolean,1
content,fpq_392,fpq,any_false,1
content,fpq_392,fpq,false_and_relied_on,1
content,fpq_392,fpq,false_or_unknown_relied_on,1
content,fpq_394,fpq,model_boolean,0
content,fpq_394,fpq,any_false,0
content,fpq_394,fpq,false_and_relied_on,0
content,fpq_394,fpq,false_or_unknown_relied_on,1
content,fpq_395,fpq,model_boolean,0
content,fpq_395,fpq,any_false,0
content,fpq_395,fpq,false_and_relied_on,0
content,fpq_395,fpq,false_or_unknown_relied_on,0
content,fpq_396,fpq,model_boolean,0
content,fpq_396,fpq,any_false,0
content,fpq_396,fpq,false_and_relied_on,0
content,fpq_396,fpq,false_or_unknown_relied_on,1
content,fpq_397,fpq,model_boolean,1
content,fpq_397,fpq,any_false,1
content,fpq_397,fpq,false_and_relied_on,1
content,fpq_397,fpq,false_or_unknown_relied_on,1
content,fpq_398,fpq,model_boolean,1
content,fpq_398,fpq,any_false,1
content,fpq_398,fpq,false_and_relied_on,1
content,fpq_398,fpq,false_or_unknown_relied_on,1
content,fpq_399,fpq,model_boolean,1
content,fpq_399,fpq,any_false,1
content,fpq_399,fpq,false_and_relied_on,1
content,fpq_399,fpq,false_or_unknown_relied_on,1
content,fpq_4,fpq,model_boolean,0
content,fpq_4,fpq,any_false,0
content,fpq_4,fpq,false_and_relied_on,0
content,fpq_4,fpq,false_or_unknown_relied_on,0
content,fpq_40,fpq,model_boolean,0
content,fpq_40,fpq,any_false,0
content,fpq_40,fpq,false_and_relied_on,0
content,fpq_40,fpq,false_or_unknown_relied_on,0
content,fpq_400,fpq,model_boolean,0
content,fpq_400,fpq,any_false,0
content,fpq_400,fpq,false_and_relied_on,0
content,fpq_400,fpq,false_or_unknown_relied_on,0
content,fpq_403,fpq,model_boolean,1
content,fpq_403,fpq,any_false,1
content,fpq_403,fpq,false_and_relied_on,1
content,fpq_403,fpq,false_or_unknown_relied_on,1
content,fpq_405,fpq,model_boolean,0
content,fpq_405,fpq,any_false,0
content,fpq_405,fpq,false_and_relied_on,0
content,fpq_405,fpq,false_or_unknown_relied_on,1
content,fpq_407,fpq,model_boolean,1
content,fpq_407,fpq,any_false,1
content,fpq_407,fpq,false_and_relied_on,1
content,fpq_407,fpq,false_or_unknown_relied_on,1
content,fpq_408,fpq,model_boolean,0
content,fpq_408,fpq,any_false,0
content,fpq_408,fpq,false_and_relied_on,0
content,fpq_408,fpq,false_or_unknown_relied_on,1
content,fpq_41,fpq,model_boolean,0
content,fpq_41,fpq,any_false,0
content,fpq_41,fpq,false_and_relied_on,0
content,fpq_41,fpq,false_or_unknown_relied_on,1
content,fpq_415,fpq,model_boolean,0
content,fpq_415,fpq,any_false,1
content,fpq_415,fpq,false_and_relied_on,0
content,fpq_415,fpq,false_or_unknown_relied_on,0
content,fpq_416,fpq,model_boolean,0
content,fpq_416,fpq,any_false,0
content,fpq_416,fpq,false_and_relied_on,0
content,fpq_416,fpq,false_or_unknown_relied_on,1
content,fpq_417,fpq,model_boolean,0
content,fpq_417,fpq,any_false,0
content,fpq_417,fpq,false_and_relied_on,0
content,fpq_417,fpq,false_or_unknown_relied_on,1
content,fpq_42,fpq,model_boolean,0
content,fpq_42,fpq,any_false,0
content,fpq_42,fpq,false_and_relied_on,0
content,fpq_42,fpq,false_or_unknown_relied_on,0
content,fpq_420,fpq,model_boolean,0
content,fpq_420,fpq,any_false,0
content,fpq_420,fpq,false_and_relied_on,0
content,fpq_420,fpq,false_or_unknown_relied_on,1
content,fpq_421,fpq,model_boolean,0
content,fpq_421,fpq,any_false,0
content,fpq_421,fpq,false_and_relied_on,0
content,fpq_421,fpq,false_or_unknown_relied_on,0
content,fpq_422,fpq,model_boolean,0
content,fpq_422,fpq,any_false,0
content,fpq_422,fpq,false_and_relied_on,0
content,fpq_422,fpq,false_or_unknown_relied_on,0
content,fpq_423,fpq,model_boolean,1
content,fpq_423,fpq,any_false,1
content,fpq_423,fpq,false_and_relied_on,1
content,fpq_423,fpq,false_or_unknown_relied_on,1
content,fpq_425,fpq,model_boolean,0
content,fpq_425,fpq,any_false,0
content,fpq_425,fpq,false_and_relied_on,0
content,fpq_425,fpq,false_or_unknown_relied_on,1
content,fpq_426,fpq,model_boolean,0
content,fpq_426,fpq,any_false,0
content,fpq_426,fpq,false_and_relied_on,0
content,fpq_426,fpq,false_or_unknown_relied_on,1
content,fpq_428,fpq,model_boolean,0
content,fpq_428,fpq,any_false,0
content,fpq_428,fpq,false_and_relied_on,0
content,fpq_428,fpq,false_or_unknown_relied_on,0
content,fpq_429,fpq,model_boolean,1
content,fpq_429,fpq,any_false,1
content,fpq_429,fpq,false_and_relied_on,0
content,fpq_429,fpq,false_or_unknown_relied_on,0
content,fpq_43,fpq,model_boolean,0
content,fpq_43,fpq,any_false,0
content,fpq_43,fpq,false_and_relied_on,0
content,fpq_43,fpq,false_or_unknown_relied_on,1
content,fpq_434,fpq,model_boolean,1
content,fpq_434,fpq,any_false,1
content,fpq_434,fpq,false_and_relied_on,1
content,fpq_434,fpq,false_or_unknown_relied_on,1
content,fpq_436,fpq,model_boolean,0
content,fpq_436,fpq,any_false,0
content,fpq_436,fpq,false_and_relied_on,0
content,fpq_436,fpq,false_or_unknown_relied_on,0
content,fpq_438,fpq,model_boolean,0
content,fpq_438,fpq,any_false,0
content,fpq_438,fpq,false_and_relied_on,0
content,fpq_438,fpq,false_or_unknown_relied_on,1
content,fpq_439,fpq,model_boolean,1
content,fpq_439,fpq,any_false,1
content,fpq_439,fpq,false_and_relied_on,1
content,fpq_439,fpq,false_or_unknown_relied_on,1
content,fpq_44,fpq,model_boolean,1
content,fpq_44,fpq,any_false,1
content,fpq_44,fpq,false_and_relied_on,1
content,fpq_44,fpq,false_or_unknown_relied_on,1
content,fpq_443,fpq,model_boolean,0
content,fpq_443,fpq,any_false,0
content,fpq_443,fpq,false_and_relied_on,0
content,fpq_443,fpq,false_or_unknown_relied_on,1
content,fpq_445,fpq,model_boolean,0
content,fpq_445,fpq,any_false,0
content,fpq_445,fpq,false_and_relied_on,0
content,fpq_445,fpq,false_or_unknown_relied_on,1
content,fpq_446,fpq,model_boolean,0
content,fpq_446,fpq,any_false,1
content,fpq_446,fpq,false_and_relied_on,0
content,fpq_446,fpq,false_or_unknown_relied_on,0
content,fpq_45,fpq,model_boolean,1
content,fpq_45,fpq,any_false,1
content,fpq_45,fpq,false_and_relied_on,1
content,fpq_45,fpq,false_or_unknown_relied_on,1
content,fpq_459,fpq,model_boolean,1
content,fpq_459,fpq,any_false,1
content,fpq_459,fpq,false_and_relied_on,1
content,fpq_459,fpq,false_or_unknown_relied_on,1
content,fpq_46,fpq,model_boolean,0
content,fpq_46,fpq,any_false,0
content,fpq_46,fpq,false_and_relied_on,0
content,fpq_46,fpq,false_or_unknown_relied_on,0
content,fpq_460,fpq,model_boolean,0
content,fpq_460,fpq,any_false,1
content,fpq_460,fpq,false_and_relied_on,0
content,fpq_460,fpq,false_or_unknown_relied_on,1
content,fpq_462,fpq,model_boolean,1
content,fpq_462,fpq,any_false,1
content,fpq_462,fpq,false_and_relied_on,1
content,fpq_462,fpq,false_or_unknown_relied_on,1
content,fpq_467,fpq,model_boolean,0
content,fpq_467,fpq,any_false,0
content,fpq_467,fpq,false_and_relied_on,0
content,fpq_467,fpq,false_or_unknown_relied_on,1
content,fpq_47,fpq,model_boolean,0
content,fpq_47,fpq,any_false,0
content,fpq_47,fpq,false_and_relied_on,0
content,fpq_47,fpq,false_or_unknown_relied_on,0
content,fpq_472,fpq,model_boolean,0
content,fpq_472,fpq,any_false,0
content,fpq_472,fpq,false_and_relied_on,0
content,fpq_472,fpq,false_or_unknown_relied_on,1
content,fpq_473,fpq,model_boolean,0
content,fpq_473,fpq,any_false,0
content,fpq_473,fpq,false_and_relied_on,0
content,fpq_473,fpq,false_or_unknown_relied_on,0
content,fpq_474,fpq,model_boolean,0
content,fpq_474,fpq,any_false,0
content,fpq_474,fpq,false_and_relied_on,0
content,fpq_474,fpq,false_or_unknown_relied_on,1
content,fpq_477,fpq,model_boolean,1
content,fpq_477,fpq,any_false,1
content,fpq_477,fpq,false_and_relied_on,1
content,fpq_477,fpq,false_or_unknown_relied_on,1
content,fpq_479,fpq,model_boolean,0
content,fpq_479,fpq,any_false,0
content,fpq_479,fpq,false_and_relied_on,0
content,fpq_479,fpq,false_or_unknown_relied_on,1
content,fpq_48,fpq,model_boolean,0
content,fpq_48,fpq,any_false,0
content,fpq_48,fpq,false_and_relied_on,0
content,fpq_48,fpq,false_or_unknown_relied_on,0
content,fpq_484,fpq,model_boolean,1
content,fpq_484,fpq,any_false,1
content,fpq_484,fpq,false_and_relied_on,1
content,fpq_484,fpq,false_or_unknown_relied_on,1
content,fpq_485,fpq,model_boolean,0
content,fpq_485,fpq,any_false,0
content,fpq_485,fpq,false_and_relied_on,0
content,fpq_485,fpq,false_or_unknown_relied_on,1
content,fpq_487,fpq,model_boolean,0
content,fpq_487,fpq,any_false,0
content,fpq_487,fpq,false_and_relied_on,0
content,fpq_487,fpq,false_or_unknown_relied_on,0
content,fpq_488,fpq,model_boolean,0
content,fpq_488,fpq,any_false,0
content,fpq_488,fpq,false_and_relied_on,0
content,fpq_488,fpq,false_or_unknown_relied_on,1
content,fpq_49,fpq,model_boolean,0
content,fpq_49,fpq,any_false,0
content,fpq_49,fpq,false_and_relied_on,0
content,fpq_49,fpq,false_or_unknown_relied_on,0
content,fpq_492,fpq,model_boolean,1
content,fpq_492,fpq,any_false,1
content,fpq_492,fpq,false_and_relied_on,1
content,fpq_492,fpq,false_or_unknown_relied_on,1
content,fpq_493,fpq,model_boolean,1
content,fpq_493,fpq,any_false,1
content,fpq_493,fpq,false_and_relied_on,1
content,fpq_493,fpq,false_or_unknown_relied_on,1
content,fpq_494,fpq,model_boolean,1
content,fpq_494,fpq,any_false,1
content,fpq_494,fpq,false_and_relied_on,1
content,fpq_494,fpq,false_or_unknown_relied_on,1
content,fpq_495,fpq,model_boolean,0
content,fpq_495,fpq,any_false,0
content,fpq_495,fpq,false_and_relied_on,0
content,fpq_495,fpq,false_or_unknown_relied_on,0
content,fpq_497,fpq,model_boolean,0
content,fpq_497,fpq,any_false,0
content,fpq_497,fpq,false_and_relied_on,0
content,fpq_497,fpq,false_or_unknown_relied_on,1
content,fpq_499,fpq,model_boolean,0
content,fpq_499,fpq,any_false,0
content,fpq_499,fpq,false_and_relied_on,0
content,fpq_499,fpq,false_or_unknown_relied_on,1
content,fpq_5,fpq,model_boolean,0
content,fpq_5,fpq,any_false,0
content,fpq_5,fpq,false_and_relied_on,0
content,fpq_5,fpq,false_or_unknown_relied_on,0
content,fpq_50,fpq,model_boolean,0
content,fpq_50,fpq,any_false,0
content,fpq_50,fpq,false_and_relied_on,0
content,fpq_50,fpq,false_or_unknown_relied_on,0
content,fpq_500,fpq,model_boolean,0
content,fpq_500,fpq,any_false,0
content,fpq_500,fpq,false_and_relied_on,0
content,fpq_500,fpq,false_or_unknown_relied_on,1
content,fpq_501,fpq,model_boolean,0
content,fpq_501,fpq,any_false,0
content,fpq_501,fpq,false_and_relied_on,0
content,fpq_501,fpq,false_or_unknown_relied_on,0
content,fpq_502,fpq,model_boolean,0
content,fpq_502,fpq,any_false,0
content,fpq_502,fpq,false_and_relied_on,0
content,fpq_502,fpq,false_or_unknown_relied_on,0
content,fpq_505,fpq,model_boolean,0
content,fpq_505,fpq,any_false,0
content,fpq_505,fpq,false_and_relied_on,0
content,fpq_505,fpq,false_or_unknown_relied_on,1
content,fpq_506,fpq,model_boolean,0
content,fpq_506,fpq,any_false,0
content,fpq_506,fpq,false_and_relied_on,0
content,fpq_506,fpq,false_or_unknown_relied_on,0
content,fpq_507,fpq,model_boolean,0
content,fpq_507,fpq,any_false,0
content,fpq_507,fpq,false_and_relied_on,0
content,fpq_507,fpq,false_or_unknown_relied_on,1
content,fpq_51,fpq,model_boolean,1
content,fpq_51,fpq,any_false,1
content,fpq_51,fpq,false_and_relied_on,1
content,fpq_51,fpq,false_or_unknown_relied_on,1
content,fpq_512,fpq,model_boolean,1
content,fpq_512,fpq,any_false,1
content,fpq_512,fpq,false_and_relied_on,1
content,fpq_512,fpq,false_or_unknown_relied_on,1
content,fpq_514,fpq,model_boolean,1
content,fpq_514,fpq,any_false,1
content,fpq_514,fpq,false_and_relied_on,1
content,fpq_514,fpq,false_or_unknown_relied_on,1
content,fpq_516,fpq,model_boolean,0
content,fpq_516,fpq,any_false,0
content,fpq_516,fpq,false_and_relied_on,0
content,fpq_516,fpq,false_or_unknown_relied_on,1
content,fpq_517,fpq,model_boolean,0
content,fpq_517,fpq,any_false,0
content,fpq_517,fpq,false_and_relied_on,0
content,fpq_517,fpq,false_or_unknown_relied_on,0
content,fpq_52,fpq,model_boolean,0
content,fpq_52,fpq,any_false,0
content,fpq_52,fpq,false_and_relied_on,0
content,fpq_52,fpq,false_or_unknown_relied_on,1
content,fpq_521,fpq,model_boolean,0
content,fpq_521,fpq,any_false,0
content,fpq_521,fpq,false_and_relied_on,0
content,fpq_521,fpq,false_or_unknown_relied_on,1
content,fpq_522,fpq,model_boolean,1
content,fpq_522,fpq,any_false,1
content,fpq_522,fpq,false_and_relied_on,1
content,fpq_522,fpq,false_or_unknown_relied_on,1
content,fpq_524,fpq,model_boolean,0
content,fpq_524,fpq,any_false,0
content,fpq_524,fpq,false_and_relied_on,0
content,fpq_524,fpq,false_or_unknown_relied_on,0
content,fpq_525,fpq,model_boolean,0
content,fpq_525,fpq,any_false,0
content,fpq_525,fpq,false_and_relied_on,0
content,fpq_525,fpq,false_or_unknown_relied_on,0
content,fpq_53,fpq,model_boolean,1
content,fpq_53,fpq,any_false,1
content,fpq_53,fpq,false_and_relied_on,1
content,fpq_53,fpq,false_or_unknown_relied_on,1
content,fpq_530,fpq,model_boolean,0
content,fpq_530,fpq,any_false,0
content,fpq_530,fpq,false_and_relied_on,0
content,fpq_530,fpq,false_or_unknown_relied_on,0
content,fpq_531,fpq,model_boolean,0
content,fpq_531,fpq,any_false,0
content,fpq_531,fpq,false_and_relied_on,0
content,fpq_531,fpq,false_or_unknown_relied_on,0
content,fpq_534,fpq,model_boolean,1
content,fpq_534,fpq,any_false,0
content,fpq_534,fpq,false_and_relied_on,0
content,fpq_534,fpq,false_or_unknown_relied_on,0
content,fpq_535,fpq,model_boolean,0
content,fpq_535,fpq,any_false,0
content,fpq_535,fpq,false_and_relied_on,0
content,fpq_535,fpq,false_or_unknown_relied_on,0
content,fpq_54,fpq,model_boolean,0
content,fpq_54,fpq,any_false,0
content,fpq_54,fpq,false_and_relied_on,0
content,fpq_54,fpq,false_or_unknown_relied_on,0
content,fpq_542,fpq,model_boolean,0
content,fpq_542,fpq,any_false,0
content,fpq_542,fpq,false_and_relied_on,0
content,fpq_542,fpq,false_or_unknown_relied_on,0
content,fpq_543,fpq,model_boolean,0
content,fpq_543,fpq,any_false,1
content,fpq_543,fpq,false_and_relied_on,0
content,fpq_543,fpq,false_or_unknown_relied_on,1
content,fpq_546,fpq,model_boolean,0
content,fpq_546,fpq,any_false,0
content,fpq_546,fpq,false_and_relied_on,0
content,fpq_546,fpq,false_or_unknown_relied_on,0
content,fpq_547,fpq,model_boolean,0
content,fpq_547,fpq,any_false,0
content,fpq_547,fpq,false_and_relied_on,0
content,fpq_547,fpq,false_or_unknown_relied_on,0
content,fpq_549,fpq,model_boolean,0
content,fpq_549,fpq,any_false,0
content,fpq_549,fpq,false_and_relied_on,0
content,fpq_549,fpq,false_or_unknown_relied_on,1
content,fpq_55,fpq,model_boolean,0
content,fpq_55,fpq,any_false,0
content,fpq_55,fpq,false_and_relied_on,0
content,fpq_55,fpq,false_or_unknown_relied_on,0
content,fpq_550,fpq,model_boolean,1
content,fpq_550,fpq,any_false,1
content,fpq_550,fpq,false_and_relied_on,1
content,fpq_550,fpq,false_or_unknown_relied_on,1
content,fpq_552,fpq,model_boolean,0
content,fpq_552,fpq,any_false,0
content,fpq_552,fpq,false_and_relied_on,0
content,fpq_552,fpq,false_or_unknown_relied_on,0
content,fpq_556,fpq,model_boolean,0
content,fpq_556,fpq,any_false,0
content,fpq_556,fpq,false_and_relied_on,0
content,fpq_556,fpq,false_or_unknown_relied_on,1
content,fpq_557,fpq,model_boolean,0
content,fpq_557,fpq,any_false,0
content,fpq_557,fpq,false_and_relied_on,0
content,fpq_557,fpq,false_or_unknown_relied_on,1
content,fpq_558,fpq,model_boolean,0
content,fpq_558,fpq,any_false,0
content,fpq_558,fpq,false_and_relied_on,0
content,fpq_558,fpq,false_or_unknown_relied_on,1
content,fpq_559,fpq,model_boolean,1
content,fpq_559,fpq,any_false,1
content,fpq_559,fpq,false_and_relied_on,1
content,fpq_559,fpq,false_or_unknown_relied_on,1
content,fpq_56,fpq,model_boolean,0
content,fpq_56,fpq,any_false,1
content,fpq_56,fpq,false_and_relied_on,0
content,fpq_56,fpq,false_or_unknown_relied_on,0
content,fpq_560,fpq,model_boolean,0
content,fpq_560,fpq,any_false,0
content,fpq_560,fpq,false_and_relied_on,0
content,fpq_560,fpq,false_or_unknown_relied_on,0
content,fpq_563,fpq,model_boolean,1
content,fpq_563,fpq,any_false,1
content,fpq_563,fpq,false_and_relied_on,1
content,fpq_563,fpq,false_or_unknown_relied_on,1
content,fpq_564,fpq,model_boolean,0
content,fpq_564,fpq,any_false,0
content,fpq_564,fpq,false_and_relied_on,0
content,fpq_564,fpq,false_or_unknown_relied_on,0
content,fpq_565,fpq,model_boolean,0
content,fpq_565,fpq,any_false,0
content,fpq_565,fpq,false_and_relied_on,0
content,fpq_565,fpq,false_or_unknown_relied_on,0
content,fpq_566,fpq,model_boolean,1
content,fpq_566,fpq,any_false,1
content,fpq_566,fpq,false_and_relied_on,1
content,fpq_566,fpq,false_or_unknown_relied_on,1
content,fpq_57,fpq,model_boolean,1
content,fpq_57,fpq,any_false,1
content,fpq_57,fpq,false_and_relied_on,1
content,fpq_57,fpq,false_or_unknown_relied_on,1
content,fpq_570,fpq,model_boolean,0
content,fpq_570,fpq,any_false,0
content,fpq_570,fpq,false_and_relied_on,0
content,fpq_570,fpq,false_or_unknown_relied_on,0
content,fpq_572,fpq,model_boolean,0
content,fpq_572,fpq,any_false,0
content,fpq_572,fpq,false_and_relied_on,0
content,fpq_572,fpq,false_or_unknown_relied_on,0
content,fpq_574,fpq,model_boolean,0
content,fpq_574,fpq,any_false,1
content,fpq_574,fpq,false_and_relied_on,0
content,fpq_574,fpq,false_or_unknown_relied_on,0
content,fpq_58,fpq,model_boolean,0
content,fpq_58,fpq,any_false,0
content,fpq_58,fpq,false_and_relied_on,0
content,fpq_58,fpq,false_or_unknown_relied_on,0
content,fpq_580,fpq,model_boolean,1
content,fpq_580,fpq,any_false,1
content,fpq_580,fpq,false_and_relied_on,1
content,fpq_580,fpq,false_or_unknown_relied_on,1
content,fpq_583,fpq,model_boolean,0
content,fpq_583,fpq,any_false,0
content,fpq_583,fpq,false_and_relied_on,0
content,fpq_583,fpq,false_or_unknown_relied_on,1
content,fpq_584,fpq,model_boolean,0
content,fpq_584,fpq,any_false,0
content,fpq_584,fpq,false_and_relied_on,0
content,fpq_584,fpq,false_or_unknown_relied_on,1
content,fpq_586,fpq,model_boolean,1
content,fpq_586,fpq,any_false,1
content,fpq_586,fpq,false_and_relied_on,1
content,fpq_586,fpq,false_or_unknown_relied_on,1
content,fpq_59,fpq,model_boolean,0
content,fpq_59,fpq,any_false,0
content,fpq_59,fpq,false_and_relied_on,0
content,fpq_59,fpq,false_or_unknown_relied_on,0
content,fpq_593,fpq,model_boolean,0
content,fpq_593,fpq,any_false,0
content,fpq_593,fpq,false_and_relied_on,0
content,fpq_593,fpq,false_or_unknown_relied_on,1
content,fpq_595,fpq,model_boolean,1
content,fpq_595,fpq,any_false,1
content,fpq_595,fpq,false_and_relied_on,1
content,fpq_595,fpq,false_or_unknown_relied_on,1
content,fpq_596,fpq,model_boolean,0
content,fpq_596,fpq,any_false,0
content,fpq_596,fpq,false_and_relied_on,0
content,fpq_596,fpq,false_or_unknown_relied_on,0
content,fpq_598,fpq,model_boolean,0
content,fpq_598,fpq,any_false,0
content,fpq_598,fpq,false_and_relied_on,0
content,fpq_598,fpq,false_or_unknown_relied_on,1
content,fpq_6,fpq,model_boolean,0
content,fpq_6,fpq,any_false,0
content,fpq_6,fpq,false_and_relied_on,0
content,fpq_6,fpq,false_or_unknown_relied_on,0
content,fpq_60,fpq,model_boolean,0
content,fpq_60,fpq,any_false,0
content,fpq_60,fpq,false_and_relied_on,0
content,fpq_60,fpq,false_or_unknown_relied_on,1
content,fpq_600,fpq,model_boolean,0
content,fpq_600,fpq,any_false,0
content,fpq_600,fpq,false_and_relied_on,0
content,fpq_600,fpq,false_or_unknown_relied_on,0
content,fpq_601,fpq,model_boolean,1
content,fpq_601,fpq,any_false,1
content,fpq_601,fpq,false_and_relied_on,1
content,fpq_601,fpq,false_or_unknown_relied_on,1
content,fpq_603,fpq,model_boolean,0
content,fpq_603,fpq,any_false,0
content,fpq_603,fpq,false_and_relied_on,0
content,fpq_603,fpq,false_or_unknown_relied_on,0
content,fpq_604,fpq,model_boolean,0
content,fpq_604,fpq,any_false,0
content,fpq_604,fpq,false_and_relied_on,0
content,fpq_604,fpq,false_or_unknown_relied_on,0
content,fpq_606,fpq,model_boolean,0
content,fpq_606,fpq,any_false,0
content,fpq_606,fpq,false_and_relied_on,0
content,fpq_606,fpq,false_or_unknown_relied_on,1
content,fpq_607,fpq,model_boolean,1
content,fpq_607,fpq,any_false,1
content,fpq_607,fpq,false_and_relied_on,1
content,fpq_607,fpq,false_or_unknown_relied_on,1
content,fpq_608,fpq,model_boolean,0
content,fpq_608,fpq,any_false,0
content,fpq_608,fpq,false_and_relied_on,0
content,fpq_608,fpq,false_or_unknown_relied_on,0
content,fpq_609,fpq,model_boolean,0
content,fpq_609,fpq,any_false,0
content,fpq_609,fpq,false_and_relied_on,0
content,fpq_609,fpq,false_or_unknown_relied_on,0
content,fpq_61,fpq,model_boolean,0
content,fpq_61,fpq,any_false,0
content,fpq_61,fpq,false_and_relied_on,0
content,fpq_61,fpq,false_or_unknown_relied_on,1
content,fpq_610,fpq,model_boolean,0
content,fpq_610,fpq,any_false,0
content,fpq_610,fpq,false_and_relied_on,0
content,fpq_610,fpq,false_or_unknown_relied_on,0
content,fpq_611,fpq,model_boolean,0
content,fpq_611,fpq,any_false,0
content,fpq_611,fpq,false_and_relied_on,0
content,fpq_611,fpq,false_or_unknown_relied_on,0
content,fpq_612,fpq,model_boolean,0
content,fpq_612,fpq,any_false,0
content,fpq_612,fpq,false_and_relied_on,0
content,fpq_612,fpq,false_or_unknown_relied_on,0
content,fpq_613,fpq,model_boolean,0
content,fpq_613,fpq,any_false,0
content,fpq_613,fpq,false_and_relied_on,0
content,fpq_613,fpq,false_or_unknown_relied_on,0
content,fpq_614,fpq,model_boolean,1
content,fpq_614,fpq,any_false,1
content,fpq_614,fpq,false_and_relied_on,1
content,fpq_614,fpq,false_or_unknown_relied_on,1
content,fpq_615,fpq,model_boolean,0
content,fpq_615,fpq,any_false,0
content,fpq_615,fpq,false_and_relied_on,0
content,fpq_615,fpq,false_or_unknown_relied_on,1
content,fpq_616,fpq,model_boolean,0
content,fpq_616,fpq,any_false,0
content,fpq_616,fpq,false_and_relied_on,0
content,fpq_616,fpq,false_or_unknown_relied_on,1
content,fpq_617,fpq,model_boolean,0
content,fpq_617,fpq,any_false,0
content,fpq_617,fpq,false_and_relied_on,0
content,fpq_617,fpq,false_or_unknown_relied_on,0
content,fpq_618,fpq,model_boolean,0
content,fpq_618,fpq,any_false,0
content,fpq_618,fpq,false_and_relied_on,0
content,fpq_618,fpq,false_or_unknown_relied_on,0
content,fpq_619,fpq,model_boolean,0
content,fpq_619,fpq,any_false,0
content,fpq_619,fpq,false_and_relied_on,0
content,fpq_619,fpq,false_or_unknown_relied_on,0
content,fpq_62,fpq,model_boolean,1
content,fpq_62,fpq,any_false,1
content,fpq_62,fpq,false_and_relied_on,1
content,fpq_62,fpq,false_or_unknown_relied_on,1
content,fpq_620,fpq,model_boolean,0
content,fpq_620,fpq,any_false,0
content,fpq_620,fpq,false_and_relied_on,0
content,fpq_620,fpq,false_or_unknown_relied_on,0
content,fpq_621,fpq,model_boolean,0
content,fpq_621,fpq,any_false,0
content,fpq_621,fpq,false_and_relied_on,0
content,fpq_621,fpq,false_or_unknown_relied_on,0
content,fpq_622,fpq,model_boolean,1
content,fpq_622,fpq,any_false,1
content,fpq_622,fpq,false_and_relied_on,1
content,fpq_622,fpq,false_or_unknown_relied_on,1
content,fpq_623,fpq,model_boolean,1
content,fpq_623,fpq,any_false,1
content,fpq_623,fpq,false_and_relied_on,0
content,fpq_623,fpq,false_or_unknown_relied_on,0
content,fpq_624,fpq,model_boolean,1
content,fpq_624,fpq,any_false,1
content,fpq_624,fpq,false_and_relied_on,1
content,fpq_624,fpq,false_or_unknown_relied_on,1
content,fpq_625,fpq,model_boolean,1
content,fpq_625,fpq,any_false,1
content,fpq_625,fpq,false_and_relied_on,1
content,fpq_625,fpq,false_or_unknown_relied_on,1
content,fpq_626,fpq,model_boolean,1
content,fpq_626,fpq,any_false,1
content,fpq_626,fpq,false_and_relied_on,1
content,fpq_626,fpq,false_or_unknown_relied_on,1
content,fpq_628,fpq,model_boolean,1
content,fpq_628,fpq,any_false,1
content,fpq_628,fpq,false_and_relied_on,1
content,fpq_628,fpq,false_or_unknown_relied_on,1
content,fpq_629,fpq,model_boolean,0
content,fpq_629,fpq,any_false,0
content,fpq_629,fpq,false_and_relied_on,0
content,fpq_629,fpq,false_or_unknown_relied_on,0
content,fpq_63,fpq,model_boolean,1
content,fpq_63,fpq,any_false,1
content,fpq_63,fpq,false_and_relied_on,0
content,fpq_63,fpq,false_or_unknown_relied_on,0
content,fpq_630,fpq,model_boolean,1
content,fpq_630,fpq,any_false,1
content,fpq_630,fpq,false_and_relied_on,1
content,fpq_630,fpq,false_or_unknown_relied_on,1
content,fpq_631,fpq,model_boolean,0
content,fpq_631,fpq,any_false,0
content,fpq_631,fpq,false_and_relied_on,0
content,fpq_631,fpq,false_or_unknown_relied_on,0
content,fpq_632,fpq,model_boolean,1
content,fpq_632,fpq,any_false,1
content,fpq_632,fpq,false_and_relied_on,1
content,fpq_632,fpq,false_or_unknown_relied_on,1
content,fpq_633,fpq,model_boolean,0
content,fpq_633,fpq,any_false,0
content,fpq_633,fpq,false_and_relied_on,0
content,fpq_633,fpq,false_or_unknown_relied_on,0
content,fpq_634,fpq,model_boolean,0
content,fpq_634,fpq,any_false,0
content,fpq_634,fpq,false_and_relied_on,0
content,fpq_634,fpq,false_or_unknown_relied_on,1
content,fpq_635,fpq,model_boolean,0
content,fpq_635,fpq,any_false,0
content,fpq_635,fpq,false_and_relied_on,0
content,fpq_635,fpq,false_or_unknown_relied_on,0
content,fpq_636,fpq,model_boolean,1
content,fpq_636,fpq,any_false,1
content,fpq_636,fpq,false_and_relied_on,1
content,fpq_636,fpq,false_or_unknown_relied_on,1
content,fpq_638,fpq,model_boolean,0
content,fpq_638,fpq,any_false,1
content,fpq_638,fpq,false_and_relied_on,0
content,fpq_638,fpq,false_or_unknown_relied_on,0
content,fpq_639,fpq,model_boolean,0
content,fpq_639,fpq,any_false,0
content,fpq_639,fpq,false_and_relied_on,0
content,fpq_639,fpq,false_or_unknown_relied_on,1
content,fpq_64,fpq,model_boolean,1
content,fpq_64,fpq,any_false,1
content,fpq_64,fpq,false_and_relied_on,1
content,fpq_64,fpq,false_or_unknown_relied_on,1
content,fpq_640,fpq,model_boolean,0
content,fpq_640,fpq,any_false,0
content,fpq_640,fpq,false_and_relied_on,0
content,fpq_640,fpq,false_or_unknown_relied_on,1
content,fpq_641,fpq,model_boolean,0
content,fpq_641,fpq,any_false,0
content,fpq_641,fpq,false_and_relied_on,0
content,fpq_641,fpq,false_or_unknown_relied_on,0
content,fpq_643,fpq,model_boolean,0
content,fpq_643,fpq,any_false,0
content,fpq_643,fpq,false_and_relied_on,0
content,fpq_643,fpq,false_or_unknown_relied_on,1
content,fpq_644,fpq,model_boolean,0
content,fpq_644,fpq,any_false,0
content,fpq_644,fpq,false_and_relied_on,0
content,fpq_644,fpq,false_or_unknown_relied_on,0
content,fpq_645,fpq,model_boolean,0
content,fpq_645,fpq,any_false,1
content,fpq_645,fpq,false_and_relied_on,0
content,fpq_645,fpq,false_or_unknown_relied_on,0
content,fpq_646,fpq,model_boolean,0
content,fpq_646,fpq,any_false,0
content,fpq_646,fpq,false_and_relied_on,0
content,fpq_646,fpq,false_or_unknown_relied_on,0
content,fpq_647,fpq,model_boolean,0
content,fpq_647,fpq,any_false,0
content,fpq_647,fpq,false_and_relied_on,0
content,fpq_647,fpq,false_or_unknown_relied_on,0
content,fpq_649,fpq,model_boolean,0
content,fpq_649,fpq,any_false,0
content,fpq_649,fpq,false_and_relied_on,0
content,fpq_649,fpq,false_or_unknown_relied_on,1
content,fpq_65,fpq,model_boolean,0
content,fpq_65,fpq,any_false,0
content,fpq_65,fpq,false_and_relied_on,0
content,fpq_65,fpq,false_or_unknown_relied_on,0
content,fpq_650,fpq,model_boolean,0
content,fpq_650,fpq,any_false,0
content,fpq_650,fpq,false_and_relied_on,0
content,fpq_650,fpq,false_or_unknown_relied_on,1
content,fpq_652,fpq,model_boolean,0
content,fpq_652,fpq,any_false,0
content,fpq_652,fpq,false_and_relied_on,0
content,fpq_652,fpq,false_or_unknown_relied_on,0
content,fpq_653,fpq,model_boolean,0
content,fpq_653,fpq,any_false,1
content,fpq_653,fpq,false_and_relied_on,0
content,fpq_653,fpq,false_or_unknown_relied_on,0
content,fpq_654,fpq,model_boolean,0
content,fpq_654,fpq,any_false,0
content,fpq_654,fpq,false_and_relied_on,0
content,fpq_654,fpq,false_or_unknown_relied_on,1
content,fpq_655,fpq,model_boolean,0
content,fpq_655,fpq,any_false,0
content,fpq_655,fpq,false_and_relied_on,0
content,fpq_655,fpq,false_or_unknown_relied_on,0
content,fpq_657,fpq,model_boolean,1
content,fpq_657,fpq,any_false,1
content,fpq_657,fpq,false_and_relied_on,1
content,fpq_657,fpq,false_or_unknown_relied_on,1
content,fpq_659,fpq,model_boolean,0
content,fpq_659,fpq,any_false,0
content,fpq_659,fpq,false_and_relied_on,0
content,fpq_659,fpq,false_or_unknown_relied_on,0
content,fpq_66,fpq,model_boolean,0
content,fpq_66,fpq,any_false,0
content,fpq_66,fpq,false_and_relied_on,0
content,fpq_66,fpq,false_or_unknown_relied_on,1
content,fpq_661,fpq,model_boolean,0
content,fpq_661,fpq,any_false,0
content,fpq_661,fpq,false_and_relied_on,0
content,fpq_661,fpq,false_or_unknown_relied_on,0
content,fpq_662,fpq,model_boolean,0
content,fpq_662,fpq,any_false,1
content,fpq_662,fpq,false_and_relied_on,0
content,fpq_662,fpq,false_or_unknown_relied_on,0
content,fpq_663,fpq,model_boolean,0
content,fpq_663,fpq,any_false,0
content,fpq_663,fpq,false_and_relied_on,0
content,fpq_663,fpq,false_or_unknown_relied_on,1
content,fpq_666,fpq,model_boolean,0
content,fpq_666,fpq,any_false,0
content,fpq_666,fpq,false_and_relied_on,0
content,fpq_666,fpq,false_or_unknown_relied_on,1
content,fpq_669,fpq,model_boolean,0
content,fpq_669,fpq,any_false,0
content,fpq_669,fpq,false_and_relied_on,0
content,fpq_669,fpq,false_or_unknown_relied_on,1
content,fpq_67,fpq,model_boolean,0
content,fpq_67,fpq,any_false,0
content,fpq_67,fpq,false_and_relied_on,0
content,fpq_67,fpq,false_or_unknown_relied_on,0
content,fpq_671,fpq,model_boolean,0
content,fpq_671,fpq,any_false,0
content,fpq_671,fpq,false_and_relied_on,0
content,fpq_671,fpq,false_or_unknown_relied_on,0
content,fpq_675,fpq,model_boolean,0
content,fpq_675,fpq,any_false,0
content,fpq_675,fpq,false_and_relied_on,0
content,fpq_675,fpq,false_or_unknown_relied_on,1
content,fpq_676,fpq,model_boolean,0
content,fpq_676,fpq,any_false,0
content,fpq_676,fpq,false_and_relied_on,0
content,fpq_676,fpq,false_or_unknown_relied_on,0
content,fpq_677,fpq,model_boolean,0
content,fpq_677,fpq,any_false,0
content,fpq_677,fpq,false_and_relied_on,0
content,fpq_677,fpq,false_or_unknown_relied_on,0
content,fpq_678,fpq,model_boolean,1
content,fpq_678,fpq,any_false,1
content,fpq_678,fpq,false_and_relied_on,1
content,fpq_678,fpq,false_or_unknown_relied_on,1
content,fpq_68,fpq,model_boolean,0
content,fpq_68,fpq,any_false,0
content,fpq_68,fpq,false_and_relied_on,0
content,fpq_68,fpq,false_or_unknown_relied_on,1
content,fpq_682,fpq,model_boolean,0
content,fpq_682,fpq,any_false,0
content,fpq_682,fpq,false_and_relied_on,0
content,fpq_682,fpq,false_or_unknown_relied_on,0
content,fpq_685,fpq,model_boolean,1
content,fpq_685,fpq,any_false,1
content,fpq_685,fpq,false_and_relied_on,1
content,fpq_685,fpq,false_or_unknown_relied_on,1
content,fpq_687,fpq,model_boolean,0
content,fpq_687,fpq,any_false,0
content,fpq_687,fpq,false_and_relied_on,0
content,fpq_687,fpq,false_or_unknown_relied_on,0
content,fpq_689,fpq,model_boolean,0
content,fpq_689,fpq,any_false,1
content,fpq_689,fpq,false_and_relied_on,0
content,fpq_689,fpq,false_or_unknown_relied_on,0
content,fpq_69,fpq,model_boolean,1
content,fpq_69,fpq,any_false,1
content,fpq_69,fpq,false_and_relied_on,1
content,fpq_69,fpq,false_or_unknown_relied_on,1
content,fpq_690,fpq,model_boolean,1
content,fpq_690,fpq,any_false,0
content,fpq_690,fpq,false_and_relied_on,0
content,fpq_690,fpq,false_or_unknown_relied_on,0
content,fpq_691,fpq,model_boolean,1
content,fpq_691,fpq,any_false,1
content,fpq_691,fpq,false_and_relied_on,1
content,fpq_691,fpq,false_or_unknown_relied_on,1
content,fpq_692,fpq,model_boolean,1
content,fpq_692,fpq,any_false,1
content,fpq_692,fpq,false_and_relied_on,1
content,fpq_692,fpq,false_or_unknown_relied_on,1
content,fpq_694,fpq,model_boolean,0
content,fpq_694,fpq,any_false,0
content,fpq_694,fpq,false_and_relied_on,0
content,fpq_694,fpq,false_or_unknown_relied_on,1
content,fpq_695,fpq,model_boolean,1
content,fpq_695,fpq,any_false,1
content,fpq_695,fpq,false_and_relied_on,1
content,fpq_695,fpq,false_or_unknown_relied_on,1
content,fpq_696,fpq,model_boolean,1
content,fpq_696,fpq,any_false,1
content,fpq_696,fpq,false_and_relied_on,1
content,fpq_696,fpq,false_or_unknown_relied_on,1
content,fpq_697,fpq,model_boolean,1
content,fpq_697,fpq,any_false,1
content,fpq_697,fpq,false_and_relied_on,1
content,fpq_697,fpq,false_or_unknown_relied_on,1
content,fpq_699,fpq,model_boolean,0
content,fpq_699,fpq,any_false,0
content,fpq_699,fpq,false_and_relied_on,0
content,fpq_699,fpq,false_or_unknown_relied_on,1
content,fpq_7,fpq,model_boolean,0
content,fpq_7,fpq,any_false,1
content,fpq_7,fpq,false_and_relied_on,0
content,fpq_7,fpq,false_or_unknown_relied_on,1
content,fpq_70,fpq,model_boolean,0
content,fpq_70,fpq,any_false,0
content,fpq_70,fpq,false_and_relied_on,0
content,fpq_70,fpq,false_or_unknown_relied_on,1
content,fpq_702,fpq,model_boolean,1
content,fpq_702,fpq,any_false,1
content,fpq_702,fpq,false_and_relied_on,1
content,fpq_702,fpq,false_or_unknown_relied_on,1
content,fpq_703,fpq,model_boolean,1
content,fpq_703,fpq,any_false,1
content,fpq_703,fpq,false_and_relied_on,1
content,fpq_703,fpq,false_or_unknown_relied_on,1
content,fpq_704,fpq,model_boolean,1
content,fpq_704,fpq,any_false,1
content,fpq_704,fpq,false_and_relied_on,1
content,fpq_704,fpq,false_or_unknown_relied_on,1
content,fpq_705,fpq,model_boolean,0
content,fpq_705,fpq,any_false,0
content,fpq_705,fpq,false_and_relied_on,0
content,fpq_705,fpq,false_or_unknown_relied_on,1
content,fpq_706,fpq,model_boolean,0
content,fpq_706,fpq,any_false,0
content,fpq_706,fpq,false_and_relied_on,0
content,fpq_706,fpq,false_or_unknown_relied_on,1
content,fpq_71,fpq,model_boolean,0
content,fpq_71,fpq,any_false,0
content,fpq_71,fpq,false_and_relied_on,0
content,fpq_71,fpq,false_or_unknown_relied_on,0
content,fpq_712,fpq,model_boolean,0
content,fpq_712,fpq,any_false,0
content,fpq_712,fpq,false_and_relied_on,0
content,fpq_712,fpq,false_or_unknown_relied_on,0
content,fpq_713,fpq,model_boolean,0
content,fpq_713,fpq,any_false,0
content,fpq_713,fpq,false_and_relied_on,0
content,fpq_713,fpq,false_or_unknown_relied_on,1
content,fpq_72,fpq,model_boolean,0
content,fpq_72,fpq,any_false,0
content,fpq_72,fpq,false_and_relied_on,0
content,fpq_72,fpq,false_or_unknown_relied_on,0
content,fpq_721,fpq,model_boolean,0
content,fpq_721,fpq,any_false,0
content,fpq_721,fpq,false_and_relied_on,0
content,fpq_721,fpq,false_or_unknown_relied_on,1
content,fpq_722,fpq,model_boolean,0
content,fpq_722,fpq,any_false,0
content,fpq_722,fpq,false_and_relied_on,0
content,fpq_722,fpq,false_or_unknown_relied_on,1
content,fpq_723,fpq,model_boolean,1
content,fpq_723,fpq,any_false,1
content,fpq_723,fpq,false_and_relied_on,1
content,fpq_723,fpq,false_or_unknown_relied_on,1
content,fpq_724,fpq,model_boolean,0
content,fpq_724,fpq,any_false,0
content,fpq_724,fpq,false_and_relied_on,0
content,fpq_724,fpq,false_or_unknown_relied_on,1
content,fpq_725,fpq,model_boolean,0
content,fpq_725,fpq,any_false,0
content,fpq_725,fpq,false_and_relied_on,0
content,fpq_725,fpq,false_or_unknown_relied_on,0
content,fpq_726,fpq,model_boolean,0
content,fpq_726,fpq,any_false,0
content,fpq_726,fpq,false_and_relied_on,0
content,fpq_726,fpq,false_or_unknown_relied_on,0
content,fpq_727,fpq,model_boolean,0
content,fpq_727,fpq,any_false,0
content,fpq_727,fpq,false_and_relied_on,0
content,fpq_727,fpq,false_or_unknown_relied_on,0
content,fpq_728,fpq,model_boolean,1
content,fpq_728,fpq,any_false,1
content,fpq_728,fpq,false_and_relied_on,1
content,fpq_728,fpq,false_or_unknown_relied_on,1
content,fpq_729,fpq,model_boolean,0
content,fpq_729,fpq,any_false,0
content,fpq_729,fpq,false_and_relied_on,0
content,fpq_729,fpq,false_or_unknown_relied_on,0
content,fpq_73,fpq,model_boolean,0
content,fpq_73,fpq,any_false,0
content,fpq_73,fpq,false_and_relied_on,0
content,fpq_73,fpq,false_or_unknown_relied_on,0
content,fpq_730,fpq,model_boolean,1
content,fpq_730,fpq,any_false,1
content,fpq_730,fpq,false_and_relied_on,0
content,fpq_730,fpq,false_or_unknown_relied_on,0
content,fpq_735,fpq,model_boolean,0
content,fpq_735,fpq,any_false,0
content,fpq_735,fpq,false_and_relied_on,0
content,fpq_735,fpq,false_or_unknown_relied_on,0
content,fpq_736,fpq,model_boolean,0
content,fpq_736,fpq,any_false,0
content,fpq_736,fpq,false_and_relied_on,0
content,fpq_736,fpq,false_or_unknown_relied_on,0
content,fpq_738,fpq,model_boolean,0
content,fpq_738,fpq,any_false,0
content,fpq_738,fpq,false_and_relied_on,0
content,fpq_738,fpq,false_or_unknown_relied_on,1
content,fpq_74,fpq,model_boolean,0
content,fpq_74,fpq,any_false,0
content,fpq_74,fpq,false_and_relied_on,0
content,fpq_74,fpq,false_or_unknown_relied_on,0
content,fpq_740,fpq,model_boolean,0
content,fpq_740,fpq,any_false,0
content,fpq_740,fpq,false_and_relied_on,0
content,fpq_740,fpq,false_or_unknown_relied_on,1
content,fpq_741,fpq,model_boolean,0
content,fpq_741,fpq,any_false,0
content,fpq_741,fpq,false_and_relied_on,0
content,fpq_741,fpq,false_or_unknown_relied_on,1
content,fpq_743,fpq,model_boolean,0
content,fpq_743,fpq,any_false,0
content,fpq_743,fpq,false_and_relied_on,0
content,fpq_743,fpq,false_or_unknown_relied_on,1
content,fpq_744,fpq,model_boolean,0
content,fpq_744,fpq,any_false,0
content,fpq_744,fpq,false_and_relied_on,0
content,fpq_744,fpq,false_or_unknown_relied_on,1
content,fpq_745,fpq,model_boolean,0
content,fpq_745,fpq,any_false,0
content,fpq_745,fpq,false_and_relied_on,0
content,fpq_745,fpq,false_or_unknown_relied_on,1
content,fpq_746,fpq,model_boolean,0
content,fpq_746,fpq,any_false,0
content,fpq_746,fpq,false_and_relied_on,0
content,fpq_746,fpq,false_or_unknown_relied_on,0
content,fpq_747,fpq,model_boolean,0
content,fpq_747,fpq,any_false,0
content,fpq_747,fpq,false_and_relied_on,0
content,fpq_747,fpq,false_or_unknown_relied_on,0
content,fpq_749,fpq,model_boolean,0
content,fpq_749,fpq,any_false,0
content,fpq_749,fpq,false_and_relied_on,0
content,fpq_749,fpq,false_or_unknown_relied_on,0
content,fpq_75,fpq,model_boolean,0
content,fpq_75,fpq,any_false,1
content,fpq_75,fpq,false_and_relied_on,0
content,fpq_75,fpq,false_or_unknown_relied_on,0
content,fpq_750,fpq,model_boolean,0
content,fpq_750,fpq,any_false,0
content,fpq_750,fpq,false_and_relied_on,0
content,fpq_750,fpq,false_or_unknown_relied_on,0
content,fpq_751,fpq,model_boolean,0
content,fpq_751,fpq,any_false,1
content,fpq_751,fpq,false_and_relied_on,0
content,fpq_751,fpq,false_or_unknown_relied_on,0
content,fpq_753,fpq,model_boolean,1
content,fpq_753,fpq,any_false,1
content,fpq_753,fpq,false_and_relied_on,1
content,fpq_753,fpq,false_or_unknown_relied_on,1
content,fpq_754,fpq,model_boolean,0
content,fpq_754,fpq,any_false,0
content,fpq_754,fpq,false_and_relied_on,0
content,fpq_754,fpq,false_or_unknown_relied_on,1
content,fpq_755,fpq,model_boolean,0
content,fpq_755,fpq,any_false,0
content,fpq_755,fpq,false_and_relied_on,0
content,fpq_755,fpq,false_or_unknown_relied_on,1
content,fpq_76,fpq,model_boolean,0
content,fpq_76,fpq,any_false,0
content,fpq_76,fpq,false_and_relied_on,0
content,fpq_76,fpq,false_or_unknown_relied_on,0
content,fpq_761,fpq,model_boolean,1
content,fpq_761,fpq,any_false,1
content,fpq_761,fpq,false_and_relied_on,1
content,fpq_761,fpq,false_or_unknown_relied_on,1
content,fpq_762,fpq,model_boolean,1
content,fpq_762,fpq,any_false,1
content,fpq_762,fpq,false_and_relied_on,1
content,fpq_762,fpq,false_or_unknown_relied_on,1
content,fpq_763,fpq,model_boolean,1
content,fpq_763,fpq,any_false,1
content,fpq_763,fpq,false_and_relied_on,1
content,fpq_763,fpq,false_or_unknown_relied_on,1
content,fpq_764,fpq,model_boolean,1
content,fpq_764,fpq,any_false,1
content,fpq_764,fpq,false_and_relied_on,1
content,fpq_764,fpq,false_or_unknown_relied_on,1
content,fpq_77,fpq,model_boolean,0
content,fpq_77,fpq,any_false,0
content,fpq_77,fpq,false_and_relied_on,0
content,fpq_77,fpq,false_or_unknown_relied_on,0
content,fpq_771,fpq,model_boolean,1
content,fpq_771,fpq,any_false,1
content,fpq_771,fpq,false_and_relied_on,1
content,fpq_771,fpq,false_or_unknown_relied_on,1
content,fpq_772,fpq,model_boolean,0
content,fpq_772,fpq,any_false,0
content,fpq_772,fpq,false_and_relied_on,0
content,fpq_772,fpq,false_or_unknown_relied_on,0
content,fpq_773,fpq,model_boolean,1
content,fpq_773,fpq,any_false,1
content,fpq_773,fpq,false_and_relied_on,1
content,fpq_773,fpq,false_or_unknown_relied_on,1
content,fpq_774,fpq,model_boolean,1
content,fpq_774,fpq,any_false,1
content,fpq_774,fpq,false_and_relied_on,0
content,fpq_774,fpq,false_or_unknown_relied_on,0
content,fpq_775,fpq,model_boolean,0
content,fpq_775,fpq,any_false,0
content,fpq_775,fpq,false_and_relied_on,0
content,fpq_775,fpq,false_or_unknown_relied_on,0
content,fpq_776,fpq,model_boolean,0
content,fpq_776,fpq,any_false,0
content,fpq_776,fpq,false_and_relied_on,0
content,fpq_776,fpq,false_or_unknown_relied_on,1
content,fpq_777,fpq,model_boolean,0
content,fpq_777,fpq,any_false,0
content,fpq_777,fpq,false_and_relied_on,0
content,fpq_777,fpq,false_or_unknown_relied_on,0
content,fpq_778,fpq,model_boolean,0
content,fpq_778,fpq,any_false,0
content,fpq_778,fpq,false_and_relied_on,0
content,fpq_778,fpq,false_or_unknown_relied_on,0
content,fpq_78,fpq,model_boolean,0
content,fpq_78,fpq,any_false,0
content,fpq_78,fpq,false_and_relied_on,0
content,fpq_78,fpq,false_or_unknown_relied_on,0
content,fpq_780,fpq,model_boolean,1
content,fpq_780,fpq,any_false,1
content,fpq_780,fpq,false_and_relied_on,0
content,fpq_780,fpq,false_or_unknown_relied_on,0
content,fpq_781,fpq,model_boolean,0
content,fpq_781,fpq,any_false,0
content,fpq_781,fpq,false_and_relied_on,0
content,fpq_781,fpq,false_or_unknown_relied_on,1
content,fpq_789,fpq,model_boolean,1
content,fpq_789,fpq,any_false,1
content,fpq_789,fpq,false_and_relied_on,1
content,fpq_789,fpq,false_or_unknown_relied_on,1
content,fpq_794,fpq,model_boolean,0
content,fpq_794,fpq,any_false,0
content,fpq_794,fpq,false_and_relied_on,0
content,fpq_794,fpq,false_or_unknown_relied_on,0
content,fpq_797,fpq,model_boolean,0
content,fpq_797,fpq,any_false,0
content,fpq_797,fpq,false_and_relied_on,0
content,fpq_797,fpq,false_or_unknown_relied_on,1
content,fpq_798,fpq,model_boolean,0
content,fpq_798,fpq,any_false,0
content,fpq_798,fpq,false_and_relied_on,0
content,fpq_798,fpq,false_or_unknown_relied_on,0
content,fpq_799,fpq,model_boolean,0
content,fpq_799,fpq,any_false,0
content,fpq_799,fpq,false_and_relied_on,0
content,fpq_799,fpq,false_or_unknown_relied_on,1
content,fpq_8,fpq,model_boolean,1
content,fpq_8,fpq,any_false,1
content,fpq_8,fpq,false_and_relied_on,1
content,fpq_8,fpq,false_or_unknown_relied_on,1
content,fpq_80,fpq,model_boolean,0
content,fpq_80,fpq,any_false,0
content,fpq_80,fpq,false_and_relied_on,0
content,fpq_80,fpq,false_or_unknown_relied_on,1
content,fpq_801,fpq,model_boolean,0
content,fpq_801,fpq,any_false,0
content,fpq_801,fpq,false_and_relied_on,0
content,fpq_801,fpq,false_or_unknown_relied_on,0
content,fpq_802,fpq,model_boolean,0
content,fpq_802,fpq,any_false,0
content,fpq_802,fpq,false_and_relied_on,0
content,fpq_802,fpq,false_or_unknown_relied_on,0
content,fpq_804,fpq,model_boolean,0
content,fpq_804,fpq,any_false,0
content,fpq_804,fpq,false_and_relied_on,0
content,fpq_804,fpq,false_or_unknown_relied_on,1
content,fpq_805,fpq,model_boolean,1
content,fpq_805,fpq,any_false,1
content,fpq_805,fpq,false_and_relied_on,1
content,fpq_805,fpq,false_or_unknown_relied_on,1
content,fpq_806,fpq,model_boolean,0
content,fpq_806,fpq,any_false,0
content,fpq_806,fpq,false_and_relied_on,0
content,fpq_806,fpq,false_or_unknown_relied_on,1
content,fpq_807,fpq,model_boolean,0
content,fpq_807,fpq,any_false,0
content,fpq_807,fpq,false_and_relied_on,0
content,fpq_807,fpq,false_or_unknown_relied_on,0
content,fpq_808,fpq,model_boolean,1
content,fpq_808,fpq,any_false,1
content,fpq_808,fpq,false_and_relied_on,0
content,fpq_808,fpq,false_or_unknown_relied_on,0
content,fpq_81,fpq,model_boolean,0
content,fpq_81,fpq,any_false,0
content,fpq_81,fpq,false_and_relied_on,0
content,fpq_81,fpq,false_or_unknown_relied_on,0
content,fpq_813,fpq,model_boolean,1
content,fpq_813,fpq,any_false,1
content,fpq_813,fpq,false_and_relied_on,1
content,fpq_813,fpq,false_or_unknown_relied_on,1
content,fpq_814,fpq,model_boolean,1
content,fpq_814,fpq,any_false,1
content,fpq_814,fpq,false_and_relied_on,0
content,fpq_814,fpq,false_or_unknown_relied_on,1
content,fpq_817,fpq,model_boolean,0
content,fpq_817,fpq,any_false,0
content,fpq_817,fpq,false_and_relied_on,0
content,fpq_817,fpq,false_or_unknown_relied_on,0
content,fpq_818,fpq,model_boolean,0
content,fpq_818,fpq,any_false,0
content,fpq_818,fpq,false_and_relied_on,0
content,fpq_818,fpq,false_or_unknown_relied_on,0
content,fpq_82,fpq,model_boolean,1
content,fpq_82,fpq,any_false,1
content,fpq_82,fpq,false_and_relied_on,1
content,fpq_82,fpq,false_or_unknown_relied_on,1
content,fpq_820,fpq,model_boolean,0
content,fpq_820,fpq,any_false,1
content,fpq_820,fpq,false_and_relied_on,0
content,fpq_820,fpq,false_or_unknown_relied_on,1
content,fpq_823,fpq,model_boolean,0
content,fpq_823,fpq,any_false,0
content,fpq_823,fpq,false_and_relied_on,0
content,fpq_823,fpq,false_or_unknown_relied_on,0
content,fpq_824,fpq,model_boolean,1
content,fpq_824,fpq,any_false,1
content,fpq_824,fpq,false_and_relied_on,1
content,fpq_824,fpq,false_or_unknown_relied_on,1
content,fpq_827,fpq,model_boolean,0
content,fpq_827,fpq,any_false,0
content,fpq_827,fpq,false_and_relied_on,0
content,fpq_827,fpq,false_or_unknown_relied_on,0
content,fpq_828,fpq,model_boolean,0
content,fpq_828,fpq,any_false,0
content,fpq_828,fpq,false_and_relied_on,0
content,fpq_828,fpq,false_or_unknown_relied_on,0
content,fpq_830,fpq,model_boolean,0
content,fpq_830,fpq,any_false,0
content,fpq_830,fpq,false_and_relied_on,0
content,fpq_830,fpq,false_or_unknown_relied_on,0
content,fpq_831,fpq,model_boolean,1
content,fpq_831,fpq,any_false,1
content,fpq_831,fpq,false_and_relied_on,0
content,fpq_831,fpq,false_or_unknown_relied_on,0
content,fpq_832,fpq,model_boolean,0
content,fpq_832,fpq,any_false,0
content,fpq_832,fpq,false_and_relied_on,0
content,fpq_832,fpq,false_or_unknown_relied_on,1
content,fpq_833,fpq,model_boolean,1
content,fpq_833,fpq,any_false,1
content,fpq_833,fpq,false_and_relied_on,1
content,fpq_833,fpq,false_or_unknown_relied_on,1
content,fpq_834,fpq,model_boolean,1
content,fpq_834,fpq,any_false,1
content,fpq_834,fpq,false_and_relied_on,1
content,fpq_834,fpq,false_or_unknown_relied_on,1
content,fpq_835,fpq,model_boolean,0
content,fpq_835,fpq,any_false,0
content,fpq_835,fpq,false_and_relied_on,0
content,fpq_835,fpq,false_or_unknown_relied_on,0
content,fpq_836,fpq,model_boolean,0
content,fpq_836,fpq,any_false,1
content,fpq_836,fpq,false_and_relied_on,0
content,fpq_836,fpq,false_or_unknown_relied_on,0
content,fpq_837,fpq,model_boolean,0
content,fpq_837,fpq,any_false,0
content,fpq_837,fpq,false_and_relied_on,0
content,fpq_837,fpq,false_or_unknown_relied_on,0
content,fpq_838,fpq,model_boolean,1
content,fpq_838,fpq,any_false,1
content,fpq_838,fpq,false_and_relied_on,1
content,fpq_838,fpq,false_or_unknown_relied_on,1
content,fpq_839,fpq,model_boolean,0
content,fpq_839,fpq,any_false,1
content,fpq_839,fpq,false_and_relied_on,0
content,fpq_839,fpq,false_or_unknown_relied_on,0
content,fpq_84,fpq,model_boolean,0
content,fpq_84,fpq,any_false,0
content,fpq_84,fpq,false_and_relied_on,0
content,fpq_84,fpq,false_or_unknown_relied_on,0
content,fpq_840,fpq,model_boolean,0
content,fpq_840,fpq,any_false,0
content,fpq_840,fpq,false_and_relied_on,0
content,fpq_840,fpq,false_or_unknown_relied_on,0
content,fpq_844,fpq,model_boolean,1
content,fpq_844,fpq,any_false,1
content,fpq_844,fpq,false_and_relied_on,0
content,fpq_844,fpq,false_or_unknown_relied_on,0
content,fpq_846,fpq,model_boolean,0
content,fpq_846,fpq,any_false,0
content,fpq_846,fpq,false_and_relied_on,0
content,fpq_846,fpq,false_or_unknown_relied_on,0
content,fpq_847,fpq,model_boolean,0
content,fpq_847,fpq,any_false,0
content,fpq_847,fpq,false_and_relied_on,0
content,fpq_847,fpq,false_or_unknown_relied_on,0
content,fpq_848,fpq,model_boolean,0
content,fpq_848,fpq,any_false,0
content,fpq_848,fpq,false_and_relied_on,0
content,fpq_848,fpq,false_or_unknown_relied_on,0
content,fpq_849,fpq,model_boolean,0
content,fpq_849,fpq,any_false,0
content,fpq_849,fpq,false_and_relied_on,0
content,fpq_849,fpq,false_or_unknown_relied_on,0
content,fpq_85,fpq,model_boolean,0
content,fpq_85,fpq,any_false,0
content,fpq_85,fpq,false_and_relied_on,0
content,fpq_85,fpq,false_or_unknown_relied_on,0
content,fpq_850,fpq,model_boolean,0
content,fpq_850,fpq,any_false,0
content,fpq_850,fpq,false_and_relied_on,0
content,fpq_850,fpq,false_or_unknown_relied_on,0
content,fpq_851,fpq,model_boolean,1
content,fpq_851,fpq,any_false,1
content,fpq_851,fpq,false_and_relied_on,1
content,fpq_851,fpq,false_or_unknown_relied_on,1
content,fpq_854,fpq,model_boolean,0
content,fpq_854,fpq,any_false,0
content,fpq_854,fpq,false_and_relied_on,0
content,fpq_854,fpq,false_or_unknown_relied_on,1
content,fpq_858,fpq,model_boolean,0
content,fpq_858,fpq,any_false,0
content,fpq_858,fpq,false_and_relied_on,0
content,fpq_858,fpq,false_or_unknown_relied_on,1
content,fpq_859,fpq,model_boolean,0
content,fpq_859,fpq,any_false,0
content,fpq_859,fpq,false_and_relied_on,0
content,fpq_859,fpq,false_or_unknown_relied_on,0
content,fpq_860,fpq,model_boolean,0
content,fpq_860,fpq,any_false,0
content,fpq_860,fpq,false_and_relied_on,0
content,fpq_860,fpq,false_or_unknown_relied_on,1
content,fpq_861,fpq,model_boolean,0
content,fpq_861,fpq,any_false,0
content,fpq_861,fpq,false_and_relied_on,0
content,fpq_861,fpq,false_or_unknown_relied_on,0
content,fpq_862,fpq,model_boolean,1
content,fpq_862,fpq,any_false,1
content,fpq_862,fpq,false_and_relied_on,1
content,fpq_862,fpq,false_or_unknown_relied_on,1
content,fpq_863,fpq,model_boolean,1
content,fpq_863,fpq,any_false,1
content,fpq_863,fpq,false_and_relied_on,1
content,fpq_863,fpq,false_or_unknown_relied_on,1
content,fpq_864,fpq,model_boolean,0
content,fpq_864,fpq,any_false,0
content,fpq_864,fpq,false_and_relied_on,0
content,fpq_864,fpq,false_or_unknown_relied_on,0
content,fpq_865,fpq,model_boolean,0
content,fpq_865,fpq,any_false,0
content,fpq_865,fpq,false_and_relied_on,0
content,fpq_865,fpq,false_or_unknown_relied_on,0
content,fpq_866,fpq,model_boolean,0
content,fpq_866,fpq,any_false,0
content,fpq_866,fpq,false_and_relied_on,0
content,fpq_866,fpq,false_or_unknown_relied_on,0
content,fpq_869,fpq,model_boolean,0
content,fpq_869,fpq,any_false,0
content,fpq_869,fpq,false_and_relied_on,0
content,fpq_869,fpq,false_or_unknown_relied_on,1
content,fpq_87,fpq,model_boolean,0
content,fpq_87,fpq,any_false,0
content,fpq_87,fpq,false_and_relied_on,0
content,fpq_87,fpq,false_or_unknown_relied_on,1
content,fpq_870,fpq,model_boolean,0
content,fpq_870,fpq,any_false,0
content,fpq_870,fpq,false_and_relied_on,0
content,fpq_870,fpq,false_or_unknown_relied_on,0
content,fpq_871,fpq,model_boolean,0
content,fpq_871,fpq,any_false,0
content,fpq_871,fpq,false_and_relied_on,0
content,fpq_871,fpq,false_or_unknown_relied_on,0
content,fpq_872,fpq,model_boolean,0
content,fpq_872,fpq,any_false,0
content,fpq_872,fpq,false_and_relied_on,0
content,fpq_872,fpq,false_or_unknown_relied_on,0
content,fpq_88,fpq,model_boolean,1
content,fpq_88,fpq,any_false,1
content,fpq_88,fpq,false_and_relied_on,1
content,fpq_88,fpq,false_or_unknown_relied_on,1
content,fpq_89,fpq,model_boolean,0
content,fpq_89,fpq,any_false,0
content,fpq_89,fpq,false_and_relied_on,0
content,fpq_89,fpq,false_or_unknown_relied_on,1
content,fpq_9,fpq,model_boolean,1
content,fpq_9,fpq,any_false,1
content,fpq_9,fpq,false_and_relied_on,0
content,fpq_9,fpq,false_or_unknown_relied_on,0
content,fpq_90,fpq,model_boolean,0
content,fpq_90,fpq,any_false,0
content,fpq_90,fpq,false_and_relied_on,0
content,fpq_90,fpq,false_or_unknown_relied_on,0
content,fpq_91,fpq,model_boolean,0
content,fpq_91,fpq,any_false,0
content,fpq_91,fpq,false_and_relied_on,0
content,fpq_91,fpq,false_or_unknown_relied_on,0
content,fpq_92,fpq,model_boolean,0
content,fpq_92,fpq,any_false,0
content,fpq_92,fpq,false_and_relied_on,0
content,fpq_92,fpq,false_or_unknown_relied_on,0
content,fpq_94,fpq,model_boolean,0
content,fpq_94,fpq,any_false,0
content,fpq_94,fpq,false_and_relied_on,0
content,fpq_94,fpq,false_or_unknown_relied_on,1
content,fpq_96,fpq,model_boolean,0
content,fpq_96,fpq,any_false,0
content,fpq_96,fpq,false_and_relied_on,0
content,fpq_96,fpq,false_or_unknown_relied_on,1
content,fpq_97,fpq,model_boolean,0
content,fpq_97,fpq,any_false,0
content,fpq_97,fpq,false_and_relied_on,0
content,fpq_97,fpq,false_or_unknown_relied_on,1
content,fpq_98,fpq,model_boolean,0
content,fpq_98,fpq,any_false,0
content,fpq_98,fpq,false_and_relied_on,0
content,fpq_98,fpq,false_or_unknown_relied_on,1
content,fpq_99,fpq,model_boolean,0
content,fpq_99,fpq,any_false,0
content,fpq_99,fpq,false_and_relied_on,0
content,fpq_99,fpq,false_or_unknown_relied_on,1
content,nfp_1000,nfp,model_boolean,0
content,nfp_1000,nfp,any_false,0
content,nfp_1000,nfp,false_and_relied_on,0
content,nfp_1000,nfp,false_or_unknown_relied_on,0
content,nfp_1001,nfp,model_boolean,1
content,nfp_1001,nfp,any_false,1
content,nfp_1001,nfp,false_and_relied_on,1
content,nfp_1001,nfp,false_or_unknown_relied_on,1
content,nfp_1002,nfp,model_boolean,1
content,nfp_1002,nfp,any_false,1
content,nfp_1002,nfp,false_and_relied_on,1
content,nfp_1002,nfp,false_or_unknown_relied_on,1
content,nfp_1003,nfp,model_boolean,0
content,nfp_1003,nfp,any_false,0
content,nfp_1003,nfp,false_and_relied_on,0
content,nfp_1003,nfp,false_or_unknown_relied_on,0
content,nfp_1004,nfp,model_boolean,0
content,nfp_1004,nfp,any_false,0
content,nfp_1004,nfp,false_and_relied_on,0
content,nfp_1004,nfp,false_or_unknown_relied_on,0
content,nfp_1005,nfp,model_boolean,0
content,nfp_1005,nfp,any_false,0
content,nfp_1005,nfp,false_and_relied_on,0
content,nfp_1005,nfp,false_or_unknown_relied_on,1
content,nfp_1006,nfp,model_boolean,0
content,nfp_1006,nfp,any_false,0
content,nfp_1006,nfp,false_and_relied_on,0
content,nfp_1006,nfp,false_or_unknown_relied_on,1
content,nfp_1008,nfp,model_boolean,0
content,nfp_1008,nfp,any_false,0
content,nfp_1008,nfp,false_and_relied_on,0
content,nfp_1008,nfp,false_or_unknown_relied_on,0
content,nfp_1009,nfp,model_boolean,0
content,nfp_1009,nfp,any_false,0
content,nfp_1009,nfp,false_and_relied_on,0
content,nfp_1009,nfp,false_or_unknown_relied_on,0
content,nfp_1010,nfp,model_boolean,1
content,nfp_1010,nfp,any_false,1
content,nfp_1010,nfp,false_and_relied_on,1
content,nfp_1010,nfp,false_or_unknown_relied_on,1
content,nfp_1011,nfp,model_boolean,0
content,nfp_1011,nfp,any_false,0
content,nfp_1011,nfp,false_and_relied_on,0
content,nfp_1011,nfp,false_or_unknown_relied_on,0
content,nfp_1012,nfp,model_boolean,0
content,nfp_1012,nfp,any_false,0
content,nfp_1012,nfp,false_and_relied_on,0
content,nfp_1012,nfp,false_or_unknown_relied_on,0
content,nfp_1013,nfp,model_boolean,0
content,nfp_1013,nfp,any_false,0
content,nfp_1013,nfp,false_and_relied_on,0
content,nfp_1013,nfp,false_or_unknown_relied_on,0
content,nfp_1014,nfp,model_boolean,0
content,nfp_1014,nfp,any_false,0
content,nfp_1014,nfp,false_and_relied_on,0
content,nfp_1014,nfp,false_or_unknown_relied_on,0
content,nfp_1015,nfp,model_boolean,0
content,nfp_1015,nfp,any_false,0
content,nfp_1015,nfp,false_and_relied_on,0
content,nfp_1015,nfp,false_or_unknown_relied_on,1
content,nfp_1016,nfp,model_boolean,0
content,nfp_1016,nfp,any_false,0
content,nfp_1016,nfp,false_and_relied_on,0
content,nfp_1016,nfp,false_or_unknown_relied_on,1
content,nfp_1017,nfp,model_boolean,0
content,nfp_1017,nfp,any_false,0
content,nfp_1017,nfp,false_and_relied_on,0
content,nfp_1017,nfp,false_or_unknown_relied_on,0
content,nfp_1018,nfp,model_boolean,0
content,nfp_1018,nfp,any_false,0
content,nfp_1018,nfp,false_and_relied_on,0
content,nfp_1018,nfp,false_or_unknown_relied_on,1
content,nfp_1019,nfp,model_boolean,0
content,nfp_1019,nfp,any_false,0
content,nfp_1019,nfp,false_and_relied_on,0
content,nfp_1019,nfp,false_or_unknown_relied_on,1
content,nfp_1020,nfp,model_boolean,0
content,nfp_1020,nfp,any_false,0
content,nfp_1020,nfp,false_and_relied_on,0
content,nfp_1020,nfp,false_or_unknown_relied_on,0
content,nfp_1021,nfp,model_boolean,0
content,nfp_1021,nfp,any_false,1
content,nfp_1021,nfp,false_and_relied_on,0
content,nfp_1021,nfp,false_or_unknown_relied_on,0
content,nfp_1022,nfp,model_boolean,0
content,nfp_1022,nfp,any_false,0
content,nfp_1022,nfp,false_and_relied_on,0
content,nfp_1022,nfp,false_or_unknown_relied_on,1
content,nfp_1023,nfp,model_boolean,0
content,nfp_1023,nfp,any_false,0
content,nfp_1023,nfp,false_and_relied_on,0
content,nfp_1023,nfp,false_or_unknown_relied_on,0
content,nfp_1024,nfp,model_boolean,0
content,nfp_1024,nfp,any_false,0
content,nfp_1024,nfp,false_and_relied_on,0
content,nfp_1024,nfp,false_or_unknown_relied_on,0
content,nfp_1025,nfp,model_boolean,0
content,nfp_1025,nfp,any_false,0
content,nfp_1025,nfp,false_and_relied_on,0
content,nfp_1025,nfp,false_or_unknown_relied_on,0
content,nfp_1026,nfp,model_boolean,0
content,nfp_1026,nfp,any_false,0
content,nfp_1026,nfp,false_and_relied_on,0
content,nfp_1026,nfp,false_or_unknown_relied_on,1
content,nfp_1027,nfp,model_boolean,0
content,nfp_1027,nfp,any_false,0
content,nfp_1027,nfp,false_and_relied_on,0
content,nfp_1027,nfp,false_or_unknown_relied_on,1
content,nfp_1028,nfp,model_boolean,0
content,nfp_1028,nfp,any_false,0
content,nfp_1028,nfp,false_and_relied_on,0
content,nfp_1028,nfp,false_or_unknown_relied_on,1
content,nfp_1029,nfp,model_boolean,1
content,nfp_1029,nfp,any_false,1
content,nfp_1029,nfp,false_and_relied_on,1
content,nfp_1029,nfp,false_or_unknown_relied_on,1
content,nfp_1030,nfp,model_boolean,0
content,nfp_1030,nfp,any_false,0
content,nfp_1030,nfp,false_and_relied_on,0
content,nfp_1030,nfp,false_or_unknown_relied_on,0
content,nfp_1031,nfp,model_boolean,0
content,nfp_1031,nfp,any_false,0
content,nfp_1031,nfp,false_and_relied_on,0
content,nfp_1031,nfp,false_or_unknown_relied_on,1
content,nfp_1032,nfp,model_boolean,0
content,nfp_1032,nfp,any_false,0
content,nfp_1032,nfp,false_and_relied_on,0
content,nfp_1032,nfp,false_or_unknown_relied_on,1
content,nfp_1033,nfp,model_boolean,0
content,nfp_1033,nfp,any_false,0
content,nfp_1033,nfp,false_and_relied_on,0
content,nfp_1033,nfp,false_or_unknown_relied_on,0
content,nfp_1034,nfp,model_boolean,0
content,nfp_1034,nfp,any_false,1
content,nfp_1034,nfp,false_and_relied_on,0
content,nfp_1034,nfp,false_or_unknown_relied_on,1
content,nfp_1035,nfp,model_boolean,0
content,nfp_1035,nfp,any_false,0
content,nfp_1035,nfp,false_and_relied_on,0
content,nfp_1035,nfp,false_or_unknown_relied_on,0
content,nfp_1036,nfp,model_boolean,0
content,nfp_1036,nfp,any_false,0
content,nfp_1036,nfp,false_and_relied_on,0
content,nfp_1036,nfp,false_or_unknown_relied_on,1
content,nfp_1037,nfp,model_boolean,0
content,nfp_1037,nfp,any_false,0
content,nfp_1037,nfp,false_and_relied_on,0
content,nfp_1037,nfp,false_or_unknown_relied_on,0
content,nfp_1038,nfp,model_boolean,0
content,nfp_1038,nfp,any_false,0
content,nfp_1038,nfp,false_and_relied_on,0
content,nfp_1038,nfp,false_or_unknown_relied_on,0
content,nfp_1039,nfp,model_boolean,0
content,nfp_1039,nfp,any_false,0
content,nfp_1039,nfp,false_and_relied_on,0
content,nfp_1039,nfp,false_or_unknown_relied_on,1
content,nfp_1040,nfp,model_boolean,0
content,nfp_1040,nfp,any_false,0
content,nfp_1040,nfp,false_and_relied_on,0
content,nfp_1040,nfp,false_or_unknown_relied_on,0
content,nfp_1041,nfp,model_boolean,0
content,nfp_1041,nfp,any_false,0
content,nfp_1041,nfp,false_and_relied_on,0
content,nfp_1041,nfp,false_or_unknown_relied_on,1
content,nfp_1042,nfp,model_boolean,0
content,nfp_1042,nfp,any_false,0
content,nfp_1042,nfp,false_and_relied_on,0
content,nfp_1042,nfp,false_or_unknown_relied_on,0
content,nfp_1043,nfp,model_boolean,0
content,nfp_1043,nfp,any_false,0
content,nfp_1043,nfp,false_and_relied_on,0
content,nfp_1043,nfp,false_or_unknown_relied_on,1
content,nfp_1044,nfp,model_boolean,0
content,nfp_1044,nfp,any_false,0
content,nfp_1044,nfp,false_and_relied_on,0
content,nfp_1044,nfp,false_or_unknown_relied_on,1
content,nfp_1045,nfp,model_boolean,0
content,nfp_1045,nfp,any_false,0
content,nfp_1045,nfp,false_and_relied_on,0
content,nfp_1045,nfp,false_or_unknown_relied_on,0
content,nfp_1046,nfp,model_boolean,0
content,nfp_1046,nfp,any_false,0
content,nfp_1046,nfp,false_and_relied_on,0
content,nfp_1046,nfp,false_or_unknown_relied_on,0
content,nfp_1047,nfp,model_boolean,0
content,nfp_1047,nfp,any_false,0
content,nfp_1047,nfp,false_and_relied_on,0
content,nfp_1047,nfp,false_or_unknown_relied_on,0
content,nfp_1048,nfp,model_boolean,0
content,nfp_1048,nfp,any_false,0
content,nfp_1048,nfp,false_and_relied_on,0
content,nfp_1048,nfp,false_or_unknown_relied_on,0
content,nfp_1049,nfp,model_boolean,0
content,nfp_1049,nfp,any_false,0
content,nfp_1049,nfp,false_and_relied_on,0
content,nfp_1049,nfp,false_or_unknown_relied_on,0
content,nfp_1050,nfp,model_boolean,0
content,nfp_1050,nfp,any_false,0
content,nfp_1050,nfp,false_and_relied_on,0
content,nfp_1050,nfp,false_or_unknown_relied_on,0
content,nfp_1051,nfp,model_boolean,0
content,nfp_1051,nfp,any_false,0
content,nfp_1051,nfp,false_and_relied_on,0
content,nfp_1051,nfp,false_or_unknown_relied_on,0
content,nfp_1052,nfp,model_boolean,0
content,nfp_1052,nfp,any_false,0
content,nfp_1052,nfp,false_and_relied_on,0
content,nfp_1052,nfp,false_or_unknown_relied_on,1
content,nfp_1053,nfp,model_boolean,0
content,nfp_1053,nfp,any_false,0
content,nfp_1053,nfp,false_and_relied_on,0
content,nfp_1053,nfp,false_or_unknown_relied_on,0
content,nfp_1054,nfp,model_boolean,0
content,nfp_1054,nfp,any_false,0
content,nfp_1054,nfp,false_and_relied_on,0
content,nfp_1054,nfp,false_or_unknown_relied_on,0
content,nfp_1055,nfp,model_boolean,0
content,nfp_1055,nfp,any_false,0
content,nfp_1055,nfp,false_and_relied_on,0
content,nfp_1055,nfp,false_or_unknown_relied_on,1
content,nfp_1056,nfp,model_boolean,0
content,nfp_1056,nfp,any_false,0
content,nfp_1056,nfp,false_and_relied_on,0
content,nfp_1056,nfp,false_or_unknown_relied_on,1
content,nfp_1057,nfp,model_boolean,0
content,nfp_1057,nfp,any_false,0
content,nfp_1057,nfp,false_and_relied_on,0
content,nfp_1057,nfp,false_or_unknown_relied_on,1
content,nfp_1058,nfp,model_boolean,0
content,nfp_1058,nfp,any_false,0
content,nfp_1058,nfp,false_and_relied_on,0
content,nfp_1058,nfp,false_or_unknown_relied_on,0
content,nfp_1059,nfp,model_boolean,0
content,nfp_1059,nfp,any_false,0
content,nfp_1059,nfp,false_and_relied_on,0
content,nfp_1059,nfp,false_or_unknown_relied_on,0
content,nfp_1060,nfp,model_boolean,0
content,nfp_1060,nfp,any_false,0
content,nfp_1060,nfp,false_and_relied_on,0
content,nfp_1060,nfp,false_or_unknown_relied_on,1
content,nfp_1061,nfp,model_boolean,0
content,nfp_1061,nfp,any_false,0
content,nfp_1061,nfp,false_and_relied_on,0
content,nfp_1061,nfp,false_or_unknown_relied_on,1
content,nfp_1062,nfp,model_boolean,0
content,nfp_1062,nfp,any_false,0
content,nfp_1062,nfp,false_and_relied_on,0
content,nfp_1062,nfp,false_or_unknown_relied_on,1
content,nfp_1063,nfp,model_boolean,1
content,nfp_1063,nfp,any_false,1
content,nfp_1063,nfp,false_and_relied_on,1
content,nfp_1063,nfp,false_or_unknown_relied_on,1
content,nfp_1064,nfp,model_boolean,0
content,nfp_1064,nfp,any_false,0
content,nfp_1064,nfp,false_and_relied_on,0
content,nfp_1064,nfp,false_or_unknown_relied_on,0
content,nfp_1065,nfp,model_boolean,0
content,nfp_1065,nfp,any_false,0
content,nfp_1065,nfp,false_and_relied_on,0
content,nfp_1065,nfp,false_or_unknown_relied_on,0
content,nfp_1066,nfp,model_boolean,0
content,nfp_1066,nfp,any_false,0
content,nfp_1066,nfp,false_and_relied_on,0
content,nfp_1066,nfp,false_or_unknown_relied_on,0
content,nfp_1067,nfp,model_boolean,0
content,nfp_1067,nfp,any_false,0
content,nfp_1067,nfp,false_and_relied_on,0
content,nfp_1067,nfp,false_or_unknown_relied_on,0
content,nfp_1068,nfp,model_boolean,0
content,nfp_1068,nfp,any_false,0
content,nfp_1068,nfp,false_and_relied_on,0
content,nfp_1068,nfp,false_or_unknown_relied_on,0
content,nfp_1069,nfp,model_boolean,0
content,nfp_1069,nfp,any_false,0
content,nfp_1069,nfp,false_and_relied_on,0
content,nfp_1069,nfp,false_or_unknown_relied_on,1
content,nfp_1070,nfp,model_boolean,0
content,nfp_1070,nfp,any_false,0
content,nfp_1070,nfp,false_and_relied_on,0
content,nfp_1070,nfp,false_or_unknown_relied_on,0
content,nfp_1071,nfp,model_boolean,0
content,nfp_1071,nfp,any_false,0
content,nfp_1071,nfp,false_and_relied_on,0
content,nfp_1071,nfp,false_or_unknown_relied_on,0
content,nfp_1072,nfp,model_boolean,0
content,nfp_1072,nfp,any_false,0
content,nfp_1072,nfp,false_and_relied_on,0
content,nfp_1072,nfp,false_or_unknown_relied_on,0
content,nfp_1073,nfp,model_boolean,0
content,nfp_1073,nfp,any_false,0
content,nfp_1073,nfp,false_and_relied_on,0
content,nfp_1073,nfp,false_or_unknown_relied_on,1
content,nfp_1074,nfp,model_boolean,0
content,nfp_1074,nfp,any_false,0
content,nfp_1074,nfp,false_and_relied_on,0
content,nfp_1074,nfp,false_or_unknown_relied_on,1
content,nfp_1075,nfp,model_boolean,1
content,nfp_1075,nfp,any_false,1
content,nfp_1075,nfp,false_and_relied_on,1
content,nfp_1075,nfp,false_or_unknown_relied_on,1
content,nfp_1076,nfp,model_boolean,0
content,nfp_1076,nfp,any_false,0
content,nfp_1076,nfp,false_and_relied_on,0
content,nfp_1076,nfp,false_or_unknown_relied_on,1
content,nfp_1077,nfp,model_boolean,0
content,nfp_1077,nfp,any_false,0
content,nfp_1077,nfp,false_and_relied_on,0
content,nfp_1077,nfp,false_or_unknown_relied_on,1
content,nfp_1078,nfp,model_boolean,0
content,nfp_1078,nfp,any_false,0
content,nfp_1078,nfp,false_and_relied_on,0
content,nfp_1078,nfp,false_or_unknown_relied_on,1
content,nfp_1079,nfp,model_boolean,0
content,nfp_1079,nfp,any_false,0
content,nfp_1079,nfp,false_and_relied_on,0
content,nfp_1079,nfp,false_or_unknown_relied_on,0
content,nfp_1080,nfp,model_boolean,0
content,nfp_1080,nfp,any_false,0
content,nfp_1080,nfp,false_and_relied_on,0
content,nfp_1080,nfp,false_or_unknown_relied_on,0
content,nfp_1081,nfp,model_boolean,0
content,nfp_1081,nfp,any_false,0
content,nfp_1081,nfp,false_and_relied_on,0
content,nfp_1081,nfp,false_or_unknown_relied_on,0
content,nfp_1082,nfp,model_boolean,0
content,nfp_1082,nfp,any_false,0
content,nfp_1082,nfp,false_and_relied_on,0
content,nfp_1082,nfp,false_or_unknown_relied_on,0
content,nfp_1083,nfp,model_boolean,0
content,nfp_1083,nfp,any_false,0
content,nfp_1083,nfp,false_and_relied_on,0
content,nfp_1083,nfp,false_or_unknown_relied_on,0
content,nfp_1084,nfp,model_boolean,0
content,nfp_1084,nfp,any_false,0
content,nfp_1084,nfp,false_and_relied_on,0
content,nfp_1084,nfp,false_or_unknown_relied_on,0
content,nfp_1085,nfp,model_boolean,0
content,nfp_1085,nfp,any_false,0
content,nfp_1085,nfp,false_and_relied_on,0
content,nfp_1085,nfp,false_or_unknown_relied_on,1
content,nfp_1086,nfp,model_boolean,0
content,nfp_1086,nfp,any_false,0
content,nfp_1086,nfp,false_and_relied_on,0
content,nfp_1086,nfp,false_or_unknown_relied_on,1
content,nfp_1087,nfp,model_boolean,0
content,nfp_1087,nfp,any_false,0
content,nfp_1087,nfp,false_and_relied_on,0
content,nfp_1087,nfp,false_or_unknown_relied_on,0
content,nfp_1088,nfp,model_boolean,0
content,nfp_1088,nfp,any_false,0
content,nfp_1088,nfp,false_and_relied_on,0
content,nfp_1088,nfp,false_or_unknown_relied_on,1
content,nfp_1089,nfp,model_boolean,1
content,nfp_1089,nfp,any_false,1
content,nfp_1089,nfp,false_and_relied_on,0
content,nfp_1089,nfp,false_or_unknown_relied_on,0
content,nfp_1090,nfp,model_boolean,0
content,nfp_1090,nfp,any_false,0
content,nfp_1090,nfp,false_and_relied_on,0
content,nfp_1090,nfp,false_or_unknown_relied_on,0
content,nfp_1091,nfp,model_boolean,0
content,nfp_1091,nfp,any_false,0
content,nfp_1091,nfp,false_and_relied_on,0
content,nfp_1091,nfp,false_or_unknown_relied_on,0
content,nfp_1092,nfp,model_boolean,0
content,nfp_1092,nfp,any_false,0
content,nfp_1092,nfp,false_and_relied_on,0
content,nfp_1092,nfp,false_or_unknown_relied_on,0
content,nfp_1093,nfp,model_boolean,0
content,nfp_1093,nfp,any_false,0
content,nfp_1093,nfp,false_and_relied_on,0
content,nfp_1093,nfp,false_or_unknown_relied_on,1
content,nfp_1094,nfp,model_boolean,0
content,nfp_1094,nfp,any_false,0
content,nfp_1094,nfp,false_and_relied_on,0
content,nfp_1094,nfp,false_or_unknown_relied_on,1
content,nfp_1095,nfp,model_boolean,0
content,nfp_1095,nfp,any_false,0
content,nfp_1095,nfp,false_and_relied_on,0
content,nfp_1095,nfp,false_or_unknown_relied_on,1
content,nfp_1097,nfp,model_boolean,1
content,nfp_1097,nfp,any_false,1
content,nfp_1097,nfp,false_and_relied_on,0
content,nfp_1097,nfp,false_or_unknown_relied_on,1
content,nfp_1098,nfp,model_boolean,0
content,nfp_1098,nfp,any_false,0
content,nfp_1098,nfp,false_and_relied_on,0
content,nfp_1098,nfp,false_or_unknown_relied_on,0
content,nfp_1099,nfp,model_boolean,0
content,nfp_1099,nfp,any_false,0
content,nfp_1099,nfp,false_and_relied_on,0
content,nfp_1099,nfp,false_or_unknown_relied_on,0
content,nfp_1100,nfp,model_boolean,0
content,nfp_1100,nfp,any_false,0
content,nfp_1100,nfp,false_and_relied_on,0
content,nfp_1100,nfp,false_or_unknown_relied_on,0
content,nfp_1101,nfp,model_boolean,0
content,nfp_1101,nfp,any_false,0
content,nfp_1101,nfp,false_and_relied_on,0
content,nfp_1101,nfp,false_or_unknown_relied_on,0
content,nfp_1102,nfp,model_boolean,0
content,nfp_1102,nfp,any_false,0
content,nfp_1102,nfp,false_and_relied_on,0
content,nfp_1102,nfp,false_or_unknown_relied_on,1
content,nfp_1103,nfp,model_boolean,0
content,nfp_1103,nfp,any_false,0
content,nfp_1103,nfp,false_and_relied_on,0
content,nfp_1103,nfp,false_or_unknown_relied_on,0
content,nfp_1104,nfp,model_boolean,0
content,nfp_1104,nfp,any_false,0
content,nfp_1104,nfp,false_and_relied_on,0
content,nfp_1104,nfp,false_or_unknown_relied_on,1
content,nfp_1105,nfp,model_boolean,0
content,nfp_1105,nfp,any_false,0
content,nfp_1105,nfp,false_and_relied_on,0
content,nfp_1105,nfp,false_or_unknown_relied_on,0
content,nfp_1107,nfp,model_boolean,0
content,nfp_1107,nfp,any_false,0
content,nfp_1107,nfp,false_and_relied_on,0
content,nfp_1107,nfp,false_or_unknown_relied_on,0
content,nfp_1109,nfp,model_boolean,0
content,nfp_1109,nfp,any_false,0
content,nfp_1109,nfp,false_and_relied_on,0
content,nfp_1109,nfp,false_or_unknown_relied_on,1
content,nfp_1110,nfp,model_boolean,0
content,nfp_1110,nfp,any_false,0
content,nfp_1110,nfp,false_and_relied_on,0
content,nfp_1110,nfp,false_or_unknown_relied_on,0
content,nfp_1111,nfp,model_boolean,0
content,nfp_1111,nfp,any_false,0
content,nfp_1111,nfp,false_and_relied_on,0
content,nfp_1111,nfp,false_or_unknown_relied_on,1
content,nfp_1112,nfp,model_boolean,0
content,nfp_1112,nfp,any_false,0
content,nfp_1112,nfp,false_and_relied_on,0
content,nfp_1112,nfp,false_or_unknown_relied_on,1
content,nfp_1113,nfp,model_boolean,0
content,nfp_1113,nfp,any_false,0
content,nfp_1113,nfp,false_and_relied_on,0
content,nfp_1113,nfp,false_or_unknown_relied_on,1
content,nfp_1114,nfp,model_boolean,0
content,nfp_1114,nfp,any_false,0
content,nfp_1114,nfp,false_and_relied_on,0
content,nfp_1114,nfp,false_or_unknown_relied_on,1
content,nfp_1115,nfp,model_boolean,0
content,nfp_1115,nfp,any_false,0
content,nfp_1115,nfp,false_and_relied_on,0
content,nfp_1115,nfp,false_or_unknown_relied_on,0
content,nfp_1116,nfp,model_boolean,0
content,nfp_1116,nfp,any_false,0
content,nfp_1116,nfp,false_and_relied_on,0
content,nfp_1116,nfp,false_or_unknown_relied_on,1
content,nfp_1117,nfp,model_boolean,0
content,nfp_1117,nfp,any_false,1
content,nfp_1117,nfp,false_and_relied_on,0
content,nfp_1117,nfp,false_or_unknown_relied_on,0
content,nfp_1118,nfp,model_boolean,0
content,nfp_1118,nfp,any_false,0
content,nfp_1118,nfp,false_and_relied_on,0
content,nfp_1118,nfp,false_or_unknown_relied_on,1
content,nfp_1119,nfp,model_boolean,0
content,nfp_1119,nfp,any_false,0
content,nfp_1119,nfp,false_and_relied_on,0
content,nfp_1119,nfp,false_or_unknown_relied_on,0
content,nfp_1120,nfp,model_boolean,0
content,nfp_1120,nfp,any_false,0
content,nfp_1120,nfp,false_and_relied_on,0
content,nfp_1120,nfp,false_or_unknown_relied_on,0
content,nfp_1121,nfp,model_boolean,1
content,nfp_1121,nfp,any_false,1
content,nfp_1121,nfp,false_and_relied_on,1
content,nfp_1121,nfp,false_or_unknown_relied_on,1
content,nfp_1122,nfp,model_boolean,0
content,nfp_1122,nfp,any_false,1
content,nfp_1122,nfp,false_and_relied_on,0
content,nfp_1122,nfp,false_or_unknown_relied_on,0
content,nfp_1123,nfp,model_boolean,0
content,nfp_1123,nfp,any_false,0
content,nfp_1123,nfp,false_and_relied_on,0
content,nfp_1123,nfp,false_or_unknown_relied_on,0
content,nfp_1124,nfp,model_boolean,0
content,nfp_1124,nfp,any_false,0
content,nfp_1124,nfp,false_and_relied_on,0
content,nfp_1124,nfp,false_or_unknown_relied_on,0
content,nfp_1125,nfp,model_boolean,0
content,nfp_1125,nfp,any_false,0
content,nfp_1125,nfp,false_and_relied_on,0
content,nfp_1125,nfp,false_or_unknown_relied_on,1
content,nfp_1126,nfp,model_boolean,0
content,nfp_1126,nfp,any_false,0
content,nfp_1126,nfp,false_and_relied_on,0
content,nfp_1126,nfp,false_or_unknown_relied_on,0
content,nfp_1127,nfp,model_boolean,0
content,nfp_1127,nfp,any_false,0
content,nfp_1127,nfp,false_and_relied_on,0
content,nfp_1127,nfp,false_or_unknown_relied_on,0
content,nfp_1128,nfp,model_boolean,0
content,nfp_1128,nfp,any_false,0
content,nfp_1128,nfp,false_and_relied_on,0
content,nfp_1128,nfp,false_or_unknown_relied_on,1
content,nfp_1129,nfp,model_boolean,0
content,nfp_1129,nfp,any_false,0
content,nfp_1129,nfp,false_and_relied_on,0
content,nfp_1129,nfp,false_or_unknown_relied_on,1
content,nfp_1130,nfp,model_boolean,0
content,nfp_1130,nfp,any_false,1
content,nfp_1130,nfp,false_and_relied_on,0
content,nfp_1130,nfp,false_or_unknown_relied_on,1
content,nfp_1131,nfp,model_boolean,0
content,nfp_1131,nfp,any_false,0
content,nfp_1131,nfp,false_and_relied_on,0
content,nfp_1131,nfp,false_or_unknown_relied_on,0
content,nfp_1132,nfp,model_boolean,0
content,nfp_1132,nfp,any_false,0
content,nfp_1132,nfp,false_and_relied_on,0
content,nfp_1132,nfp,false_or_unknown_relied_on,1
content,nfp_1133,nfp,model_boolean,0
content,nfp_1133,nfp,any_false,0
content,nfp_1133,nfp,false_and_relied_on,0
content,nfp_1133,nfp,false_or_unknown_relied_on,0
content,nfp_1134,nfp,model_boolean,0
content,nfp_1134,nfp,any_false,0
content,nfp_1134,nfp,false_and_relied_on,0
content,nfp_1134,nfp,false_or_unknown_relied_on,1
content,nfp_1135,nfp,model_boolean,0
content,nfp_1135,nfp,any_false,0
content,nfp_1135,nfp,false_and_relied_on,0
content,nfp_1135,nfp,false_or_unknown_relied_on,1
content,nfp_1136,nfp,model_boolean,0
content,nfp_1136,nfp,any_false,0
content,nfp_1136,nfp,false_and_relied_on,0
content,nfp_1136,nfp,false_or_unknown_relied_on,0
content,nfp_1137,nfp,model_boolean,0
content,nfp_1137,nfp,any_false,0
content,nfp_1137,nfp,false_and_relied_on,0
content,nfp_1137,nfp,false_or_unknown_relied_on,0
content,nfp_1138,nfp,model_boolean,0
content,nfp_1138,nfp,any_false,0
content,nfp_1138,nfp,false_and_relied_on,0
content,nfp_1138,nfp,false_or_unknown_relied_on,0
content,nfp_1139,nfp,model_boolean,0
content,nfp_1139,nfp,any_false,0
content,nfp_1139,nfp,false_and_relied_on,0
content,nfp_1139,nfp,false_or_unknown_relied_on,1
content,nfp_1140,nfp,model_boolean,0
content,nfp_1140,nfp,any_false,0
content,nfp_1140,nfp,false_and_relied_on,0
content,nfp_1140,nfp,false_or_unknown_relied_on,1
content,nfp_1141,nfp,model_boolean,0
content,nfp_1141,nfp,any_false,0
content,nfp_1141,nfp,false_and_relied_on,0
content,nfp_1141,nfp,false_or_unknown_relied_on,1
content,nfp_1142,nfp,model_boolean,0
content,nfp_1142,nfp,any_false,0
content,nfp_1142,nfp,false_and_relied_on,0
content,nfp_1142,nfp,false_or_unknown_relied_on,0
content,nfp_1143,nfp,model_boolean,0
content,nfp_1143,nfp,any_false,0
content,nfp_1143,nfp,false_and_relied_on,0
content,nfp_1143,nfp,false_or_unknown_relied_on,1
content,nfp_1144,nfp,model_boolean,0
content,nfp_1144,nfp,any_false,0
content,nfp_1144,nfp,false_and_relied_on,0
content,nfp_1144,nfp,false_or_unknown_relied_on,1
content,nfp_1145,nfp,model_boolean,0
content,nfp_1145,nfp,any_false,0
content,nfp_1145,nfp,false_and_relied_on,0
content,nfp_1145,nfp,false_or_unknown_relied_on,0
content,nfp_1146,nfp,model_boolean,0
content,nfp_1146,nfp,any_false,0
content,nfp_1146,nfp,false_and_relied_on,0
content,nfp_1146,nfp,false_or_unknown_relied_on,1
content,nfp_1147,nfp,model_boolean,0
content,nfp_1147,nfp,any_false,0
content,nfp_1147,nfp,false_and_relied_on,0
content,nfp_1147,nfp,false_or_unknown_relied_on,0
content,nfp_1148,nfp,model_boolean,0
content,nfp_1148,nfp,any_false,0
content,nfp_1148,nfp,false_and_relied_on,0
content,nfp_1148,nfp,false_or_unknown_relied_on,1
content,nfp_1149,nfp,model_boolean,0
content,nfp_1149,nfp,any_false,0
content,nfp_1149,nfp,false_and_relied_on,0
content,nfp_1149,nfp,false_or_unknown_relied_on,0
criterion,fpq_0,fpq,model_boolean,0
criterion,fpq_0,fpq,any_false,1
criterion,fpq_0,fpq,false_and_relied_on,0
criterion,fpq_0,fpq,false_or_unknown_relied_on,0
criterion,fpq_10,fpq,model_boolean,0
criterion,fpq_10,fpq,any_false,0
criterion,fpq_10,fpq,false_and_relied_on,0
criterion,fpq_10,fpq,false_or_unknown_relied_on,1
criterion,fpq_100,fpq,model_boolean,0
criterion,fpq_100,fpq,any_false,0
criterion,fpq_100,fpq,false_and_relied_on,0
criterion,fpq_100,fpq,false_or_unknown_relied_on,1
criterion,fpq_101,fpq,model_boolean,0
criterion,fpq_101,fpq,any_false,0
criterion,fpq_101,fpq,false_and_relied_on,0
criterion,fpq_101,fpq,false_or_unknown_relied_on,0
criterion,fpq_102,fpq,model_boolean,0
criterion,fpq_102,fpq,any_false,0
criterion,fpq_102,fpq,false_and_relied_on,0
criterion,fpq_102,fpq,false_or_unknown_relied_on,0
criterion,fpq_103,fpq,model_boolean,0
criterion,fpq_103,fpq,any_false,0
criterion,fpq_103,fpq,false_and_relied_on,0
criterion,fpq_103,fpq,false_or_unknown_relied_on,0
criterion,fpq_105,fpq,model_boolean,0
criterion,fpq_105,fpq,any_false,0
criterion,fpq_105,fpq,false_and_relied_on,0
criterion,fpq_105,fpq,false_or_unknown_relied_on,1
criterion,fpq_106,fpq,model_boolean,0
criterion,fpq_106,fpq,any_false,0
criterion,fpq_106,fpq,false_and_relied_on,0
criterion,fpq_106,fpq,false_or_unknown_relied_on,0
criterion,fpq_107,fpq,model_boolean,0
criterion,fpq_107,fpq,any_false,0
criterion,fpq_107,fpq,false_and_relied_on,0
criterion,fpq_107,fpq,false_or_unknown_relied_on,1
criterion,fpq_108,fpq,model_boolean,0
criterion,fpq_108,fpq,any_false,0
criterion,fpq_108,fpq,false_and_relied_on,0
criterion,fpq_108,fpq,false_or_unknown_relied_on,0
criterion,fpq_109,fpq,model_boolean,0
criterion,fpq_109,fpq,any_false,0
criterion,fpq_109,fpq,false_and_relied_on,0
criterion,fpq_109,fpq,false_or_unknown_relied_on,0
criterion,fpq_11,fpq,model_boolean,0
criterion,fpq_11,fpq,any_false,0
criterion,fpq_11,fpq,false_and_relied_on,0
criterion,fpq_11,fpq,false_or_unknown_relied_on,0
criterion,fpq_110,fpq,model_boolean,0
criterion,fpq_110,fpq,any_false,0
criterion,fpq_110,fpq,false_and_relied_on,0
criterion,fpq_110,fpq,false_or_unknown_relied_on,0
criterion,fpq_111,fpq,model_boolean,0
criterion,fpq_111,fpq,any_false,0
criterion,fpq_111,fpq,false_and_relied_on,0
criterion,fpq_111,fpq,false_or_unknown_relied_on,1
criterion,fpq_112,fpq,model_boolean,0
criterion,fpq_112,fpq,any_false,0
criterion,fpq_112,fpq,false_and_relied_on,0
criterion,fpq_112,fpq,false_or_unknown_relied_on,0
criterion,fpq_113,fpq,model_boolean,0
criterion,fpq_113,fpq,any_false,0
criterion,fpq_113,fpq,false_and_relied_on,0
criterion,fpq_113,fpq,false_or_unknown_relied_on,1
criterion,fpq_114,fpq,model_boolean,0
criterion,fpq_114,fpq,any_false,0
criterion,fpq_114,fpq,false_and_relied_on,0
criterion,fpq_114,fpq,false_or_unknown_relied_on,0
criterion,fpq_115,fpq,model_boolean,0
criterion,fpq_115,fpq,any_false,0
criterion,fpq_115,fpq,false_and_relied_on,0
criterion,fpq_115,fpq,false_or_unknown_relied_on,0
criterion,fpq_116,fpq,model_boolean,0
criterion,fpq_116,fpq,any_false,0
criterion,fpq_116,fpq,false_and_relied_on,0
criterion,fpq_116,fpq,false_or_unknown_relied_on,0
criterion,fpq_12,fpq,model_boolean,0
criterion,fpq_12,fpq,any_false,0
criterion,fpq_12,fpq,false_and_relied_on,0
criterion,fpq_12,fpq,false_or_unknown_relied_on,0
criterion,fpq_120,fpq,model_boolean,0
criterion,fpq_120,fpq,any_false,0
criterion,fpq_120,fpq,false_and_relied_on,0
criterion,fpq_120,fpq,false_or_unknown_relied_on,0
criterion,fpq_121,fpq,model_boolean,0
criterion,fpq_121,fpq,any_false,0
criterion,fpq_121,fpq,false_and_relied_on,0
criterion,fpq_121,fpq,false_or_unknown_relied_on,1
criterion,fpq_122,fpq,model_boolean,0
criterion,fpq_122,fpq,any_false,0
criterion,fpq_122,fpq,false_and_relied_on,0
criterion,fpq_122,fpq,false_or_unknown_relied_on,0
criterion,fpq_123,fpq,model_boolean,0
criterion,fpq_123,fpq,any_false,0
criterion,fpq_123,fpq,false_and_relied_on,0
criterion,fpq_123,fpq,false_or_unknown_relied_on,0
criterion,fpq_124,fpq,model_boolean,0
criterion,fpq_124,fpq,any_false,0
criterion,fpq_124,fpq,false_and_relied_on,0
criterion,fpq_124,fpq,false_or_unknown_relied_on,1
criterion,fpq_125,fpq,model_boolean,0
criterion,fpq_125,fpq,any_false,0
criterion,fpq_125,fpq,false_and_relied_on,0
criterion,fpq_125,fpq,false_or_unknown_relied_on,0
criterion,fpq_126,fpq,model_boolean,0
criterion,fpq_126,fpq,any_false,0
criterion,fpq_126,fpq,false_and_relied_on,0
criterion,fpq_126,fpq,false_or_unknown_relied_on,0
criterion,fpq_127,fpq,model_boolean,1
criterion,fpq_127,fpq,any_false,1
criterion,fpq_127,fpq,false_and_relied_on,1
criterion,fpq_127,fpq,false_or_unknown_relied_on,1
criterion,fpq_129,fpq,model_boolean,0
criterion,fpq_129,fpq,any_false,1
criterion,fpq_129,fpq,false_and_relied_on,0
criterion,fpq_129,fpq,false_or_unknown_relied_on,0
criterion,fpq_13,fpq,model_boolean,0
criterion,fpq_13,fpq,any_false,0
criterion,fpq_13,fpq,false_and_relied_on,0
criterion,fpq_13,fpq,false_or_unknown_relied_on,0
criterion,fpq_130,fpq,model_boolean,0
criterion,fpq_130,fpq,any_false,1
criterion,fpq_130,fpq,false_and_relied_on,0
criterion,fpq_130,fpq,false_or_unknown_relied_on,0
criterion,fpq_131,fpq,model_boolean,0
criterion,fpq_131,fpq,any_false,0
criterion,fpq_131,fpq,false_and_relied_on,0
criterion,fpq_131,fpq,false_or_unknown_relied_on,0
criterion,fpq_133,fpq,model_boolean,0
criterion,fpq_133,fpq,any_false,0
criterion,fpq_133,fpq,false_and_relied_on,0
criterion,fpq_133,fpq,false_or_unknown_relied_on,1
criterion,fpq_134,fpq,model_boolean,0
criterion,fpq_134,fpq,any_false,0
criterion,fpq_134,fpq,false_and_relied_on,0
criterion,fpq_134,fpq,false_or_unknown_relied_on,0
criterion,fpq_135,fpq,model_boolean,0
criterion,fpq_135,fpq,any_false,1
criterion,fpq_135,fpq,false_and_relied_on,0
criterion,fpq_135,fpq,false_or_unknown_relied_on,0
criterion,fpq_136,fpq,model_boolean,0
criterion,fpq_136,fpq,any_false,0
criterion,fpq_136,fpq,false_and_relied_on,0
criterion,fpq_136,fpq,false_or_unknown_relied_on,0
criterion,fpq_137,fpq,model_boolean,0
criterion,fpq_137,fpq,any_false,0
criterion,fpq_137,fpq,false_and_relied_on,0
criterion,fpq_137,fpq,false_or_unknown_relied_on,0
criterion,fpq_138,fpq,model_boolean,0
criterion,fpq_138,fpq,any_false,0
criterion,fpq_138,fpq,false_and_relied_on,0
criterion,fpq_138,fpq,false_or_unknown_relied_on,0
criterion,fpq_139,fpq,model_boolean,0
criterion,fpq_139,fpq,any_false,0
criterion,fpq_139,fpq,false_and_relied_on,0
criterion,fpq_139,fpq,false_or_unknown_relied_on,0
criterion,fpq_14,fpq,model_boolean,0
criterion,fpq_14,fpq,any_false,0
criterion,fpq_14,fpq,false_and_relied_on,0
criterion,fpq_14,fpq,false_or_unknown_relied_on,0
criterion,fpq_140,fpq,model_boolean,0
criterion,fpq_140,fpq,any_false,1
criterion,fpq_140,fpq,false_and_relied_on,0
criterion,fpq_140,fpq,false_or_unknown_relied_on,0
criterion,fpq_141,fpq,model_boolean,0
criterion,fpq_141,fpq,any_false,0
criterion,fpq_141,fpq,false_and_relied_on,0
criterion,fpq_141,fpq,false_or_unknown_relied_on,0
criterion,fpq_142,fpq,model_boolean,0
criterion,fpq_142,fpq,any_false,0
criterion,fpq_142,fpq,false_and_relied_on,0
criterion,fpq_142,fpq,false_or_unknown_relied_on,0
criterion,fpq_143,fpq,model_boolean,0
criterion,fpq_143,fpq,any_false,0
criterion,fpq_143,fpq,false_and_relied_on,0
criterion,fpq_143,fpq,false_or_unknown_relied_on,0
criterion,fpq_144,fpq,model_boolean,0
criterion,fpq_144,fpq,any_false,0
criterion,fpq_144,fpq,false_and_relied_on,0
criterion,fpq_144,fpq,false_or_unknown_relied_on,0
criterion,fpq_145,fpq,model_boolean,0
criterion,fpq_145,fpq,any_false,0
criterion,fpq_145,fpq,false_and_relied_on,0
criterion,fpq_145,fpq,false_or_unknown_relied_on,1
criterion,fpq_146,fpq,model_boolean,0
criterion,fpq_146,fpq,any_false,0
criterion,fpq_146,fpq,false_and_relied_on,0
criterion,fpq_146,fpq,false_or_unknown_relied_on,1
criterion,fpq_147,fpq,model_boolean,1
criterion,fpq_147,fpq,any_false,1
criterion,fpq_147,fpq,false_and_relied_on,1
criterion,fpq_147,fpq,false_or_unknown_relied_on,1
criterion,fpq_148,fpq,model_boolean,0
criterion,fpq_148,fpq,any_false,0
criterion,fpq_148,fpq,false_and_relied_on,0
criterion,fpq_148,fpq,false_or_unknown_relied_on,1
criterion,fpq_149,fpq,model_boolean,1
criterion,fpq_149,fpq,any_false,1
criterion,fpq_149,fpq,false_and_relied_on,1
criterion,fpq_149,fpq,false_or_unknown_relied_on,1
criterion,fpq_15,fpq,model_boolean,0
criterion,fpq_15,fpq,any_false,0
criterion,fpq_15,fpq,false_and_relied_on,0
criterion,fpq_15,fpq,false_or_unknown_relied_on,1
criterion,fpq_152,fpq,model_boolean,0
criterion,fpq_152,fpq,any_false,0
criterion,fpq_152,fpq,false_and_relied_on,0
criterion,fpq_152,fpq,false_or_unknown_relied_on,0
criterion,fpq_153,fpq,model_boolean,0
criterion,fpq_153,fpq,any_false,0
criterion,fpq_153,fpq,false_and_relied_on,0
criterion,fpq_153,fpq,false_or_unknown_relied_on,0
criterion,fpq_155,fpq,model_boolean,0
criterion,fpq_155,fpq,any_false,0
criterion,fpq_155,fpq,false_and_relied_on,0
criterion,fpq_155,fpq,false_or_unknown_relied_on,1
criterion,fpq_156,fpq,model_boolean,1
criterion,fpq_156,fpq,any_false,1
criterion,fpq_156,fpq,false_and_relied_on,1
criterion,fpq_156,fpq,false_or_unknown_relied_on,1
criterion,fpq_157,fpq,model_boolean,1
criterion,fpq_157,fpq,any_false,1
criterion,fpq_157,fpq,false_and_relied_on,0
criterion,fpq_157,fpq,false_or_unknown_relied_on,1
criterion,fpq_158,fpq,model_boolean,0
criterion,fpq_158,fpq,any_false,0
criterion,fpq_158,fpq,false_and_relied_on,0
criterion,fpq_158,fpq,false_or_unknown_relied_on,0
criterion,fpq_159,fpq,model_boolean,0
criterion,fpq_159,fpq,any_false,0
criterion,fpq_159,fpq,false_and_relied_on,0
criterion,fpq_159,fpq,false_or_unknown_relied_on,1
criterion,fpq_16,fpq,model_boolean,0
criterion,fpq_16,fpq,any_false,0
criterion,fpq_16,fpq,false_and_relied_on,0
criterion,fpq_16,fpq,false_or_unknown_relied_on,0
criterion,fpq_160,fpq,model_boolean,0
criterion,fpq_160,fpq,any_false,0
criterion,fpq_160,fpq,false_and_relied_on,0
criterion,fpq_160,fpq,false_or_unknown_relied_on,0
criterion,fpq_163,fpq,model_boolean,0
criterion,fpq_163,fpq,any_false,0
criterion,fpq_163,fpq,false_and_relied_on,0
criterion,fpq_163,fpq,false_or_unknown_relied_on,0
criterion,fpq_164,fpq,model_boolean,0
criterion,fpq_164,fpq,any_false,0
criterion,fpq_164,fpq,false_and_relied_on,0
criterion,fpq_164,fpq,false_or_unknown_relied_on,0
criterion,fpq_165,fpq,model_boolean,0
criterion,fpq_165,fpq,any_false,0
criterion,fpq_165,fpq,false_and_relied_on,0
criterion,fpq_165,fpq,false_or_unknown_relied_on,1
criterion,fpq_166,fpq,model_boolean,0
criterion,fpq_166,fpq,any_false,0
criterion,fpq_166,fpq,false_and_relied_on,0
criterion,fpq_166,fpq,false_or_unknown_relied_on,0
criterion,fpq_167,fpq,model_boolean,0
criterion,fpq_167,fpq,any_false,0
criterion,fpq_167,fpq,false_and_relied_on,0
criterion,fpq_167,fpq,false_or_unknown_relied_on,0
criterion,fpq_168,fpq,model_boolean,0
criterion,fpq_168,fpq,any_false,0
criterion,fpq_168,fpq,false_and_relied_on,0
criterion,fpq_168,fpq,false_or_unknown_relied_on,1
criterion,fpq_17,fpq,model_boolean,1
criterion,fpq_17,fpq,any_false,1
criterion,fpq_17,fpq,false_and_relied_on,1
criterion,fpq_17,fpq,false_or_unknown_relied_on,1
criterion,fpq_170,fpq,model_boolean,0
criterion,fpq_170,fpq,any_false,0
criterion,fpq_170,fpq,false_and_relied_on,0
criterion,fpq_170,fpq,false_or_unknown_relied_on,0
criterion,fpq_173,fpq,model_boolean,0
criterion,fpq_173,fpq,any_false,0
criterion,fpq_173,fpq,false_and_relied_on,0
criterion,fpq_173,fpq,false_or_unknown_relied_on,1
criterion,fpq_174,fpq,model_boolean,0
criterion,fpq_174,fpq,any_false,0
criterion,fpq_174,fpq,false_and_relied_on,0
criterion,fpq_174,fpq,false_or_unknown_relied_on,1
criterion,fpq_175,fpq,model_boolean,0
criterion,fpq_175,fpq,any_false,0
criterion,fpq_175,fpq,false_and_relied_on,0
criterion,fpq_175,fpq,false_or_unknown_relied_on,0
criterion,fpq_176,fpq,model_boolean,0
criterion,fpq_176,fpq,any_false,0
criterion,fpq_176,fpq,false_and_relied_on,0
criterion,fpq_176,fpq,false_or_unknown_relied_on,0
criterion,fpq_177,fpq,model_boolean,0
criterion,fpq_177,fpq,any_false,0
criterion,fpq_177,fpq,false_and_relied_on,0
criterion,fpq_177,fpq,false_or_unknown_relied_on,1
criterion,fpq_178,fpq,model_boolean,0
criterion,fpq_178,fpq,any_false,1
criterion,fpq_178,fpq,false_and_relied_on,0
criterion,fpq_178,fpq,false_or_unknown_relied_on,0
criterion,fpq_179,fpq,model_boolean,0
criterion,fpq_179,fpq,any_false,0
criterion,fpq_179,fpq,false_and_relied_on,0
criterion,fpq_179,fpq,false_or_unknown_relied_on,1
criterion,fpq_18,fpq,model_boolean,0
criterion,fpq_18,fpq,any_false,0
criterion,fpq_18,fpq,false_and_relied_on,0
criterion,fpq_18,fpq,false_or_unknown_relied_on,0
criterion,fpq_180,fpq,model_boolean,0
criterion,fpq_180,fpq,any_false,0
criterion,fpq_180,fpq,false_and_relied_on,0
criterion,fpq_180,fpq,false_or_unknown_relied_on,0
criterion,fpq_181,fpq,model_boolean,0
criterion,fpq_181,fpq,any_false,0
criterion,fpq_181,fpq,false_and_relied_on,0
criterion,fpq_181,fpq,false_or_unknown_relied_on,0
criterion,fpq_182,fpq,model_boolean,0
criterion,fpq_182,fpq,any_false,0
criterion,fpq_182,fpq,false_and_relied_on,0
criterion,fpq_182,fpq,false_or_unknown_relied_on,1
criterion,fpq_184,fpq,model_boolean,0
criterion,fpq_184,fpq,any_false,0
criterion,fpq_184,fpq,false_and_relied_on,0
criterion,fpq_184,fpq,false_or_unknown_relied_on,0
criterion,fpq_185,fpq,model_boolean,0
criterion,fpq_185,fpq,any_false,0
criterion,fpq_185,fpq,false_and_relied_on,0
criterion,fpq_185,fpq,false_or_unknown_relied_on,0
criterion,fpq_186,fpq,model_boolean,0
criterion,fpq_186,fpq,any_false,0
criterion,fpq_186,fpq,false_and_relied_on,0
criterion,fpq_186,fpq,false_or_unknown_relied_on,1
criterion,fpq_188,fpq,model_boolean,0
criterion,fpq_188,fpq,any_false,0
criterion,fpq_188,fpq,false_and_relied_on,0
criterion,fpq_188,fpq,false_or_unknown_relied_on,0
criterion,fpq_189,fpq,model_boolean,0
criterion,fpq_189,fpq,any_false,0
criterion,fpq_189,fpq,false_and_relied_on,0
criterion,fpq_189,fpq,false_or_unknown_relied_on,0
criterion,fpq_19,fpq,model_boolean,1
criterion,fpq_19,fpq,any_false,1
criterion,fpq_19,fpq,false_and_relied_on,1
criterion,fpq_19,fpq,false_or_unknown_relied_on,1
criterion,fpq_190,fpq,model_boolean,1
criterion,fpq_190,fpq,any_false,1
criterion,fpq_190,fpq,false_and_relied_on,0
criterion,fpq_190,fpq,false_or_unknown_relied_on,1
criterion,fpq_191,fpq,model_boolean,0
criterion,fpq_191,fpq,any_false,0
criterion,fpq_191,fpq,false_and_relied_on,0
criterion,fpq_191,fpq,false_or_unknown_relied_on,1
criterion,fpq_192,fpq,model_boolean,0
criterion,fpq_192,fpq,any_false,0
criterion,fpq_192,fpq,false_and_relied_on,0
criterion,fpq_192,fpq,false_or_unknown_relied_on,0
criterion,fpq_193,fpq,model_boolean,0
criterion,fpq_193,fpq,any_false,0
criterion,fpq_193,fpq,false_and_relied_on,0
criterion,fpq_193,fpq,false_or_unknown_relied_on,0
criterion,fpq_194,fpq,model_boolean,0
criterion,fpq_194,fpq,any_false,0
criterion,fpq_194,fpq,false_and_relied_on,0
criterion,fpq_194,fpq,false_or_unknown_relied_on,0
criterion,fpq_195,fpq,model_boolean,0
criterion,fpq_195,fpq,any_false,0
criterion,fpq_195,fpq,false_and_relied_on,0
criterion,fpq_195,fpq,false_or_unknown_relied_on,1
criterion,fpq_196,fpq,model_boolean,0
criterion,fpq_196,fpq,any_false,0
criterion,fpq_196,fpq,false_and_relied_on,0
criterion,fpq_196,fpq,false_or_unknown_relied_on,0
criterion,fpq_197,fpq,model_boolean,0
criterion,fpq_197,fpq,any_false,0
criterion,fpq_197,fpq,false_and_relied_on,0
criterion,fpq_197,fpq,false_or_unknown_relied_on,0
criterion,fpq_198,fpq,model_boolean,0
criterion,fpq_198,fpq,any_false,0
criterion,fpq_198,fpq,false_and_relied_on,0
criterion,fpq_198,fpq,false_or_unknown_relied_on,1
criterion,fpq_2,fpq,model_boolean,0
criterion,fpq_2,fpq,any_false,1
criterion,fpq_2,fpq,false_and_relied_on,0
criterion,fpq_2,fpq,false_or_unknown_relied_on,0
criterion,fpq_20,fpq,model_boolean,1
criterion,fpq_20,fpq,any_false,1
criterion,fpq_20,fpq,false_and_relied_on,1
criterion,fpq_20,fpq,false_or_unknown_relied_on,1
criterion,fpq_200,fpq,model_boolean,0
criterion,fpq_200,fpq,any_false,0
criterion,fpq_200,fpq,false_and_relied_on,0
criterion,fpq_200,fpq,false_or_unknown_relied_on,0
criterion,fpq_201,fpq,model_boolean,0
criterion,fpq_201,fpq,any_false,0
criterion,fpq_201,fpq,false_and_relied_on,0
criterion,fpq_201,fpq,false_or_unknown_relied_on,1
criterion,fpq_202,fpq,model_boolean,1
criterion,fpq_202,fpq,any_false,1
criterion,fpq_202,fpq,false_and_relied_on,1
criterion,fpq_202,fpq,false_or_unknown_relied_on,1
criterion,fpq_204,fpq,model_boolean,0
criterion,fpq_204,fpq,any_false,0
criterion,fpq_204,fpq,false_and_relied_on,0
criterion,fpq_204,fpq,false_or_unknown_relied_on,0
criterion,fpq_205,fpq,model_boolean,0
criterion,fpq_205,fpq,any_false,0
criterion,fpq_205,fpq,false_and_relied_on,0
criterion,fpq_205,fpq,false_or_unknown_relied_on,0
criterion,fpq_206,fpq,model_boolean,1
criterion,fpq_206,fpq,any_false,1
criterion,fpq_206,fpq,false_and_relied_on,1
criterion,fpq_206,fpq,false_or_unknown_relied_on,1
criterion,fpq_207,fpq,model_boolean,1
criterion,fpq_207,fpq,any_false,1
criterion,fpq_207,fpq,false_and_relied_on,1
criterion,fpq_207,fpq,false_or_unknown_relied_on,1
criterion,fpq_208,fpq,model_boolean,0
criterion,fpq_208,fpq,any_false,0
criterion,fpq_208,fpq,false_and_relied_on,0
criterion,fpq_208,fpq,false_or_unknown_relied_on,1
criterion,fpq_21,fpq,model_boolean,0
criterion,fpq_21,fpq,any_false,0
criterion,fpq_21,fpq,false_and_relied_on,0
criterion,fpq_21,fpq,false_or_unknown_relied_on,1
criterion,fpq_216,fpq,model_boolean,0
criterion,fpq_216,fpq,any_false,0
criterion,fpq_216,fpq,false_and_relied_on,0
criterion,fpq_216,fpq,false_or_unknown_relied_on,0
criterion,fpq_217,fpq,model_boolean,0
criterion,fpq_217,fpq,any_false,0
criterion,fpq_217,fpq,false_and_relied_on,0
criterion,fpq_217,fpq,false_or_unknown_relied_on,0
criterion,fpq_218,fpq,model_boolean,0
criterion,fpq_218,fpq,any_false,0
criterion,fpq_218,fpq,false_and_relied_on,0
criterion,fpq_218,fpq,false_or_unknown_relied_on,0
criterion,fpq_219,fpq,model_boolean,0
criterion,fpq_219,fpq,any_false,0
criterion,fpq_219,fpq,false_and_relied_on,0
criterion,fpq_219,fpq,false_or_unknown_relied_on,1
criterion,fpq_22,fpq,model_boolean,0
criterion,fpq_22,fpq,any_false,0
criterion,fpq_22,fpq,false_and_relied_on,0
criterion,fpq_22,fpq,false_or_unknown_relied_on,0
criterion,fpq_220,fpq,model_boolean,0
criterion,fpq_220,fpq,any_false,0
criterion,fpq_220,fpq,false_and_relied_on,0
criterion,fpq_220,fpq,false_or_unknown_relied_on,0
criterion,fpq_221,fpq,model_boolean,0
criterion,fpq_221,fpq,any_false,0
criterion,fpq_221,fpq,false_and_relied_on,0
criterion,fpq_221,fpq,false_or_unknown_relied_on,0
criterion,fpq_222,fpq,model_boolean,0
criterion,fpq_222,fpq,any_false,0
criterion,fpq_222,fpq,false_and_relied_on,0
criterion,fpq_222,fpq,false_or_unknown_relied_on,0
criterion,fpq_223,fpq,model_boolean,0
criterion,fpq_223,fpq,any_false,0
criterion,fpq_223,fpq,false_and_relied_on,0
criterion,fpq_223,fpq,false_or_unknown_relied_on,1
criterion,fpq_224,fpq,model_boolean,0
criterion,fpq_224,fpq,any_false,0
criterion,fpq_224,fpq,false_and_relied_on,0
criterion,fpq_224,fpq,false_or_unknown_relied_on,1
criterion,fpq_225,fpq,model_boolean,0
criterion,fpq_225,fpq,any_false,0
criterion,fpq_225,fpq,false_and_relied_on,0
criterion,fpq_225,fpq,false_or_unknown_relied_on,0
criterion,fpq_227,fpq,model_boolean,0
criterion,fpq_227,fpq,any_false,0
criterion,fpq_227,fpq,false_and_relied_on,0
criterion,fpq_227,fpq,false_or_unknown_relied_on,0
criterion,fpq_228,fpq,model_boolean,1
criterion,fpq_228,fpq,any_false,1
criterion,fpq_228,fpq,false_and_relied_on,1
criterion,fpq_228,fpq,false_or_unknown_relied_on,1
criterion,fpq_229,fpq,model_boolean,0
criterion,fpq_229,fpq,any_false,0
criterion,fpq_229,fpq,false_and_relied_on,0
criterion,fpq_229,fpq,false_or_unknown_relied_on,0
criterion,fpq_23,fpq,model_boolean,0
criterion,fpq_23,fpq,any_false,0
criterion,fpq_23,fpq,false_and_relied_on,0
criterion,fpq_23,fpq,false_or_unknown_relied_on,0
criterion,fpq_230,fpq,model_boolean,0
criterion,fpq_230,fpq,any_false,0
criterion,fpq_230,fpq,false_and_relied_on,0
criterion,fpq_230,fpq,false_or_unknown_relied_on,1
criterion,fpq_231,fpq,model_boolean,0
criterion,fpq_231,fpq,any_false,0
criterion,fpq_231,fpq,false_and_relied_on,0
criterion,fpq_231,fpq,false_or_unknown_relied_on,0
criterion,fpq_232,fpq,model_boolean,0
criterion,fpq_232,fpq,any_false,0
criterion,fpq_232,fpq,false_and_relied_on,0
criterion,fpq_232,fpq,false_or_unknown_relied_on,1
criterion,fpq_233,fpq,model_boolean,0
criterion,fpq_233,fpq,any_false,0
criterion,fpq_233,fpq,false_and_relied_on,0
criterion,fpq_233,fpq,false_or_unknown_relied_on,1
criterion,fpq_234,fpq,model_boolean,0
criterion,fpq_234,fpq,any_false,0
criterion,fpq_234,fpq,false_and_relied_on,0
criterion,fpq_234,fpq,false_or_unknown_relied_on,1
criterion,fpq_236,fpq,model_boolean,0
criterion,fpq_236,fpq,any_false,0
criterion,fpq_236,fpq,false_and_relied_on,0
criterion,fpq_236,fpq,false_or_unknown_relied_on,0
criterion,fpq_237,fpq,model_boolean,0
criterion,fpq_237,fpq,any_false,0
criterion,fpq_237,fpq,false_and_relied_on,0
criterion,fpq_237,fpq,false_or_unknown_relied_on,1
criterion,fpq_238,fpq,model_boolean,1
criterion,fpq_238,fpq,any_false,1
criterion,fpq_238,fpq,false_and_relied_on,0
criterion,fpq_238,fpq,false_or_unknown_relied_on,0
criterion,fpq_239,fpq,model_boolean,0
criterion,fpq_239,fpq,any_false,0
criterion,fpq_239,fpq,false_and_relied_on,0
criterion,fpq_239,fpq,false_or_unknown_relied_on,0
criterion,fpq_24,fpq,model_boolean,1
criterion,fpq_24,fpq,any_false,1
criterion,fpq_24,fpq,false_and_relied_on,1
criterion,fpq_24,fpq,false_or_unknown_relied_on,1
criterion,fpq_240,fpq,model_boolean,0
criterion,fpq_240,fpq,any_false,0
criterion,fpq_240,fpq,false_and_relied_on,0
criterion,fpq_240,fpq,false_or_unknown_relied_on,1
criterion,fpq_241,fpq,model_boolean,0
criterion,fpq_241,fpq,any_false,0
criterion,fpq_241,fpq,false_and_relied_on,0
criterion,fpq_241,fpq,false_or_unknown_relied_on,0
criterion,fpq_244,fpq,model_boolean,0
criterion,fpq_244,fpq,any_false,0
criterion,fpq_244,fpq,false_and_relied_on,0
criterion,fpq_244,fpq,false_or_unknown_relied_on,1
criterion,fpq_245,fpq,model_boolean,0
criterion,fpq_245,fpq,any_false,0
criterion,fpq_245,fpq,false_and_relied_on,0
criterion,fpq_245,fpq,false_or_unknown_relied_on,0
criterion,fpq_246,fpq,model_boolean,0
criterion,fpq_246,fpq,any_false,0
criterion,fpq_246,fpq,false_and_relied_on,0
criterion,fpq_246,fpq,false_or_unknown_relied_on,0
criterion,fpq_247,fpq,model_boolean,0
criterion,fpq_247,fpq,any_false,0
criterion,fpq_247,fpq,false_and_relied_on,0
criterion,fpq_247,fpq,false_or_unknown_relied_on,1
criterion,fpq_248,fpq,model_boolean,1
criterion,fpq_248,fpq,any_false,1
criterion,fpq_248,fpq,false_and_relied_on,1
criterion,fpq_248,fpq,false_or_unknown_relied_on,1
criterion,fpq_249,fpq,model_boolean,0
criterion,fpq_249,fpq,any_false,0
criterion,fpq_249,fpq,false_and_relied_on,0
criterion,fpq_249,fpq,false_or_unknown_relied_on,0
criterion,fpq_25,fpq,model_boolean,0
criterion,fpq_25,fpq,any_false,0
criterion,fpq_25,fpq,false_and_relied_on,0
criterion,fpq_25,fpq,false_or_unknown_relied_on,0
criterion,fpq_250,fpq,model_boolean,0
criterion,fpq_250,fpq,any_false,0
criterion,fpq_250,fpq,false_and_relied_on,0
criterion,fpq_250,fpq,false_or_unknown_relied_on,0
criterion,fpq_251,fpq,model_boolean,0
criterion,fpq_251,fpq,any_false,0
criterion,fpq_251,fpq,false_and_relied_on,0
criterion,fpq_251,fpq,false_or_unknown_relied_on,1
criterion,fpq_252,fpq,model_boolean,0
criterion,fpq_252,fpq,any_false,0
criterion,fpq_252,fpq,false_and_relied_on,0
criterion,fpq_252,fpq,false_or_unknown_relied_on,0
criterion,fpq_253,fpq,model_boolean,1
criterion,fpq_253,fpq,any_false,0
criterion,fpq_253,fpq,false_and_relied_on,0
criterion,fpq_253,fpq,false_or_unknown_relied_on,1
criterion,fpq_254,fpq,model_boolean,0
criterion,fpq_254,fpq,any_false,0
criterion,fpq_254,fpq,false_and_relied_on,0
criterion,fpq_254,fpq,false_or_unknown_relied_on,0
criterion,fpq_255,fpq,model_boolean,0
criterion,fpq_255,fpq,any_false,0
criterion,fpq_255,fpq,false_and_relied_on,0
criterion,fpq_255,fpq,false_or_unknown_relied_on,0
criterion,fpq_256,fpq,model_boolean,0
criterion,fpq_256,fpq,any_false,0
criterion,fpq_256,fpq,false_and_relied_on,0
criterion,fpq_256,fpq,false_or_unknown_relied_on,0
criterion,fpq_257,fpq,model_boolean,0
criterion,fpq_257,fpq,any_false,0
criterion,fpq_257,fpq,false_and_relied_on,0
criterion,fpq_257,fpq,false_or_unknown_relied_on,0
criterion,fpq_258,fpq,model_boolean,0
criterion,fpq_258,fpq,any_false,0
criterion,fpq_258,fpq,false_and_relied_on,0
criterion,fpq_258,fpq,false_or_unknown_relied_on,1
criterion,fpq_259,fpq,model_boolean,0
criterion,fpq_259,fpq,any_false,0
criterion,fpq_259,fpq,false_and_relied_on,0
criterion,fpq_259,fpq,false_or_unknown_relied_on,0
criterion,fpq_26,fpq,model_boolean,0
criterion,fpq_26,fpq,any_false,0
criterion,fpq_26,fpq,false_and_relied_on,0
criterion,fpq_26,fpq,false_or_unknown_relied_on,0
criterion,fpq_260,fpq,model_boolean,0
criterion,fpq_260,fpq,any_false,0
criterion,fpq_260,fpq,false_and_relied_on,0
criterion,fpq_260,fpq,false_or_unknown_relied_on,1
criterion,fpq_261,fpq,model_boolean,0
criterion,fpq_261,fpq,any_false,0
criterion,fpq_261,fpq,false_and_relied_on,0
criterion,fpq_261,fpq,false_or_unknown_relied_on,0
criterion,fpq_262,fpq,model_boolean,0
criterion,fpq_262,fpq,any_false,0
criterion,fpq_262,fpq,false_and_relied_on,0
criterion,fpq_262,fpq,false_or_unknown_relied_on,0
criterion,fpq_263,fpq,model_boolean,1
criterion,fpq_263,fpq,any_false,1
criterion,fpq_263,fpq,false_and_relied_on,1
criterion,fpq_263,fpq,false_or_unknown_relied_on,1
criterion,fpq_264,fpq,model_boolean,0
criterion,fpq_264,fpq,any_false,1
criterion,fpq_264,fpq,false_and_relied_on,0
criterion,fpq_264,fpq,false_or_unknown_relied_on,0
criterion,fpq_265,fpq,model_boolean,0
criterion,fpq_265,fpq,any_false,0
criterion,fpq_265,fpq,false_and_relied_on,0
criterion,fpq_265,fpq,false_or_unknown_relied_on,0
criterion,fpq_266,fpq,model_boolean,0
criterion,fpq_266,fpq,any_false,1
criterion,fpq_266,fpq,false_and_relied_on,0
criterion,fpq_266,fpq,false_or_unknown_relied_on,0
criterion,fpq_267,fpq,model_boolean,0
criterion,fpq_267,fpq,any_false,0
criterion,fpq_267,fpq,false_and_relied_on,0
criterion,fpq_267,fpq,false_or_unknown_relied_on,1
criterion,fpq_268,fpq,model_boolean,1
criterion,fpq_268,fpq,any_false,1
criterion,fpq_268,fpq,false_and_relied_on,1
criterion,fpq_268,fpq,false_or_unknown_relied_on,1
criterion,fpq_269,fpq,model_boolean,1
criterion,fpq_269,fpq,any_false,1
criterion,fpq_269,fpq,false_and_relied_on,1
criterion,fpq_269,fpq,false_or_unknown_relied_on,1
criterion,fpq_27,fpq,model_boolean,1
criterion,fpq_27,fpq,any_false,1
criterion,fpq_27,fpq,false_and_relied_on,1
criterion,fpq_27,fpq,false_or_unknown_relied_on,1
criterion,fpq_270,fpq,model_boolean,0
criterion,fpq_270,fpq,any_false,1
criterion,fpq_270,fpq,false_and_relied_on,0
criterion,fpq_270,fpq,false_or_unknown_relied_on,1
criterion,fpq_271,fpq,model_boolean,0
criterion,fpq_271,fpq,any_false,0
criterion,fpq_271,fpq,false_and_relied_on,0
criterion,fpq_271,fpq,false_or_unknown_relied_on,1
criterion,fpq_272,fpq,model_boolean,0
criterion,fpq_272,fpq,any_false,1
criterion,fpq_272,fpq,false_and_relied_on,0
criterion,fpq_272,fpq,false_or_unknown_relied_on,0
criterion,fpq_273,fpq,model_boolean,1
criterion,fpq_273,fpq,any_false,1
criterion,fpq_273,fpq,false_and_relied_on,1
criterion,fpq_273,fpq,false_or_unknown_relied_on,1
criterion,fpq_274,fpq,model_boolean,1
criterion,fpq_274,fpq,any_false,1
criterion,fpq_274,fpq,false_and_relied_on,1
criterion,fpq_274,fpq,false_or_unknown_relied_on,1
criterion,fpq_275,fpq,model_boolean,1
criterion,fpq_275,fpq,any_false,1
criterion,fpq_275,fpq,false_and_relied_on,1
criterion,fpq_275,fpq,false_or_unknown_relied_on,1
criterion,fpq_276,fpq,model_boolean,1
criterion,fpq_276,fpq,any_false,1
criterion,fpq_276,fpq,false_and_relied_on,1
criterion,fpq_276,fpq,false_or_unknown_relied_on,1
criterion,fpq_277,fpq,model_boolean,1
criterion,fpq_277,fpq,any_false,1
criterion,fpq_277,fpq,false_and_relied_on,1
criterion,fpq_277,fpq,false_or_unknown_relied_on,1
criterion,fpq_278,fpq,model_boolean,0
criterion,fpq_278,fpq,any_false,0
criterion,fpq_278,fpq,false_and_relied_on,0
criterion,fpq_278,fpq,false_or_unknown_relied_on,0
criterion,fpq_279,fpq,model_boolean,0
criterion,fpq_279,fpq,any_false,0
criterion,fpq_279,fpq,false_and_relied_on,0
criterion,fpq_279,fpq,false_or_unknown_relied_on,1
criterion,fpq_28,fpq,model_boolean,1
criterion,fpq_28,fpq,any_false,1
criterion,fpq_28,fpq,false_and_relied_on,0
criterion,fpq_28,fpq,false_or_unknown_relied_on,0
criterion,fpq_283,fpq,model_boolean,0
criterion,fpq_283,fpq,any_false,0
criterion,fpq_283,fpq,false_and_relied_on,0
criterion,fpq_283,fpq,false_or_unknown_relied_on,1
criterion,fpq_285,fpq,model_boolean,0
criterion,fpq_285,fpq,any_false,0
criterion,fpq_285,fpq,false_and_relied_on,0
criterion,fpq_285,fpq,false_or_unknown_relied_on,0
criterion,fpq_286,fpq,model_boolean,0
criterion,fpq_286,fpq,any_false,0
criterion,fpq_286,fpq,false_and_relied_on,0
criterion,fpq_286,fpq,false_or_unknown_relied_on,0
criterion,fpq_287,fpq,model_boolean,1
criterion,fpq_287,fpq,any_false,1
criterion,fpq_287,fpq,false_and_relied_on,1
criterion,fpq_287,fpq,false_or_unknown_relied_on,1
criterion,fpq_288,fpq,model_boolean,0
criterion,fpq_288,fpq,any_false,0
criterion,fpq_288,fpq,false_and_relied_on,0
criterion,fpq_288,fpq,false_or_unknown_relied_on,0
criterion,fpq_289,fpq,model_boolean,0
criterion,fpq_289,fpq,any_false,0
criterion,fpq_289,fpq,false_and_relied_on,0
criterion,fpq_289,fpq,false_or_unknown_relied_on,0
criterion,fpq_29,fpq,model_boolean,0
criterion,fpq_29,fpq,any_false,0
criterion,fpq_29,fpq,false_and_relied_on,0
criterion,fpq_29,fpq,false_or_unknown_relied_on,0
criterion,fpq_290,fpq,model_boolean,0
criterion,fpq_290,fpq,any_false,0
criterion,fpq_290,fpq,false_and_relied_on,0
criterion,fpq_290,fpq,false_or_unknown_relied_on,0
criterion,fpq_291,fpq,model_boolean,0
criterion,fpq_291,fpq,any_false,0
criterion,fpq_291,fpq,false_and_relied_on,0
criterion,fpq_291,fpq,false_or_unknown_relied_on,0
criterion,fpq_292,fpq,model_boolean,1
criterion,fpq_292,fpq,any_false,1
criterion,fpq_292,fpq,false_and_relied_on,1
criterion,fpq_292,fpq,false_or_unknown_relied_on,1
criterion,fpq_293,fpq,model_boolean,0
criterion,fpq_293,fpq,any_false,0
criterion,fpq_293,fpq,false_and_relied_on,0
criterion,fpq_293,fpq,false_or_unknown_relied_on,1
criterion,fpq_294,fpq,model_boolean,1
criterion,fpq_294,fpq,any_false,1
criterion,fpq_294,fpq,false_and_relied_on,1
criterion,fpq_294,fpq,false_or_unknown_relied_on,1
criterion,fpq_295,fpq,model_boolean,0
criterion,fpq_295,fpq,any_false,0
criterion,fpq_295,fpq,false_and_relied_on,0
criterion,fpq_295,fpq,false_or_unknown_relied_on,0
criterion,fpq_296,fpq,model_boolean,0
criterion,fpq_296,fpq,any_false,0
criterion,fpq_296,fpq,false_and_relied_on,0
criterion,fpq_296,fpq,false_or_unknown_relied_on,0
criterion,fpq_297,fpq,model_boolean,0
criterion,fpq_297,fpq,any_false,0
criterion,fpq_297,fpq,false_and_relied_on,0
criterion,fpq_297,fpq,false_or_unknown_relied_on,0
criterion,fpq_3,fpq,model_boolean,0
criterion,fpq_3,fpq,any_false,1
criterion,fpq_3,fpq,false_and_relied_on,0
criterion,fpq_3,fpq,false_or_unknown_relied_on,0
criterion,fpq_30,fpq,model_boolean,0
criterion,fpq_30,fpq,any_false,1
criterion,fpq_30,fpq,false_and_relied_on,0
criterion,fpq_30,fpq,false_or_unknown_relied_on,0
criterion,fpq_302,fpq,model_boolean,0
criterion,fpq_302,fpq,any_false,0
criterion,fpq_302,fpq,false_and_relied_on,0
criterion,fpq_302,fpq,false_or_unknown_relied_on,0
criterion,fpq_303,fpq,model_boolean,0
criterion,fpq_303,fpq,any_false,0
criterion,fpq_303,fpq,false_and_relied_on,0
criterion,fpq_303,fpq,false_or_unknown_relied_on,0
criterion,fpq_304,fpq,model_boolean,0
criterion,fpq_304,fpq,any_false,1
criterion,fpq_304,fpq,false_and_relied_on,0
criterion,fpq_304,fpq,false_or_unknown_relied_on,0
criterion,fpq_305,fpq,model_boolean,0
criterion,fpq_305,fpq,any_false,0
criterion,fpq_305,fpq,false_and_relied_on,0
criterion,fpq_305,fpq,false_or_unknown_relied_on,0
criterion,fpq_306,fpq,model_boolean,0
criterion,fpq_306,fpq,any_false,0
criterion,fpq_306,fpq,false_and_relied_on,0
criterion,fpq_306,fpq,false_or_unknown_relied_on,0
criterion,fpq_307,fpq,model_boolean,1
criterion,fpq_307,fpq,any_false,1
criterion,fpq_307,fpq,false_and_relied_on,0
criterion,fpq_307,fpq,false_or_unknown_relied_on,0
criterion,fpq_308,fpq,model_boolean,0
criterion,fpq_308,fpq,any_false,0
criterion,fpq_308,fpq,false_and_relied_on,0
criterion,fpq_308,fpq,false_or_unknown_relied_on,0
criterion,fpq_309,fpq,model_boolean,0
criterion,fpq_309,fpq,any_false,0
criterion,fpq_309,fpq,false_and_relied_on,0
criterion,fpq_309,fpq,false_or_unknown_relied_on,0
criterion,fpq_31,fpq,model_boolean,1
criterion,fpq_31,fpq,any_false,1
criterion,fpq_31,fpq,false_and_relied_on,1
criterion,fpq_31,fpq,false_or_unknown_relied_on,1
criterion,fpq_311,fpq,model_boolean,1
criterion,fpq_311,fpq,any_false,1
criterion,fpq_311,fpq,false_and_relied_on,1
criterion,fpq_311,fpq,false_or_unknown_relied_on,1
criterion,fpq_312,fpq,model_boolean,0
criterion,fpq_312,fpq,any_false,0
criterion,fpq_312,fpq,false_and_relied_on,0
criterion,fpq_312,fpq,false_or_unknown_relied_on,0
criterion,fpq_313,fpq,model_boolean,0
criterion,fpq_313,fpq,any_false,0
criterion,fpq_313,fpq,false_and_relied_on,0
criterion,fpq_313,fpq,false_or_unknown_relied_on,0
criterion,fpq_314,fpq,model_boolean,0
criterion,fpq_314,fpq,any_false,0
criterion,fpq_314,fpq,false_and_relied_on,0
criterion,fpq_314,fpq,false_or_unknown_relied_on,0
criterion,fpq_315,fpq,model_boolean,0
criterion,fpq_315,fpq,any_false,0
criterion,fpq_315,fpq,false_and_relied_on,0
criterion,fpq_315,fpq,false_or_unknown_relied_on,0
criterion,fpq_316,fpq,model_boolean,0
criterion,fpq_316,fpq,any_false,0
criterion,fpq_316,fpq,false_and_relied_on,0
criterion,fpq_316,fpq,false_or_unknown_relied_on,0
criterion,fpq_317,fpq,model_boolean,0
criterion,fpq_317,fpq,any_false,0
criterion,fpq_317,fpq,false_and_relied_on,0
criterion,fpq_317,fpq,false_or_unknown_relied_on,1
criterion,fpq_318,fpq,model_boolean,0
criterion,fpq_318,fpq,any_false,0
criterion,fpq_318,fpq,false_and_relied_on,0
criterion,fpq_318,fpq,false_or_unknown_relied_on,0
criterion,fpq_319,fpq,model_boolean,0
criterion,fpq_319,fpq,any_false,0
criterion,fpq_319,fpq,false_and_relied_on,0
criterion,fpq_319,fpq,false_or_unknown_relied_on,1
criterion,fpq_32,fpq,model_boolean,0
criterion,fpq_32,fpq,any_false,0
criterion,fpq_32,fpq,false_and_relied_on,0
criterion,fpq_32,fpq,false_or_unknown_relied_on,1
criterion,fpq_320,fpq,model_boolean,1
criterion,fpq_320,fpq,any_false,1
criterion,fpq_320,fpq,false_and_relied_on,1
criterion,fpq_320,fpq,false_or_unknown_relied_on,1
criterion,fpq_321,fpq,model_boolean,0
criterion,fpq_321,fpq,any_false,0
criterion,fpq_321,fpq,false_and_relied_on,0
criterion,fpq_321,fpq,false_or_unknown_relied_on,1
criterion,fpq_325,fpq,model_boolean,0
criterion,fpq_325,fpq,any_false,0
criterion,fpq_325,fpq,false_and_relied_on,0
criterion,fpq_325,fpq,false_or_unknown_relied_on,1
criterion,fpq_326,fpq,model_boolean,0
criterion,fpq_326,fpq,any_false,0
criterion,fpq_326,fpq,false_and_relied_on,0
criterion,fpq_326,fpq,false_or_unknown_relied_on,0
criterion,fpq_327,fpq,model_boolean,0
criterion,fpq_327,fpq,any_false,0
criterion,fpq_327,fpq,false_and_relied_on,0
criterion,fpq_327,fpq,false_or_unknown_relied_on,1
criterion,fpq_33,fpq,model_boolean,0
criterion,fpq_33,fpq,any_false,0
criterion,fpq_33,fpq,false_and_relied_on,0
criterion,fpq_33,fpq,false_or_unknown_relied_on,0
criterion,fpq_336,fpq,model_boolean,0
criterion,fpq_336,fpq,any_false,0
criterion,fpq_336,fpq,false_and_relied_on,0
criterion,fpq_336,fpq,false_or_unknown_relied_on,0
criterion,fpq_34,fpq,model_boolean,0
criterion,fpq_34,fpq,any_false,0
criterion,fpq_34,fpq,false_and_relied_on,0
criterion,fpq_34,fpq,false_or_unknown_relied_on,1
criterion,fpq_342,fpq,model_boolean,1
criterion,fpq_342,fpq,any_false,1
criterion,fpq_342,fpq,false_and_relied_on,1
criterion,fpq_342,fpq,false_or_unknown_relied_on,1
criterion,fpq_343,fpq,model_boolean,1
criterion,fpq_343,fpq,any_false,1
criterion,fpq_343,fpq,false_and_relied_on,1
criterion,fpq_343,fpq,false_or_unknown_relied_on,1
criterion,fpq_344,fpq,model_boolean,0
criterion,fpq_344,fpq,any_false,0
criterion,fpq_344,fpq,false_and_relied_on,0
criterion,fpq_344,fpq,false_or_unknown_relied_on,1
criterion,fpq_348,fpq,model_boolean,1
criterion,fpq_348,fpq,any_false,1
criterion,fpq_348,fpq,false_and_relied_on,1
criterion,fpq_348,fpq,false_or_unknown_relied_on,1
criterion,fpq_35,fpq,model_boolean,0
criterion,fpq_35,fpq,any_false,0
criterion,fpq_35,fpq,false_and_relied_on,0
criterion,fpq_35,fpq,false_or_unknown_relied_on,0
criterion,fpq_350,fpq,model_boolean,1
criterion,fpq_350,fpq,any_false,1
criterion,fpq_350,fpq,false_and_relied_on,1
criterion,fpq_350,fpq,false_or_unknown_relied_on,1
criterion,fpq_353,fpq,model_boolean,0
criterion,fpq_353,fpq,any_false,0
criterion,fpq_353,fpq,false_and_relied_on,0
criterion,fpq_353,fpq,false_or_unknown_relied_on,0
criterion,fpq_354,fpq,model_boolean,0
criterion,fpq_354,fpq,any_false,0
criterion,fpq_354,fpq,false_and_relied_on,0
criterion,fpq_354,fpq,false_or_unknown_relied_on,0
criterion,fpq_357,fpq,model_boolean,0
criterion,fpq_357,fpq,any_false,0
criterion,fpq_357,fpq,false_and_relied_on,0
criterion,fpq_357,fpq,false_or_unknown_relied_on,0
criterion,fpq_358,fpq,model_boolean,0
criterion,fpq_358,fpq,any_false,0
criterion,fpq_358,fpq,false_and_relied_on,0
criterion,fpq_358,fpq,false_or_unknown_relied_on,0
criterion,fpq_359,fpq,model_boolean,1
criterion,fpq_359,fpq,any_false,1
criterion,fpq_359,fpq,false_and_relied_on,0
criterion,fpq_359,fpq,false_or_unknown_relied_on,0
criterion,fpq_36,fpq,model_boolean,0
criterion,fpq_36,fpq,any_false,0
criterion,fpq_36,fpq,false_and_relied_on,0
criterion,fpq_36,fpq,false_or_unknown_relied_on,0
criterion,fpq_361,fpq,model_boolean,1
criterion,fpq_361,fpq,any_false,1
criterion,fpq_361,fpq,false_and_relied_on,1
criterion,fpq_361,fpq,false_or_unknown_relied_on,1
criterion,fpq_362,fpq,model_boolean,0
criterion,fpq_362,fpq,any_false,0
criterion,fpq_362,fpq,false_and_relied_on,0
criterion,fpq_362,fpq,false_or_unknown_relied_on,0
criterion,fpq_366,fpq,model_boolean,0
criterion,fpq_366,fpq,any_false,0
criterion,fpq_366,fpq,false_and_relied_on,0
criterion,fpq_366,fpq,false_or_unknown_relied_on,0
criterion,fpq_368,fpq,model_boolean,0
criterion,fpq_368,fpq,any_false,0
criterion,fpq_368,fpq,false_and_relied_on,0
criterion,fpq_368,fpq,false_or_unknown_relied_on,1
criterion,fpq_37,fpq,model_boolean,1
criterion,fpq_37,fpq,any_false,1
criterion,fpq_37,fpq,false_and_relied_on,1
criterion,fpq_37,fpq,false_or_unknown_relied_on,1
criterion,fpq_376,fpq,model_boolean,0
criterion,fpq_376,fpq,any_false,1
criterion,fpq_376,fpq,false_and_relied_on,0
criterion,fpq_376,fpq,false_or_unknown_relied_on,0
criterion,fpq_378,fpq,model_boolean,0
criterion,fpq_378,fpq,any_false,0
criterion,fpq_378,fpq,false_and_relied_on,0
criterion,fpq_378,fpq,false_or_unknown_relied_on,0
criterion,fpq_379,fpq,model_boolean,0
criterion,fpq_379,fpq,any_false,0
criterion,fpq_379,fpq,false_and_relied_on,0
criterion,fpq_379,fpq,false_or_unknown_relied_on,0
criterion,fpq_38,fpq,model_boolean,0
criterion,fpq_38,fpq,any_false,0
criterion,fpq_38,fpq,false_and_relied_on,0
criterion,fpq_38,fpq,false_or_unknown_relied_on,0
criterion,fpq_380,fpq,model_boolean,0
criterion,fpq_380,fpq,any_false,0
criterion,fpq_380,fpq,false_and_relied_on,0
criterion,fpq_380,fpq,false_or_unknown_relied_on,1
criterion,fpq_383,fpq,model_boolean,0
criterion,fpq_383,fpq,any_false,0
criterion,fpq_383,fpq,false_and_relied_on,0
criterion,fpq_383,fpq,false_or_unknown_relied_on,1
criterion,fpq_385,fpq,model_boolean,0
criterion,fpq_385,fpq,any_false,0
criterion,fpq_385,fpq,false_and_relied_on,0
criterion,fpq_385,fpq,false_or_unknown_relied_on,0
criterion,fpq_386,fpq,model_boolean,0
criterion,fpq_386,fpq,any_false,0
criterion,fpq_386,fpq,false_and_relied_on,0
criterion,fpq_386,fpq,false_or_unknown_relied_on,1
criterion,fpq_387,fpq,model_boolean,0
criterion,fpq_387,fpq,any_false,0
criterion,fpq_387,fpq,false_and_relied_on,0
criterion,fpq_387,fpq,false_or_unknown_relied_on,0
criterion,fpq_388,fpq,model_boolean,0
criterion,fpq_388,fpq,any_false,0
criterion,fpq_388,fpq,false_and_relied_on,0
criterion,fpq_388,fpq,false_or_unknown_relied_on,1
criterion,fpq_389,fpq,model_boolean,1
criterion,fpq_389,fpq,any_false,1
criterion,fpq_389,fpq,false_and_relied_on,1
criterion,fpq_389,fpq,false_or_unknown_relied_on,1
criterion,fpq_39,fpq,model_boolean,0
criterion,fpq_39,fpq,any_false,0
criterion,fpq_39,fpq,false_and_relied_on,0
criterion,fpq_39,fpq,false_or_unknown_relied_on,0
criterion,fpq_390,fpq,model_boolean,0
criterion,fpq_390,fpq,any_false,0
criterion,fpq_390,fpq,false_and_relied_on,0
criterion,fpq_390,fpq,false_or_unknown_relied_on,0
criterion,fpq_391,fpq,model_boolean,1
criterion,fpq_391,fpq,any_false,1
criterion,fpq_391,fpq,false_and_relied_on,1
criterion,fpq_391,fpq,false_or_unknown_relied_on,1
criterion,fpq_392,fpq,model_boolean,1
criterion,fpq_392,fpq,any_false,1
criterion,fpq_392,fpq,false_and_relied_on,1
criterion,fpq_392,fpq,false_or_unknown_relied_on,1
criterion,fpq_394,fpq,model_boolean,0
criterion,fpq_394,fpq,any_false,0
criterion,fpq_394,fpq,false_and_relied_on,0
criterion,fpq_394,fpq,false_or_unknown_relied_on,1
criterion,fpq_395,fpq,model_boolean,0
criterion,fpq_395,fpq,any_false,0
criterion,fpq_395,fpq,false_and_relied_on,0
criterion,fpq_395,fpq,false_or_unknown_relied_on,0
criterion,fpq_396,fpq,model_boolean,0
criterion,fpq_396,fpq,any_false,0
criterion,fpq_396,fpq,false_and_relied_on,0
criterion,fpq_396,fpq,false_or_unknown_relied_on,1
criterion,fpq_397,fpq,model_boolean,1
criterion,fpq_397,fpq,any_false,1
criterion,fpq_397,fpq,false_and_relied_on,1
criterion,fpq_397,fpq,false_or_unknown_relied_on,1
criterion,fpq_398,fpq,model_boolean,1
criterion,fpq_398,fpq,any_false,1
criterion,fpq_398,fpq,false_and_relied_on,1
criterion,fpq_398,fpq,false_or_unknown_relied_on,1
criterion,fpq_399,fpq,model_boolean,1
criterion,fpq_399,fpq,any_false,1
criterion,fpq_399,fpq,false_and_relied_on,1
criterion,fpq_399,fpq,false_or_unknown_relied_on,1
criterion,fpq_4,fpq,model_boolean,0
criterion,fpq_4,fpq,any_false,0
criterion,fpq_4,fpq,false_and_relied_on,0
criterion,fpq_4,fpq,false_or_unknown_relied_on,0
criterion,fpq_40,fpq,model_boolean,0
criterion,fpq_40,fpq,any_false,0
criterion,fpq_40,fpq,false_and_relied_on,0
criterion,fpq_40,fpq,false_or_unknown_relied_on,0
criterion,fpq_400,fpq,model_boolean,0
criterion,fpq_400,fpq,any_false,0
criterion,fpq_400,fpq,false_and_relied_on,0
criterion,fpq_400,fpq,false_or_unknown_relied_on,0
criterion,fpq_403,fpq,model_boolean,1
criterion,fpq_403,fpq,any_false,1
criterion,fpq_403,fpq,false_and_relied_on,1
criterion,fpq_403,fpq,false_or_unknown_relied_on,1
criterion,fpq_405,fpq,model_boolean,0
criterion,fpq_405,fpq,any_false,0
criterion,fpq_405,fpq,false_and_relied_on,0
criterion,fpq_405,fpq,false_or_unknown_relied_on,1
criterion,fpq_407,fpq,model_boolean,1
criterion,fpq_407,fpq,any_false,1
criterion,fpq_407,fpq,false_and_relied_on,1
criterion,fpq_407,fpq,false_or_unknown_relied_on,1
criterion,fpq_408,fpq,model_boolean,0
criterion,fpq_408,fpq,any_false,0
criterion,fpq_408,fpq,false_and_relied_on,0
criterion,fpq_408,fpq,false_or_unknown_relied_on,0
criterion,fpq_41,fpq,model_boolean,0
criterion,fpq_41,fpq,any_false,0
criterion,fpq_41,fpq,false_and_relied_on,0
criterion,fpq_41,fpq,false_or_unknown_relied_on,1
criterion,fpq_415,fpq,model_boolean,0
criterion,fpq_415,fpq,any_false,0
criterion,fpq_415,fpq,false_and_relied_on,0
criterion,fpq_415,fpq,false_or_unknown_relied_on,0
criterion,fpq_416,fpq,model_boolean,0
criterion,fpq_416,fpq,any_false,0
criterion,fpq_416,fpq,false_and_relied_on,0
criterion,fpq_416,fpq,false_or_unknown_relied_on,0
criterion,fpq_417,fpq,model_boolean,0
criterion,fpq_417,fpq,any_false,0
criterion,fpq_417,fpq,false_and_relied_on,0
criterion,fpq_417,fpq,false_or_unknown_relied_on,1
criterion,fpq_42,fpq,model_boolean,0
criterion,fpq_42,fpq,any_false,0
criterion,fpq_42,fpq,false_and_relied_on,0
criterion,fpq_42,fpq,false_or_unknown_relied_on,0
criterion,fpq_420,fpq,model_boolean,0
criterion,fpq_420,fpq,any_false,0
criterion,fpq_420,fpq,false_and_relied_on,0
criterion,fpq_420,fpq,false_or_unknown_relied_on,1
criterion,fpq_421,fpq,model_boolean,0
criterion,fpq_421,fpq,any_false,0
criterion,fpq_421,fpq,false_and_relied_on,0
criterion,fpq_421,fpq,false_or_unknown_relied_on,0
criterion,fpq_422,fpq,model_boolean,0
criterion,fpq_422,fpq,any_false,0
criterion,fpq_422,fpq,false_and_relied_on,0
criterion,fpq_422,fpq,false_or_unknown_relied_on,0
criterion,fpq_423,fpq,model_boolean,1
criterion,fpq_423,fpq,any_false,1
criterion,fpq_423,fpq,false_and_relied_on,1
criterion,fpq_423,fpq,false_or_unknown_relied_on,1
criterion,fpq_425,fpq,model_boolean,0
criterion,fpq_425,fpq,any_false,1
criterion,fpq_425,fpq,false_and_relied_on,0
criterion,fpq_425,fpq,false_or_unknown_relied_on,0
criterion,fpq_426,fpq,model_boolean,0
criterion,fpq_426,fpq,any_false,0
criterion,fpq_426,fpq,false_and_relied_on,0
criterion,fpq_426,fpq,false_or_unknown_relied_on,0
criterion,fpq_428,fpq,model_boolean,0
criterion,fpq_428,fpq,any_false,0
criterion,fpq_428,fpq,false_and_relied_on,0
criterion,fpq_428,fpq,false_or_unknown_relied_on,0
criterion,fpq_429,fpq,model_boolean,1
criterion,fpq_429,fpq,any_false,1
criterion,fpq_429,fpq,false_and_relied_on,0
criterion,fpq_429,fpq,false_or_unknown_relied_on,0
criterion,fpq_43,fpq,model_boolean,0
criterion,fpq_43,fpq,any_false,0
criterion,fpq_43,fpq,false_and_relied_on,0
criterion,fpq_43,fpq,false_or_unknown_relied_on,0
criterion,fpq_434,fpq,model_boolean,1
criterion,fpq_434,fpq,any_false,1
criterion,fpq_434,fpq,false_and_relied_on,1
criterion,fpq_434,fpq,false_or_unknown_relied_on,1
criterion,fpq_436,fpq,model_boolean,0
criterion,fpq_436,fpq,any_false,0
criterion,fpq_436,fpq,false_and_relied_on,0
criterion,fpq_436,fpq,false_or_unknown_relied_on,0
criterion,fpq_438,fpq,model_boolean,0
criterion,fpq_438,fpq,any_false,0
criterion,fpq_438,fpq,false_and_relied_on,0
criterion,fpq_438,fpq,false_or_unknown_relied_on,0
criterion,fpq_439,fpq,model_boolean,1
criterion,fpq_439,fpq,any_false,1
criterion,fpq_439,fpq,false_and_relied_on,1
criterion,fpq_439,fpq,false_or_unknown_relied_on,1
criterion,fpq_44,fpq,model_boolean,1
criterion,fpq_44,fpq,any_false,1
criterion,fpq_44,fpq,false_and_relied_on,1
criterion,fpq_44,fpq,false_or_unknown_relied_on,1
criterion,fpq_443,fpq,model_boolean,1
criterion,fpq_443,fpq,any_false,1
criterion,fpq_443,fpq,false_and_relied_on,1
criterion,fpq_443,fpq,false_or_unknown_relied_on,1
criterion,fpq_445,fpq,model_boolean,0
criterion,fpq_445,fpq,any_false,0
criterion,fpq_445,fpq,false_and_relied_on,0
criterion,fpq_445,fpq,false_or_unknown_relied_on,1
criterion,fpq_446,fpq,model_boolean,1
criterion,fpq_446,fpq,any_false,1
criterion,fpq_446,fpq,false_and_relied_on,1
criterion,fpq_446,fpq,false_or_unknown_relied_on,1
criterion,fpq_45,fpq,model_boolean,1
criterion,fpq_45,fpq,any_false,1
criterion,fpq_45,fpq,false_and_relied_on,1
criterion,fpq_45,fpq,false_or_unknown_relied_on,1
criterion,fpq_459,fpq,model_boolean,1
criterion,fpq_459,fpq,any_false,1
criterion,fpq_459,fpq,false_and_relied_on,1
criterion,fpq_459,fpq,false_or_unknown_relied_on,1
criterion,fpq_46,fpq,model_boolean,0
criterion,fpq_46,fpq,any_false,0
criterion,fpq_46,fpq,false_and_relied_on,0
criterion,fpq_46,fpq,false_or_unknown_relied_on,1
criterion,fpq_460,fpq,model_boolean,0
criterion,fpq_460,fpq,any_false,0
criterion,fpq_460,fpq,false_and_relied_on,0
criterion,fpq_460,fpq,false_or_unknown_relied_on,1
criterion,fpq_462,fpq,model_boolean,1
criterion,fpq_462,fpq,any_false,1
criterion,fpq_462,fpq,false_and_relied_on,1
criterion,fpq_462,fpq,false_or_unknown_relied_on,1
criterion,fpq_467,fpq,model_boolean,0
criterion,fpq_467,fpq,any_false,0
criterion,fpq_467,fpq,false_and_relied_on,0
criterion,fpq_467,fpq,false_or_unknown_relied_on,1
criterion,fpq_47,fpq,model_boolean,0
criterion,fpq_47,fpq,any_false,0
criterion,fpq_47,fpq,false_and_relied_on,0
criterion,fpq_47,fpq,false_or_unknown_relied_on,0
criterion,fpq_472,fpq,model_boolean,0
criterion,fpq_472,fpq,any_false,0
criterion,fpq_472,fpq,false_and_relied_on,0
criterion,fpq_472,fpq,false_or_unknown_relied_on,0
criterion,fpq_473,fpq,model_boolean,0
criterion,fpq_473,fpq,any_false,0
criterion,fpq_473,fpq,false_and_relied_on,0
criterion,fpq_473,fpq,false_or_unknown_relied_on,1
criterion,fpq_474,fpq,model_boolean,0
criterion,fpq_474,fpq,any_false,0
criterion,fpq_474,fpq,false_and_relied_on,0
criterion,fpq_474,fpq,false_or_unknown_relied_on,1
criterion,fpq_477,fpq,model_boolean,1
criterion,fpq_477,fpq,any_false,1
criterion,fpq_477,fpq,false_and_relied_on,1
criterion,fpq_477,fpq,false_or_unknown_relied_on,1
criterion,fpq_479,fpq,model_boolean,0
criterion,fpq_479,fpq,any_false,0
criterion,fpq_479,fpq,false_and_relied_on,0
criterion,fpq_479,fpq,false_or_unknown_relied_on,1
criterion,fpq_48,fpq,model_boolean,0
criterion,fpq_48,fpq,any_false,0
criterion,fpq_48,fpq,false_and_relied_on,0
criterion,fpq_48,fpq,false_or_unknown_relied_on,0
criterion,fpq_484,fpq,model_boolean,0
criterion,fpq_484,fpq,any_false,0
criterion,fpq_484,fpq,false_and_relied_on,0
criterion,fpq_484,fpq,false_or_unknown_relied_on,0
criterion,fpq_485,fpq,model_boolean,0
criterion,fpq_485,fpq,any_false,0
criterion,fpq_485,fpq,false_and_relied_on,0
criterion,fpq_485,fpq,false_or_unknown_relied_on,1
criterion,fpq_487,fpq,model_boolean,0
criterion,fpq_487,fpq,any_false,0
criterion,fpq_487,fpq,false_and_relied_on,0
criterion,fpq_487,fpq,false_or_unknown_relied_on,0
criterion,fpq_488,fpq,model_boolean,0
criterion,fpq_488,fpq,any_false,0
criterion,fpq_488,fpq,false_and_relied_on,0
criterion,fpq_488,fpq,false_or_unknown_relied_on,0
criterion,fpq_49,fpq,model_boolean,0
criterion,fpq_49,fpq,any_false,0
criterion,fpq_49,fpq,false_and_relied_on,0
criterion,fpq_49,fpq,false_or_unknown_relied_on,1
criterion,fpq_492,fpq,model_boolean,1
criterion,fpq_492,fpq,any_false,1
criterion,fpq_492,fpq,false_and_relied_on,1
criterion,fpq_492,fpq,false_or_unknown_relied_on,1
criterion,fpq_493,fpq,model_boolean,1
criterion,fpq_493,fpq,any_false,1
criterion,fpq_493,fpq,false_and_relied_on,1
criterion,fpq_493,fpq,false_or_unknown_relied_on,1
criterion,fpq_494,fpq,model_boolean,1
criterion,fpq_494,fpq,any_false,1
criterion,fpq_494,fpq,false_and_relied_on,1
criterion,fpq_494,fpq,false_or_unknown_relied_on,1
criterion,fpq_495,fpq,model_boolean,0
criterion,fpq_495,fpq,any_false,0
criterion,fpq_495,fpq,false_and_relied_on,0
criterion,fpq_495,fpq,false_or_unknown_relied_on,1
criterion,fpq_497,fpq,model_boolean,0
criterion,fpq_497,fpq,any_false,0
criterion,fpq_497,fpq,false_and_relied_on,0
criterion,fpq_497,fpq,false_or_unknown_relied_on,0
criterion,fpq_499,fpq,model_boolean,0
criterion,fpq_499,fpq,any_false,0
criterion,fpq_499,fpq,false_and_relied_on,0
criterion,fpq_499,fpq,false_or_unknown_relied_on,1
criterion,fpq_5,fpq,model_boolean,0
criterion,fpq_5,fpq,any_false,0
criterion,fpq_5,fpq,false_and_relied_on,0
criterion,fpq_5,fpq,false_or_unknown_relied_on,0
criterion,fpq_50,fpq,model_boolean,0
criterion,fpq_50,fpq,any_false,0
criterion,fpq_50,fpq,false_and_relied_on,0
criterion,fpq_50,fpq,false_or_unknown_relied_on,1
criterion,fpq_500,fpq,model_boolean,0
criterion,fpq_500,fpq,any_false,0
criterion,fpq_500,fpq,false_and_relied_on,0
criterion,fpq_500,fpq,false_or_unknown_relied_on,0
criterion,fpq_501,fpq,model_boolean,0
criterion,fpq_501,fpq,any_false,0
criterion,fpq_501,fpq,false_and_relied_on,0
criterion,fpq_501,fpq,false_or_unknown_relied_on,1
criterion,fpq_502,fpq,model_boolean,0
criterion,fpq_502,fpq,any_false,0
criterion,fpq_502,fpq,false_and_relied_on,0
criterion,fpq_502,fpq,false_or_unknown_relied_on,0
criterion,fpq_505,fpq,model_boolean,0
criterion,fpq_505,fpq,any_false,0
criterion,fpq_505,fpq,false_and_relied_on,0
criterion,fpq_505,fpq,false_or_unknown_relied_on,1
criterion,fpq_506,fpq,model_boolean,0
criterion,fpq_506,fpq,any_false,0
criterion,fpq_506,fpq,false_and_relied_on,0
criterion,fpq_506,fpq,false_or_unknown_relied_on,1
criterion,fpq_507,fpq,model_boolean,0
criterion,fpq_507,fpq,any_false,0
criterion,fpq_507,fpq,false_and_relied_on,0
criterion,fpq_507,fpq,false_or_unknown_relied_on,0
criterion,fpq_51,fpq,model_boolean,1
criterion,fpq_51,fpq,any_false,1
criterion,fpq_51,fpq,false_and_relied_on,1
criterion,fpq_51,fpq,false_or_unknown_relied_on,1
criterion,fpq_512,fpq,model_boolean,1
criterion,fpq_512,fpq,any_false,1
criterion,fpq_512,fpq,false_and_relied_on,1
criterion,fpq_512,fpq,false_or_unknown_relied_on,1
criterion,fpq_514,fpq,model_boolean,1
criterion,fpq_514,fpq,any_false,1
criterion,fpq_514,fpq,false_and_relied_on,1
criterion,fpq_514,fpq,false_or_unknown_relied_on,1
criterion,fpq_516,fpq,model_boolean,0
criterion,fpq_516,fpq,any_false,0
criterion,fpq_516,fpq,false_and_relied_on,0
criterion,fpq_516,fpq,false_or_unknown_relied_on,1
criterion,fpq_517,fpq,model_boolean,0
criterion,fpq_517,fpq,any_false,0
criterion,fpq_517,fpq,false_and_relied_on,0
criterion,fpq_517,fpq,false_or_unknown_relied_on,1
criterion,fpq_52,fpq,model_boolean,1
criterion,fpq_52,fpq,any_false,1
criterion,fpq_52,fpq,false_and_relied_on,1
criterion,fpq_52,fpq,false_or_unknown_relied_on,1
criterion,fpq_521,fpq,model_boolean,0
criterion,fpq_521,fpq,any_false,0
criterion,fpq_521,fpq,false_and_relied_on,0
criterion,fpq_521,fpq,false_or_unknown_relied_on,1
criterion,fpq_522,fpq,model_boolean,1
criterion,fpq_522,fpq,any_false,1
criterion,fpq_522,fpq,false_and_relied_on,1
criterion,fpq_522,fpq,false_or_unknown_relied_on,1
criterion,fpq_524,fpq,model_boolean,0
criterion,fpq_524,fpq,any_false,0
criterion,fpq_524,fpq,false_and_relied_on,0
criterion,fpq_524,fpq,false_or_unknown_relied_on,0
criterion,fpq_525,fpq,model_boolean,0
criterion,fpq_525,fpq,any_false,0
criterion,fpq_525,fpq,false_and_relied_on,0
criterion,fpq_525,fpq,false_or_unknown_relied_on,1
criterion,fpq_53,fpq,model_boolean,0
criterion,fpq_53,fpq,any_false,0
criterion,fpq_53,fpq,false_and_relied_on,0
criterion,fpq_53,fpq,false_or_unknown_relied_on,0
criterion,fpq_530,fpq,model_boolean,0
criterion,fpq_530,fpq,any_false,0
criterion,fpq_530,fpq,false_and_relied_on,0
criterion,fpq_530,fpq,false_or_unknown_relied_on,0
criterion,fpq_531,fpq,model_boolean,0
criterion,fpq_531,fpq,any_false,0
criterion,fpq_531,fpq,false_and_relied_on,0
criterion,fpq_531,fpq,false_or_unknown_relied_on,0
criterion,fpq_534,fpq,model_boolean,0
criterion,fpq_534,fpq,any_false,0
criterion,fpq_534,fpq,false_and_relied_on,0
criterion,fpq_534,fpq,false_or_unknown_relied_on,0
criterion,fpq_535,fpq,model_boolean,0
criterion,fpq_535,fpq,any_false,0
criterion,fpq_535,fpq,false_and_relied_on,0
criterion,fpq_535,fpq,false_or_unknown_relied_on,0
criterion,fpq_54,fpq,model_boolean,0
criterion,fpq_54,fpq,any_false,0
criterion,fpq_54,fpq,false_and_relied_on,0
criterion,fpq_54,fpq,false_or_unknown_relied_on,0
criterion,fpq_542,fpq,model_boolean,0
criterion,fpq_542,fpq,any_false,0
criterion,fpq_542,fpq,false_and_relied_on,0
criterion,fpq_542,fpq,false_or_unknown_relied_on,0
criterion,fpq_543,fpq,model_boolean,0
criterion,fpq_543,fpq,any_false,0
criterion,fpq_543,fpq,false_and_relied_on,0
criterion,fpq_543,fpq,false_or_unknown_relied_on,0
criterion,fpq_546,fpq,model_boolean,0
criterion,fpq_546,fpq,any_false,1
criterion,fpq_546,fpq,false_and_relied_on,0
criterion,fpq_546,fpq,false_or_unknown_relied_on,0
criterion,fpq_547,fpq,model_boolean,0
criterion,fpq_547,fpq,any_false,0
criterion,fpq_547,fpq,false_and_relied_on,0
criterion,fpq_547,fpq,false_or_unknown_relied_on,0
criterion,fpq_549,fpq,model_boolean,0
criterion,fpq_549,fpq,any_false,0
criterion,fpq_549,fpq,false_and_relied_on,0
criterion,fpq_549,fpq,false_or_unknown_relied_on,0
criterion,fpq_55,fpq,model_boolean,0
criterion,fpq_55,fpq,any_false,0
criterion,fpq_55,fpq,false_and_relied_on,0
criterion,fpq_55,fpq,false_or_unknown_relied_on,1
criterion,fpq_550,fpq,model_boolean,1
criterion,fpq_550,fpq,any_false,1
criterion,fpq_550,fpq,false_and_relied_on,1
criterion,fpq_550,fpq,false_or_unknown_relied_on,1
criterion,fpq_552,fpq,model_boolean,1
criterion,fpq_552,fpq,any_false,1
criterion,fpq_552,fpq,false_and_relied_on,1
criterion,fpq_552,fpq,false_or_unknown_relied_on,1
criterion,fpq_556,fpq,model_boolean,0
criterion,fpq_556,fpq,any_false,0
criterion,fpq_556,fpq,false_and_relied_on,0
criterion,fpq_556,fpq,false_or_unknown_relied_on,1
criterion,fpq_557,fpq,model_boolean,0
criterion,fpq_557,fpq,any_false,0
criterion,fpq_557,fpq,false_and_relied_on,0
criterion,fpq_557,fpq,false_or_unknown_relied_on,1
criterion,fpq_558,fpq,model_boolean,0
criterion,fpq_558,fpq,any_false,0
criterion,fpq_558,fpq,false_and_relied_on,0
criterion,fpq_558,fpq,false_or_unknown_relied_on,0
criterion,fpq_559,fpq,model_boolean,1
criterion,fpq_559,fpq,any_false,1
criterion,fpq_559,fpq,false_and_relied_on,1
criterion,fpq_559,fpq,false_or_unknown_relied_on,1
criterion,fpq_56,fpq,model_boolean,0
criterion,fpq_56,fpq,any_false,0
criterion,fpq_56,fpq,false_and_relied_on,0
criterion,fpq_56,fpq,false_or_unknown_relied_on,0
criterion,fpq_560,fpq,model_boolean,0
criterion,fpq_560,fpq,any_false,1
criterion,fpq_560,fpq,false_and_relied_on,0
criterion,fpq_560,fpq,false_or_unknown_relied_on,0
criterion,fpq_563,fpq,model_boolean,1
criterion,fpq_563,fpq,any_false,1
criterion,fpq_563,fpq,false_and_relied_on,1
criterion,fpq_563,fpq,false_or_unknown_relied_on,1
criterion,fpq_564,fpq,model_boolean,0
criterion,fpq_564,fpq,any_false,0
criterion,fpq_564,fpq,false_and_relied_on,0
criterion,fpq_564,fpq,false_or_unknown_relied_on,0
criterion,fpq_565,fpq,model_boolean,0
criterion,fpq_565,fpq,any_false,0
criterion,fpq_565,fpq,false_and_relied_on,0
criterion,fpq_565,fpq,false_or_unknown_relied_on,0
criterion,fpq_566,fpq,model_boolean,0
criterion,fpq_566,fpq,any_false,0
criterion,fpq_566,fpq,false_and_relied_on,0
criterion,fpq_566,fpq,false_or_unknown_relied_on,0
criterion,fpq_57,fpq,model_boolean,1
criterion,fpq_57,fpq,any_false,1
criterion,fpq_57,fpq,false_and_relied_on,1
criterion,fpq_57,fpq,false_or_unknown_relied_on,1
criterion,fpq_570,fpq,model_boolean,0
criterion,fpq_570,fpq,any_false,0
criterion,fpq_570,fpq,false_and_relied_on,0
criterion,fpq_570,fpq,false_or_unknown_relied_on,0
criterion,fpq_572,fpq,model_boolean,0
criterion,fpq_572,fpq,any_false,0
criterion,fpq_572,fpq,false_and_relied_on,0
criterion,fpq_572,fpq,false_or_unknown_relied_on,0
criterion,fpq_574,fpq,model_boolean,0
criterion,fpq_574,fpq,any_false,1
criterion,fpq_574,fpq,false_and_relied_on,0
criterion,fpq_574,fpq,false_or_unknown_relied_on,1
criterion,fpq_58,fpq,model_boolean,0
criterion,fpq_58,fpq,any_false,0
criterion,fpq_58,fpq,false_and_relied_on,0
criterion,fpq_58,fpq,false_or_unknown_relied_on,1
criterion,fpq_580,fpq,model_boolean,1
criterion,fpq_580,fpq,any_false,1
criterion,fpq_580,fpq,false_and_relied_on,1
criterion,fpq_580,fpq,false_or_unknown_relied_on,1
criterion,fpq_583,fpq,model_boolean,0
criterion,fpq_583,fpq,any_false,0
criterion,fpq_583,fpq,false_and_relied_on,0
criterion,fpq_583,fpq,false_or_unknown_relied_on,1
criterion,fpq_584,fpq,model_boolean,0
criterion,fpq_584,fpq,any_false,0
criterion,fpq_584,fpq,false_and_relied_on,0
criterion,fpq_584,fpq,false_or_unknown_relied_on,0
criterion,fpq_586,fpq,model_boolean,1
criterion,fpq_586,fpq,any_false,1
criterion,fpq_586,fpq,false_and_relied_on,1
criterion,fpq_586,fpq,false_or_unknown_relied_on,1
criterion,fpq_59,fpq,model_boolean,0
criterion,fpq_59,fpq,any_false,0
criterion,fpq_59,fpq,false_and_relied_on,0
criterion,fpq_59,fpq,false_or_unknown_relied_on,1
criterion,fpq_593,fpq,model_boolean,0
criterion,fpq_593,fpq,any_false,0
criterion,fpq_593,fpq,false_and_relied_on,0
criterion,fpq_593,fpq,false_or_unknown_relied_on,0
criterion,fpq_595,fpq,model_boolean,1
criterion,fpq_595,fpq,any_false,1
criterion,fpq_595,fpq,false_and_relied_on,1
criterion,fpq_595,fpq,false_or_unknown_relied_on,1
criterion,fpq_596,fpq,model_boolean,0
criterion,fpq_596,fpq,any_false,0
criterion,fpq_596,fpq,false_and_relied_on,0
criterion,fpq_596,fpq,false_or_unknown_relied_on,0
criterion,fpq_598,fpq,model_boolean,0
criterion,fpq_598,fpq,any_false,1
criterion,fpq_598,fpq,false_and_relied_on,0
criterion,fpq_598,fpq,false_or_unknown_relied_on,0
criterion,fpq_6,fpq,model_boolean,0
criterion,fpq_6,fpq,any_false,0
criterion,fpq_6,fpq,false_and_relied_on,0
criterion,fpq_6,fpq,false_or_unknown_relied_on,0
criterion,fpq_60,fpq,model_boolean,0
criterion,fpq_60,fpq,any_false,0
criterion,fpq_60,fpq,false_and_relied_on,0
criterion,fpq_60,fpq,false_or_unknown_relied_on,0
criterion,fpq_600,fpq,model_boolean,1
criterion,fpq_600,fpq,any_false,1
criterion,fpq_600,fpq,false_and_relied_on,1
criterion,fpq_600,fpq,false_or_unknown_relied_on,1
criterion,fpq_601,fpq,model_boolean,1
criterion,fpq_601,fpq,any_false,1
criterion,fpq_601,fpq,false_and_relied_on,1
criterion,fpq_601,fpq,false_or_unknown_relied_on,1
criterion,fpq_603,fpq,model_boolean,0
criterion,fpq_603,fpq,any_false,0
criterion,fpq_603,fpq,false_and_relied_on,0
criterion,fpq_603,fpq,false_or_unknown_relied_on,1
criterion,fpq_604,fpq,model_boolean,0
criterion,fpq_604,fpq,any_false,0
criterion,fpq_604,fpq,false_and_relied_on,0
criterion,fpq_604,fpq,false_or_unknown_relied_on,0
criterion,fpq_606,fpq,model_boolean,0
criterion,fpq_606,fpq,any_false,0
criterion,fpq_606,fpq,false_and_relied_on,0
criterion,fpq_606,fpq,false_or_unknown_relied_on,1
criterion,fpq_607,fpq,model_boolean,0
criterion,fpq_607,fpq,any_false,0
criterion,fpq_607,fpq,false_and_relied_on,0
criterion,fpq_607,fpq,false_or_unknown_relied_on,0
criterion,fpq_608,fpq,model_boolean,0
criterion,fpq_608,fpq,any_false,0
criterion,fpq_608,fpq,false_and_relied_on,0
criterion,fpq_608,fpq,false_or_unknown_relied_on,1
criterion,fpq_609,fpq,model_boolean,0
criterion,fpq_609,fpq,any_false,0
criterion,fpq_609,fpq,false_and_relied_on,0
criterion,fpq_609,fpq,false_or_unknown_relied_on,0
criterion,fpq_61,fpq,model_boolean,0
criterion,fpq_61,fpq,any_false,0
criterion,fpq_61,fpq,false_and_relied_on,0
criterion,fpq_61,fpq,false_or_unknown_relied_on,0
criterion,fpq_610,fpq,model_boolean,0
criterion,fpq_610,fpq,any_false,0
criterion,fpq_610,fpq,false_and_relied_on,0
criterion,fpq_610,fpq,false_or_unknown_relied_on,0
criterion,fpq_611,fpq,model_boolean,1
criterion,fpq_611,fpq,any_false,1
criterion,fpq_611,fpq,false_and_relied_on,1
criterion,fpq_611,fpq,false_or_unknown_relied_on,1
criterion,fpq_612,fpq,model_boolean,0
criterion,fpq_612,fpq,any_false,0
criterion,fpq_612,fpq,false_and_relied_on,0
criterion,fpq_612,fpq,false_or_unknown_relied_on,0
criterion,fpq_613,fpq,model_boolean,1
criterion,fpq_613,fpq,any_false,1
criterion,fpq_613,fpq,false_and_relied_on,0
criterion,fpq_613,fpq,false_or_unknown_relied_on,1
criterion,fpq_614,fpq,model_boolean,1
criterion,fpq_614,fpq,any_false,1
criterion,fpq_614,fpq,false_and_relied_on,0
criterion,fpq_614,fpq,false_or_unknown_relied_on,0
criterion,fpq_615,fpq,model_boolean,0
criterion,fpq_615,fpq,any_false,0
criterion,fpq_615,fpq,false_and_relied_on,0
criterion,fpq_615,fpq,false_or_unknown_relied_on,0
criterion,fpq_616,fpq,model_boolean,0
criterion,fpq_616,fpq,any_false,0
criterion,fpq_616,fpq,false_and_relied_on,0
criterion,fpq_616,fpq,false_or_unknown_relied_on,1
criterion,fpq_617,fpq,model_boolean,0
criterion,fpq_617,fpq,any_false,1
criterion,fpq_617,fpq,false_and_relied_on,0
criterion,fpq_617,fpq,false_or_unknown_relied_on,0
criterion,fpq_618,fpq,model_boolean,0
criterion,fpq_618,fpq,any_false,0
criterion,fpq_618,fpq,false_and_relied_on,0
criterion,fpq_618,fpq,false_or_unknown_relied_on,1
criterion,fpq_619,fpq,model_boolean,0
criterion,fpq_619,fpq,any_false,0
criterion,fpq_619,fpq,false_and_relied_on,0
criterion,fpq_619,fpq,false_or_unknown_relied_on,1
criterion,fpq_62,fpq,model_boolean,1
criterion,fpq_62,fpq,any_false,1
criterion,fpq_62,fpq,false_and_relied_on,1
criterion,fpq_62,fpq,false_or_unknown_relied_on,1
criterion,fpq_620,fpq,model_boolean,0
criterion,fpq_620,fpq,any_false,0
criterion,fpq_620,fpq,false_and_relied_on,0
criterion,fpq_620,fpq,false_or_unknown_relied_on,0
criterion,fpq_621,fpq,model_boolean,0
criterion,fpq_621,fpq,any_false,0
criterion,fpq_621,fpq,false_and_relied_on,0
criterion,fpq_621,fpq,false_or_unknown_relied_on,0
criterion,fpq_622,fpq,model_boolean,1
criterion,fpq_622,fpq,any_false,1
criterion,fpq_622,fpq,false_and_relied_on,1
criterion,fpq_622,fpq,false_or_unknown_relied_on,1
criterion,fpq_623,fpq,model_boolean,1
criterion,fpq_623,fpq,any_false,1
criterion,fpq_623,fpq,false_and_relied_on,0
criterion,fpq_623,fpq,false_or_unknown_relied_on,0
criterion,fpq_624,fpq,model_boolean,1
criterion,fpq_624,fpq,any_false,1
criterion,fpq_624,fpq,false_and_relied_on,1
criterion,fpq_624,fpq,false_or_unknown_relied_on,1
criterion,fpq_625,fpq,model_boolean,1
criterion,fpq_625,fpq,any_false,1
criterion,fpq_625,fpq,false_and_relied_on,1
criterion,fpq_625,fpq,false_or_unknown_relied_on,1
criterion,fpq_626,fpq,model_boolean,1
criterion,fpq_626,fpq,any_false,1
criterion,fpq_626,fpq,false_and_relied_on,1
criterion,fpq_626,fpq,false_or_unknown_relied_on,1
criterion,fpq_628,fpq,model_boolean,0
criterion,fpq_628,fpq,any_false,0
criterion,fpq_628,fpq,false_and_relied_on,0
criterion,fpq_628,fpq,false_or_unknown_relied_on,1
criterion,fpq_629,fpq,model_boolean,0
criterion,fpq_629,fpq,any_false,0
criterion,fpq_629,fpq,false_and_relied_on,0
criterion,fpq_629,fpq,false_or_unknown_relied_on,0
criterion,fpq_63,fpq,model_boolean,1
criterion,fpq_63,fpq,any_false,1
criterion,fpq_63,fpq,false_and_relied_on,1
criterion,fpq_63,fpq,false_or_unknown_relied_on,1
criterion,fpq_630,fpq,model_boolean,1
criterion,fpq_630,fpq,any_false,1
criterion,fpq_630,fpq,false_and_relied_on,0
criterion,fpq_630,fpq,false_or_unknown_relied_on,1
criterion,fpq_631,fpq,model_boolean,0
criterion,fpq_631,fpq,any_false,1
criterion,fpq_631,fpq,false_and_relied_on,0
criterion,fpq_631,fpq,false_or_unknown_relied_on,0
criterion,fpq_632,fpq,model_boolean,1
criterion,fpq_632,fpq,any_false,1
criterion,fpq_632,fpq,false_and_relied_on,1
criterion,fpq_632,fpq,false_or_unknown_relied_on,1
criterion,fpq_633,fpq,model_boolean,0
criterion,fpq_633,fpq,any_false,0
criterion,fpq_633,fpq,false_and_relied_on,0
criterion,fpq_633,fpq,false_or_unknown_relied_on,0
criterion,fpq_634,fpq,model_boolean,0
criterion,fpq_634,fpq,any_false,0
criterion,fpq_634,fpq,false_and_relied_on,0
criterion,fpq_634,fpq,false_or_unknown_relied_on,0
criterion,fpq_635,fpq,model_boolean,0
criterion,fpq_635,fpq,any_false,0
criterion,fpq_635,fpq,false_and_relied_on,0
criterion,fpq_635,fpq,false_or_unknown_relied_on,0
criterion,fpq_636,fpq,model_boolean,1
criterion,fpq_636,fpq,any_false,1
criterion,fpq_636,fpq,false_and_relied_on,1
criterion,fpq_636,fpq,false_or_unknown_relied_on,1
criterion,fpq_638,fpq,model_boolean,0
criterion,fpq_638,fpq,any_false,1
criterion,fpq_638,fpq,false_and_relied_on,0
criterion,fpq_638,fpq,false_or_unknown_relied_on,0
criterion,fpq_639,fpq,model_boolean,0
criterion,fpq_639,fpq,any_false,0
criterion,fpq_639,fpq,false_and_relied_on,0
criterion,fpq_639,fpq,false_or_unknown_relied_on,1
criterion,fpq_64,fpq,model_boolean,1
criterion,fpq_64,fpq,any_false,1
criterion,fpq_64,fpq,false_and_relied_on,1
criterion,fpq_64,fpq,false_or_unknown_relied_on,1
criterion,fpq_640,fpq,model_boolean,0
criterion,fpq_640,fpq,any_false,0
criterion,fpq_640,fpq,false_and_relied_on,0
criterion,fpq_640,fpq,false_or_unknown_relied_on,1
criterion,fpq_641,fpq,model_boolean,0
criterion,fpq_641,fpq,any_false,0
criterion,fpq_641,fpq,false_and_relied_on,0
criterion,fpq_641,fpq,false_or_unknown_relied_on,0
criterion,fpq_643,fpq,model_boolean,0
criterion,fpq_643,fpq,any_false,0
criterion,fpq_643,fpq,false_and_relied_on,0
criterion,fpq_643,fpq,false_or_unknown_relied_on,0
criterion,fpq_644,fpq,model_boolean,0
criterion,fpq_644,fpq,any_false,0
criterion,fpq_644,fpq,false_and_relied_on,0
criterion,fpq_644,fpq,false_or_unknown_relied_on,0
criterion,fpq_645,fpq,model_boolean,0
criterion,fpq_645,fpq,any_false,0
criterion,fpq_645,fpq,false_and_relied_on,0
criterion,fpq_645,fpq,false_or_unknown_relied_on,0
criterion,fpq_646,fpq,model_boolean,0
criterion,fpq_646,fpq,any_false,0
criterion,fpq_646,fpq,false_and_relied_on,0
criterion,fpq_646,fpq,false_or_unknown_relied_on,0
criterion,fpq_647,fpq,model_boolean,0
criterion,fpq_647,fpq,any_false,0
criterion,fpq_647,fpq,false_and_relied_on,0
criterion,fpq_647,fpq,false_or_unknown_relied_on,1
criterion,fpq_649,fpq,model_boolean,0
criterion,fpq_649,fpq,any_false,0
criterion,fpq_649,fpq,false_and_relied_on,0
criterion,fpq_649,fpq,false_or_unknown_relied_on,0
criterion,fpq_65,fpq,model_boolean,1
criterion,fpq_65,fpq,any_false,1
criterion,fpq_65,fpq,false_and_relied_on,0
criterion,fpq_65,fpq,false_or_unknown_relied_on,0
criterion,fpq_650,fpq,model_boolean,0
criterion,fpq_650,fpq,any_false,0
criterion,fpq_650,fpq,false_and_relied_on,0
criterion,fpq_650,fpq,false_or_unknown_relied_on,1
criterion,fpq_652,fpq,model_boolean,0
criterion,fpq_652,fpq,any_false,0
criterion,fpq_652,fpq,false_and_relied_on,0
criterion,fpq_652,fpq,false_or_unknown_relied_on,0
criterion,fpq_653,fpq,model_boolean,0
criterion,fpq_653,fpq,any_false,1
criterion,fpq_653,fpq,false_and_relied_on,0
criterion,fpq_653,fpq,false_or_unknown_relied_on,0
criterion,fpq_654,fpq,model_boolean,0
criterion,fpq_654,fpq,any_false,0
criterion,fpq_654,fpq,false_and_relied_on,0
criterion,fpq_654,fpq,false_or_unknown_relied_on,0
criterion,fpq_655,fpq,model_boolean,0
criterion,fpq_655,fpq,any_false,0
criterion,fpq_655,fpq,false_and_relied_on,0
criterion,fpq_655,fpq,false_or_unknown_relied_on,1
criterion,fpq_657,fpq,model_boolean,1
criterion,fpq_657,fpq,any_false,1
criterion,fpq_657,fpq,false_and_relied_on,1
criterion,fpq_657,fpq,false_or_unknown_relied_on,1
criterion,fpq_659,fpq,model_boolean,0
criterion,fpq_659,fpq,any_false,0
criterion,fpq_659,fpq,false_and_relied_on,0
criterion,fpq_659,fpq,false_or_unknown_relied_on,1
criterion,fpq_66,fpq,model_boolean,0
criterion,fpq_66,fpq,any_false,0
criterion,fpq_66,fpq,false_and_relied_on,0
criterion,fpq_66,fpq,false_or_unknown_relied_on,0
criterion,fpq_661,fpq,model_boolean,0
criterion,fpq_661,fpq,any_false,0
criterion,fpq_661,fpq,false_and_relied_on,0
criterion,fpq_661,fpq,false_or_unknown_relied_on,0
criterion,fpq_662,fpq,model_boolean,0
criterion,fpq_662,fpq,any_false,0
criterion,fpq_662,fpq,false_and_relied_on,0
criterion,fpq_662,fpq,false_or_unknown_relied_on,0
criterion,fpq_663,fpq,model_boolean,0
criterion,fpq_663,fpq,any_false,0
criterion,fpq_663,fpq,false_and_relied_on,0
criterion,fpq_663,fpq,false_or_unknown_relied_on,0
criterion,fpq_666,fpq,model_boolean,0
criterion,fpq_666,fpq,any_false,0
criterion,fpq_666,fpq,false_and_relied_on,0
criterion,fpq_666,fpq,false_or_unknown_relied_on,0
criterion,fpq_669,fpq,model_boolean,0
criterion,fpq_669,fpq,any_false,0
criterion,fpq_669,fpq,false_and_relied_on,0
criterion,fpq_669,fpq,false_or_unknown_relied_on,1
criterion,fpq_67,fpq,model_boolean,0
criterion,fpq_67,fpq,any_false,0
criterion,fpq_67,fpq,false_and_relied_on,0
criterion,fpq_67,fpq,false_or_unknown_relied_on,0
criterion,fpq_671,fpq,model_boolean,0
criterion,fpq_671,fpq,any_false,0
criterion,fpq_671,fpq,false_and_relied_on,0
criterion,fpq_671,fpq,false_or_unknown_relied_on,0
criterion,fpq_675,fpq,model_boolean,0
criterion,fpq_675,fpq,any_false,0
criterion,fpq_675,fpq,false_and_relied_on,0
criterion,fpq_675,fpq,false_or_unknown_relied_on,1
criterion,fpq_676,fpq,model_boolean,0
criterion,fpq_676,fpq,any_false,0
criterion,fpq_676,fpq,false_and_relied_on,0
criterion,fpq_676,fpq,false_or_unknown_relied_on,0
criterion,fpq_677,fpq,model_boolean,0
criterion,fpq_677,fpq,any_false,0
criterion,fpq_677,fpq,false_and_relied_on,0
criterion,fpq_677,fpq,false_or_unknown_relied_on,0
criterion,fpq_678,fpq,model_boolean,1
criterion,fpq_678,fpq,any_false,1
criterion,fpq_678,fpq,false_and_relied_on,1
criterion,fpq_678,fpq,false_or_unknown_relied_on,1
criterion,fpq_68,fpq,model_boolean,0
criterion,fpq_68,fpq,any_false,0
criterion,fpq_68,fpq,false_and_relied_on,0
criterion,fpq_68,fpq,false_or_unknown_relied_on,0
criterion,fpq_682,fpq,model_boolean,0
criterion,fpq_682,fpq,any_false,0
criterion,fpq_682,fpq,false_and_relied_on,0
criterion,fpq_682,fpq,false_or_unknown_relied_on,0
criterion,fpq_685,fpq,model_boolean,0
criterion,fpq_685,fpq,any_false,0
criterion,fpq_685,fpq,false_and_relied_on,0
criterion,fpq_685,fpq,false_or_unknown_relied_on,0
criterion,fpq_687,fpq,model_boolean,0
criterion,fpq_687,fpq,any_false,0
criterion,fpq_687,fpq,false_and_relied_on,0
criterion,fpq_687,fpq,false_or_unknown_relied_on,0
criterion,fpq_689,fpq,model_boolean,0
criterion,fpq_689,fpq,any_false,1
criterion,fpq_689,fpq,false_and_relied_on,0
criterion,fpq_689,fpq,false_or_unknown_relied_on,0
criterion,fpq_69,fpq,model_boolean,1
criterion,fpq_69,fpq,any_false,1
criterion,fpq_69,fpq,false_and_relied_on,1
criterion,fpq_69,fpq,false_or_unknown_relied_on,1
criterion,fpq_690,fpq,model_boolean,0
criterion,fpq_690,fpq,any_false,0
criterion,fpq_690,fpq,false_and_relied_on,0
criterion,fpq_690,fpq,false_or_unknown_relied_on,0
criterion,fpq_691,fpq,model_boolean,1
criterion,fpq_691,fpq,any_false,1
criterion,fpq_691,fpq,false_and_relied_on,1
criterion,fpq_691,fpq,false_or_unknown_relied_on,1
criterion,fpq_692,fpq,model_boolean,1
criterion,fpq_692,fpq,any_false,1
criterion,fpq_692,fpq,false_and_relied_on,1
criterion,fpq_692,fpq,false_or_unknown_relied_on,1
criterion,fpq_694,fpq,model_boolean,0
criterion,fpq_694,fpq,any_false,0
criterion,fpq_694,fpq,false_and_relied_on,0
criterion,fpq_694,fpq,false_or_unknown_relied_on,0
criterion,fpq_695,fpq,model_boolean,0
criterion,fpq_695,fpq,any_false,0
criterion,fpq_695,fpq,false_and_relied_on,0
criterion,fpq_695,fpq,false_or_unknown_relied_on,0
criterion,fpq_696,fpq,model_boolean,0
criterion,fpq_696,fpq,any_false,0
criterion,fpq_696,fpq,false_and_relied_on,0
criterion,fpq_696,fpq,false_or_unknown_relied_on,1
criterion,fpq_697,fpq,model_boolean,1
criterion,fpq_697,fpq,any_false,1
criterion,fpq_697,fpq,false_and_relied_on,1
criterion,fpq_697,fpq,false_or_unknown_relied_on,1
criterion,fpq_699,fpq,model_boolean,0
criterion,fpq_699,fpq,any_false,0
criterion,fpq_699,fpq,false_and_relied_on,0
criterion,fpq_699,fpq,false_or_unknown_relied_on,1
criterion,fpq_7,fpq,model_boolean,0
criterion,fpq_7,fpq,any_false,1
criterion,fpq_7,fpq,false_and_relied_on,0
criterion,fpq_7,fpq,false_or_unknown_relied_on,1
criterion,fpq_70,fpq,model_boolean,0
criterion,fpq_70,fpq,any_false,0
criterion,fpq_70,fpq,false_and_relied_on,0
criterion,fpq_70,fpq,false_or_unknown_relied_on,0
criterion,fpq_702,fpq,model_boolean,1
criterion,fpq_702,fpq,any_false,1
criterion,fpq_702,fpq,false_and_relied_on,1
criterion,fpq_702,fpq,false_or_unknown_relied_on,1
criterion,fpq_703,fpq,model_boolean,0
criterion,fpq_703,fpq,any_false,0
criterion,fpq_703,fpq,false_and_relied_on,0
criterion,fpq_703,fpq,false_or_unknown_relied_on,1
criterion,fpq_704,fpq,model_boolean,1
criterion,fpq_704,fpq,any_false,1
criterion,fpq_704,fpq,false_and_relied_on,1
criterion,fpq_704,fpq,false_or_unknown_relied_on,1
criterion,fpq_705,fpq,model_boolean,0
criterion,fpq_705,fpq,any_false,0
criterion,fpq_705,fpq,false_and_relied_on,0
criterion,fpq_705,fpq,false_or_unknown_relied_on,1
criterion,fpq_706,fpq,model_boolean,0
criterion,fpq_706,fpq,any_false,0
criterion,fpq_706,fpq,false_and_relied_on,0
criterion,fpq_706,fpq,false_or_unknown_relied_on,1
criterion,fpq_71,fpq,model_boolean,0
criterion,fpq_71,fpq,any_false,0
criterion,fpq_71,fpq,false_and_relied_on,0
criterion,fpq_71,fpq,false_or_unknown_relied_on,0
criterion,fpq_712,fpq,model_boolean,0
criterion,fpq_712,fpq,any_false,0
criterion,fpq_712,fpq,false_and_relied_on,0
criterion,fpq_712,fpq,false_or_unknown_relied_on,0
criterion,fpq_713,fpq,model_boolean,0
criterion,fpq_713,fpq,any_false,0
criterion,fpq_713,fpq,false_and_relied_on,0
criterion,fpq_713,fpq,false_or_unknown_relied_on,1
criterion,fpq_72,fpq,model_boolean,0
criterion,fpq_72,fpq,any_false,0
criterion,fpq_72,fpq,false_and_relied_on,0
criterion,fpq_72,fpq,false_or_unknown_relied_on,0
criterion,fpq_721,fpq,model_boolean,1
criterion,fpq_721,fpq,any_false,1
criterion,fpq_721,fpq,false_and_relied_on,1
criterion,fpq_721,fpq,false_or_unknown_relied_on,1
criterion,fpq_722,fpq,model_boolean,0
criterion,fpq_722,fpq,any_false,0
criterion,fpq_722,fpq,false_and_relied_on,0
criterion,fpq_722,fpq,false_or_unknown_relied_on,1
criterion,fpq_723,fpq,model_boolean,1
criterion,fpq_723,fpq,any_false,1
criterion,fpq_723,fpq,false_and_relied_on,1
criterion,fpq_723,fpq,false_or_unknown_relied_on,1
criterion,fpq_724,fpq,model_boolean,0
criterion,fpq_724,fpq,any_false,0
criterion,fpq_724,fpq,false_and_relied_on,0
criterion,fpq_724,fpq,false_or_unknown_relied_on,0
criterion,fpq_725,fpq,model_boolean,0
criterion,fpq_725,fpq,any_false,0
criterion,fpq_725,fpq,false_and_relied_on,0
criterion,fpq_725,fpq,false_or_unknown_relied_on,0
criterion,fpq_726,fpq,model_boolean,0
criterion,fpq_726,fpq,any_false,0
criterion,fpq_726,fpq,false_and_relied_on,0
criterion,fpq_726,fpq,false_or_unknown_relied_on,1
criterion,fpq_727,fpq,model_boolean,0
criterion,fpq_727,fpq,any_false,0
criterion,fpq_727,fpq,false_and_relied_on,0
criterion,fpq_727,fpq,false_or_unknown_relied_on,0
criterion,fpq_728,fpq,model_boolean,1
criterion,fpq_728,fpq,any_false,1
criterion,fpq_728,fpq,false_and_relied_on,1
criterion,fpq_728,fpq,false_or_unknown_relied_on,1
criterion,fpq_729,fpq,model_boolean,0
criterion,fpq_729,fpq,any_false,0
criterion,fpq_729,fpq,false_and_relied_on,0
criterion,fpq_729,fpq,false_or_unknown_relied_on,0
criterion,fpq_73,fpq,model_boolean,0
criterion,fpq_73,fpq,any_false,0
criterion,fpq_73,fpq,false_and_relied_on,0
criterion,fpq_73,fpq,false_or_unknown_relied_on,0
criterion,fpq_730,fpq,model_boolean,0
criterion,fpq_730,fpq,any_false,0
criterion,fpq_730,fpq,false_and_relied_on,0
criterion,fpq_730,fpq,false_or_unknown_relied_on,0
criterion,fpq_735,fpq,model_boolean,0
criterion,fpq_735,fpq,any_false,0
criterion,fpq_735,fpq,false_and_relied_on,0
criterion,fpq_735,fpq,false_or_unknown_relied_on,1
criterion,fpq_736,fpq,model_boolean,0
criterion,fpq_736,fpq,any_false,0
criterion,fpq_736,fpq,false_and_relied_on,0
criterion,fpq_736,fpq,false_or_unknown_relied_on,0
criterion,fpq_738,fpq,model_boolean,0
criterion,fpq_738,fpq,any_false,0
criterion,fpq_738,fpq,false_and_relied_on,0
criterion,fpq_738,fpq,false_or_unknown_relied_on,1
criterion,fpq_74,fpq,model_boolean,0
criterion,fpq_74,fpq,any_false,0
criterion,fpq_74,fpq,false_and_relied_on,0
criterion,fpq_74,fpq,false_or_unknown_relied_on,1
criterion,fpq_740,fpq,model_boolean,0
criterion,fpq_740,fpq,any_false,0
criterion,fpq_740,fpq,false_and_relied_on,0
criterion,fpq_740,fpq,false_or_unknown_relied_on,0
criterion,fpq_741,fpq,model_boolean,0
criterion,fpq_741,fpq,any_false,0
criterion,fpq_741,fpq,false_and_relied_on,0
criterion,fpq_741,fpq,false_or_unknown_relied_on,1
criterion,fpq_743,fpq,model_boolean,0
criterion,fpq_743,fpq,any_false,0
criterion,fpq_743,fpq,false_and_relied_on,0
criterion,fpq_743,fpq,false_or_unknown_relied_on,0
criterion,fpq_744,fpq,model_boolean,0
criterion,fpq_744,fpq,any_false,0
criterion,fpq_744,fpq,false_and_relied_on,0
criterion,fpq_744,fpq,false_or_unknown_relied_on,1
criterion,fpq_745,fpq,model_boolean,0
criterion,fpq_745,fpq,any_false,0
criterion,fpq_745,fpq,false_and_relied_on,0
criterion,fpq_745,fpq,false_or_unknown_relied_on,1
criterion,fpq_746,fpq,model_boolean,0
criterion,fpq_746,fpq,any_false,0
criterion,fpq_746,fpq,false_and_relied_on,0
criterion,fpq_746,fpq,false_or_unknown_relied_on,0
criterion,fpq_747,fpq,model_boolean,0
criterion,fpq_747,fpq,any_false,0
criterion,fpq_747,fpq,false_and_relied_on,0
criterion,fpq_747,fpq,false_or_unknown_relied_on,0
criterion,fpq_749,fpq,model_boolean,0
criterion,fpq_749,fpq,any_false,0
criterion,fpq_749,fpq,false_and_relied_on,0
criterion,fpq_749,fpq,false_or_unknown_relied_on,0
criterion,fpq_75,fpq,model_boolean,1
criterion,fpq_75,fpq,any_false,1
criterion,fpq_75,fpq,false_and_relied_on,0
criterion,fpq_75,fpq,false_or_unknown_relied_on,1
criterion,fpq_750,fpq,model_boolean,0
criterion,fpq_750,fpq,any_false,0
criterion,fpq_750,fpq,false_and_relied_on,0
criterion,fpq_750,fpq,false_or_unknown_relied_on,0
criterion,fpq_751,fpq,model_boolean,0
criterion,fpq_751,fpq,any_false,1
criterion,fpq_751,fpq,false_and_relied_on,0
criterion,fpq_751,fpq,false_or_unknown_relied_on,1
criterion,fpq_753,fpq,model_boolean,0
criterion,fpq_753,fpq,any_false,1
criterion,fpq_753,fpq,false_and_relied_on,0
criterion,fpq_753,fpq,false_or_unknown_relied_on,1
criterion,fpq_754,fpq,model_boolean,0
criterion,fpq_754,fpq,any_false,0
criterion,fpq_754,fpq,false_and_relied_on,0
criterion,fpq_754,fpq,false_or_unknown_relied_on,0
criterion,fpq_755,fpq,model_boolean,0
criterion,fpq_755,fpq,any_false,0
criterion,fpq_755,fpq,false_and_relied_on,0
criterion,fpq_755,fpq,false_or_unknown_relied_on,1
criterion,fpq_76,fpq,model_boolean,0
criterion,fpq_76,fpq,any_false,0
criterion,fpq_76,fpq,false_and_relied_on,0
criterion,fpq_76,fpq,false_or_unknown_relied_on,0
criterion,fpq_761,fpq,model_boolean,1
criterion,fpq_761,fpq,any_false,1
criterion,fpq_761,fpq,false_and_relied_on,1
criterion,fpq_761,fpq,false_or_unknown_relied_on,1
criterion,fpq_762,fpq,model_boolean,1
criterion,fpq_762,fpq,any_false,1
criterion,fpq_762,fpq,false_and_relied_on,1
criterion,fpq_762,fpq,false_or_unknown_relied_on,1
criterion,fpq_763,fpq,model_boolean,1
criterion,fpq_763,fpq,any_false,1
criterion,fpq_763,fpq,false_and_relied_on,1
criterion,fpq_763,fpq,false_or_unknown_relied_on,1
criterion,fpq_764,fpq,model_boolean,1
criterion,fpq_764,fpq,any_false,1
criterion,fpq_764,fpq,false_and_relied_on,1
criterion,fpq_764,fpq,false_or_unknown_relied_on,1
criterion,fpq_77,fpq,model_boolean,0
criterion,fpq_77,fpq,any_false,0
criterion,fpq_77,fpq,false_and_relied_on,0
criterion,fpq_77,fpq,false_or_unknown_relied_on,0
criterion,fpq_771,fpq,model_boolean,1
criterion,fpq_771,fpq,any_false,1
criterion,fpq_771,fpq,false_and_relied_on,1
criterion,fpq_771,fpq,false_or_unknown_relied_on,1
criterion,fpq_772,fpq,model_boolean,0
criterion,fpq_772,fpq,any_false,0
criterion,fpq_772,fpq,false_and_relied_on,0
criterion,fpq_772,fpq,false_or_unknown_relied_on,0
criterion,fpq_773,fpq,model_boolean,0
criterion,fpq_773,fpq,any_false,1
criterion,fpq_773,fpq,false_and_relied_on,0
criterion,fpq_773,fpq,false_or_unknown_relied_on,1
criterion,fpq_774,fpq,model_boolean,0
criterion,fpq_774,fpq,any_false,1
criterion,fpq_774,fpq,false_and_relied_on,0
criterion,fpq_774,fpq,false_or_unknown_relied_on,0
criterion,fpq_775,fpq,model_boolean,1
criterion,fpq_775,fpq,any_false,1
criterion,fpq_775,fpq,false_and_relied_on,0
criterion,fpq_775,fpq,false_or_unknown_relied_on,0
criterion,fpq_776,fpq,model_boolean,0
criterion,fpq_776,fpq,any_false,0
criterion,fpq_776,fpq,false_and_relied_on,0
criterion,fpq_776,fpq,false_or_unknown_relied_on,1
criterion,fpq_777,fpq,model_boolean,0
criterion,fpq_777,fpq,any_false,0
criterion,fpq_777,fpq,false_and_relied_on,0
criterion,fpq_777,fpq,false_or_unknown_relied_on,0
criterion,fpq_778,fpq,model_boolean,0
criterion,fpq_778,fpq,any_false,0
criterion,fpq_778,fpq,false_and_relied_on,0
criterion,fpq_778,fpq,false_or_unknown_relied_on,0
criterion,fpq_78,fpq,model_boolean,0
criterion,fpq_78,fpq,any_false,0
criterion,fpq_78,fpq,false_and_relied_on,0
criterion,fpq_78,fpq,false_or_unknown_relied_on,0
criterion,fpq_780,fpq,model_boolean,1
criterion,fpq_780,fpq,any_false,1
criterion,fpq_780,fpq,false_and_relied_on,1
criterion,fpq_780,fpq,false_or_unknown_relied_on,1
criterion,fpq_781,fpq,model_boolean,0
criterion,fpq_781,fpq,any_false,0
criterion,fpq_781,fpq,false_and_relied_on,0
criterion,fpq_781,fpq,false_or_unknown_relied_on,1
criterion,fpq_789,fpq,model_boolean,1
criterion,fpq_789,fpq,any_false,1
criterion,fpq_789,fpq,false_and_relied_on,1
criterion,fpq_789,fpq,false_or_unknown_relied_on,1
criterion,fpq_794,fpq,model_boolean,0
criterion,fpq_794,fpq,any_false,0
criterion,fpq_794,fpq,false_and_relied_on,0
criterion,fpq_794,fpq,false_or_unknown_relied_on,0
criterion,fpq_797,fpq,model_boolean,0
criterion,fpq_797,fpq,any_false,0
criterion,fpq_797,fpq,false_and_relied_on,0
criterion,fpq_797,fpq,false_or_unknown_relied_on,1
criterion,fpq_798,fpq,model_boolean,1
criterion,fpq_798,fpq,any_false,1
criterion,fpq_798,fpq,false_and_relied_on,1
criterion,fpq_798,fpq,false_or_unknown_relied_on,1
criterion,fpq_799,fpq,model_boolean,0
criterion,fpq_799,fpq,any_false,0
criterion,fpq_799,fpq,false_and_relied_on,0
criterion,fpq_799,fpq,false_or_unknown_relied_on,1
criterion,fpq_8,fpq,model_boolean,1
criterion,fpq_8,fpq,any_false,1
criterion,fpq_8,fpq,false_and_relied_on,1
criterion,fpq_8,fpq,false_or_unknown_relied_on,1
criterion,fpq_80,fpq,model_boolean,0
criterion,fpq_80,fpq,any_false,0
criterion,fpq_80,fpq,false_and_relied_on,0
criterion,fpq_80,fpq,false_or_unknown_relied_on,1
criterion,fpq_801,fpq,model_boolean,0
criterion,fpq_801,fpq,any_false,0
criterion,fpq_801,fpq,false_and_relied_on,0
criterion,fpq_801,fpq,false_or_unknown_relied_on,0
criterion,fpq_802,fpq,model_boolean,0
criterion,fpq_802,fpq,any_false,0
criterion,fpq_802,fpq,false_and_relied_on,0
criterion,fpq_802,fpq,false_or_unknown_relied_on,0
criterion,fpq_804,fpq,model_boolean,0
criterion,fpq_804,fpq,any_false,0
criterion,fpq_804,fpq,false_and_relied_on,0
criterion,fpq_804,fpq,false_or_unknown_relied_on,1
criterion,fpq_805,fpq,model_boolean,1
criterion,fpq_805,fpq,any_false,1
criterion,fpq_805,fpq,false_and_relied_on,1
criterion,fpq_805,fpq,false_or_unknown_relied_on,1
criterion,fpq_806,fpq,model_boolean,0
criterion,fpq_806,fpq,any_false,0
criterion,fpq_806,fpq,false_and_relied_on,0
criterion,fpq_806,fpq,false_or_unknown_relied_on,0
criterion,fpq_807,fpq,model_boolean,0
criterion,fpq_807,fpq,any_false,0
criterion,fpq_807,fpq,false_and_relied_on,0
criterion,fpq_807,fpq,false_or_unknown_relied_on,0
criterion,fpq_808,fpq,model_boolean,0
criterion,fpq_808,fpq,any_false,1
criterion,fpq_808,fpq,false_and_relied_on,0
criterion,fpq_808,fpq,false_or_unknown_relied_on,1
criterion,fpq_81,fpq,model_boolean,0
criterion,fpq_81,fpq,any_false,0
criterion,fpq_81,fpq,false_and_relied_on,0
criterion,fpq_81,fpq,false_or_unknown_relied_on,0
criterion,fpq_813,fpq,model_boolean,0
criterion,fpq_813,fpq,any_false,0
criterion,fpq_813,fpq,false_and_relied_on,0
criterion,fpq_813,fpq,false_or_unknown_relied_on,1
criterion,fpq_814,fpq,model_boolean,1
criterion,fpq_814,fpq,any_false,1
criterion,fpq_814,fpq,false_and_relied_on,1
criterion,fpq_814,fpq,false_or_unknown_relied_on,1
criterion,fpq_817,fpq,model_boolean,0
criterion,fpq_817,fpq,any_false,0
criterion,fpq_817,fpq,false_and_relied_on,0
criterion,fpq_817,fpq,false_or_unknown_relied_on,0
criterion,fpq_818,fpq,model_boolean,0
criterion,fpq_818,fpq,any_false,1
criterion,fpq_818,fpq,false_and_relied_on,0
criterion,fpq_818,fpq,false_or_unknown_relied_on,0
criterion,fpq_82,fpq,model_boolean,1
criterion,fpq_82,fpq,any_false,1
criterion,fpq_82,fpq,false_and_relied_on,1
criterion,fpq_82,fpq,false_or_unknown_relied_on,1
criterion,fpq_820,fpq,model_boolean,1
criterion,fpq_820,fpq,any_false,1
criterion,fpq_820,fpq,false_and_relied_on,0
criterion,fpq_820,fpq,false_or_unknown_relied_on,0
criterion,fpq_823,fpq,model_boolean,1
criterion,fpq_823,fpq,any_false,1
criterion,fpq_823,fpq,false_and_relied_on,1
criterion,fpq_823,fpq,false_or_unknown_relied_on,1
criterion,fpq_824,fpq,model_boolean,1
criterion,fpq_824,fpq,any_false,1
criterion,fpq_824,fpq,false_and_relied_on,1
criterion,fpq_824,fpq,false_or_unknown_relied_on,1
criterion,fpq_827,fpq,model_boolean,0
criterion,fpq_827,fpq,any_false,0
criterion,fpq_827,fpq,false_and_relied_on,0
criterion,fpq_827,fpq,false_or_unknown_relied_on,0
criterion,fpq_828,fpq,model_boolean,0
criterion,fpq_828,fpq,any_false,0
criterion,fpq_828,fpq,false_and_relied_on,0
criterion,fpq_828,fpq,false_or_unknown_relied_on,0
criterion,fpq_830,fpq,model_boolean,0
criterion,fpq_830,fpq,any_false,0
criterion,fpq_830,fpq,false_and_relied_on,0
criterion,fpq_830,fpq,false_or_unknown_relied_on,1
criterion,fpq_831,fpq,model_boolean,0
criterion,fpq_831,fpq,any_false,1
criterion,fpq_831,fpq,false_and_relied_on,0
criterion,fpq_831,fpq,false_or_unknown_relied_on,0
criterion,fpq_832,fpq,model_boolean,0
criterion,fpq_832,fpq,any_false,0
criterion,fpq_832,fpq,false_and_relied_on,0
criterion,fpq_832,fpq,false_or_unknown_relied_on,0
criterion,fpq_833,fpq,model_boolean,1
criterion,fpq_833,fpq,any_false,1
criterion,fpq_833,fpq,false_and_relied_on,1
criterion,fpq_833,fpq,false_or_unknown_relied_on,1
criterion,fpq_834,fpq,model_boolean,1
criterion,fpq_834,fpq,any_false,1
criterion,fpq_834,fpq,false_and_relied_on,1
criterion,fpq_834,fpq,false_or_unknown_relied_on,1
criterion,fpq_835,fpq,model_boolean,0
criterion,fpq_835,fpq,any_false,0
criterion,fpq_835,fpq,false_and_relied_on,0
criterion,fpq_835,fpq,false_or_unknown_relied_on,1
criterion,fpq_836,fpq,model_boolean,0
criterion,fpq_836,fpq,any_false,1
criterion,fpq_836,fpq,false_and_relied_on,0
criterion,fpq_836,fpq,false_or_unknown_relied_on,0
criterion,fpq_837,fpq,model_boolean,0
criterion,fpq_837,fpq,any_false,0
criterion,fpq_837,fpq,false_and_relied_on,0
criterion,fpq_837,fpq,false_or_unknown_relied_on,0
criterion,fpq_838,fpq,model_boolean,1
criterion,fpq_838,fpq,any_false,1
criterion,fpq_838,fpq,false_and_relied_on,1
criterion,fpq_838,fpq,false_or_unknown_relied_on,1
criterion,fpq_839,fpq,model_boolean,0
criterion,fpq_839,fpq,any_false,0
criterion,fpq_839,fpq,false_and_relied_on,0
criterion,fpq_839,fpq,false_or_unknown_relied_on,0
criterion,fpq_84,fpq,model_boolean,0
criterion,fpq_84,fpq,any_false,0
criterion,fpq_84,fpq,false_and_relied_on,0
criterion,fpq_84,fpq,false_or_unknown_relied_on,0
criterion,fpq_840,fpq,model_boolean,0
criterion,fpq_840,fpq,any_false,0
criterion,fpq_840,fpq,false_and_relied_on,0
criterion,fpq_840,fpq,false_or_unknown_relied_on,0
criterion,fpq_844,fpq,model_boolean,1
criterion,fpq_844,fpq,any_false,1
criterion,fpq_844,fpq,false_and_relied_on,1
criterion,fpq_844,fpq,false_or_unknown_relied_on,1
criterion,fpq_846,fpq,model_boolean,0
criterion,fpq_846,fpq,any_false,0
criterion,fpq_846,fpq,false_and_relied_on,0
criterion,fpq_846,fpq,false_or_unknown_relied_on,0
criterion,fpq_847,fpq,model_boolean,0
criterion,fpq_847,fpq,any_false,0
criterion,fpq_847,fpq,false_and_relied_on,0
criterion,fpq_847,fpq,false_or_unknown_relied_on,0
criterion,fpq_848,fpq,model_boolean,0
criterion,fpq_848,fpq,any_false,0
criterion,fpq_848,fpq,false_and_relied_on,0
criterion,fpq_848,fpq,false_or_unknown_relied_on,0
criterion,fpq_849,fpq,model_boolean,0
criterion,fpq_849,fpq,any_false,0
criterion,fpq_849,fpq,false_and_relied_on,0
criterion,fpq_849,fpq,false_or_unknown_relied_on,1
criterion,fpq_85,fpq,model_boolean,0
criterion,fpq_85,fpq,any_false,0
criterion,fpq_85,fpq,false_and_relied_on,0
criterion,fpq_85,fpq,false_or_unknown_relied_on,1
criterion,fpq_850,fpq,model_boolean,1
criterion,fpq_850,fpq,any_false,1
criterion,fpq_850,fpq,false_and_relied_on,1
criterion,fpq_850,fpq,false_or_unknown_relied_on,1
criterion,fpq_851,fpq,model_boolean,1
criterion,fpq_851,fpq,any_false,1
criterion,fpq_851,fpq,false_and_relied_on,1
criterion,fpq_851,fpq,false_or_unknown_relied_on,1
criterion,fpq_854,fpq,model_boolean,0
criterion,fpq_854,fpq,any_false,0
criterion,fpq_854,fpq,false_and_relied_on,0
criterion,fpq_854,fpq,false_or_unknown_relied_on,0
criterion,fpq_858,fpq,model_boolean,0
criterion,fpq_858,fpq,any_false,0
criterion,fpq_858,fpq,false_and_relied_on,0
criterion,fpq_858,fpq,false_or_unknown_relied_on,0
criterion,fpq_859,fpq,model_boolean,0
criterion,fpq_859,fpq,any_false,0
criterion,fpq_859,fpq,false_and_relied_on,0
criterion,fpq_859,fpq,false_or_unknown_relied_on,0
criterion,fpq_860,fpq,model_boolean,0
criterion,fpq_860,fpq,any_false,0
criterion,fpq_860,fpq,false_and_relied_on,0
criterion,fpq_860,fpq,false_or_unknown_relied_on,0
criterion,fpq_861,fpq,model_boolean,0
criterion,fpq_861,fpq,any_false,0
criterion,fpq_861,fpq,false_and_relied_on,0
criterion,fpq_861,fpq,false_or_unknown_relied_on,0
criterion,fpq_862,fpq,model_boolean,1
criterion,fpq_862,fpq,any_false,1
criterion,fpq_862,fpq,false_and_relied_on,1
criterion,fpq_862,fpq,false_or_unknown_relied_on,1
criterion,fpq_863,fpq,model_boolean,1
criterion,fpq_863,fpq,any_false,1
criterion,fpq_863,fpq,false_and_relied_on,1
criterion,fpq_863,fpq,false_or_unknown_relied_on,1
criterion,fpq_864,fpq,model_boolean,0
criterion,fpq_864,fpq,any_false,0
criterion,fpq_864,fpq,false_and_relied_on,0
criterion,fpq_864,fpq,false_or_unknown_relied_on,0
criterion,fpq_865,fpq,model_boolean,0
criterion,fpq_865,fpq,any_false,0
criterion,fpq_865,fpq,false_and_relied_on,0
criterion,fpq_865,fpq,false_or_unknown_relied_on,1
criterion,fpq_866,fpq,model_boolean,0
criterion,fpq_866,fpq,any_false,0
criterion,fpq_866,fpq,false_and_relied_on,0
criterion,fpq_866,fpq,false_or_unknown_relied_on,1
criterion,fpq_869,fpq,model_boolean,1
criterion,fpq_869,fpq,any_false,0
criterion,fpq_869,fpq,false_and_relied_on,0
criterion,fpq_869,fpq,false_or_unknown_relied_on,0
criterion,fpq_87,fpq,model_boolean,0
criterion,fpq_87,fpq,any_false,0
criterion,fpq_87,fpq,false_and_relied_on,0
criterion,fpq_87,fpq,false_or_unknown_relied_on,0
criterion,fpq_870,fpq,model_boolean,0
criterion,fpq_870,fpq,any_false,0
criterion,fpq_870,fpq,false_and_relied_on,0
criterion,fpq_870,fpq,false_or_unknown_relied_on,0
criterion,fpq_871,fpq,model_boolean,0
criterion,fpq_871,fpq,any_false,0
criterion,fpq_871,fpq,false_and_relied_on,0
criterion,fpq_871,fpq,false_or_unknown_relied_on,1
criterion,fpq_872,fpq,model_boolean,0
criterion,fpq_872,fpq,any_false,0
criterion,fpq_872,fpq,false_and_relied_on,0
criterion,fpq_872,fpq,false_or_unknown_relied_on,0
criterion,fpq_88,fpq,model_boolean,1
criterion,fpq_88,fpq,any_false,1
criterion,fpq_88,fpq,false_and_relied_on,1
criterion,fpq_88,fpq,false_or_unknown_relied_on,1
criterion,fpq_89,fpq,model_boolean,0
criterion,fpq_89,fpq,any_false,0
criterion,fpq_89,fpq,false_and_relied_on,0
criterion,fpq_89,fpq,false_or_unknown_relied_on,0
criterion,fpq_9,fpq,model_boolean,1
criterion,fpq_9,fpq,any_false,1
criterion,fpq_9,fpq,false_and_relied_on,0
criterion,fpq_9,fpq,false_or_unknown_relied_on,1
criterion,fpq_90,fpq,model_boolean,0
criterion,fpq_90,fpq,any_false,0
criterion,fpq_90,fpq,false_and_relied_on,0
criterion,fpq_90,fpq,false_or_unknown_relied_on,0
criterion,fpq_91,fpq,model_boolean,0
criterion,fpq_91,fpq,any_false,0
criterion,fpq_91,fpq,false_and_relied_on,0
criterion,fpq_91,fpq,false_or_unknown_relied_on,0
criterion,fpq_92,fpq,model_boolean,0
criterion,fpq_92,fpq,any_false,0
criterion,fpq_92,fpq,false_and_relied_on,0
criterion,fpq_92,fpq,false_or_unknown_relied_on,0
criterion,fpq_94,fpq,model_boolean,0
criterion,fpq_94,fpq,any_false,0
criterion,fpq_94,fpq,false_and_relied_on,0
criterion,fpq_94,fpq,false_or_unknown_relied_on,0
criterion,fpq_96,fpq,model_boolean,0
criterion,fpq_96,fpq,any_false,0
criterion,fpq_96,fpq,false_and_relied_on,0
criterion,fpq_96,fpq,false_or_unknown_relied_on,1
criterion,fpq_97,fpq,model_boolean,0
criterion,fpq_97,fpq,any_false,0
criterion,fpq_97,fpq,false_and_relied_on,0
criterion,fpq_97,fpq,false_or_unknown_relied_on,0
criterion,fpq_98,fpq,model_boolean,0
criterion,fpq_98,fpq,any_false,0
criterion,fpq_98,fpq,false_and_relied_on,0
criterion,fpq_98,fpq,false_or_unknown_relied_on,1
criterion,fpq_99,fpq,model_boolean,0
criterion,fpq_99,fpq,any_false,0
criterion,fpq_99,fpq,false_and_relied_on,0
criterion,fpq_99,fpq,false_or_unknown_relied_on,1
criterion,nfp_1000,nfp,model_boolean,0
criterion,nfp_1000,nfp,any_false,0
criterion,nfp_1000,nfp,false_and_relied_on,0
criterion,nfp_1000,nfp,false_or_unknown_relied_on,0
criterion,nfp_1001,nfp,model_boolean,0
criterion,nfp_1001,nfp,any_false,1
criterion,nfp_1001,nfp,false_and_relied_on,0
criterion,nfp_1001,nfp,false_or_unknown_relied_on,0
criterion,nfp_1002,nfp,model_boolean,1
criterion,nfp_1002,nfp,any_false,1
criterion,nfp_1002,nfp,false_and_relied_on,1
criterion,nfp_1002,nfp,false_or_unknown_relied_on,1
criterion,nfp_1003,nfp,model_boolean,0
criterion,nfp_1003,nfp,any_false,0
criterion,nfp_1003,nfp,false_and_relied_on,0
criterion,nfp_1003,nfp,false_or_unknown_relied_on,0
criterion,nfp_1004,nfp,model_boolean,0
criterion,nfp_1004,nfp,any_false,0
criterion,nfp_1004,nfp,false_and_relied_on,0
criterion,nfp_1004,nfp,false_or_unknown_relied_on,1
criterion,nfp_1005,nfp,model_boolean,1
criterion,nfp_1005,nfp,any_false,0
criterion,nfp_1005,nfp,false_and_relied_on,0
criterion,nfp_1005,nfp,false_or_unknown_relied_on,0
criterion,nfp_1006,nfp,model_boolean,0
criterion,nfp_1006,nfp,any_false,0
criterion,nfp_1006,nfp,false_and_relied_on,0
criterion,nfp_1006,nfp,false_or_unknown_relied_on,1
criterion,nfp_1008,nfp,model_boolean,0
criterion,nfp_1008,nfp,any_false,0
criterion,nfp_1008,nfp,false_and_relied_on,0
criterion,nfp_1008,nfp,false_or_unknown_relied_on,0
criterion,nfp_1009,nfp,model_boolean,1
criterion,nfp_1009,nfp,any_false,1
criterion,nfp_1009,nfp,false_and_relied_on,1
criterion,nfp_1009,nfp,false_or_unknown_relied_on,1
criterion,nfp_1010,nfp,model_boolean,1
criterion,nfp_1010,nfp,any_false,1
criterion,nfp_1010,nfp,false_and_relied_on,1
criterion,nfp_1010,nfp,false_or_unknown_relied_on,1
criterion,nfp_1011,nfp,model_boolean,0
criterion,nfp_1011,nfp,any_false,0
criterion,nfp_1011,nfp,false_and_relied_on,0
criterion,nfp_1011,nfp,false_or_unknown_relied_on,0
criterion,nfp_1012,nfp,model_boolean,0
criterion,nfp_1012,nfp,any_false,0
criterion,nfp_1012,nfp,false_and_relied_on,0
criterion,nfp_1012,nfp,false_or_unknown_relied_on,0
criterion,nfp_1013,nfp,model_boolean,0
criterion,nfp_1013,nfp,any_false,0
criterion,nfp_1013,nfp,false_and_relied_on,0
criterion,nfp_1013,nfp,false_or_unknown_relied_on,1
criterion,nfp_1014,nfp,model_boolean,0
criterion,nfp_1014,nfp,any_false,0
criterion,nfp_1014,nfp,false_and_relied_on,0
criterion,nfp_1014,nfp,false_or_unknown_relied_on,0
criterion,nfp_1015,nfp,model_boolean,0
criterion,nfp_1015,nfp,any_false,0
criterion,nfp_1015,nfp,false_and_relied_on,0
criterion,nfp_1015,nfp,false_or_unknown_relied_on,1
criterion,nfp_1016,nfp,model_boolean,1
criterion,nfp_1016,nfp,any_false,1
criterion,nfp_1016,nfp,false_and_relied_on,1
criterion,nfp_1016,nfp,false_or_unknown_relied_on,1
criterion,nfp_1017,nfp,model_boolean,0
criterion,nfp_1017,nfp,any_false,0
criterion,nfp_1017,nfp,false_and_relied_on,0
criterion,nfp_1017,nfp,false_or_unknown_relied_on,0
criterion,nfp_1018,nfp,model_boolean,0
criterion,nfp_1018,nfp,any_false,0
criterion,nfp_1018,nfp,false_and_relied_on,0
criterion,nfp_1018,nfp,false_or_unknown_relied_on,1
criterion,nfp_1019,nfp,model_boolean,0
criterion,nfp_1019,nfp,any_false,0
criterion,nfp_1019,nfp,false_and_relied_on,0
criterion,nfp_1019,nfp,false_or_unknown_relied_on,0
criterion,nfp_1020,nfp,model_boolean,1
criterion,nfp_1020,nfp,any_false,1
criterion,nfp_1020,nfp,false_and_relied_on,0
criterion,nfp_1020,nfp,false_or_unknown_relied_on,0
criterion,nfp_1021,nfp,model_boolean,1
criterion,nfp_1021,nfp,any_false,1
criterion,nfp_1021,nfp,false_and_relied_on,0
criterion,nfp_1021,nfp,false_or_unknown_relied_on,1
criterion,nfp_1022,nfp,model_boolean,0
criterion,nfp_1022,nfp,any_false,0
criterion,nfp_1022,nfp,false_and_relied_on,0
criterion,nfp_1022,nfp,false_or_unknown_relied_on,1
criterion,nfp_1023,nfp,model_boolean,0
criterion,nfp_1023,nfp,any_false,0
criterion,nfp_1023,nfp,false_and_relied_on,0
criterion,nfp_1023,nfp,false_or_unknown_relied_on,0
criterion,nfp_1024,nfp,model_boolean,0
criterion,nfp_1024,nfp,any_false,0
criterion,nfp_1024,nfp,false_and_relied_on,0
criterion,nfp_1024,nfp,false_or_unknown_relied_on,0
criterion,nfp_1025,nfp,model_boolean,0
criterion,nfp_1025,nfp,any_false,0
criterion,nfp_1025,nfp,false_and_relied_on,0
criterion,nfp_1025,nfp,false_or_unknown_relied_on,1
criterion,nfp_1026,nfp,model_boolean,0
criterion,nfp_1026,nfp,any_false,0
criterion,nfp_1026,nfp,false_and_relied_on,0
criterion,nfp_1026,nfp,false_or_unknown_relied_on,0
criterion,nfp_1027,nfp,model_boolean,0
criterion,nfp_1027,nfp,any_false,0
criterion,nfp_1027,nfp,false_and_relied_on,0
criterion,nfp_1027,nfp,false_or_unknown_relied_on,0
criterion,nfp_1028,nfp,model_boolean,0
criterion,nfp_1028,nfp,any_false,0
criterion,nfp_1028,nfp,false_and_relied_on,0
criterion,nfp_1028,nfp,false_or_unknown_relied_on,1
criterion,nfp_1029,nfp,model_boolean,1
criterion,nfp_1029,nfp,any_false,1
criterion,nfp_1029,nfp,false_and_relied_on,1
criterion,nfp_1029,nfp,false_or_unknown_relied_on,1
criterion,nfp_1030,nfp,model_boolean,0
criterion,nfp_1030,nfp,any_false,0
criterion,nfp_1030,nfp,false_and_relied_on,0
criterion,nfp_1030,nfp,false_or_unknown_relied_on,0
criterion,nfp_1031,nfp,model_boolean,0
criterion,nfp_1031,nfp,any_false,0
criterion,nfp_1031,nfp,false_and_relied_on,0
criterion,nfp_1031,nfp,false_or_unknown_relied_on,1
criterion,nfp_1032,nfp,model_boolean,0
criterion,nfp_1032,nfp,any_false,0
criterion,nfp_1032,nfp,false_and_relied_on,0
criterion,nfp_1032,nfp,false_or_unknown_relied_on,0
criterion,nfp_1033,nfp,model_boolean,0
criterion,nfp_1033,nfp,any_false,0
criterion,nfp_1033,nfp,false_and_relied_on,0
criterion,nfp_1033,nfp,false_or_unknown_relied_on,0
criterion,nfp_1034,nfp,model_boolean,0
criterion,nfp_1034,nfp,any_false,1
criterion,nfp_1034,nfp,false_and_relied_on,0
criterion,nfp_1034,nfp,false_or_unknown_relied_on,0
criterion,nfp_1035,nfp,model_boolean,0
criterion,nfp_1035,nfp,any_false,0
criterion,nfp_1035,nfp,false_and_relied_on,0
criterion,nfp_1035,nfp,false_or_unknown_relied_on,0
criterion,nfp_1036,nfp,model_boolean,0
criterion,nfp_1036,nfp,any_false,0
criterion,nfp_1036,nfp,false_and_relied_on,0
criterion,nfp_1036,nfp,false_or_unknown_relied_on,1
criterion,nfp_1037,nfp,model_boolean,0
criterion,nfp_1037,nfp,any_false,0
criterion,nfp_1037,nfp,false_and_relied_on,0
criterion,nfp_1037,nfp,false_or_unknown_relied_on,0
criterion,nfp_1038,nfp,model_boolean,0
criterion,nfp_1038,nfp,any_false,0
criterion,nfp_1038,nfp,false_and_relied_on,0
criterion,nfp_1038,nfp,false_or_unknown_relied_on,0
criterion,nfp_1039,nfp,model_boolean,0
criterion,nfp_1039,nfp,any_false,0
criterion,nfp_1039,nfp,false_and_relied_on,0
criterion,nfp_1039,nfp,false_or_unknown_relied_on,1
criterion,nfp_1040,nfp,model_boolean,0
criterion,nfp_1040,nfp,any_false,0
criterion,nfp_1040,nfp,false_and_relied_on,0
criterion,nfp_1040,nfp,false_or_unknown_relied_on,0
criterion,nfp_1041,nfp,model_boolean,0
criterion,nfp_1041,nfp,any_false,0
criterion,nfp_1041,nfp,false_and_relied_on,0
criterion,nfp_1041,nfp,false_or_unknown_relied_on,0
criterion,nfp_1042,nfp,model_boolean,0
criterion,nfp_1042,nfp,any_false,0
criterion,nfp_1042,nfp,false_and_relied_on,0
criterion,nfp_1042,nfp,false_or_unknown_relied_on,0
criterion,nfp_1043,nfp,model_boolean,0
criterion,nfp_1043,nfp,any_false,0
criterion,nfp_1043,nfp,false_and_relied_on,0
criterion,nfp_1043,nfp,false_or_unknown_relied_on,1
criterion,nfp_1044,nfp,model_boolean,0
criterion,nfp_1044,nfp,any_false,0
criterion,nfp_1044,nfp,false_and_relied_on,0
criterion,nfp_1044,nfp,false_or_unknown_relied_on,0
criterion,nfp_1045,nfp,model_boolean,0
criterion,nfp_1045,nfp,any_false,0
criterion,nfp_1045,nfp,false_and_relied_on,0
criterion,nfp_1045,nfp,false_or_unknown_relied_on,0
criterion,nfp_1046,nfp,model_boolean,0
criterion,nfp_1046,nfp,any_false,0
criterion,nfp_1046,nfp,false_and_relied_on,0
criterion,nfp_1046,nfp,false_or_unknown_relied_on,0
criterion,nfp_1047,nfp,model_boolean,0
criterion,nfp_1047,nfp,any_false,0
criterion,nfp_1047,nfp,false_and_relied_on,0
criterion,nfp_1047,nfp,false_or_unknown_relied_on,1
criterion,nfp_1048,nfp,model_boolean,0
criterion,nfp_1048,nfp,any_false,0
criterion,nfp_1048,nfp,false_and_relied_on,0
criterion,nfp_1048,nfp,false_or_unknown_relied_on,0
criterion,nfp_1049,nfp,model_boolean,0
criterion,nfp_1049,nfp,any_false,0
criterion,nfp_1049,nfp,false_and_relied_on,0
criterion,nfp_1049,nfp,false_or_unknown_relied_on,0
criterion,nfp_1050,nfp,model_boolean,0
criterion,nfp_1050,nfp,any_false,0
criterion,nfp_1050,nfp,false_and_relied_on,0
criterion,nfp_1050,nfp,false_or_unknown_relied_on,1
criterion,nfp_1051,nfp,model_boolean,0
criterion,nfp_1051,nfp,any_false,0
criterion,nfp_1051,nfp,false_and_relied_on,0
criterion,nfp_1051,nfp,false_or_unknown_relied_on,0
criterion,nfp_1052,nfp,model_boolean,0
criterion,nfp_1052,nfp,any_false,0
criterion,nfp_1052,nfp,false_and_relied_on,0
criterion,nfp_1052,nfp,false_or_unknown_relied_on,1
criterion,nfp_1053,nfp,model_boolean,0
criterion,nfp_1053,nfp,any_false,0
criterion,nfp_1053,nfp,false_and_relied_on,0
criterion,nfp_1053,nfp,false_or_unknown_relied_on,0
criterion,nfp_1054,nfp,model_boolean,0
criterion,nfp_1054,nfp,any_false,0
criterion,nfp_1054,nfp,false_and_relied_on,0
criterion,nfp_1054,nfp,false_or_unknown_relied_on,1
criterion,nfp_1055,nfp,model_boolean,0
criterion,nfp_1055,nfp,any_false,0
criterion,nfp_1055,nfp,false_and_relied_on,0
criterion,nfp_1055,nfp,false_or_unknown_relied_on,0
criterion,nfp_1056,nfp,model_boolean,0
criterion,nfp_1056,nfp,any_false,0
criterion,nfp_1056,nfp,false_and_relied_on,0
criterion,nfp_1056,nfp,false_or_unknown_relied_on,0
criterion,nfp_1057,nfp,model_boolean,0
criterion,nfp_1057,nfp,any_false,0
criterion,nfp_1057,nfp,false_and_relied_on,0
criterion,nfp_1057,nfp,false_or_unknown_relied_on,1
criterion,nfp_1058,nfp,model_boolean,0
criterion,nfp_1058,nfp,any_false,0
criterion,nfp_1058,nfp,false_and_relied_on,0
criterion,nfp_1058,nfp,false_or_unknown_relied_on,0
criterion,nfp_1059,nfp,model_boolean,0
criterion,nfp_1059,nfp,any_false,0
criterion,nfp_1059,nfp,false_and_relied_on,0
criterion,nfp_1059,nfp,false_or_unknown_relied_on,0
criterion,nfp_1060,nfp,model_boolean,0
criterion,nfp_1060,nfp,any_false,0
criterion,nfp_1060,nfp,false_and_relied_on,0
criterion,nfp_1060,nfp,false_or_unknown_relied_on,0
criterion,nfp_1061,nfp,model_boolean,0
criterion,nfp_1061,nfp,any_false,0
criterion,nfp_1061,nfp,false_and_relied_on,0
criterion,nfp_1061,nfp,false_or_unknown_relied_on,1
criterion,nfp_1062,nfp,model_boolean,0
criterion,nfp_1062,nfp,any_false,0
criterion,nfp_1062,nfp,false_and_relied_on,0
criterion,nfp_1062,nfp,false_or_unknown_relied_on,0
criterion,nfp_1063,nfp,model_boolean,1
criterion,nfp_1063,nfp,any_false,1
criterion,nfp_1063,nfp,false_and_relied_on,1
criterion,nfp_1063,nfp,false_or_unknown_relied_on,1
criterion,nfp_1064,nfp,model_boolean,0
criterion,nfp_1064,nfp,any_false,0
criterion,nfp_1064,nfp,false_and_relied_on,0
criterion,nfp_1064,nfp,false_or_unknown_relied_on,0
criterion,nfp_1065,nfp,model_boolean,0
criterion,nfp_1065,nfp,any_false,0
criterion,nfp_1065,nfp,false_and_relied_on,0
criterion,nfp_1065,nfp,false_or_unknown_relied_on,0
criterion,nfp_1066,nfp,model_boolean,0
criterion,nfp_1066,nfp,any_false,0
criterion,nfp_1066,nfp,false_and_relied_on,0
criterion,nfp_1066,nfp,false_or_unknown_relied_on,0
criterion,nfp_1067,nfp,model_boolean,0
criterion,nfp_1067,nfp,any_false,0
criterion,nfp_1067,nfp,false_and_relied_on,0
criterion,nfp_1067,nfp,false_or_unknown_relied_on,0
criterion,nfp_1068,nfp,model_boolean,0
criterion,nfp_1068,nfp,any_false,0
criterion,nfp_1068,nfp,false_and_relied_on,0
criterion,nfp_1068,nfp,false_or_unknown_relied_on,0
criterion,nfp_1069,nfp,model_boolean,0
criterion,nfp_1069,nfp,any_false,0
criterion,nfp_1069,nfp,false_and_relied_on,0
criterion,nfp_1069,nfp,false_or_unknown_relied_on,1
criterion,nfp_1070,nfp,model_boolean,0
criterion,nfp_1070,nfp,any_false,0
criterion,nfp_1070,nfp,false_and_relied_on,0
criterion,nfp_1070,nfp,false_or_unknown_relied_on,0
criterion,nfp_1071,nfp,model_boolean,0
criterion,nfp_1071,nfp,any_false,0
criterion,nfp_1071,nfp,false_and_relied_on,0
criterion,nfp_1071,nfp,false_or_unknown_relied_on,0
criterion,nfp_1072,nfp,model_boolean,0
criterion,nfp_1072,nfp,any_false,0
criterion,nfp_1072,nfp,false_and_relied_on,0
criterion,nfp_1072,nfp,false_or_unknown_relied_on,0
criterion,nfp_1073,nfp,model_boolean,0
criterion,nfp_1073,nfp,any_false,0
criterion,nfp_1073,nfp,false_and_relied_on,0
criterion,nfp_1073,nfp,false_or_unknown_relied_on,0
criterion,nfp_1074,nfp,model_boolean,0
criterion,nfp_1074,nfp,any_false,0
criterion,nfp_1074,nfp,false_and_relied_on,0
criterion,nfp_1074,nfp,false_or_unknown_relied_on,0
criterion,nfp_1075,nfp,model_boolean,0
criterion,nfp_1075,nfp,any_false,0
criterion,nfp_1075,nfp,false_and_relied_on,0
criterion,nfp_1075,nfp,false_or_unknown_relied_on,0
criterion,nfp_1076,nfp,model_boolean,0
criterion,nfp_1076,nfp,any_false,0
criterion,nfp_1076,nfp,false_and_relied_on,0
criterion,nfp_1076,nfp,false_or_unknown_relied_on,0
criterion,nfp_1077,nfp,model_boolean,0
criterion,nfp_1077,nfp,any_false,0
criterion,nfp_1077,nfp,false_and_relied_on,0
criterion,nfp_1077,nfp,false_or_unknown_relied_on,0
criterion,nfp_1078,nfp,model_boolean,0
criterion,nfp_1078,nfp,any_false,0
criterion,nfp_1078,nfp,false_and_relied_on,0
criterion,nfp_1078,nfp,false_or_unknown_relied_on,0
criterion,nfp_1079,nfp,model_boolean,0
criterion,nfp_1079,nfp,any_false,0
criterion,nfp_1079,nfp,false_and_relied_on,0
criterion,nfp_1079,nfp,false_or_unknown_relied_on,0
criterion,nfp_1080,nfp,model_boolean,0
criterion,nfp_1080,nfp,any_false,0
criterion,nfp_1080,nfp,false_and_relied_on,0
criterion,nfp_1080,nfp,false_or_unknown_relied_on,0
criterion,nfp_1081,nfp,model_boolean,0
criterion,nfp_1081,nfp,any_false,0
criterion,nfp_1081,nfp,false_and_relied_on,0
criterion,nfp_1081,nfp,false_or_unknown_relied_on,0
criterion,nfp_1082,nfp,model_boolean,0
criterion,nfp_1082,nfp,any_false,0
criterion,nfp_1082,nfp,false_and_relied_on,0
criterion,nfp_1082,nfp,false_or_unknown_relied_on,0
criterion,nfp_1083,nfp,model_boolean,0
criterion,nfp_1083,nfp,any_false,0
criterion,nfp_1083,nfp,false_and_relied_on,0
criterion,nfp_1083,nfp,false_or_unknown_relied_on,1
criterion,nfp_1084,nfp,model_boolean,0
criterion,nfp_1084,nfp,any_false,0
criterion,nfp_1084,nfp,false_and_relied_on,0
criterion,nfp_1084,nfp,false_or_unknown_relied_on,0
criterion,nfp_1085,nfp,model_boolean,0
criterion,nfp_1085,nfp,any_false,0
criterion,nfp_1085,nfp,false_and_relied_on,0
criterion,nfp_1085,nfp,false_or_unknown_relied_on,0
criterion,nfp_1086,nfp,model_boolean,0
criterion,nfp_1086,nfp,any_false,0
criterion,nfp_1086,nfp,false_and_relied_on,0
criterion,nfp_1086,nfp,false_or_unknown_relied_on,0
criterion,nfp_1087,nfp,model_boolean,0
criterion,nfp_1087,nfp,any_false,0
criterion,nfp_1087,nfp,false_and_relied_on,0
criterion,nfp_1087,nfp,false_or_unknown_relied_on,0
criterion,nfp_1088,nfp,model_boolean,0
criterion,nfp_1088,nfp,any_false,0
criterion,nfp_1088,nfp,false_and_relied_on,0
criterion,nfp_1088,nfp,false_or_unknown_relied_on,0
criterion,nfp_1089,nfp,model_boolean,0
criterion,nfp_1089,nfp,any_false,0
criterion,nfp_1089,nfp,false_and_relied_on,0
criterion,nfp_1089,nfp,false_or_unknown_relied_on,1
criterion,nfp_1090,nfp,model_boolean,0
criterion,nfp_1090,nfp,any_false,0
criterion,nfp_1090,nfp,false_and_relied_on,0
criterion,nfp_1090,nfp,false_or_unknown_relied_on,1
criterion,nfp_1091,nfp,model_boolean,0
criterion,nfp_1091,nfp,any_false,0
criterion,nfp_1091,nfp,false_and_relied_on,0
criterion,nfp_1091,nfp,false_or_unknown_relied_on,0
criterion,nfp_1092,nfp,model_boolean,0
criterion,nfp_1092,nfp,any_false,0
criterion,nfp_1092,nfp,false_and_relied_on,0
criterion,nfp_1092,nfp,false_or_unknown_relied_on,0
criterion,nfp_1093,nfp,model_boolean,0
criterion,nfp_1093,nfp,any_false,0
criterion,nfp_1093,nfp,false_and_relied_on,0
criterion,nfp_1093,nfp,false_or_unknown_relied_on,1
criterion,nfp_1094,nfp,model_boolean,0
criterion,nfp_1094,nfp,any_false,0
criterion,nfp_1094,nfp,false_and_relied_on,0
criterion,nfp_1094,nfp,false_or_unknown_relied_on,0
criterion,nfp_1095,nfp,model_boolean,0
criterion,nfp_1095,nfp,any_false,0
criterion,nfp_1095,nfp,false_and_relied_on,0
criterion,nfp_1095,nfp,false_or_unknown_relied_on,0
criterion,nfp_1097,nfp,model_boolean,1
criterion,nfp_1097,nfp,any_false,1
criterion,nfp_1097,nfp,false_and_relied_on,0
criterion,nfp_1097,nfp,false_or_unknown_relied_on,1
criterion,nfp_1098,nfp,model_boolean,0
criterion,nfp_1098,nfp,any_false,0
criterion,nfp_1098,nfp,false_and_relied_on,0
criterion,nfp_1098,nfp,false_or_unknown_relied_on,0
criterion,nfp_1099,nfp,model_boolean,0
criterion,nfp_1099,nfp,any_false,0
criterion,nfp_1099,nfp,false_and_relied_on,0
criterion,nfp_1099,nfp,false_or_unknown_relied_on,0
criterion,nfp_1100,nfp,model_boolean,0
criterion,nfp_1100,nfp,any_false,0
criterion,nfp_1100,nfp,false_and_relied_on,0
criterion,nfp_1100,nfp,false_or_unknown_relied_on,0
criterion,nfp_1101,nfp,model_boolean,0
criterion,nfp_1101,nfp,any_false,0
criterion,nfp_1101,nfp,false_and_relied_on,0
criterion,nfp_1101,nfp,false_or_unknown_relied_on,0
criterion,nfp_1102,nfp,model_boolean,0
criterion,nfp_1102,nfp,any_false,0
criterion,nfp_1102,nfp,false_and_relied_on,0
criterion,nfp_1102,nfp,false_or_unknown_relied_on,0
criterion,nfp_1103,nfp,model_boolean,0
criterion,nfp_1103,nfp,any_false,0
criterion,nfp_1103,nfp,false_and_relied_on,0
criterion,nfp_1103,nfp,false_or_unknown_relied_on,0
criterion,nfp_1104,nfp,model_boolean,0
criterion,nfp_1104,nfp,any_false,0
criterion,nfp_1104,nfp,false_and_relied_on,0
criterion,nfp_1104,nfp,false_or_unknown_relied_on,1
criterion,nfp_1105,nfp,model_boolean,0
criterion,nfp_1105,nfp,any_false,0
criterion,nfp_1105,nfp,false_and_relied_on,0
criterion,nfp_1105,nfp,false_or_unknown_relied_on,0
criterion,nfp_1107,nfp,model_boolean,0
criterion,nfp_1107,nfp,any_false,0
criterion,nfp_1107,nfp,false_and_relied_on,0
criterion,nfp_1107,nfp,false_or_unknown_relied_on,0
criterion,nfp_1109,nfp,model_boolean,0
criterion,nfp_1109,nfp,any_false,0
criterion,nfp_1109,nfp,false_and_relied_on,0
criterion,nfp_1109,nfp,false_or_unknown_relied_on,1
criterion,nfp_1110,nfp,model_boolean,0
criterion,nfp_1110,nfp,any_false,0
criterion,nfp_1110,nfp,false_and_relied_on,0
criterion,nfp_1110,nfp,false_or_unknown_relied_on,1
criterion,nfp_1111,nfp,model_boolean,0
criterion,nfp_1111,nfp,any_false,0
criterion,nfp_1111,nfp,false_and_relied_on,0
criterion,nfp_1111,nfp,false_or_unknown_relied_on,0
criterion,nfp_1112,nfp,model_boolean,0
criterion,nfp_1112,nfp,any_false,0
criterion,nfp_1112,nfp,false_and_relied_on,0
criterion,nfp_1112,nfp,false_or_unknown_relied_on,0
criterion,nfp_1113,nfp,model_boolean,0
criterion,nfp_1113,nfp,any_false,0
criterion,nfp_1113,nfp,false_and_relied_on,0
criterion,nfp_1113,nfp,false_or_unknown_relied_on,1
criterion,nfp_1114,nfp,model_boolean,0
criterion,nfp_1114,nfp,any_false,0
criterion,nfp_1114,nfp,false_and_relied_on,0
criterion,nfp_1114,nfp,false_or_unknown_relied_on,0
criterion,nfp_1115,nfp,model_boolean,0
criterion,nfp_1115,nfp,any_false,0
criterion,nfp_1115,nfp,false_and_relied_on,0
criterion,nfp_1115,nfp,false_or_unknown_relied_on,0
criterion,nfp_1116,nfp,model_boolean,0
criterion,nfp_1116,nfp,any_false,1
criterion,nfp_1116,nfp,false_and_relied_on,0
criterion,nfp_1116,nfp,false_or_unknown_relied_on,0
criterion,nfp_1117,nfp,model_boolean,1
criterion,nfp_1117,nfp,any_false,1
criterion,nfp_1117,nfp,false_and_relied_on,1
criterion,nfp_1117,nfp,false_or_unknown_relied_on,1
criterion,nfp_1118,nfp,model_boolean,0
criterion,nfp_1118,nfp,any_false,0
criterion,nfp_1118,nfp,false_and_relied_on,0
criterion,nfp_1118,nfp,false_or_unknown_relied_on,0
criterion,nfp_1119,nfp,model_boolean,0
criterion,nfp_1119,nfp,any_false,0
criterion,nfp_1119,nfp,false_and_relied_on,0
criterion,nfp_1119,nfp,false_or_unknown_relied_on,0
criterion,nfp_1120,nfp,model_boolean,0
criterion,nfp_1120,nfp,any_false,0
criterion,nfp_1120,nfp,false_and_relied_on,0
criterion,nfp_1120,nfp,false_or_unknown_relied_on,0
criterion,nfp_1121,nfp,model_boolean,0
criterion,nfp_1121,nfp,any_false,0
criterion,nfp_1121,nfp,false_and_relied_on,0
criterion,nfp_1121,nfp,false_or_unknown_relied_on,0
criterion,nfp_1122,nfp,model_boolean,0
criterion,nfp_1122,nfp,any_false,1
criterion,nfp_1122,nfp,false_and_relied_on,0
criterion,nfp_1122,nfp,false_or_unknown_relied_on,0
criterion,nfp_1123,nfp,model_boolean,0
criterion,nfp_1123,nfp,any_false,0
criterion,nfp_1123,nfp,false_and_relied_on,0
criterion,nfp_1123,nfp,false_or_unknown_relied_on,1
criterion,nfp_1124,nfp,model_boolean,0
criterion,nfp_1124,nfp,any_false,0
criterion,nfp_1124,nfp,false_and_relied_on,0
criterion,nfp_1124,nfp,false_or_unknown_relied_on,0
criterion,nfp_1125,nfp,model_boolean,0
criterion,nfp_1125,nfp,any_false,0
criterion,nfp_1125,nfp,false_and_relied_on,0
criterion,nfp_1125,nfp,false_or_unknown_relied_on,0
criterion,nfp_1126,nfp,model_boolean,0
criterion,nfp_1126,nfp,any_false,0
criterion,nfp_1126,nfp,false_and_relied_on,0
criterion,nfp_1126,nfp,false_or_unknown_relied_on,1
criterion,nfp_1127,nfp,model_boolean,0
criterion,nfp_1127,nfp,any_false,0
criterion,nfp_1127,nfp,false_and_relied_on,0
criterion,nfp_1127,nfp,false_or_unknown_relied_on,1
criterion,nfp_1128,nfp,model_boolean,0
criterion,nfp_1128,nfp,any_false,0
criterion,nfp_1128,nfp,false_and_relied_on,0
criterion,nfp_1128,nfp,false_or_unknown_relied_on,1
criterion,nfp_1129,nfp,model_boolean,0
criterion,nfp_1129,nfp,any_false,0
criterion,nfp_1129,nfp,false_and_relied_on,0
criterion,nfp_1129,nfp,false_or_unknown_relied_on,1
criterion,nfp_1130,nfp,model_boolean,0
criterion,nfp_1130,nfp,any_false,0
criterion,nfp_1130,nfp,false_and_relied_on,0
criterion,nfp_1130,nfp,false_or_unknown_relied_on,0
criterion,nfp_1131,nfp,model_boolean,0
criterion,nfp_1131,nfp,any_false,0
criterion,nfp_1131,nfp,false_and_relied_on,0
criterion,nfp_1131,nfp,false_or_unknown_relied_on,1
criterion,nfp_1132,nfp,model_boolean,0
criterion,nfp_1132,nfp,any_false,0
criterion,nfp_1132,nfp,false_and_relied_on,0
criterion,nfp_1132,nfp,false_or_unknown_relied_on,0
criterion,nfp_1133,nfp,model_boolean,0
criterion,nfp_1133,nfp,any_false,0
criterion,nfp_1133,nfp,false_and_relied_on,0
criterion,nfp_1133,nfp,false_or_unknown_relied_on,1
criterion,nfp_1134,nfp,model_boolean,0
criterion,nfp_1134,nfp,any_false,0
criterion,nfp_1134,nfp,false_and_relied_on,0
criterion,nfp_1134,nfp,false_or_unknown_relied_on,0
criterion,nfp_1135,nfp,model_boolean,0
criterion,nfp_1135,nfp,any_false,0
criterion,nfp_1135,nfp,false_and_relied_on,0
criterion,nfp_1135,nfp,false_or_unknown_relied_on,0
criterion,nfp_1136,nfp,model_boolean,0
criterion,nfp_1136,nfp,any_false,0
criterion,nfp_1136,nfp,false_and_relied_on,0
criterion,nfp_1136,nfp,false_or_unknown_relied_on,0
criterion,nfp_1137,nfp,model_boolean,0
criterion,nfp_1137,nfp,any_false,0
criterion,nfp_1137,nfp,false_and_relied_on,0
criterion,nfp_1137,nfp,false_or_unknown_relied_on,0
criterion,nfp_1138,nfp,model_boolean,0
criterion,nfp_1138,nfp,any_false,0
criterion,nfp_1138,nfp,false_and_relied_on,0
criterion,nfp_1138,nfp,false_or_unknown_relied_on,0
criterion,nfp_1139,nfp,model_boolean,0
criterion,nfp_1139,nfp,any_false,0
criterion,nfp_1139,nfp,false_and_relied_on,0
criterion,nfp_1139,nfp,false_or_unknown_relied_on,1
criterion,nfp_1140,nfp,model_boolean,0
criterion,nfp_1140,nfp,any_false,0
criterion,nfp_1140,nfp,false_and_relied_on,0
criterion,nfp_1140,nfp,false_or_unknown_relied_on,1
criterion,nfp_1141,nfp,model_boolean,0
criterion,nfp_1141,nfp,any_false,0
criterion,nfp_1141,nfp,false_and_relied_on,0
criterion,nfp_1141,nfp,false_or_unknown_relied_on,0
criterion,nfp_1142,nfp,model_boolean,0
criterion,nfp_1142,nfp,any_false,0
criterion,nfp_1142,nfp,false_and_relied_on,0
criterion,nfp_1142,nfp,false_or_unknown_relied_on,0
criterion,nfp_1143,nfp,model_boolean,0
criterion,nfp_1143,nfp,any_false,0
criterion,nfp_1143,nfp,false_and_relied_on,0
criterion,nfp_1143,nfp,false_or_unknown_relied_on,0
criterion,nfp_1144,nfp,model_boolean,0
criterion,nfp_1144,nfp,any_false,0
criterion,nfp_1144,nfp,false_and_relied_on,0
criterion,nfp_1144,nfp,false_or_unknown_relied_on,0
criterion,nfp_1145,nfp,model_boolean,0
criterion,nfp_1145,nfp,any_false,0
criterion,nfp_1145,nfp,false_and_relied_on,0
criterion,nfp_1145,nfp,false_or_unknown_relied_on,1
criterion,nfp_1146,nfp,model_boolean,0
criterion,nfp_1146,nfp,any_false,0
criterion,nfp_1146,nfp,false_and_relied_on,0
criterion,nfp_1146,nfp,false_or_unknown_relied_on,0
criterion,nfp_1147,nfp,model_boolean,0
criterion,nfp_1147,nfp,any_false,1
criterion,nfp_1147,nfp,false_and_relied_on,0
criterion,nfp_1147,nfp,false_or_unknown_relied_on,1
criterion,nfp_1148,nfp,model_boolean,1
criterion,nfp_1148,nfp,any_false,1
criterion,nfp_1148,nfp,false_and_relied_on,1
criterion,nfp_1148,nfp,false_or_unknown_relied_on,1
criterion,nfp_1149,nfp,model_boolean,0
criterion,nfp_1149,nfp,any_false,0
criterion,nfp_1149,nfp,false_and_relied_on,0
criterion,nfp_1149,nfp,false_or_unknown_relied_on,1
both,fpq_0,fpq,model_boolean,0
both,fpq_0,fpq,any_false,1
both,fpq_0,fpq,false_and_relied_on,0
both,fpq_0,fpq,false_or_unknown_relied_on,0
both,fpq_10,fpq,model_boolean,0
both,fpq_10,fpq,any_false,0
both,fpq_10,fpq,false_and_relied_on,0
both,fpq_10,fpq,false_or_unknown_relied_on,0
both,fpq_100,fpq,model_boolean,0
both,fpq_100,fpq,any_false,0
both,fpq_100,fpq,false_and_relied_on,0
both,fpq_100,fpq,false_or_unknown_relied_on,1
both,fpq_101,fpq,model_boolean,0
both,fpq_101,fpq,any_false,0
both,fpq_101,fpq,false_and_relied_on,0
both,fpq_101,fpq,false_or_unknown_relied_on,0
both,fpq_102,fpq,model_boolean,0
both,fpq_102,fpq,any_false,0
both,fpq_102,fpq,false_and_relied_on,0
both,fpq_102,fpq,false_or_unknown_relied_on,0
both,fpq_103,fpq,model_boolean,0
both,fpq_103,fpq,any_false,0
both,fpq_103,fpq,false_and_relied_on,0
both,fpq_103,fpq,false_or_unknown_relied_on,1
both,fpq_105,fpq,model_boolean,0
both,fpq_105,fpq,any_false,0
both,fpq_105,fpq,false_and_relied_on,0
both,fpq_105,fpq,false_or_unknown_relied_on,0
both,fpq_106,fpq,model_boolean,0
both,fpq_106,fpq,any_false,0
both,fpq_106,fpq,false_and_relied_on,0
both,fpq_106,fpq,false_or_unknown_relied_on,0
both,fpq_107,fpq,model_boolean,0
both,fpq_107,fpq,any_false,0
both,fpq_107,fpq,false_and_relied_on,0
both,fpq_107,fpq,false_or_unknown_relied_on,1
both,fpq_108,fpq,model_boolean,0
both,fpq_108,fpq,any_false,0
both,fpq_108,fpq,false_and_relied_on,0
both,fpq_108,fpq,false_or_unknown_relied_on,1
both,fpq_109,fpq,model_boolean,0
both,fpq_109,fpq,any_false,0
both,fpq_109,fpq,false_and_relied_on,0
both,fpq_109,fpq,false_or_unknown_relied_on,0
both,fpq_11,fpq,model_boolean,0
both,fpq_11,fpq,any_false,0
both,fpq_11,fpq,false_and_relied_on,0
both,fpq_11,fpq,false_or_unknown_relied_on,1
both,fpq_110,fpq,model_boolean,0
both,fpq_110,fpq,any_false,0
both,fpq_110,fpq,false_and_relied_on,0
both,fpq_110,fpq,false_or_unknown_relied_on,0
both,fpq_111,fpq,model_boolean,0
both,fpq_111,fpq,any_false,0
both,fpq_111,fpq,false_and_relied_on,0
both,fpq_111,fpq,false_or_unknown_relied_on,1
both,fpq_112,fpq,model_boolean,0
both,fpq_112,fpq,any_false,0
both,fpq_112,fpq,false_and_relied_on,0
both,fpq_112,fpq,false_or_unknown_relied_on,1
both,fpq_113,fpq,model_boolean,0
both,fpq_113,fpq,any_false,0
both,fpq_113,fpq,false_and_relied_on,0
both,fpq_113,fpq,false_or_unknown_relied_on,1
both,fpq_114,fpq,model_boolean,0
both,fpq_114,fpq,any_false,0
both,fpq_114,fpq,false_and_relied_on,0
both,fpq_114,fpq,false_or_unknown_relied_on,0
both,fpq_115,fpq,model_boolean,0
both,fpq_115,fpq,any_false,0
both,fpq_115,fpq,false_and_relied_on,0
both,fpq_115,fpq,false_or_unknown_relied_on,1
both,fpq_116,fpq,model_boolean,0
both,fpq_116,fpq,any_false,1
both,fpq_116,fpq,false_and_relied_on,0
both,fpq_116,fpq,false_or_unknown_relied_on,0
both,fpq_12,fpq,model_boolean,0
both,fpq_12,fpq,any_false,0
both,fpq_12,fpq,false_and_relied_on,0
both,fpq_12,fpq,false_or_unknown_relied_on,1
both,fpq_120,fpq,model_boolean,0
both,fpq_120,fpq,any_false,0
both,fpq_120,fpq,false_and_relied_on,0
both,fpq_120,fpq,false_or_unknown_relied_on,0
both,fpq_121,fpq,model_boolean,0
both,fpq_121,fpq,any_false,0
both,fpq_121,fpq,false_and_relied_on,0
both,fpq_121,fpq,false_or_unknown_relied_on,1
both,fpq_122,fpq,model_boolean,0
both,fpq_122,fpq,any_false,0
both,fpq_122,fpq,false_and_relied_on,0
both,fpq_122,fpq,false_or_unknown_relied_on,1
both,fpq_123,fpq,model_boolean,0
both,fpq_123,fpq,any_false,0
both,fpq_123,fpq,false_and_relied_on,0
both,fpq_123,fpq,false_or_unknown_relied_on,0
both,fpq_124,fpq,model_boolean,0
both,fpq_124,fpq,any_false,0
both,fpq_124,fpq,false_and_relied_on,0
both,fpq_124,fpq,false_or_unknown_relied_on,0
both,fpq_125,fpq,model_boolean,0
both,fpq_125,fpq,any_false,0
both,fpq_125,fpq,false_and_relied_on,0
both,fpq_125,fpq,false_or_unknown_relied_on,0
both,fpq_126,fpq,model_boolean,0
both,fpq_126,fpq,any_false,0
both,fpq_126,fpq,false_and_relied_on,0
both,fpq_126,fpq,false_or_unknown_relied_on,0
both,fpq_127,fpq,model_boolean,1
both,fpq_127,fpq,any_false,1
both,fpq_127,fpq,false_and_relied_on,1
both,fpq_127,fpq,false_or_unknown_relied_on,1
both,fpq_129,fpq,model_boolean,0
both,fpq_129,fpq,any_false,0
both,fpq_129,fpq,false_and_relied_on,0
both,fpq_129,fpq,false_or_unknown_relied_on,0
both,fpq_13,fpq,model_boolean,0
both,fpq_13,fpq,any_false,0
both,fpq_13,fpq,false_and_relied_on,0
both,fpq_13,fpq,false_or_unknown_relied_on,0
both,fpq_130,fpq,model_boolean,0
both,fpq_130,fpq,any_false,0
both,fpq_130,fpq,false_and_relied_on,0
both,fpq_130,fpq,false_or_unknown_relied_on,0
both,fpq_131,fpq,model_boolean,0
both,fpq_131,fpq,any_false,0
both,fpq_131,fpq,false_and_relied_on,0
both,fpq_131,fpq,false_or_unknown_relied_on,0
both,fpq_133,fpq,model_boolean,0
both,fpq_133,fpq,any_false,0
both,fpq_133,fpq,false_and_relied_on,0
both,fpq_133,fpq,false_or_unknown_relied_on,1
both,fpq_134,fpq,model_boolean,0
both,fpq_134,fpq,any_false,0
both,fpq_134,fpq,false_and_relied_on,0
both,fpq_134,fpq,false_or_unknown_relied_on,1
both,fpq_135,fpq,model_boolean,0
both,fpq_135,fpq,any_false,0
both,fpq_135,fpq,false_and_relied_on,0
both,fpq_135,fpq,false_or_unknown_relied_on,0
both,fpq_136,fpq,model_boolean,0
both,fpq_136,fpq,any_false,0
both,fpq_136,fpq,false_and_relied_on,0
both,fpq_136,fpq,false_or_unknown_relied_on,0
both,fpq_137,fpq,model_boolean,0
both,fpq_137,fpq,any_false,0
both,fpq_137,fpq,false_and_relied_on,0
both,fpq_137,fpq,false_or_unknown_relied_on,0
both,fpq_138,fpq,model_boolean,0
both,fpq_138,fpq,any_false,0
both,fpq_138,fpq,false_and_relied_on,0
both,fpq_138,fpq,false_or_unknown_relied_on,0
both,fpq_139,fpq,model_boolean,0
both,fpq_139,fpq,any_false,0
both,fpq_139,fpq,false_and_relied_on,0
both,fpq_139,fpq,false_or_unknown_relied_on,1
both,fpq_14,fpq,model_boolean,0
both,fpq_14,fpq,any_false,0
both,fpq_14,fpq,false_and_relied_on,0
both,fpq_14,fpq,false_or_unknown_relied_on,0
both,fpq_140,fpq,model_boolean,0
both,fpq_140,fpq,any_false,0
both,fpq_140,fpq,false_and_relied_on,0
both,fpq_140,fpq,false_or_unknown_relied_on,0
both,fpq_141,fpq,model_boolean,0
both,fpq_141,fpq,any_false,1
both,fpq_141,fpq,false_and_relied_on,0
both,fpq_141,fpq,false_or_unknown_relied_on,0
both,fpq_142,fpq,model_boolean,0
both,fpq_142,fpq,any_false,1
both,fpq_142,fpq,false_and_relied_on,0
both,fpq_142,fpq,false_or_unknown_relied_on,0
both,fpq_143,fpq,model_boolean,0
both,fpq_143,fpq,any_false,0
both,fpq_143,fpq,false_and_relied_on,0
both,fpq_143,fpq,false_or_unknown_relied_on,0
both,fpq_144,fpq,model_boolean,0
both,fpq_144,fpq,any_false,0
both,fpq_144,fpq,false_and_relied_on,0
both,fpq_144,fpq,false_or_unknown_relied_on,0
both,fpq_145,fpq,model_boolean,0
both,fpq_145,fpq,any_false,0
both,fpq_145,fpq,false_and_relied_on,0
both,fpq_145,fpq,false_or_unknown_relied_on,0
both,fpq_146,fpq,model_boolean,1
both,fpq_146,fpq,any_false,1
both,fpq_146,fpq,false_and_relied_on,1
both,fpq_146,fpq,false_or_unknown_relied_on,1
both,fpq_147,fpq,model_boolean,1
both,fpq_147,fpq,any_false,1
both,fpq_147,fpq,false_and_relied_on,1
both,fpq_147,fpq,false_or_unknown_relied_on,1
both,fpq_148,fpq,model_boolean,0
both,fpq_148,fpq,any_false,0
both,fpq_148,fpq,false_and_relied_on,0
both,fpq_148,fpq,false_or_unknown_relied_on,1
both,fpq_149,fpq,model_boolean,1
both,fpq_149,fpq,any_false,1
both,fpq_149,fpq,false_and_relied_on,1
both,fpq_149,fpq,false_or_unknown_relied_on,1
both,fpq_15,fpq,model_boolean,0
both,fpq_15,fpq,any_false,0
both,fpq_15,fpq,false_and_relied_on,0
both,fpq_15,fpq,false_or_unknown_relied_on,0
both,fpq_152,fpq,model_boolean,0
both,fpq_152,fpq,any_false,0
both,fpq_152,fpq,false_and_relied_on,0
both,fpq_152,fpq,false_or_unknown_relied_on,1
both,fpq_153,fpq,model_boolean,0
both,fpq_153,fpq,any_false,0
both,fpq_153,fpq,false_and_relied_on,0
both,fpq_153,fpq,false_or_unknown_relied_on,1
both,fpq_155,fpq,model_boolean,0
both,fpq_155,fpq,any_false,0
both,fpq_155,fpq,false_and_relied_on,0
both,fpq_155,fpq,false_or_unknown_relied_on,0
both,fpq_156,fpq,model_boolean,1
both,fpq_156,fpq,any_false,1
both,fpq_156,fpq,false_and_relied_on,1
both,fpq_156,fpq,false_or_unknown_relied_on,1
both,fpq_157,fpq,model_boolean,1
both,fpq_157,fpq,any_false,1
both,fpq_157,fpq,false_and_relied_on,1
both,fpq_157,fpq,false_or_unknown_relied_on,1
both,fpq_158,fpq,model_boolean,0
both,fpq_158,fpq,any_false,0
both,fpq_158,fpq,false_and_relied_on,0
both,fpq_158,fpq,false_or_unknown_relied_on,1
both,fpq_159,fpq,model_boolean,0
both,fpq_159,fpq,any_false,0
both,fpq_159,fpq,false_and_relied_on,0
both,fpq_159,fpq,false_or_unknown_relied_on,0
both,fpq_16,fpq,model_boolean,0
both,fpq_16,fpq,any_false,0
both,fpq_16,fpq,false_and_relied_on,0
both,fpq_16,fpq,false_or_unknown_relied_on,0
both,fpq_160,fpq,model_boolean,0
both,fpq_160,fpq,any_false,0
both,fpq_160,fpq,false_and_relied_on,0
both,fpq_160,fpq,false_or_unknown_relied_on,0
both,fpq_163,fpq,model_boolean,0
both,fpq_163,fpq,any_false,0
both,fpq_163,fpq,false_and_relied_on,0
both,fpq_163,fpq,false_or_unknown_relied_on,0
both,fpq_164,fpq,model_boolean,0
both,fpq_164,fpq,any_false,0
both,fpq_164,fpq,false_and_relied_on,0
both,fpq_164,fpq,false_or_unknown_relied_on,0
both,fpq_165,fpq,model_boolean,0
both,fpq_165,fpq,any_false,0
both,fpq_165,fpq,false_and_relied_on,0
both,fpq_165,fpq,false_or_unknown_relied_on,1
both,fpq_166,fpq,model_boolean,0
both,fpq_166,fpq,any_false,0
both,fpq_166,fpq,false_and_relied_on,0
both,fpq_166,fpq,false_or_unknown_relied_on,0
both,fpq_167,fpq,model_boolean,0
both,fpq_167,fpq,any_false,0
both,fpq_167,fpq,false_and_relied_on,0
both,fpq_167,fpq,false_or_unknown_relied_on,1
both,fpq_168,fpq,model_boolean,0
both,fpq_168,fpq,any_false,0
both,fpq_168,fpq,false_and_relied_on,0
both,fpq_168,fpq,false_or_unknown_relied_on,0
both,fpq_17,fpq,model_boolean,1
both,fpq_17,fpq,any_false,1
both,fpq_17,fpq,false_and_relied_on,1
both,fpq_17,fpq,false_or_unknown_relied_on,1
both,fpq_170,fpq,model_boolean,0
both,fpq_170,fpq,any_false,0
both,fpq_170,fpq,false_and_relied_on,0
both,fpq_170,fpq,false_or_unknown_relied_on,1
both,fpq_173,fpq,model_boolean,0
both,fpq_173,fpq,any_false,0
both,fpq_173,fpq,false_and_relied_on,0
both,fpq_173,fpq,false_or_unknown_relied_on,1
both,fpq_174,fpq,model_boolean,1
both,fpq_174,fpq,any_false,1
both,fpq_174,fpq,false_and_relied_on,1
both,fpq_174,fpq,false_or_unknown_relied_on,1
both,fpq_175,fpq,model_boolean,0
both,fpq_175,fpq,any_false,0
both,fpq_175,fpq,false_and_relied_on,0
both,fpq_175,fpq,false_or_unknown_relied_on,1
both,fpq_176,fpq,model_boolean,0
both,fpq_176,fpq,any_false,0
both,fpq_176,fpq,false_and_relied_on,0
both,fpq_176,fpq,false_or_unknown_relied_on,1
both,fpq_177,fpq,model_boolean,0
both,fpq_177,fpq,any_false,0
both,fpq_177,fpq,false_and_relied_on,0
both,fpq_177,fpq,false_or_unknown_relied_on,1
both,fpq_178,fpq,model_boolean,0
both,fpq_178,fpq,any_false,1
both,fpq_178,fpq,false_and_relied_on,0
both,fpq_178,fpq,false_or_unknown_relied_on,0
both,fpq_179,fpq,model_boolean,0
both,fpq_179,fpq,any_false,0
both,fpq_179,fpq,false_and_relied_on,0
both,fpq_179,fpq,false_or_unknown_relied_on,1
both,fpq_18,fpq,model_boolean,0
both,fpq_18,fpq,any_false,0
both,fpq_18,fpq,false_and_relied_on,0
both,fpq_18,fpq,false_or_unknown_relied_on,1
both,fpq_180,fpq,model_boolean,0
both,fpq_180,fpq,any_false,0
both,fpq_180,fpq,false_and_relied_on,0
both,fpq_180,fpq,false_or_unknown_relied_on,1
both,fpq_181,fpq,model_boolean,0
both,fpq_181,fpq,any_false,0
both,fpq_181,fpq,false_and_relied_on,0
both,fpq_181,fpq,false_or_unknown_relied_on,1
both,fpq_182,fpq,model_boolean,0
both,fpq_182,fpq,any_false,0
both,fpq_182,fpq,false_and_relied_on,0
both,fpq_182,fpq,false_or_unknown_relied_on,1
both,fpq_184,fpq,model_boolean,0
both,fpq_184,fpq,any_false,0
both,fpq_184,fpq,false_and_relied_on,0
both,fpq_184,fpq,false_or_unknown_relied_on,0
both,fpq_185,fpq,model_boolean,0
both,fpq_185,fpq,any_false,0
both,fpq_185,fpq,false_and_relied_on,0
both,fpq_185,fpq,false_or_unknown_relied_on,1
both,fpq_186,fpq,model_boolean,0
both,fpq_186,fpq,any_false,0
both,fpq_186,fpq,false_and_relied_on,0
both,fpq_186,fpq,false_or_unknown_relied_on,1
both,fpq_188,fpq,model_boolean,0
both,fpq_188,fpq,any_false,0
both,fpq_188,fpq,false_and_relied_on,0
both,fpq_188,fpq,false_or_unknown_relied_on,0
both,fpq_189,fpq,model_boolean,1
both,fpq_189,fpq,any_false,1
both,fpq_189,fpq,false_and_relied_on,1
both,fpq_189,fpq,false_or_unknown_relied_on,1
both,fpq_19,fpq,model_boolean,0
both,fpq_19,fpq,any_false,0
both,fpq_19,fpq,false_and_relied_on,0
both,fpq_19,fpq,false_or_unknown_relied_on,1
both,fpq_190,fpq,model_boolean,0
both,fpq_190,fpq,any_false,1
both,fpq_190,fpq,false_and_relied_on,0
both,fpq_190,fpq,false_or_unknown_relied_on,0
both,fpq_191,fpq,model_boolean,0
both,fpq_191,fpq,any_false,0
both,fpq_191,fpq,false_and_relied_on,0
both,fpq_191,fpq,false_or_unknown_relied_on,1
both,fpq_192,fpq,model_boolean,0
both,fpq_192,fpq,any_false,0
both,fpq_192,fpq,false_and_relied_on,0
both,fpq_192,fpq,false_or_unknown_relied_on,0
both,fpq_193,fpq,model_boolean,0
both,fpq_193,fpq,any_false,0
both,fpq_193,fpq,false_and_relied_on,0
both,fpq_193,fpq,false_or_unknown_relied_on,1
both,fpq_194,fpq,model_boolean,0
both,fpq_194,fpq,any_false,0
both,fpq_194,fpq,false_and_relied_on,0
both,fpq_194,fpq,false_or_unknown_relied_on,0
both,fpq_195,fpq,model_boolean,0
both,fpq_195,fpq,any_false,0
both,fpq_195,fpq,false_and_relied_on,0
both,fpq_195,fpq,false_or_unknown_relied_on,1
both,fpq_196,fpq,model_boolean,0
both,fpq_196,fpq,any_false,0
both,fpq_196,fpq,false_and_relied_on,0
both,fpq_196,fpq,false_or_unknown_relied_on,0
both,fpq_197,fpq,model_boolean,0
both,fpq_197,fpq,any_false,0
both,fpq_197,fpq,false_and_relied_on,0
both,fpq_197,fpq,false_or_unknown_relied_on,0
both,fpq_198,fpq,model_boolean,0
both,fpq_198,fpq,any_false,1
both,fpq_198,fpq,false_and_relied_on,0
both,fpq_198,fpq,false_or_unknown_relied_on,1
both,fpq_2,fpq,model_boolean,0
both,fpq_2,fpq,any_false,1
both,fpq_2,fpq,false_and_relied_on,0
both,fpq_2,fpq,false_or_unknown_relied_on,0
both,fpq_20,fpq,model_boolean,1
both,fpq_20,fpq,any_false,1
both,fpq_20,fpq,false_and_relied_on,1
both,fpq_20,fpq,false_or_unknown_relied_on,1
both,fpq_200,fpq,model_boolean,0
both,fpq_200,fpq,any_false,1
both,fpq_200,fpq,false_and_relied_on,0
both,fpq_200,fpq,false_or_unknown_relied_on,0
both,fpq_201,fpq,model_boolean,0
both,fpq_201,fpq,any_false,0
both,fpq_201,fpq,false_and_relied_on,0
both,fpq_201,fpq,false_or_unknown_relied_on,0
both,fpq_202,fpq,model_boolean,0
both,fpq_202,fpq,any_false,0
both,fpq_202,fpq,false_and_relied_on,0
both,fpq_202,fpq,false_or_unknown_relied_on,1
both,fpq_204,fpq,model_boolean,0
both,fpq_204,fpq,any_false,0
both,fpq_204,fpq,false_and_relied_on,0
both,fpq_204,fpq,false_or_unknown_relied_on,1
both,fpq_205,fpq,model_boolean,0
both,fpq_205,fpq,any_false,0
both,fpq_205,fpq,false_and_relied_on,0
both,fpq_205,fpq,false_or_unknown_relied_on,0
both,fpq_206,fpq,model_boolean,1
both,fpq_206,fpq,any_false,1
both,fpq_206,fpq,false_and_relied_on,1
both,fpq_206,fpq,false_or_unknown_relied_on,1
both,fpq_207,fpq,model_boolean,1
both,fpq_207,fpq,any_false,1
both,fpq_207,fpq,false_and_relied_on,1
both,fpq_207,fpq,false_or_unknown_relied_on,1
both,fpq_208,fpq,model_boolean,0
both,fpq_208,fpq,any_false,0
both,fpq_208,fpq,false_and_relied_on,0
both,fpq_208,fpq,false_or_unknown_relied_on,1
both,fpq_21,fpq,model_boolean,0
both,fpq_21,fpq,any_false,0
both,fpq_21,fpq,false_and_relied_on,0
both,fpq_21,fpq,false_or_unknown_relied_on,1
both,fpq_216,fpq,model_boolean,0
both,fpq_216,fpq,any_false,0
both,fpq_216,fpq,false_and_relied_on,0
both,fpq_216,fpq,false_or_unknown_relied_on,0
both,fpq_217,fpq,model_boolean,0
both,fpq_217,fpq,any_false,0
both,fpq_217,fpq,false_and_relied_on,0
both,fpq_217,fpq,false_or_unknown_relied_on,1
both,fpq_218,fpq,model_boolean,0
both,fpq_218,fpq,any_false,0
both,fpq_218,fpq,false_and_relied_on,0
both,fpq_218,fpq,false_or_unknown_relied_on,0
both,fpq_219,fpq,model_boolean,0
both,fpq_219,fpq,any_false,0
both,fpq_219,fpq,false_and_relied_on,0
both,fpq_219,fpq,false_or_unknown_relied_on,1
both,fpq_22,fpq,model_boolean,0
both,fpq_22,fpq,any_false,0
both,fpq_22,fpq,false_and_relied_on,0
both,fpq_22,fpq,false_or_unknown_relied_on,0
both,fpq_220,fpq,model_boolean,0
both,fpq_220,fpq,any_false,0
both,fpq_220,fpq,false_and_relied_on,0
both,fpq_220,fpq,false_or_unknown_relied_on,0
both,fpq_221,fpq,model_boolean,0
both,fpq_221,fpq,any_false,0
both,fpq_221,fpq,false_and_relied_on,0
both,fpq_221,fpq,false_or_unknown_relied_on,0
both,fpq_222,fpq,model_boolean,0
both,fpq_222,fpq,any_false,0
both,fpq_222,fpq,false_and_relied_on,0
both,fpq_222,fpq,false_or_unknown_relied_on,1
both,fpq_223,fpq,model_boolean,0
both,fpq_223,fpq,any_false,1
both,fpq_223,fpq,false_and_relied_on,0
both,fpq_223,fpq,false_or_unknown_relied_on,0
both,fpq_224,fpq,model_boolean,0
both,fpq_224,fpq,any_false,0
both,fpq_224,fpq,false_and_relied_on,0
both,fpq_224,fpq,false_or_unknown_relied_on,1
both,fpq_225,fpq,model_boolean,0
both,fpq_225,fpq,any_false,0
both,fpq_225,fpq,false_and_relied_on,0
both,fpq_225,fpq,false_or_unknown_relied_on,1
both,fpq_227,fpq,model_boolean,0
both,fpq_227,fpq,any_false,0
both,fpq_227,fpq,false_and_relied_on,0
both,fpq_227,fpq,false_or_unknown_relied_on,1
both,fpq_228,fpq,model_boolean,1
both,fpq_228,fpq,any_false,1
both,fpq_228,fpq,false_and_relied_on,1
both,fpq_228,fpq,false_or_unknown_relied_on,1
both,fpq_229,fpq,model_boolean,0
both,fpq_229,fpq,any_false,0
both,fpq_229,fpq,false_and_relied_on,0
both,fpq_229,fpq,false_or_unknown_relied_on,0
both,fpq_23,fpq,model_boolean,0
both,fpq_23,fpq,any_false,0
both,fpq_23,fpq,false_and_relied_on,0
both,fpq_23,fpq,false_or_unknown_relied_on,1
both,fpq_230,fpq,model_boolean,0
both,fpq_230,fpq,any_false,0
both,fpq_230,fpq,false_and_relied_on,0
both,fpq_230,fpq,false_or_unknown_relied_on,1
both,fpq_231,fpq,model_boolean,0
both,fpq_231,fpq,any_false,0
both,fpq_231,fpq,false_and_relied_on,0
both,fpq_231,fpq,false_or_unknown_relied_on,0
both,fpq_232,fpq,model_boolean,0
both,fpq_232,fpq,any_false,0
both,fpq_232,fpq,false_and_relied_on,0
both,fpq_232,fpq,false_or_unknown_relied_on,1
both,fpq_233,fpq,model_boolean,0
both,fpq_233,fpq,any_false,0
both,fpq_233,fpq,false_and_relied_on,0
both,fpq_233,fpq,false_or_unknown_relied_on,1
both,fpq_234,fpq,model_boolean,0
both,fpq_234,fpq,any_false,0
both,fpq_234,fpq,false_and_relied_on,0
both,fpq_234,fpq,false_or_unknown_relied_on,0
both,fpq_236,fpq,model_boolean,0
both,fpq_236,fpq,any_false,0
both,fpq_236,fpq,false_and_relied_on,0
both,fpq_236,fpq,false_or_unknown_relied_on,1
both,fpq_237,fpq,model_boolean,0
both,fpq_237,fpq,any_false,1
both,fpq_237,fpq,false_and_relied_on,0
both,fpq_237,fpq,false_or_unknown_relied_on,1
both,fpq_238,fpq,model_boolean,1
both,fpq_238,fpq,any_false,1
both,fpq_238,fpq,false_and_relied_on,1
both,fpq_238,fpq,false_or_unknown_relied_on,1
both,fpq_239,fpq,model_boolean,0
both,fpq_239,fpq,any_false,0
both,fpq_239,fpq,false_and_relied_on,0
both,fpq_239,fpq,false_or_unknown_relied_on,1
both,fpq_24,fpq,model_boolean,1
both,fpq_24,fpq,any_false,1
both,fpq_24,fpq,false_and_relied_on,1
both,fpq_24,fpq,false_or_unknown_relied_on,1
both,fpq_240,fpq,model_boolean,0
both,fpq_240,fpq,any_false,0
both,fpq_240,fpq,false_and_relied_on,0
both,fpq_240,fpq,false_or_unknown_relied_on,0
both,fpq_241,fpq,model_boolean,0
both,fpq_241,fpq,any_false,0
both,fpq_241,fpq,false_and_relied_on,0
both,fpq_241,fpq,false_or_unknown_relied_on,0
both,fpq_244,fpq,model_boolean,0
both,fpq_244,fpq,any_false,0
both,fpq_244,fpq,false_and_relied_on,0
both,fpq_244,fpq,false_or_unknown_relied_on,0
both,fpq_245,fpq,model_boolean,0
both,fpq_245,fpq,any_false,0
both,fpq_245,fpq,false_and_relied_on,0
both,fpq_245,fpq,false_or_unknown_relied_on,0
both,fpq_246,fpq,model_boolean,0
both,fpq_246,fpq,any_false,0
both,fpq_246,fpq,false_and_relied_on,0
both,fpq_246,fpq,false_or_unknown_relied_on,0
both,fpq_247,fpq,model_boolean,1
both,fpq_247,fpq,any_false,1
both,fpq_247,fpq,false_and_relied_on,1
both,fpq_247,fpq,false_or_unknown_relied_on,1
both,fpq_248,fpq,model_boolean,0
both,fpq_248,fpq,any_false,0
both,fpq_248,fpq,false_and_relied_on,0
both,fpq_248,fpq,false_or_unknown_relied_on,0
both,fpq_249,fpq,model_boolean,0
both,fpq_249,fpq,any_false,0
both,fpq_249,fpq,false_and_relied_on,0
both,fpq_249,fpq,false_or_unknown_relied_on,0
both,fpq_25,fpq,model_boolean,0
both,fpq_25,fpq,any_false,0
both,fpq_25,fpq,false_and_relied_on,0
both,fpq_25,fpq,false_or_unknown_relied_on,1
both,fpq_250,fpq,model_boolean,0
both,fpq_250,fpq,any_false,0
both,fpq_250,fpq,false_and_relied_on,0
both,fpq_250,fpq,false_or_unknown_relied_on,1
both,fpq_251,fpq,model_boolean,0
both,fpq_251,fpq,any_false,0
both,fpq_251,fpq,false_and_relied_on,0
both,fpq_251,fpq,false_or_unknown_relied_on,0
both,fpq_252,fpq,model_boolean,0
both,fpq_252,fpq,any_false,0
both,fpq_252,fpq,false_and_relied_on,0
both,fpq_252,fpq,false_or_unknown_relied_on,0
both,fpq_253,fpq,model_boolean,0
both,fpq_253,fpq,any_false,0
both,fpq_253,fpq,false_and_relied_on,0
both,fpq_253,fpq,false_or_unknown_relied_on,0
both,fpq_254,fpq,model_boolean,0
both,fpq_254,fpq,any_false,0
both,fpq_254,fpq,false_and_relied_on,0
both,fpq_254,fpq,false_or_unknown_relied_on,0
both,fpq_255,fpq,model_boolean,0
both,fpq_255,fpq,any_false,0
both,fpq_255,fpq,false_and_relied_on,0
both,fpq_255,fpq,false_or_unknown_relied_on,0
both,fpq_256,fpq,model_boolean,0
both,fpq_256,fpq,any_false,0
both,fpq_256,fpq,false_and_relied_on,0
both,fpq_256,fpq,false_or_unknown_relied_on,1
both,fpq_257,fpq,model_boolean,0
both,fpq_257,fpq,any_false,0
both,fpq_257,fpq,false_and_relied_on,0
both,fpq_257,fpq,false_or_unknown_relied_on,1
both,fpq_258,fpq,model_boolean,0
both,fpq_258,fpq,any_false,0
both,fpq_258,fpq,false_and_relied_on,0
both,fpq_258,fpq,false_or_unknown_relied_on,1
both,fpq_259,fpq,model_boolean,0
both,fpq_259,fpq,any_false,0
both,fpq_259,fpq,false_and_relied_on,0
both,fpq_259,fpq,false_or_unknown_relied_on,0
both,fpq_26,fpq,model_boolean,0
both,fpq_26,fpq,any_false,0
both,fpq_26,fpq,false_and_relied_on,0
both,fpq_26,fpq,false_or_unknown_relied_on,0
both,fpq_260,fpq,model_boolean,0
both,fpq_260,fpq,any_false,0
both,fpq_260,fpq,false_and_relied_on,0
both,fpq_260,fpq,false_or_unknown_relied_on,1
both,fpq_261,fpq,model_boolean,0
both,fpq_261,fpq,any_false,0
both,fpq_261,fpq,false_and_relied_on,0
both,fpq_261,fpq,false_or_unknown_relied_on,0
both,fpq_262,fpq,model_boolean,0
both,fpq_262,fpq,any_false,1
both,fpq_262,fpq,false_and_relied_on,0
both,fpq_262,fpq,false_or_unknown_relied_on,0
both,fpq_263,fpq,model_boolean,1
both,fpq_263,fpq,any_false,1
both,fpq_263,fpq,false_and_relied_on,0
both,fpq_263,fpq,false_or_unknown_relied_on,1
both,fpq_264,fpq,model_boolean,1
both,fpq_264,fpq,any_false,1
both,fpq_264,fpq,false_and_relied_on,0
both,fpq_264,fpq,false_or_unknown_relied_on,0
both,fpq_265,fpq,model_boolean,0
both,fpq_265,fpq,any_false,0
both,fpq_265,fpq,false_and_relied_on,0
both,fpq_265,fpq,false_or_unknown_relied_on,0
both,fpq_266,fpq,model_boolean,1
both,fpq_266,fpq,any_false,1
both,fpq_266,fpq,false_and_relied_on,0
both,fpq_266,fpq,false_or_unknown_relied_on,0
both,fpq_267,fpq,model_boolean,0
both,fpq_267,fpq,any_false,0
both,fpq_267,fpq,false_and_relied_on,0
both,fpq_267,fpq,false_or_unknown_relied_on,1
both,fpq_268,fpq,model_boolean,1
both,fpq_268,fpq,any_false,1
both,fpq_268,fpq,false_and_relied_on,1
both,fpq_268,fpq,false_or_unknown_relied_on,1
both,fpq_269,fpq,model_boolean,1
both,fpq_269,fpq,any_false,1
both,fpq_269,fpq,false_and_relied_on,1
both,fpq_269,fpq,false_or_unknown_relied_on,1
both,fpq_27,fpq,model_boolean,1
both,fpq_27,fpq,any_false,1
both,fpq_27,fpq,false_and_relied_on,1
both,fpq_27,fpq,false_or_unknown_relied_on,1
both,fpq_270,fpq,model_boolean,0
both,fpq_270,fpq,any_false,1
both,fpq_270,fpq,false_and_relied_on,0
both,fpq_270,fpq,false_or_unknown_relied_on,0
both,fpq_271,fpq,model_boolean,0
both,fpq_271,fpq,any_false,0
both,fpq_271,fpq,false_and_relied_on,0
both,fpq_271,fpq,false_or_unknown_relied_on,1
both,fpq_272,fpq,model_boolean,0
both,fpq_272,fpq,any_false,1
both,fpq_272,fpq,false_and_relied_on,0
both,fpq_272,fpq,false_or_unknown_relied_on,0
both,fpq_273,fpq,model_boolean,1
both,fpq_273,fpq,any_false,1
both,fpq_273,fpq,false_and_relied_on,0
both,fpq_273,fpq,false_or_unknown_relied_on,0
both,fpq_274,fpq,model_boolean,0
both,fpq_274,fpq,any_false,1
both,fpq_274,fpq,false_and_relied_on,0
both,fpq_274,fpq,false_or_unknown_relied_on,1
both,fpq_275,fpq,model_boolean,1
both,fpq_275,fpq,any_false,1
both,fpq_275,fpq,false_and_relied_on,1
both,fpq_275,fpq,false_or_unknown_relied_on,1
both,fpq_276,fpq,model_boolean,1
both,fpq_276,fpq,any_false,1
both,fpq_276,fpq,false_and_relied_on,1
both,fpq_276,fpq,false_or_unknown_relied_on,1
both,fpq_277,fpq,model_boolean,1
both,fpq_277,fpq,any_false,1
both,fpq_277,fpq,false_and_relied_on,1
both,fpq_277,fpq,false_or_unknown_relied_on,1
both,fpq_278,fpq,model_boolean,0
both,fpq_278,fpq,any_false,0
both,fpq_278,fpq,false_and_relied_on,0
both,fpq_278,fpq,false_or_unknown_relied_on,1
both,fpq_279,fpq,model_boolean,0
both,fpq_279,fpq,any_false,0
both,fpq_279,fpq,false_and_relied_on,0
both,fpq_279,fpq,false_or_unknown_relied_on,1
both,fpq_28,fpq,model_boolean,0
both,fpq_28,fpq,any_false,0
both,fpq_28,fpq,false_and_relied_on,0
both,fpq_28,fpq,false_or_unknown_relied_on,0
both,fpq_283,fpq,model_boolean,0
both,fpq_283,fpq,any_false,0
both,fpq_283,fpq,false_and_relied_on,0
both,fpq_283,fpq,false_or_unknown_relied_on,0
both,fpq_285,fpq,model_boolean,0
both,fpq_285,fpq,any_false,0
both,fpq_285,fpq,false_and_relied_on,0
both,fpq_285,fpq,false_or_unknown_relied_on,1
both,fpq_286,fpq,model_boolean,1
both,fpq_286,fpq,any_false,1
both,fpq_286,fpq,false_and_relied_on,1
both,fpq_286,fpq,false_or_unknown_relied_on,1
both,fpq_287,fpq,model_boolean,0
both,fpq_287,fpq,any_false,0
both,fpq_287,fpq,false_and_relied_on,0
both,fpq_287,fpq,false_or_unknown_relied_on,0
both,fpq_288,fpq,model_boolean,0
both,fpq_288,fpq,any_false,0
both,fpq_288,fpq,false_and_relied_on,0
both,fpq_288,fpq,false_or_unknown_relied_on,1
both,fpq_289,fpq,model_boolean,0
both,fpq_289,fpq,any_false,0
both,fpq_289,fpq,false_and_relied_on,0
both,fpq_289,fpq,false_or_unknown_relied_on,1
both,fpq_29,fpq,model_boolean,0
both,fpq_29,fpq,any_false,0
both,fpq_29,fpq,false_and_relied_on,0
both,fpq_29,fpq,false_or_unknown_relied_on,1
both,fpq_290,fpq,model_boolean,0
both,fpq_290,fpq,any_false,0
both,fpq_290,fpq,false_and_relied_on,0
both,fpq_290,fpq,false_or_unknown_relied_on,1
both,fpq_291,fpq,model_boolean,0
both,fpq_291,fpq,any_false,1
both,fpq_291,fpq,false_and_relied_on,0
both,fpq_291,fpq,false_or_unknown_relied_on,0
both,fpq_292,fpq,model_boolean,1
both,fpq_292,fpq,any_false,1
both,fpq_292,fpq,false_and_relied_on,1
both,fpq_292,fpq,false_or_unknown_relied_on,1
both,fpq_293,fpq,model_boolean,1
both,fpq_293,fpq,any_false,1
both,fpq_293,fpq,false_and_relied_on,0
both,fpq_293,fpq,false_or_unknown_relied_on,1
both,fpq_294,fpq,model_boolean,1
both,fpq_294,fpq,any_false,1
both,fpq_294,fpq,false_and_relied_on,1
both,fpq_294,fpq,false_or_unknown_relied_on,1
both,fpq_295,fpq,model_boolean,0
both,fpq_295,fpq,any_false,0
both,fpq_295,fpq,false_and_relied_on,0
both,fpq_295,fpq,false_or_unknown_relied_on,1
both,fpq_296,fpq,model_boolean,0
both,fpq_296,fpq,any_false,0
both,fpq_296,fpq,false_and_relied_on,0
both,fpq_296,fpq,false_or_unknown_relied_on,1
both,fpq_297,fpq,model_boolean,0
both,fpq_297,fpq,any_false,0
both,fpq_297,fpq,false_and_relied_on,0
both,fpq_297,fpq,false_or_unknown_relied_on,0
both,fpq_3,fpq,model_boolean,0
both,fpq_3,fpq,any_false,0
both,fpq_3,fpq,false_and_relied_on,0
both,fpq_3,fpq,false_or_unknown_relied_on,1
both,fpq_30,fpq,model_boolean,0
both,fpq_30,fpq,any_false,1
both,fpq_30,fpq,false_and_relied_on,0
both,fpq_30,fpq,false_or_unknown_relied_on,1
both,fpq_302,fpq,model_boolean,0
both,fpq_302,fpq,any_false,0
both,fpq_302,fpq,false_and_relied_on,0
both,fpq_302,fpq,false_or_unknown_relied_on,0
both,fpq_303,fpq,model_boolean,0
both,fpq_303,fpq,any_false,0
both,fpq_303,fpq,false_and_relied_on,0
both,fpq_303,fpq,false_or_unknown_relied_on,0
both,fpq_304,fpq,model_boolean,0
both,fpq_304,fpq,any_false,0
both,fpq_304,fpq,false_and_relied_on,0
both,fpq_304,fpq,false_or_unknown_relied_on,1
both,fpq_305,fpq,model_boolean,0
both,fpq_305,fpq,any_false,0
both,fpq_305,fpq,false_and_relied_on,0
both,fpq_305,fpq,false_or_unknown_relied_on,0
both,fpq_306,fpq,model_boolean,0
both,fpq_306,fpq,any_false,0
both,fpq_306,fpq,false_and_relied_on,0
both,fpq_306,fpq,false_or_unknown_relied_on,0
both,fpq_307,fpq,model_boolean,0
both,fpq_307,fpq,any_false,0
both,fpq_307,fpq,false_and_relied_on,0
both,fpq_307,fpq,false_or_unknown_relied_on,1
both,fpq_308,fpq,model_boolean,0
both,fpq_308,fpq,any_false,0
both,fpq_308,fpq,false_and_relied_on,0
both,fpq_308,fpq,false_or_unknown_relied_on,0
both,fpq_309,fpq,model_boolean,0
both,fpq_309,fpq,any_false,1
both,fpq_309,fpq,false_and_relied_on,0
both,fpq_309,fpq,false_or_unknown_relied_on,0
both,fpq_31,fpq,model_boolean,1
both,fpq_31,fpq,any_false,1
both,fpq_31,fpq,false_and_relied_on,1
both,fpq_31,fpq,false_or_unknown_relied_on,1
both,fpq_311,fpq,model_boolean,1
both,fpq_311,fpq,any_false,1
both,fpq_311,fpq,false_and_relied_on,1
both,fpq_311,fpq,false_or_unknown_relied_on,1
both,fpq_312,fpq,model_boolean,0
both,fpq_312,fpq,any_false,0
both,fpq_312,fpq,false_and_relied_on,0
both,fpq_312,fpq,false_or_unknown_relied_on,0
both,fpq_313,fpq,model_boolean,0
both,fpq_313,fpq,any_false,0
both,fpq_313,fpq,false_and_relied_on,0
both,fpq_313,fpq,false_or_unknown_relied_on,1
both,fpq_314,fpq,model_boolean,0
both,fpq_314,fpq,any_false,0
both,fpq_314,fpq,false_and_relied_on,0
both,fpq_314,fpq,false_or_unknown_relied_on,0
both,fpq_315,fpq,model_boolean,0
both,fpq_315,fpq,any_false,0
both,fpq_315,fpq,false_and_relied_on,0
both,fpq_315,fpq,false_or_unknown_relied_on,1
both,fpq_316,fpq,model_boolean,0
both,fpq_316,fpq,any_false,0
both,fpq_316,fpq,false_and_relied_on,0
both,fpq_316,fpq,false_or_unknown_relied_on,0
both,fpq_317,fpq,model_boolean,0
both,fpq_317,fpq,any_false,0
both,fpq_317,fpq,false_and_relied_on,0
both,fpq_317,fpq,false_or_unknown_relied_on,0
both,fpq_318,fpq,model_boolean,0
both,fpq_318,fpq,any_false,0
both,fpq_318,fpq,false_and_relied_on,0
both,fpq_318,fpq,false_or_unknown_relied_on,1
both,fpq_319,fpq,model_boolean,0
both,fpq_319,fpq,any_false,0
both,fpq_319,fpq,false_and_relied_on,0
both,fpq_319,fpq,false_or_unknown_relied_on,1
both,fpq_32,fpq,model_boolean,0
both,fpq_32,fpq,any_false,0
both,fpq_32,fpq,false_and_relied_on,0
both,fpq_32,fpq,false_or_unknown_relied_on,1
both,fpq_320,fpq,model_boolean,0
both,fpq_320,fpq,any_false,0
both,fpq_320,fpq,false_and_relied_on,0
both,fpq_320,fpq,false_or_unknown_relied_on,1
both,fpq_321,fpq,model_boolean,0
both,fpq_321,fpq,any_false,0
both,fpq_321,fpq,false_and_relied_on,0
both,fpq_321,fpq,false_or_unknown_relied_on,0
both,fpq_325,fpq,model_boolean,0
both,fpq_325,fpq,any_false,0
both,fpq_325,fpq,false_and_relied_on,0
both,fpq_325,fpq,false_or_unknown_relied_on,1
both,fpq_326,fpq,model_boolean,0
both,fpq_326,fpq,any_false,0
both,fpq_326,fpq,false_and_relied_on,0
both,fpq_326,fpq,false_or_unknown_relied_on,0
both,fpq_327,fpq,model_boolean,0
both,fpq_327,fpq,any_false,0
both,fpq_327,fpq,false_and_relied_on,0
both,fpq_327,fpq,false_or_unknown_relied_on,1
both,fpq_33,fpq,model_boolean,0
both,fpq_33,fpq,any_false,0
both,fpq_33,fpq,false_and_relied_on,0
both,fpq_33,fpq,false_or_unknown_relied_on,0
both,fpq_336,fpq,model_boolean,0
both,fpq_336,fpq,any_false,0
both,fpq_336,fpq,false_and_relied_on,0
both,fpq_336,fpq,false_or_unknown_relied_on,1
both,fpq_34,fpq,model_boolean,0
both,fpq_34,fpq,any_false,0
both,fpq_34,fpq,false_and_relied_on,0
both,fpq_34,fpq,false_or_unknown_relied_on,1
both,fpq_342,fpq,model_boolean,1
both,fpq_342,fpq,any_false,1
both,fpq_342,fpq,false_and_relied_on,1
both,fpq_342,fpq,false_or_unknown_relied_on,1
both,fpq_343,fpq,model_boolean,1
both,fpq_343,fpq,any_false,1
both,fpq_343,fpq,false_and_relied_on,1
both,fpq_343,fpq,false_or_unknown_relied_on,1
both,fpq_344,fpq,model_boolean,0
both,fpq_344,fpq,any_false,0
both,fpq_344,fpq,false_and_relied_on,0
both,fpq_344,fpq,false_or_unknown_relied_on,0
both,fpq_348,fpq,model_boolean,1
both,fpq_348,fpq,any_false,1
both,fpq_348,fpq,false_and_relied_on,1
both,fpq_348,fpq,false_or_unknown_relied_on,1
both,fpq_35,fpq,model_boolean,0
both,fpq_35,fpq,any_false,0
both,fpq_35,fpq,false_and_relied_on,0
both,fpq_35,fpq,false_or_unknown_relied_on,1
both,fpq_350,fpq,model_boolean,0
both,fpq_350,fpq,any_false,0
both,fpq_350,fpq,false_and_relied_on,0
both,fpq_350,fpq,false_or_unknown_relied_on,1
both,fpq_353,fpq,model_boolean,0
both,fpq_353,fpq,any_false,0
both,fpq_353,fpq,false_and_relied_on,0
both,fpq_353,fpq,false_or_unknown_relied_on,0
both,fpq_354,fpq,model_boolean,0
both,fpq_354,fpq,any_false,0
both,fpq_354,fpq,false_and_relied_on,0
both,fpq_354,fpq,false_or_unknown_relied_on,0
both,fpq_357,fpq,model_boolean,0
both,fpq_357,fpq,any_false,0
both,fpq_357,fpq,false_and_relied_on,0
both,fpq_357,fpq,false_or_unknown_relied_on,1
both,fpq_358,fpq,model_boolean,0
both,fpq_358,fpq,any_false,0
both,fpq_358,fpq,false_and_relied_on,0
both,fpq_358,fpq,false_or_unknown_relied_on,0
both,fpq_359,fpq,model_boolean,1
both,fpq_359,fpq,any_false,1
both,fpq_359,fpq,false_and_relied_on,0
both,fpq_359,fpq,false_or_unknown_relied_on,0
both,fpq_36,fpq,model_boolean,0
both,fpq_36,fpq,any_false,0
both,fpq_36,fpq,false_and_relied_on,0
both,fpq_36,fpq,false_or_unknown_relied_on,0
both,fpq_361,fpq,model_boolean,1
both,fpq_361,fpq,any_false,1
both,fpq_361,fpq,false_and_relied_on,1
both,fpq_361,fpq,false_or_unknown_relied_on,1
both,fpq_362,fpq,model_boolean,0
both,fpq_362,fpq,any_false,0
both,fpq_362,fpq,false_and_relied_on,0
both,fpq_362,fpq,false_or_unknown_relied_on,0
both,fpq_366,fpq,model_boolean,0
both,fpq_366,fpq,any_false,0
both,fpq_366,fpq,false_and_relied_on,0
both,fpq_366,fpq,false_or_unknown_relied_on,0
both,fpq_368,fpq,model_boolean,0
both,fpq_368,fpq,any_false,0
both,fpq_368,fpq,false_and_relied_on,0
both,fpq_368,fpq,false_or_unknown_relied_on,1
both,fpq_37,fpq,model_boolean,0
both,fpq_37,fpq,any_false,1
both,fpq_37,fpq,false_and_relied_on,0
both,fpq_37,fpq,false_or_unknown_relied_on,1
both,fpq_376,fpq,model_boolean,0
both,fpq_376,fpq,any_false,1
both,fpq_376,fpq,false_and_relied_on,0
both,fpq_376,fpq,false_or_unknown_relied_on,1
both,fpq_378,fpq,model_boolean,0
both,fpq_378,fpq,any_false,0
both,fpq_378,fpq,false_and_relied_on,0
both,fpq_378,fpq,false_or_unknown_relied_on,0
both,fpq_379,fpq,model_boolean,0
both,fpq_379,fpq,any_false,0
both,fpq_379,fpq,false_and_relied_on,0
both,fpq_379,fpq,false_or_unknown_relied_on,0
both,fpq_38,fpq,model_boolean,0
both,fpq_38,fpq,any_false,0
both,fpq_38,fpq,false_and_relied_on,0
both,fpq_38,fpq,false_or_unknown_relied_on,0
both,fpq_380,fpq,model_boolean,0
both,fpq_380,fpq,any_false,0
both,fpq_380,fpq,false_and_relied_on,0
both,fpq_380,fpq,false_or_unknown_relied_on,0
both,fpq_383,fpq,model_boolean,0
both,fpq_383,fpq,any_false,0
both,fpq_383,fpq,false_and_relied_on,0
both,fpq_383,fpq,false_or_unknown_relied_on,1
both,fpq_385,fpq,model_boolean,0
both,fpq_385,fpq,any_false,0
both,fpq_385,fpq,false_and_relied_on,0
both,fpq_385,fpq,false_or_unknown_relied_on,1
both,fpq_386,fpq,model_boolean,1
both,fpq_386,fpq,any_false,1
both,fpq_386,fpq,false_and_relied_on,1
both,fpq_386,fpq,false_or_unknown_relied_on,1
both,fpq_387,fpq,model_boolean,1
both,fpq_387,fpq,any_false,1
both,fpq_387,fpq,false_and_relied_on,0
both,fpq_387,fpq,false_or_unknown_relied_on,0
both,fpq_388,fpq,model_boolean,0
both,fpq_388,fpq,any_false,0
both,fpq_388,fpq,false_and_relied_on,0
both,fpq_388,fpq,false_or_unknown_relied_on,1
both,fpq_389,fpq,model_boolean,0
both,fpq_389,fpq,any_false,0
both,fpq_389,fpq,false_and_relied_on,0
both,fpq_389,fpq,false_or_unknown_relied_on,1
both,fpq_39,fpq,model_boolean,0
both,fpq_39,fpq,any_false,0
both,fpq_39,fpq,false_and_relied_on,0
both,fpq_39,fpq,false_or_unknown_relied_on,0
both,fpq_390,fpq,model_boolean,0
both,fpq_390,fpq,any_false,0
both,fpq_390,fpq,false_and_relied_on,0
both,fpq_390,fpq,false_or_unknown_relied_on,1
both,fpq_391,fpq,model_boolean,1
both,fpq_391,fpq,any_false,1
both,fpq_391,fpq,false_and_relied_on,1
both,fpq_391,fpq,false_or_unknown_relied_on,1
both,fpq_392,fpq,model_boolean,1
both,fpq_392,fpq,any_false,1
both,fpq_392,fpq,false_and_relied_on,1
both,fpq_392,fpq,false_or_unknown_relied_on,1
both,fpq_394,fpq,model_boolean,0
both,fpq_394,fpq,any_false,0
both,fpq_394,fpq,false_and_relied_on,0
both,fpq_394,fpq,false_or_unknown_relied_on,1
both,fpq_395,fpq,model_boolean,0
both,fpq_395,fpq,any_false,0
both,fpq_395,fpq,false_and_relied_on,0
both,fpq_395,fpq,false_or_unknown_relied_on,1
both,fpq_396,fpq,model_boolean,0
both,fpq_396,fpq,any_false,0
both,fpq_396,fpq,false_and_relied_on,0
both,fpq_396,fpq,false_or_unknown_relied_on,0
both,fpq_397,fpq,model_boolean,1
both,fpq_397,fpq,any_false,1
both,fpq_397,fpq,false_and_relied_on,1
both,fpq_397,fpq,false_or_unknown_relied_on,1
both,fpq_398,fpq,model_boolean,1
both,fpq_398,fpq,any_false,1
both,fpq_398,fpq,false_and_relied_on,1
both,fpq_398,fpq,false_or_unknown_relied_on,1
both,fpq_399,fpq,model_boolean,1
both,fpq_399,fpq,any_false,1
both,fpq_399,fpq,false_and_relied_on,1
both,fpq_399,fpq,false_or_unknown_relied_on,1
both,fpq_4,fpq,model_boolean,0
both,fpq_4,fpq,any_false,0
both,fpq_4,fpq,false_and_relied_on,0
both,fpq_4,fpq,false_or_unknown_relied_on,0
both,fpq_40,fpq,model_boolean,0
both,fpq_40,fpq,any_false,0
both,fpq_40,fpq,false_and_relied_on,0
both,fpq_40,fpq,false_or_unknown_relied_on,1
both,fpq_400,fpq,model_boolean,0
both,fpq_400,fpq,any_false,0
both,fpq_400,fpq,false_and_relied_on,0
both,fpq_400,fpq,false_or_unknown_relied_on,0
both,fpq_403,fpq,model_boolean,1
both,fpq_403,fpq,any_false,1
both,fpq_403,fpq,false_and_relied_on,0
both,fpq_403,fpq,false_or_unknown_relied_on,0
both,fpq_405,fpq,model_boolean,0
both,fpq_405,fpq,any_false,0
both,fpq_405,fpq,false_and_relied_on,0
both,fpq_405,fpq,false_or_unknown_relied_on,1
both,fpq_407,fpq,model_boolean,1
both,fpq_407,fpq,any_false,1
both,fpq_407,fpq,false_and_relied_on,1
both,fpq_407,fpq,false_or_unknown_relied_on,1
both,fpq_408,fpq,model_boolean,0
both,fpq_408,fpq,any_false,0
both,fpq_408,fpq,false_and_relied_on,0
both,fpq_408,fpq,false_or_unknown_relied_on,0
both,fpq_41,fpq,model_boolean,0
both,fpq_41,fpq,any_false,0
both,fpq_41,fpq,false_and_relied_on,0
both,fpq_41,fpq,false_or_unknown_relied_on,1
both,fpq_415,fpq,model_boolean,0
both,fpq_415,fpq,any_false,0
both,fpq_415,fpq,false_and_relied_on,0
both,fpq_415,fpq,false_or_unknown_relied_on,0
both,fpq_416,fpq,model_boolean,0
both,fpq_416,fpq,any_false,0
both,fpq_416,fpq,false_and_relied_on,0
both,fpq_416,fpq,false_or_unknown_relied_on,0
both,fpq_417,fpq,model_boolean,0
both,fpq_417,fpq,any_false,0
both,fpq_417,fpq,false_and_relied_on,0
both,fpq_417,fpq,false_or_unknown_relied_on,1
both,fpq_42,fpq,model_boolean,0
both,fpq_42,fpq,any_false,0
both,fpq_42,fpq,false_and_relied_on,0
both,fpq_42,fpq,false_or_unknown_relied_on,0
both,fpq_420,fpq,model_boolean,0
both,fpq_420,fpq,any_false,0
both,fpq_420,fpq,false_and_relied_on,0
both,fpq_420,fpq,false_or_unknown_relied_on,1
both,fpq_421,fpq,model_boolean,0
both,fpq_421,fpq,any_false,0
both,fpq_421,fpq,false_and_relied_on,0
both,fpq_421,fpq,false_or_unknown_relied_on,0
both,fpq_422,fpq,model_boolean,0
both,fpq_422,fpq,any_false,0
both,fpq_422,fpq,false_and_relied_on,0
both,fpq_422,fpq,false_or_unknown_relied_on,0
both,fpq_423,fpq,model_boolean,1
both,fpq_423,fpq,any_false,1
both,fpq_423,fpq,false_and_relied_on,1
both,fpq_423,fpq,false_or_unknown_relied_on,1
both,fpq_425,fpq,model_boolean,0
both,fpq_425,fpq,any_false,0
both,fpq_425,fpq,false_and_relied_on,0
both,fpq_425,fpq,false_or_unknown_relied_on,0
both,fpq_426,fpq,model_boolean,0
both,fpq_426,fpq,any_false,0
both,fpq_426,fpq,false_and_relied_on,0
both,fpq_426,fpq,false_or_unknown_relied_on,1
both,fpq_428,fpq,model_boolean,0
both,fpq_428,fpq,any_false,0
both,fpq_428,fpq,false_and_relied_on,0
both,fpq_428,fpq,false_or_unknown_relied_on,1
both,fpq_429,fpq,model_boolean,1
both,fpq_429,fpq,any_false,1
both,fpq_429,fpq,false_and_relied_on,0
both,fpq_429,fpq,false_or_unknown_relied_on,0
both,fpq_43,fpq,model_boolean,0
both,fpq_43,fpq,any_false,0
both,fpq_43,fpq,false_and_relied_on,0
both,fpq_43,fpq,false_or_unknown_relied_on,0
both,fpq_434,fpq,model_boolean,1
both,fpq_434,fpq,any_false,1
both,fpq_434,fpq,false_and_relied_on,1
both,fpq_434,fpq,false_or_unknown_relied_on,1
both,fpq_436,fpq,model_boolean,0
both,fpq_436,fpq,any_false,0
both,fpq_436,fpq,false_and_relied_on,0
both,fpq_436,fpq,false_or_unknown_relied_on,1
both,fpq_438,fpq,model_boolean,0
both,fpq_438,fpq,any_false,0
both,fpq_438,fpq,false_and_relied_on,0
both,fpq_438,fpq,false_or_unknown_relied_on,1
both,fpq_439,fpq,model_boolean,1
both,fpq_439,fpq,any_false,1
both,fpq_439,fpq,false_and_relied_on,1
both,fpq_439,fpq,false_or_unknown_relied_on,1
both,fpq_44,fpq,model_boolean,1
both,fpq_44,fpq,any_false,1
both,fpq_44,fpq,false_and_relied_on,1
both,fpq_44,fpq,false_or_unknown_relied_on,1
both,fpq_443,fpq,model_boolean,1
both,fpq_443,fpq,any_false,1
both,fpq_443,fpq,false_and_relied_on,1
both,fpq_443,fpq,false_or_unknown_relied_on,1
both,fpq_445,fpq,model_boolean,0
both,fpq_445,fpq,any_false,0
both,fpq_445,fpq,false_and_relied_on,0
both,fpq_445,fpq,false_or_unknown_relied_on,0
both,fpq_446,fpq,model_boolean,0
both,fpq_446,fpq,any_false,1
both,fpq_446,fpq,false_and_relied_on,0
both,fpq_446,fpq,false_or_unknown_relied_on,0
both,fpq_45,fpq,model_boolean,1
both,fpq_45,fpq,any_false,1
both,fpq_45,fpq,false_and_relied_on,1
both,fpq_45,fpq,false_or_unknown_relied_on,1
both,fpq_459,fpq,model_boolean,1
both,fpq_459,fpq,any_false,1
both,fpq_459,fpq,false_and_relied_on,1
both,fpq_459,fpq,false_or_unknown_relied_on,1
both,fpq_46,fpq,model_boolean,0
both,fpq_46,fpq,any_false,0
both,fpq_46,fpq,false_and_relied_on,0
both,fpq_46,fpq,false_or_unknown_relied_on,1
both,fpq_460,fpq,model_boolean,0
both,fpq_460,fpq,any_false,0
both,fpq_460,fpq,false_and_relied_on,0
both,fpq_460,fpq,false_or_unknown_relied_on,0
both,fpq_462,fpq,model_boolean,1
both,fpq_462,fpq,any_false,1
both,fpq_462,fpq,false_and_relied_on,1
both,fpq_462,fpq,false_or_unknown_relied_on,1
both,fpq_467,fpq,model_boolean,0
both,fpq_467,fpq,any_false,0
both,fpq_467,fpq,false_and_relied_on,0
both,fpq_467,fpq,false_or_unknown_relied_on,0
both,fpq_47,fpq,model_boolean,1
both,fpq_47,fpq,any_false,0
both,fpq_47,fpq,false_and_relied_on,0
both,fpq_47,fpq,false_or_unknown_relied_on,1
both,fpq_472,fpq,model_boolean,0
both,fpq_472,fpq,any_false,0
both,fpq_472,fpq,false_and_relied_on,0
both,fpq_472,fpq,false_or_unknown_relied_on,1
both,fpq_473,fpq,model_boolean,0
both,fpq_473,fpq,any_false,0
both,fpq_473,fpq,false_and_relied_on,0
both,fpq_473,fpq,false_or_unknown_relied_on,0
both,fpq_474,fpq,model_boolean,0
both,fpq_474,fpq,any_false,0
both,fpq_474,fpq,false_and_relied_on,0
both,fpq_474,fpq,false_or_unknown_relied_on,1
both,fpq_477,fpq,model_boolean,1
both,fpq_477,fpq,any_false,1
both,fpq_477,fpq,false_and_relied_on,1
both,fpq_477,fpq,false_or_unknown_relied_on,1
both,fpq_479,fpq,model_boolean,0
both,fpq_479,fpq,any_false,0
both,fpq_479,fpq,false_and_relied_on,0
both,fpq_479,fpq,false_or_unknown_relied_on,0
both,fpq_48,fpq,model_boolean,0
both,fpq_48,fpq,any_false,0
both,fpq_48,fpq,false_and_relied_on,0
both,fpq_48,fpq,false_or_unknown_relied_on,1
both,fpq_484,fpq,model_boolean,0
both,fpq_484,fpq,any_false,1
both,fpq_484,fpq,false_and_relied_on,0
both,fpq_484,fpq,false_or_unknown_relied_on,1
both,fpq_485,fpq,model_boolean,0
both,fpq_485,fpq,any_false,0
both,fpq_485,fpq,false_and_relied_on,0
both,fpq_485,fpq,false_or_unknown_relied_on,1
both,fpq_487,fpq,model_boolean,0
both,fpq_487,fpq,any_false,0
both,fpq_487,fpq,false_and_relied_on,0
both,fpq_487,fpq,false_or_unknown_relied_on,1
both,fpq_488,fpq,model_boolean,0
both,fpq_488,fpq,any_false,0
both,fpq_488,fpq,false_and_relied_on,0
both,fpq_488,fpq,false_or_unknown_relied_on,0
both,fpq_49,fpq,model_boolean,0
both,fpq_49,fpq,any_false,0
both,fpq_49,fpq,false_and_relied_on,0
both,fpq_49,fpq,false_or_unknown_relied_on,0
both,fpq_492,fpq,model_boolean,1
both,fpq_492,fpq,any_false,1
both,fpq_492,fpq,false_and_relied_on,1
both,fpq_492,fpq,false_or_unknown_relied_on,1
both,fpq_493,fpq,model_boolean,0
both,fpq_493,fpq,any_false,0
both,fpq_493,fpq,false_and_relied_on,0
both,fpq_493,fpq,false_or_unknown_relied_on,1
both,fpq_494,fpq,model_boolean,1
both,fpq_494,fpq,any_false,1
both,fpq_494,fpq,false_and_relied_on,1
both,fpq_494,fpq,false_or_unknown_relied_on,1
both,fpq_495,fpq,model_boolean,0
both,fpq_495,fpq,any_false,0
both,fpq_495,fpq,false_and_relied_on,0
both,fpq_495,fpq,false_or_unknown_relied_on,1
both,fpq_497,fpq,model_boolean,0
both,fpq_497,fpq,any_false,0
both,fpq_497,fpq,false_and_relied_on,0
both,fpq_497,fpq,false_or_unknown_relied_on,1
both,fpq_499,fpq,model_boolean,0
both,fpq_499,fpq,any_false,0
both,fpq_499,fpq,false_and_relied_on,0
both,fpq_499,fpq,false_or_unknown_relied_on,1
both,fpq_5,fpq,model_boolean,0
both,fpq_5,fpq,any_false,0
both,fpq_5,fpq,false_and_relied_on,0
both,fpq_5,fpq,false_or_unknown_relied_on,0
both,fpq_50,fpq,model_boolean,0
both,fpq_50,fpq,any_false,0
both,fpq_50,fpq,false_and_relied_on,0
both,fpq_50,fpq,false_or_unknown_relied_on,0
both,fpq_500,fpq,model_boolean,0
both,fpq_500,fpq,any_false,0
both,fpq_500,fpq,false_and_relied_on,0
both,fpq_500,fpq,false_or_unknown_relied_on,1
both,fpq_501,fpq,model_boolean,0
both,fpq_501,fpq,any_false,0
both,fpq_501,fpq,false_and_relied_on,0
both,fpq_501,fpq,false_or_unknown_relied_on,1
both,fpq_502,fpq,model_boolean,1
both,fpq_502,fpq,any_false,1
both,fpq_502,fpq,false_and_relied_on,1
both,fpq_502,fpq,false_or_unknown_relied_on,1
both,fpq_505,fpq,model_boolean,0
both,fpq_505,fpq,any_false,0
both,fpq_505,fpq,false_and_relied_on,0
both,fpq_505,fpq,false_or_unknown_relied_on,1
both,fpq_506,fpq,model_boolean,0
both,fpq_506,fpq,any_false,0
both,fpq_506,fpq,false_and_relied_on,0
both,fpq_506,fpq,false_or_unknown_relied_on,0
both,fpq_507,fpq,model_boolean,0
both,fpq_507,fpq,any_false,0
both,fpq_507,fpq,false_and_relied_on,0
both,fpq_507,fpq,false_or_unknown_relied_on,0
both,fpq_51,fpq,model_boolean,1
both,fpq_51,fpq,any_false,1
both,fpq_51,fpq,false_and_relied_on,1
both,fpq_51,fpq,false_or_unknown_relied_on,1
both,fpq_512,fpq,model_boolean,0
both,fpq_512,fpq,any_false,0
both,fpq_512,fpq,false_and_relied_on,0
both,fpq_512,fpq,false_or_unknown_relied_on,1
both,fpq_514,fpq,model_boolean,1
both,fpq_514,fpq,any_false,1
both,fpq_514,fpq,false_and_relied_on,1
both,fpq_514,fpq,false_or_unknown_relied_on,1
both,fpq_516,fpq,model_boolean,0
both,fpq_516,fpq,any_false,0
both,fpq_516,fpq,false_and_relied_on,0
both,fpq_516,fpq,false_or_unknown_relied_on,1
both,fpq_517,fpq,model_boolean,0
both,fpq_517,fpq,any_false,0
both,fpq_517,fpq,false_and_relied_on,0
both,fpq_517,fpq,false_or_unknown_relied_on,0
both,fpq_52,fpq,model_boolean,0
both,fpq_52,fpq,any_false,0
both,fpq_52,fpq,false_and_relied_on,0
both,fpq_52,fpq,false_or_unknown_relied_on,1
both,fpq_521,fpq,model_boolean,0
both,fpq_521,fpq,any_false,0
both,fpq_521,fpq,false_and_relied_on,0
both,fpq_521,fpq,false_or_unknown_relied_on,1
both,fpq_522,fpq,model_boolean,1
both,fpq_522,fpq,any_false,1
both,fpq_522,fpq,false_and_relied_on,1
both,fpq_522,fpq,false_or_unknown_relied_on,1
both,fpq_524,fpq,model_boolean,0
both,fpq_524,fpq,any_false,0
both,fpq_524,fpq,false_and_relied_on,0
both,fpq_524,fpq,false_or_unknown_relied_on,0
both,fpq_525,fpq,model_boolean,0
both,fpq_525,fpq,any_false,1
both,fpq_525,fpq,false_and_relied_on,0
both,fpq_525,fpq,false_or_unknown_relied_on,1
both,fpq_53,fpq,model_boolean,0
both,fpq_53,fpq,any_false,0
both,fpq_53,fpq,false_and_relied_on,0
both,fpq_53,fpq,false_or_unknown_relied_on,0
both,fpq_530,fpq,model_boolean,0
both,fpq_530,fpq,any_false,0
both,fpq_530,fpq,false_and_relied_on,0
both,fpq_530,fpq,false_or_unknown_relied_on,0
both,fpq_531,fpq,model_boolean,0
both,fpq_531,fpq,any_false,0
both,fpq_531,fpq,false_and_relied_on,0
both,fpq_531,fpq,false_or_unknown_relied_on,0
both,fpq_534,fpq,model_boolean,0
both,fpq_534,fpq,any_false,0
both,fpq_534,fpq,false_and_relied_on,0
both,fpq_534,fpq,false_or_unknown_relied_on,0
both,fpq_535,fpq,model_boolean,0
both,fpq_535,fpq,any_false,0
both,fpq_535,fpq,false_and_relied_on,0
both,fpq_535,fpq,false_or_unknown_relied_on,0
both,fpq_54,fpq,model_boolean,0
both,fpq_54,fpq,any_false,0
both,fpq_54,fpq,false_and_relied_on,0
both,fpq_54,fpq,false_or_unknown_relied_on,0
both,fpq_542,fpq,model_boolean,0
both,fpq_542,fpq,any_false,0
both,fpq_542,fpq,false_and_relied_on,0
both,fpq_542,fpq,false_or_unknown_relied_on,0
both,fpq_543,fpq,model_boolean,0
both,fpq_543,fpq,any_false,0
both,fpq_543,fpq,false_and_relied_on,0
both,fpq_543,fpq,false_or_unknown_relied_on,0
both,fpq_546,fpq,model_boolean,0
both,fpq_546,fpq,any_false,0
both,fpq_546,fpq,false_and_relied_on,0
both,fpq_546,fpq,false_or_unknown_relied_on,0
both,fpq_547,fpq,model_boolean,0
both,fpq_547,fpq,any_false,0
both,fpq_547,fpq,false_and_relied_on,0
both,fpq_547,fpq,false_or_unknown_relied_on,1
both,fpq_549,fpq,model_boolean,0
both,fpq_549,fpq,any_false,0
both,fpq_549,fpq,false_and_relied_on,0
both,fpq_549,fpq,false_or_unknown_relied_on,1
both,fpq_55,fpq,model_boolean,0
both,fpq_55,fpq,any_false,0
both,fpq_55,fpq,false_and_relied_on,0
both,fpq_55,fpq,false_or_unknown_relied_on,1
both,fpq_550,fpq,model_boolean,1
both,fpq_550,fpq,any_false,1
both,fpq_550,fpq,false_and_relied_on,1
both,fpq_550,fpq,false_or_unknown_relied_on,1
both,fpq_552,fpq,model_boolean,0
both,fpq_552,fpq,any_false,0
both,fpq_552,fpq,false_and_relied_on,0
both,fpq_552,fpq,false_or_unknown_relied_on,1
both,fpq_556,fpq,model_boolean,0
both,fpq_556,fpq,any_false,1
both,fpq_556,fpq,false_and_relied_on,0
both,fpq_556,fpq,false_or_unknown_relied_on,1
both,fpq_557,fpq,model_boolean,0
both,fpq_557,fpq,any_false,0
both,fpq_557,fpq,false_and_relied_on,0
both,fpq_557,fpq,false_or_unknown_relied_on,1
both,fpq_558,fpq,model_boolean,0
both,fpq_558,fpq,any_false,0
both,fpq_558,fpq,false_and_relied_on,0
both,fpq_558,fpq,false_or_unknown_relied_on,1
both,fpq_559,fpq,model_boolean,1
both,fpq_559,fpq,any_false,1
both,fpq_559,fpq,false_and_relied_on,1
both,fpq_559,fpq,false_or_unknown_relied_on,1
both,fpq_56,fpq,model_boolean,0
both,fpq_56,fpq,any_false,0
both,fpq_56,fpq,false_and_relied_on,0
both,fpq_56,fpq,false_or_unknown_relied_on,0
both,fpq_560,fpq,model_boolean,0
both,fpq_560,fpq,any_false,0
both,fpq_560,fpq,false_and_relied_on,0
both,fpq_560,fpq,false_or_unknown_relied_on,0
both,fpq_563,fpq,model_boolean,1
both,fpq_563,fpq,any_false,1
both,fpq_563,fpq,false_and_relied_on,1
both,fpq_563,fpq,false_or_unknown_relied_on,1
both,fpq_564,fpq,model_boolean,0
both,fpq_564,fpq,any_false,0
both,fpq_564,fpq,false_and_relied_on,0
both,fpq_564,fpq,false_or_unknown_relied_on,0
both,fpq_565,fpq,model_boolean,0
both,fpq_565,fpq,any_false,0
both,fpq_565,fpq,false_and_relied_on,0
both,fpq_565,fpq,false_or_unknown_relied_on,0
both,fpq_566,fpq,model_boolean,0
both,fpq_566,fpq,any_false,1
both,fpq_566,fpq,false_and_relied_on,0
both,fpq_566,fpq,false_or_unknown_relied_on,1
both,fpq_57,fpq,model_boolean,1
both,fpq_57,fpq,any_false,1
both,fpq_57,fpq,false_and_relied_on,1
both,fpq_57,fpq,false_or_unknown_relied_on,1
both,fpq_570,fpq,model_boolean,0
both,fpq_570,fpq,any_false,1
both,fpq_570,fpq,false_and_relied_on,0
both,fpq_570,fpq,false_or_unknown_relied_on,0
both,fpq_572,fpq,model_boolean,0
both,fpq_572,fpq,any_false,0
both,fpq_572,fpq,false_and_relied_on,0
both,fpq_572,fpq,false_or_unknown_relied_on,0
both,fpq_574,fpq,model_boolean,0
both,fpq_574,fpq,any_false,1
both,fpq_574,fpq,false_and_relied_on,0
both,fpq_574,fpq,false_or_unknown_relied_on,0
both,fpq_58,fpq,model_boolean,0
both,fpq_58,fpq,any_false,0
both,fpq_58,fpq,false_and_relied_on,0
both,fpq_58,fpq,false_or_unknown_relied_on,1
both,fpq_580,fpq,model_boolean,1
both,fpq_580,fpq,any_false,1
both,fpq_580,fpq,false_and_relied_on,1
both,fpq_580,fpq,false_or_unknown_relied_on,1
both,fpq_583,fpq,model_boolean,0
both,fpq_583,fpq,any_false,0
both,fpq_583,fpq,false_and_relied_on,0
both,fpq_583,fpq,false_or_unknown_relied_on,1
both,fpq_584,fpq,model_boolean,0
both,fpq_584,fpq,any_false,0
both,fpq_584,fpq,false_and_relied_on,0
both,fpq_584,fpq,false_or_unknown_relied_on,1
both,fpq_586,fpq,model_boolean,1
both,fpq_586,fpq,any_false,1
both,fpq_586,fpq,false_and_relied_on,1
both,fpq_586,fpq,false_or_unknown_relied_on,1
both,fpq_59,fpq,model_boolean,0
both,fpq_59,fpq,any_false,0
both,fpq_59,fpq,false_and_relied_on,0
both,fpq_59,fpq,false_or_unknown_relied_on,0
both,fpq_593,fpq,model_boolean,0
both,fpq_593,fpq,any_false,0
both,fpq_593,fpq,false_and_relied_on,0
both,fpq_593,fpq,false_or_unknown_relied_on,0
both,fpq_595,fpq,model_boolean,1
both,fpq_595,fpq,any_false,1
both,fpq_595,fpq,false_and_relied_on,1
both,fpq_595,fpq,false_or_unknown_relied_on,1
both,fpq_596,fpq,model_boolean,0
both,fpq_596,fpq,any_false,0
both,fpq_596,fpq,false_and_relied_on,0
both,fpq_596,fpq,false_or_unknown_relied_on,0
both,fpq_598,fpq,model_boolean,0
both,fpq_598,fpq,any_false,1
both,fpq_598,fpq,false_and_relied_on,0
both,fpq_598,fpq,false_or_unknown_relied_on,1
both,fpq_6,fpq,model_boolean,0
both,fpq_6,fpq,any_false,0
both,fpq_6,fpq,false_and_relied_on,0
both,fpq_6,fpq,false_or_unknown_relied_on,0
both,fpq_60,fpq,model_boolean,0
both,fpq_60,fpq,any_false,0
both,fpq_60,fpq,false_and_relied_on,0
both,fpq_60,fpq,false_or_unknown_relied_on,1
both,fpq_600,fpq,model_boolean,1
both,fpq_600,fpq,any_false,1
both,fpq_600,fpq,false_and_relied_on,1
both,fpq_600,fpq,false_or_unknown_relied_on,1
both,fpq_601,fpq,model_boolean,1
both,fpq_601,fpq,any_false,1
both,fpq_601,fpq,false_and_relied_on,1
both,fpq_601,fpq,false_or_unknown_relied_on,1
both,fpq_603,fpq,model_boolean,0
both,fpq_603,fpq,any_false,0
both,fpq_603,fpq,false_and_relied_on,0
both,fpq_603,fpq,false_or_unknown_relied_on,0
both,fpq_604,fpq,model_boolean,0
both,fpq_604,fpq,any_false,0
both,fpq_604,fpq,false_and_relied_on,0
both,fpq_604,fpq,false_or_unknown_relied_on,0
both,fpq_606,fpq,model_boolean,1
both,fpq_606,fpq,any_false,1
both,fpq_606,fpq,false_and_relied_on,1
both,fpq_606,fpq,false_or_unknown_relied_on,1
both,fpq_607,fpq,model_boolean,1
both,fpq_607,fpq,any_false,1
both,fpq_607,fpq,false_and_relied_on,1
both,fpq_607,fpq,false_or_unknown_relied_on,1
both,fpq_608,fpq,model_boolean,0
both,fpq_608,fpq,any_false,0
both,fpq_608,fpq,false_and_relied_on,0
both,fpq_608,fpq,false_or_unknown_relied_on,1
both,fpq_609,fpq,model_boolean,0
both,fpq_609,fpq,any_false,0
both,fpq_609,fpq,false_and_relied_on,0
both,fpq_609,fpq,false_or_unknown_relied_on,0
both,fpq_61,fpq,model_boolean,0
both,fpq_61,fpq,any_false,0
both,fpq_61,fpq,false_and_relied_on,0
both,fpq_61,fpq,false_or_unknown_relied_on,0
both,fpq_610,fpq,model_boolean,0
both,fpq_610,fpq,any_false,0
both,fpq_610,fpq,false_and_relied_on,0
both,fpq_610,fpq,false_or_unknown_relied_on,1
both,fpq_611,fpq,model_boolean,1
both,fpq_611,fpq,any_false,1
both,fpq_611,fpq,false_and_relied_on,1
both,fpq_611,fpq,false_or_unknown_relied_on,1
both,fpq_612,fpq,model_boolean,0
both,fpq_612,fpq,any_false,0
both,fpq_612,fpq,false_and_relied_on,0
both,fpq_612,fpq,false_or_unknown_relied_on,0
both,fpq_613,fpq,model_boolean,1
both,fpq_613,fpq,any_false,1
both,fpq_613,fpq,false_and_relied_on,0
both,fpq_613,fpq,false_or_unknown_relied_on,1
both,fpq_614,fpq,model_boolean,1
both,fpq_614,fpq,any_false,1
both,fpq_614,fpq,false_and_relied_on,1
both,fpq_614,fpq,false_or_unknown_relied_on,1
both,fpq_615,fpq,model_boolean,0
both,fpq_615,fpq,any_false,0
both,fpq_615,fpq,false_and_relied_on,0
both,fpq_615,fpq,false_or_unknown_relied_on,1
both,fpq_616,fpq,model_boolean,0
both,fpq_616,fpq,any_false,0
both,fpq_616,fpq,false_and_relied_on,0
both,fpq_616,fpq,false_or_unknown_relied_on,1
both,fpq_617,fpq,model_boolean,0
both,fpq_617,fpq,any_false,0
both,fpq_617,fpq,false_and_relied_on,0
both,fpq_617,fpq,false_or_unknown_relied_on,0
both,fpq_618,fpq,model_boolean,0
both,fpq_618,fpq,any_false,0
both,fpq_618,fpq,false_and_relied_on,0
both,fpq_618,fpq,false_or_unknown_relied_on,0
both,fpq_619,fpq,model_boolean,0
both,fpq_619,fpq,any_false,0
both,fpq_619,fpq,false_and_relied_on,0
both,fpq_619,fpq,false_or_unknown_relied_on,0
both,fpq_62,fpq,model_boolean,1
both,fpq_62,fpq,any_false,1
both,fpq_62,fpq,false_and_relied_on,1
both,fpq_62,fpq,false_or_unknown_relied_on,1
both,fpq_620,fpq,model_boolean,0
both,fpq_620,fpq,any_false,0
both,fpq_620,fpq,false_and_relied_on,0
both,fpq_620,fpq,false_or_unknown_relied_on,1
both,fpq_621,fpq,model_boolean,0
both,fpq_621,fpq,any_false,0
both,fpq_621,fpq,false_and_relied_on,0
both,fpq_621,fpq,false_or_unknown_relied_on,0
both,fpq_622,fpq,model_boolean,1
both,fpq_622,fpq,any_false,1
both,fpq_622,fpq,false_and_relied_on,1
both,fpq_622,fpq,false_or_unknown_relied_on,1
both,fpq_623,fpq,model_boolean,0
both,fpq_623,fpq,any_false,1
both,fpq_623,fpq,false_and_relied_on,0
both,fpq_623,fpq,false_or_unknown_relied_on,0
both,fpq_624,fpq,model_boolean,1
both,fpq_624,fpq,any_false,1
both,fpq_624,fpq,false_and_relied_on,1
both,fpq_624,fpq,false_or_unknown_relied_on,1
both,fpq_625,fpq,model_boolean,1
both,fpq_625,fpq,any_false,1
both,fpq_625,fpq,false_and_relied_on,1
both,fpq_625,fpq,false_or_unknown_relied_on,1
both,fpq_626,fpq,model_boolean,1
both,fpq_626,fpq,any_false,1
both,fpq_626,fpq,false_and_relied_on,1
both,fpq_626,fpq,false_or_unknown_relied_on,1
both,fpq_628,fpq,model_boolean,0
both,fpq_628,fpq,any_false,0
both,fpq_628,fpq,false_and_relied_on,0
both,fpq_628,fpq,false_or_unknown_relied_on,0
both,fpq_629,fpq,model_boolean,0
both,fpq_629,fpq,any_false,0
both,fpq_629,fpq,false_and_relied_on,0
both,fpq_629,fpq,false_or_unknown_relied_on,0
both,fpq_63,fpq,model_boolean,1
both,fpq_63,fpq,any_false,1
both,fpq_63,fpq,false_and_relied_on,0
both,fpq_63,fpq,false_or_unknown_relied_on,0
both,fpq_630,fpq,model_boolean,1
both,fpq_630,fpq,any_false,1
both,fpq_630,fpq,false_and_relied_on,1
both,fpq_630,fpq,false_or_unknown_relied_on,1
both,fpq_631,fpq,model_boolean,0
both,fpq_631,fpq,any_false,1
both,fpq_631,fpq,false_and_relied_on,0
both,fpq_631,fpq,false_or_unknown_relied_on,0
both,fpq_632,fpq,model_boolean,1
both,fpq_632,fpq,any_false,1
both,fpq_632,fpq,false_and_relied_on,1
both,fpq_632,fpq,false_or_unknown_relied_on,1
both,fpq_633,fpq,model_boolean,0
both,fpq_633,fpq,any_false,0
both,fpq_633,fpq,false_and_relied_on,0
both,fpq_633,fpq,false_or_unknown_relied_on,1
both,fpq_634,fpq,model_boolean,0
both,fpq_634,fpq,any_false,0
both,fpq_634,fpq,false_and_relied_on,0
both,fpq_634,fpq,false_or_unknown_relied_on,0
both,fpq_635,fpq,model_boolean,0
both,fpq_635,fpq,any_false,1
both,fpq_635,fpq,false_and_relied_on,0
both,fpq_635,fpq,false_or_unknown_relied_on,0
both,fpq_636,fpq,model_boolean,1
both,fpq_636,fpq,any_false,1
both,fpq_636,fpq,false_and_relied_on,1
both,fpq_636,fpq,false_or_unknown_relied_on,1
both,fpq_638,fpq,model_boolean,0
both,fpq_638,fpq,any_false,1
both,fpq_638,fpq,false_and_relied_on,0
both,fpq_638,fpq,false_or_unknown_relied_on,0
both,fpq_639,fpq,model_boolean,0
both,fpq_639,fpq,any_false,0
both,fpq_639,fpq,false_and_relied_on,0
both,fpq_639,fpq,false_or_unknown_relied_on,0
both,fpq_64,fpq,model_boolean,1
both,fpq_64,fpq,any_false,1
both,fpq_64,fpq,false_and_relied_on,1
both,fpq_64,fpq,false_or_unknown_relied_on,1
both,fpq_640,fpq,model_boolean,0
both,fpq_640,fpq,any_false,0
both,fpq_640,fpq,false_and_relied_on,0
both,fpq_640,fpq,false_or_unknown_relied_on,1
both,fpq_641,fpq,model_boolean,0
both,fpq_641,fpq,any_false,0
both,fpq_641,fpq,false_and_relied_on,0
both,fpq_641,fpq,false_or_unknown_relied_on,1
both,fpq_643,fpq,model_boolean,0
both,fpq_643,fpq,any_false,0
both,fpq_643,fpq,false_and_relied_on,0
both,fpq_643,fpq,false_or_unknown_relied_on,1
both,fpq_644,fpq,model_boolean,0
both,fpq_644,fpq,any_false,0
both,fpq_644,fpq,false_and_relied_on,0
both,fpq_644,fpq,false_or_unknown_relied_on,1
both,fpq_645,fpq,model_boolean,0
both,fpq_645,fpq,any_false,0
both,fpq_645,fpq,false_and_relied_on,0
both,fpq_645,fpq,false_or_unknown_relied_on,0
both,fpq_646,fpq,model_boolean,0
both,fpq_646,fpq,any_false,0
both,fpq_646,fpq,false_and_relied_on,0
both,fpq_646,fpq,false_or_unknown_relied_on,0
both,fpq_647,fpq,model_boolean,0
both,fpq_647,fpq,any_false,0
both,fpq_647,fpq,false_and_relied_on,0
both,fpq_647,fpq,false_or_unknown_relied_on,1
both,fpq_649,fpq,model_boolean,0
both,fpq_649,fpq,any_false,0
both,fpq_649,fpq,false_and_relied_on,0
both,fpq_649,fpq,false_or_unknown_relied_on,0
both,fpq_65,fpq,model_boolean,0
both,fpq_65,fpq,any_false,0
both,fpq_65,fpq,false_and_relied_on,0
both,fpq_65,fpq,false_or_unknown_relied_on,0
both,fpq_650,fpq,model_boolean,0
both,fpq_650,fpq,any_false,0
both,fpq_650,fpq,false_and_relied_on,0
both,fpq_650,fpq,false_or_unknown_relied_on,0
both,fpq_652,fpq,model_boolean,0
both,fpq_652,fpq,any_false,0
both,fpq_652,fpq,false_and_relied_on,0
both,fpq_652,fpq,false_or_unknown_relied_on,0
both,fpq_653,fpq,model_boolean,0
both,fpq_653,fpq,any_false,0
both,fpq_653,fpq,false_and_relied_on,0
both,fpq_653,fpq,false_or_unknown_relied_on,0
both,fpq_654,fpq,model_boolean,0
both,fpq_654,fpq,any_false,0
both,fpq_654,fpq,false_and_relied_on,0
both,fpq_654,fpq,false_or_unknown_relied_on,1
both,fpq_655,fpq,model_boolean,0
both,fpq_655,fpq,any_false,0
both,fpq_655,fpq,false_and_relied_on,0
both,fpq_655,fpq,false_or_unknown_relied_on,1
both,fpq_657,fpq,model_boolean,1
both,fpq_657,fpq,any_false,1
both,fpq_657,fpq,false_and_relied_on,1
both,fpq_657,fpq,false_or_unknown_relied_on,1
both,fpq_659,fpq,model_boolean,0
both,fpq_659,fpq,any_false,0
both,fpq_659,fpq,false_and_relied_on,0
both,fpq_659,fpq,false_or_unknown_relied_on,1
both,fpq_66,fpq,model_boolean,0
both,fpq_66,fpq,any_false,0
both,fpq_66,fpq,false_and_relied_on,0
both,fpq_66,fpq,false_or_unknown_relied_on,1
both,fpq_661,fpq,model_boolean,0
both,fpq_661,fpq,any_false,0
both,fpq_661,fpq,false_and_relied_on,0
both,fpq_661,fpq,false_or_unknown_relied_on,1
both,fpq_662,fpq,model_boolean,0
both,fpq_662,fpq,any_false,0
both,fpq_662,fpq,false_and_relied_on,0
both,fpq_662,fpq,false_or_unknown_relied_on,0
both,fpq_663,fpq,model_boolean,0
both,fpq_663,fpq,any_false,0
both,fpq_663,fpq,false_and_relied_on,0
both,fpq_663,fpq,false_or_unknown_relied_on,1
both,fpq_666,fpq,model_boolean,0
both,fpq_666,fpq,any_false,0
both,fpq_666,fpq,false_and_relied_on,0
both,fpq_666,fpq,false_or_unknown_relied_on,0
both,fpq_669,fpq,model_boolean,0
both,fpq_669,fpq,any_false,0
both,fpq_669,fpq,false_and_relied_on,0
both,fpq_669,fpq,false_or_unknown_relied_on,1
both,fpq_67,fpq,model_boolean,0
both,fpq_67,fpq,any_false,0
both,fpq_67,fpq,false_and_relied_on,0
both,fpq_67,fpq,false_or_unknown_relied_on,1
both,fpq_671,fpq,model_boolean,0
both,fpq_671,fpq,any_false,0
both,fpq_671,fpq,false_and_relied_on,0
both,fpq_671,fpq,false_or_unknown_relied_on,0
both,fpq_675,fpq,model_boolean,0
both,fpq_675,fpq,any_false,0
both,fpq_675,fpq,false_and_relied_on,0
both,fpq_675,fpq,false_or_unknown_relied_on,1
both,fpq_676,fpq,model_boolean,0
both,fpq_676,fpq,any_false,0
both,fpq_676,fpq,false_and_relied_on,0
both,fpq_676,fpq,false_or_unknown_relied_on,0
both,fpq_677,fpq,model_boolean,0
both,fpq_677,fpq,any_false,0
both,fpq_677,fpq,false_and_relied_on,0
both,fpq_677,fpq,false_or_unknown_relied_on,0
both,fpq_678,fpq,model_boolean,1
both,fpq_678,fpq,any_false,1
both,fpq_678,fpq,false_and_relied_on,1
both,fpq_678,fpq,false_or_unknown_relied_on,1
both,fpq_68,fpq,model_boolean,0
both,fpq_68,fpq,any_false,0
both,fpq_68,fpq,false_and_relied_on,0
both,fpq_68,fpq,false_or_unknown_relied_on,1
both,fpq_682,fpq,model_boolean,0
both,fpq_682,fpq,any_false,0
both,fpq_682,fpq,false_and_relied_on,0
both,fpq_682,fpq,false_or_unknown_relied_on,1
both,fpq_685,fpq,model_boolean,1
both,fpq_685,fpq,any_false,1
both,fpq_685,fpq,false_and_relied_on,1
both,fpq_685,fpq,false_or_unknown_relied_on,1
both,fpq_687,fpq,model_boolean,0
both,fpq_687,fpq,any_false,0
both,fpq_687,fpq,false_and_relied_on,0
both,fpq_687,fpq,false_or_unknown_relied_on,0
both,fpq_689,fpq,model_boolean,0
both,fpq_689,fpq,any_false,1
both,fpq_689,fpq,false_and_relied_on,0
both,fpq_689,fpq,false_or_unknown_relied_on,0
both,fpq_69,fpq,model_boolean,1
both,fpq_69,fpq,any_false,1
both,fpq_69,fpq,false_and_relied_on,1
both,fpq_69,fpq,false_or_unknown_relied_on,1
both,fpq_690,fpq,model_boolean,1
both,fpq_690,fpq,any_false,0
both,fpq_690,fpq,false_and_relied_on,0
both,fpq_690,fpq,false_or_unknown_relied_on,0
both,fpq_691,fpq,model_boolean,1
both,fpq_691,fpq,any_false,1
both,fpq_691,fpq,false_and_relied_on,1
both,fpq_691,fpq,false_or_unknown_relied_on,1
both,fpq_692,fpq,model_boolean,1
both,fpq_692,fpq,any_false,1
both,fpq_692,fpq,false_and_relied_on,1
both,fpq_692,fpq,false_or_unknown_relied_on,1
both,fpq_694,fpq,model_boolean,0
both,fpq_694,fpq,any_false,0
both,fpq_694,fpq,false_and_relied_on,0
both,fpq_694,fpq,false_or_unknown_relied_on,1
both,fpq_695,fpq,model_boolean,0
both,fpq_695,fpq,any_false,0
both,fpq_695,fpq,false_and_relied_on,0
both,fpq_695,fpq,false_or_unknown_relied_on,0
both,fpq_696,fpq,model_boolean,0
both,fpq_696,fpq,any_false,0
both,fpq_696,fpq,false_and_relied_on,0
both,fpq_696,fpq,false_or_unknown_relied_on,0
both,fpq_697,fpq,model_boolean,1
both,fpq_697,fpq,any_false,1
both,fpq_697,fpq,false_and_relied_on,1
both,fpq_697,fpq,false_or_unknown_relied_on,1
both,fpq_699,fpq,model_boolean,0
both,fpq_699,fpq,any_false,0
both,fpq_699,fpq,false_and_relied_on,0
both,fpq_699,fpq,false_or_unknown_relied_on,1
both,fpq_7,fpq,model_boolean,0
both,fpq_7,fpq,any_false,1
both,fpq_7,fpq,false_and_relied_on,0
both,fpq_7,fpq,false_or_unknown_relied_on,1
both,fpq_70,fpq,model_boolean,0
both,fpq_70,fpq,any_false,0
both,fpq_70,fpq,false_and_relied_on,0
both,fpq_70,fpq,false_or_unknown_relied_on,1
both,fpq_702,fpq,model_boolean,1
both,fpq_702,fpq,any_false,1
both,fpq_702,fpq,false_and_relied_on,1
both,fpq_702,fpq,false_or_unknown_relied_on,1
both,fpq_703,fpq,model_boolean,1
both,fpq_703,fpq,any_false,1
both,fpq_703,fpq,false_and_relied_on,1
both,fpq_703,fpq,false_or_unknown_relied_on,1
both,fpq_704,fpq,model_boolean,1
both,fpq_704,fpq,any_false,1
both,fpq_704,fpq,false_and_relied_on,1
both,fpq_704,fpq,false_or_unknown_relied_on,1
both,fpq_705,fpq,model_boolean,0
both,fpq_705,fpq,any_false,0
both,fpq_705,fpq,false_and_relied_on,0
both,fpq_705,fpq,false_or_unknown_relied_on,1
both,fpq_706,fpq,model_boolean,0
both,fpq_706,fpq,any_false,0
both,fpq_706,fpq,false_and_relied_on,0
both,fpq_706,fpq,false_or_unknown_relied_on,1
both,fpq_71,fpq,model_boolean,0
both,fpq_71,fpq,any_false,0
both,fpq_71,fpq,false_and_relied_on,0
both,fpq_71,fpq,false_or_unknown_relied_on,0
both,fpq_712,fpq,model_boolean,0
both,fpq_712,fpq,any_false,0
both,fpq_712,fpq,false_and_relied_on,0
both,fpq_712,fpq,false_or_unknown_relied_on,1
both,fpq_713,fpq,model_boolean,0
both,fpq_713,fpq,any_false,0
both,fpq_713,fpq,false_and_relied_on,0
both,fpq_713,fpq,false_or_unknown_relied_on,0
both,fpq_72,fpq,model_boolean,1
both,fpq_72,fpq,any_false,1
both,fpq_72,fpq,false_and_relied_on,1
both,fpq_72,fpq,false_or_unknown_relied_on,1
both,fpq_721,fpq,model_boolean,0
both,fpq_721,fpq,any_false,0
both,fpq_721,fpq,false_and_relied_on,0
both,fpq_721,fpq,false_or_unknown_relied_on,0
both,fpq_722,fpq,model_boolean,0
both,fpq_722,fpq,any_false,0
both,fpq_722,fpq,false_and_relied_on,0
both,fpq_722,fpq,false_or_unknown_relied_on,1
both,fpq_723,fpq,model_boolean,1
both,fpq_723,fpq,any_false,1
both,fpq_723,fpq,false_and_relied_on,1
both,fpq_723,fpq,false_or_unknown_relied_on,1
both,fpq_724,fpq,model_boolean,0
both,fpq_724,fpq,any_false,0
both,fpq_724,fpq,false_and_relied_on,0
both,fpq_724,fpq,false_or_unknown_relied_on,1
both,fpq_725,fpq,model_boolean,0
both,fpq_725,fpq,any_false,1
both,fpq_725,fpq,false_and_relied_on,0
both,fpq_725,fpq,false_or_unknown_relied_on,0
both,fpq_726,fpq,model_boolean,0
both,fpq_726,fpq,any_false,0
both,fpq_726,fpq,false_and_relied_on,0
both,fpq_726,fpq,false_or_unknown_relied_on,0
both,fpq_727,fpq,model_boolean,0
both,fpq_727,fpq,any_false,0
both,fpq_727,fpq,false_and_relied_on,0
both,fpq_727,fpq,false_or_unknown_relied_on,0
both,fpq_728,fpq,model_boolean,1
both,fpq_728,fpq,any_false,1
both,fpq_728,fpq,false_and_relied_on,1
both,fpq_728,fpq,false_or_unknown_relied_on,1
both,fpq_729,fpq,model_boolean,0
both,fpq_729,fpq,any_false,0
both,fpq_729,fpq,false_and_relied_on,0
both,fpq_729,fpq,false_or_unknown_relied_on,1
both,fpq_73,fpq,model_boolean,0
both,fpq_73,fpq,any_false,0
both,fpq_73,fpq,false_and_relied_on,0
both,fpq_73,fpq,false_or_unknown_relied_on,0
both,fpq_730,fpq,model_boolean,0
both,fpq_730,fpq,any_false,0
both,fpq_730,fpq,false_and_relied_on,0
both,fpq_730,fpq,false_or_unknown_relied_on,1
both,fpq_735,fpq,model_boolean,0
both,fpq_735,fpq,any_false,0
both,fpq_735,fpq,false_and_relied_on,0
both,fpq_735,fpq,false_or_unknown_relied_on,1
both,fpq_736,fpq,model_boolean,0
both,fpq_736,fpq,any_false,0
both,fpq_736,fpq,false_and_relied_on,0
both,fpq_736,fpq,false_or_unknown_relied_on,0
both,fpq_738,fpq,model_boolean,0
both,fpq_738,fpq,any_false,0
both,fpq_738,fpq,false_and_relied_on,0
both,fpq_738,fpq,false_or_unknown_relied_on,1
both,fpq_74,fpq,model_boolean,0
both,fpq_74,fpq,any_false,0
both,fpq_74,fpq,false_and_relied_on,0
both,fpq_74,fpq,false_or_unknown_relied_on,1
both,fpq_740,fpq,model_boolean,0
both,fpq_740,fpq,any_false,0
both,fpq_740,fpq,false_and_relied_on,0
both,fpq_740,fpq,false_or_unknown_relied_on,1
both,fpq_741,fpq,model_boolean,0
both,fpq_741,fpq,any_false,0
both,fpq_741,fpq,false_and_relied_on,0
both,fpq_741,fpq,false_or_unknown_relied_on,0
both,fpq_743,fpq,model_boolean,0
both,fpq_743,fpq,any_false,0
both,fpq_743,fpq,false_and_relied_on,0
both,fpq_743,fpq,false_or_unknown_relied_on,1
both,fpq_744,fpq,model_boolean,0
both,fpq_744,fpq,any_false,0
both,fpq_744,fpq,false_and_relied_on,0
both,fpq_744,fpq,false_or_unknown_relied_on,1
both,fpq_745,fpq,model_boolean,0
both,fpq_745,fpq,any_false,0
both,fpq_745,fpq,false_and_relied_on,0
both,fpq_745,fpq,false_or_unknown_relied_on,1
both,fpq_746,fpq,model_boolean,0
both,fpq_746,fpq,any_false,0
both,fpq_746,fpq,false_and_relied_on,0
both,fpq_746,fpq,false_or_unknown_relied_on,1
both,fpq_747,fpq,model_boolean,1
both,fpq_747,fpq,any_false,1
both,fpq_747,fpq,false_and_relied_on,1
both,fpq_747,fpq,false_or_unknown_relied_on,1
both,fpq_749,fpq,model_boolean,0
both,fpq_749,fpq,any_false,0
both,fpq_749,fpq,false_and_relied_on,0
both,fpq_749,fpq,false_or_unknown_relied_on,1
both,fpq_75,fpq,model_boolean,0
both,fpq_75,fpq,any_false,1
both,fpq_75,fpq,false_and_relied_on,0
both,fpq_75,fpq,false_or_unknown_relied_on,1
both,fpq_750,fpq,model_boolean,0
both,fpq_750,fpq,any_false,1
both,fpq_750,fpq,false_and_relied_on,0
both,fpq_750,fpq,false_or_unknown_relied_on,0
both,fpq_751,fpq,model_boolean,0
both,fpq_751,fpq,any_false,0
both,fpq_751,fpq,false_and_relied_on,0
both,fpq_751,fpq,false_or_unknown_relied_on,1
both,fpq_753,fpq,model_boolean,1
both,fpq_753,fpq,any_false,1
both,fpq_753,fpq,false_and_relied_on,1
both,fpq_753,fpq,false_or_unknown_relied_on,1
both,fpq_754,fpq,model_boolean,0
both,fpq_754,fpq,any_false,0
both,fpq_754,fpq,false_and_relied_on,0
both,fpq_754,fpq,false_or_unknown_relied_on,0
both,fpq_755,fpq,model_boolean,0
both,fpq_755,fpq,any_false,0
both,fpq_755,fpq,false_and_relied_on,0
both,fpq_755,fpq,false_or_unknown_relied_on,1
both,fpq_76,fpq,model_boolean,0
both,fpq_76,fpq,any_false,0
both,fpq_76,fpq,false_and_relied_on,0
both,fpq_76,fpq,false_or_unknown_relied_on,0
both,fpq_761,fpq,model_boolean,1
both,fpq_761,fpq,any_false,1
both,fpq_761,fpq,false_and_relied_on,1
both,fpq_761,fpq,false_or_unknown_relied_on,1
both,fpq_762,fpq,model_boolean,1
both,fpq_762,fpq,any_false,1
both,fpq_762,fpq,false_and_relied_on,1
both,fpq_762,fpq,false_or_unknown_relied_on,1
both,fpq_763,fpq,model_boolean,1
both,fpq_763,fpq,any_false,1
both,fpq_763,fpq,false_and_relied_on,1
both,fpq_763,fpq,false_or_unknown_relied_on,1
both,fpq_764,fpq,model_boolean,1
both,fpq_764,fpq,any_false,1
both,fpq_764,fpq,false_and_relied_on,1
both,fpq_764,fpq,false_or_unknown_relied_on,1
both,fpq_77,fpq,model_boolean,0
both,fpq_77,fpq,any_false,0
both,fpq_77,fpq,false_and_relied_on,0
both,fpq_77,fpq,false_or_unknown_relied_on,0
both,fpq_771,fpq,model_boolean,1
both,fpq_771,fpq,any_false,1
both,fpq_771,fpq,false_and_relied_on,1
both,fpq_771,fpq,false_or_unknown_relied_on,1
both,fpq_772,fpq,model_boolean,0
both,fpq_772,fpq,any_false,0
both,fpq_772,fpq,false_and_relied_on,0
both,fpq_772,fpq,false_or_unknown_relied_on,0
both,fpq_773,fpq,model_boolean,1
both,fpq_773,fpq,any_false,1
both,fpq_773,fpq,false_and_relied_on,1
both,fpq_773,fpq,false_or_unknown_relied_on,1
both,fpq_774,fpq,model_boolean,1
both,fpq_774,fpq,any_false,1
both,fpq_774,fpq,false_and_relied_on,0
both,fpq_774,fpq,false_or_unknown_relied_on,0
both,fpq_775,fpq,model_boolean,1
both,fpq_775,fpq,any_false,1
both,fpq_775,fpq,false_and_relied_on,1
both,fpq_775,fpq,false_or_unknown_relied_on,1
both,fpq_776,fpq,model_boolean,0
both,fpq_776,fpq,any_false,0
both,fpq_776,fpq,false_and_relied_on,0
both,fpq_776,fpq,false_or_unknown_relied_on,1
both,fpq_777,fpq,model_boolean,0
both,fpq_777,fpq,any_false,0
both,fpq_777,fpq,false_and_relied_on,0
both,fpq_777,fpq,false_or_unknown_relied_on,1
both,fpq_778,fpq,model_boolean,0
both,fpq_778,fpq,any_false,0
both,fpq_778,fpq,false_and_relied_on,0
both,fpq_778,fpq,false_or_unknown_relied_on,0
both,fpq_78,fpq,model_boolean,0
both,fpq_78,fpq,any_false,0
both,fpq_78,fpq,false_and_relied_on,0
both,fpq_78,fpq,false_or_unknown_relied_on,1
both,fpq_780,fpq,model_boolean,1
both,fpq_780,fpq,any_false,1
both,fpq_780,fpq,false_and_relied_on,1
both,fpq_780,fpq,false_or_unknown_relied_on,1
both,fpq_781,fpq,model_boolean,0
both,fpq_781,fpq,any_false,0
both,fpq_781,fpq,false_and_relied_on,0
both,fpq_781,fpq,false_or_unknown_relied_on,0
both,fpq_789,fpq,model_boolean,1
both,fpq_789,fpq,any_false,1
both,fpq_789,fpq,false_and_relied_on,1
both,fpq_789,fpq,false_or_unknown_relied_on,1
both,fpq_794,fpq,model_boolean,0
both,fpq_794,fpq,any_false,0
both,fpq_794,fpq,false_and_relied_on,0
both,fpq_794,fpq,false_or_unknown_relied_on,0
both,fpq_797,fpq,model_boolean,0
both,fpq_797,fpq,any_false,0
both,fpq_797,fpq,false_and_relied_on,0
both,fpq_797,fpq,false_or_unknown_relied_on,1
both,fpq_798,fpq,model_boolean,0
both,fpq_798,fpq,any_false,0
both,fpq_798,fpq,false_and_relied_on,0
both,fpq_798,fpq,false_or_unknown_relied_on,1
both,fpq_799,fpq,model_boolean,0
both,fpq_799,fpq,any_false,0
both,fpq_799,fpq,false_and_relied_on,0
both,fpq_799,fpq,false_or_unknown_relied_on,1
both,fpq_8,fpq,model_boolean,1
both,fpq_8,fpq,any_false,1
both,fpq_8,fpq,false_and_relied_on,1
both,fpq_8,fpq,false_or_unknown_relied_on,1
both,fpq_80,fpq,model_boolean,0
both,fpq_80,fpq,any_false,0
both,fpq_80,fpq,false_and_relied_on,0
both,fpq_80,fpq,false_or_unknown_relied_on,1
both,fpq_801,fpq,model_boolean,0
both,fpq_801,fpq,any_false,0
both,fpq_801,fpq,false_and_relied_on,0
both,fpq_801,fpq,false_or_unknown_relied_on,0
both,fpq_802,fpq,model_boolean,0
both,fpq_802,fpq,any_false,0
both,fpq_802,fpq,false_and_relied_on,0
both,fpq_802,fpq,false_or_unknown_relied_on,0
both,fpq_804,fpq,model_boolean,0
both,fpq_804,fpq,any_false,0
both,fpq_804,fpq,false_and_relied_on,0
both,fpq_804,fpq,false_or_unknown_relied_on,1
both,fpq_805,fpq,model_boolean,1
both,fpq_805,fpq,any_false,1
both,fpq_805,fpq,false_and_relied_on,1
both,fpq_805,fpq,false_or_unknown_relied_on,1
both,fpq_806,fpq,model_boolean,0
both,fpq_806,fpq,any_false,0
both,fpq_806,fpq,false_and_relied_on,0
both,fpq_806,fpq,false_or_unknown_relied_on,1
both,fpq_807,fpq,model_boolean,0
both,fpq_807,fpq,any_false,0
both,fpq_807,fpq,false_and_relied_on,0
both,fpq_807,fpq,false_or_unknown_relied_on,0
both,fpq_808,fpq,model_boolean,1
both,fpq_808,fpq,any_false,1
both,fpq_808,fpq,false_and_relied_on,1
both,fpq_808,fpq,false_or_unknown_relied_on,1
both,fpq_81,fpq,model_boolean,0
both,fpq_81,fpq,any_false,0
both,fpq_81,fpq,false_and_relied_on,0
both,fpq_81,fpq,false_or_unknown_relied_on,0
both,fpq_813,fpq,model_boolean,0
both,fpq_813,fpq,any_false,0
both,fpq_813,fpq,false_and_relied_on,0
both,fpq_813,fpq,false_or_unknown_relied_on,1
both,fpq_814,fpq,model_boolean,0
both,fpq_814,fpq,any_false,1
both,fpq_814,fpq,false_and_relied_on,0
both,fpq_814,fpq,false_or_unknown_relied_on,1
both,fpq_817,fpq,model_boolean,0
both,fpq_817,fpq,any_false,0
both,fpq_817,fpq,false_and_relied_on,0
both,fpq_817,fpq,false_or_unknown_relied_on,0
both,fpq_818,fpq,model_boolean,0
both,fpq_818,fpq,any_false,0
both,fpq_818,fpq,false_and_relied_on,0
both,fpq_818,fpq,false_or_unknown_relied_on,0
both,fpq_82,fpq,model_boolean,1
both,fpq_82,fpq,any_false,1
both,fpq_82,fpq,false_and_relied_on,1
both,fpq_82,fpq,false_or_unknown_relied_on,1
both,fpq_820,fpq,model_boolean,0
both,fpq_820,fpq,any_false,0
both,fpq_820,fpq,false_and_relied_on,0
both,fpq_820,fpq,false_or_unknown_relied_on,0
both,fpq_823,fpq,model_boolean,1
both,fpq_823,fpq,any_false,1
both,fpq_823,fpq,false_and_relied_on,1
both,fpq_823,fpq,false_or_unknown_relied_on,1
both,fpq_824,fpq,model_boolean,1
both,fpq_824,fpq,any_false,1
both,fpq_824,fpq,false_and_relied_on,1
both,fpq_824,fpq,false_or_unknown_relied_on,1
both,fpq_827,fpq,model_boolean,0
both,fpq_827,fpq,any_false,0
both,fpq_827,fpq,false_and_relied_on,0
both,fpq_827,fpq,false_or_unknown_relied_on,1
both,fpq_828,fpq,model_boolean,0
both,fpq_828,fpq,any_false,0
both,fpq_828,fpq,false_and_relied_on,0
both,fpq_828,fpq,false_or_unknown_relied_on,0
both,fpq_830,fpq,model_boolean,1
both,fpq_830,fpq,any_false,1
both,fpq_830,fpq,false_and_relied_on,1
both,fpq_830,fpq,false_or_unknown_relied_on,1
both,fpq_831,fpq,model_boolean,0
both,fpq_831,fpq,any_false,1
both,fpq_831,fpq,false_and_relied_on,0
both,fpq_831,fpq,false_or_unknown_relied_on,0
both,fpq_832,fpq,model_boolean,0
both,fpq_832,fpq,any_false,0
both,fpq_832,fpq,false_and_relied_on,0
both,fpq_832,fpq,false_or_unknown_relied_on,0
both,fpq_833,fpq,model_boolean,1
both,fpq_833,fpq,any_false,1
both,fpq_833,fpq,false_and_relied_on,1
both,fpq_833,fpq,false_or_unknown_relied_on,1
both,fpq_834,fpq,model_boolean,1
both,fpq_834,fpq,any_false,1
both,fpq_834,fpq,false_and_relied_on,1
both,fpq_834,fpq,false_or_unknown_relied_on,1
both,fpq_835,fpq,model_boolean,0
both,fpq_835,fpq,any_false,0
both,fpq_835,fpq,false_and_relied_on,0
both,fpq_835,fpq,false_or_unknown_relied_on,1
both,fpq_836,fpq,model_boolean,0
both,fpq_836,fpq,any_false,1
both,fpq_836,fpq,false_and_relied_on,0
both,fpq_836,fpq,false_or_unknown_relied_on,1
both,fpq_837,fpq,model_boolean,0
both,fpq_837,fpq,any_false,0
both,fpq_837,fpq,false_and_relied_on,0
both,fpq_837,fpq,false_or_unknown_relied_on,0
both,fpq_838,fpq,model_boolean,1
both,fpq_838,fpq,any_false,1
both,fpq_838,fpq,false_and_relied_on,1
both,fpq_838,fpq,false_or_unknown_relied_on,1
both,fpq_839,fpq,model_boolean,0
both,fpq_839,fpq,any_false,0
both,fpq_839,fpq,false_and_relied_on,0
both,fpq_839,fpq,false_or_unknown_relied_on,0
both,fpq_84,fpq,model_boolean,0
both,fpq_84,fpq,any_false,0
both,fpq_84,fpq,false_and_relied_on,0
both,fpq_84,fpq,false_or_unknown_relied_on,0
both,fpq_840,fpq,model_boolean,0
both,fpq_840,fpq,any_false,0
both,fpq_840,fpq,false_and_relied_on,0
both,fpq_840,fpq,false_or_unknown_relied_on,1
both,fpq_844,fpq,model_boolean,1
both,fpq_844,fpq,any_false,1
both,fpq_844,fpq,false_and_relied_on,1
both,fpq_844,fpq,false_or_unknown_relied_on,1
both,fpq_846,fpq,model_boolean,0
both,fpq_846,fpq,any_false,0
both,fpq_846,fpq,false_and_relied_on,0
both,fpq_846,fpq,false_or_unknown_relied_on,0
both,fpq_847,fpq,model_boolean,0
both,fpq_847,fpq,any_false,0
both,fpq_847,fpq,false_and_relied_on,0
both,fpq_847,fpq,false_or_unknown_relied_on,0
both,fpq_848,fpq,model_boolean,0
both,fpq_848,fpq,any_false,0
both,fpq_848,fpq,false_and_relied_on,0
both,fpq_848,fpq,false_or_unknown_relied_on,0
both,fpq_849,fpq,model_boolean,0
both,fpq_849,fpq,any_false,0
both,fpq_849,fpq,false_and_relied_on,0
both,fpq_849,fpq,false_or_unknown_relied_on,0
both,fpq_85,fpq,model_boolean,0
both,fpq_85,fpq,any_false,0
both,fpq_85,fpq,false_and_relied_on,0
both,fpq_85,fpq,false_or_unknown_relied_on,1
both,fpq_850,fpq,model_boolean,1
both,fpq_850,fpq,any_false,1
both,fpq_850,fpq,false_and_relied_on,1
both,fpq_850,fpq,false_or_unknown_relied_on,1
both,fpq_851,fpq,model_boolean,1
both,fpq_851,fpq,any_false,1
both,fpq_851,fpq,false_and_relied_on,1
both,fpq_851,fpq,false_or_unknown_relied_on,1
both,fpq_854,fpq,model_boolean,0
both,fpq_854,fpq,any_false,0
both,fpq_854,fpq,false_and_relied_on,0
both,fpq_854,fpq,false_or_unknown_relied_on,1
both,fpq_858,fpq,model_boolean,0
both,fpq_858,fpq,any_false,0
both,fpq_858,fpq,false_and_relied_on,0
both,fpq_858,fpq,false_or_unknown_relied_on,0
both,fpq_859,fpq,model_boolean,0
both,fpq_859,fpq,any_false,0
both,fpq_859,fpq,false_and_relied_on,0
both,fpq_859,fpq,false_or_unknown_relied_on,1
both,fpq_860,fpq,model_boolean,0
both,fpq_860,fpq,any_false,0
both,fpq_860,fpq,false_and_relied_on,0
both,fpq_860,fpq,false_or_unknown_relied_on,0
both,fpq_861,fpq,model_boolean,0
both,fpq_861,fpq,any_false,1
both,fpq_861,fpq,false_and_relied_on,0
both,fpq_861,fpq,false_or_unknown_relied_on,1
both,fpq_862,fpq,model_boolean,1
both,fpq_862,fpq,any_false,1
both,fpq_862,fpq,false_and_relied_on,1
both,fpq_862,fpq,false_or_unknown_relied_on,1
both,fpq_863,fpq,model_boolean,1
both,fpq_863,fpq,any_false,1
both,fpq_863,fpq,false_and_relied_on,1
both,fpq_863,fpq,false_or_unknown_relied_on,1
both,fpq_864,fpq,model_boolean,0
both,fpq_864,fpq,any_false,0
both,fpq_864,fpq,false_and_relied_on,0
both,fpq_864,fpq,false_or_unknown_relied_on,0
both,fpq_865,fpq,model_boolean,0
both,fpq_865,fpq,any_false,0
both,fpq_865,fpq,false_and_relied_on,0
both,fpq_865,fpq,false_or_unknown_relied_on,1
both,fpq_866,fpq,model_boolean,0
both,fpq_866,fpq,any_false,0
both,fpq_866,fpq,false_and_relied_on,0
both,fpq_866,fpq,false_or_unknown_relied_on,0
both,fpq_869,fpq,model_boolean,1
both,fpq_869,fpq,any_false,0
both,fpq_869,fpq,false_and_relied_on,0
both,fpq_869,fpq,false_or_unknown_relied_on,1
both,fpq_87,fpq,model_boolean,0
both,fpq_87,fpq,any_false,0
both,fpq_87,fpq,false_and_relied_on,0
both,fpq_87,fpq,false_or_unknown_relied_on,0
both,fpq_870,fpq,model_boolean,0
both,fpq_870,fpq,any_false,0
both,fpq_870,fpq,false_and_relied_on,0
both,fpq_870,fpq,false_or_unknown_relied_on,1
both,fpq_871,fpq,model_boolean,0
both,fpq_871,fpq,any_false,0
both,fpq_871,fpq,false_and_relied_on,0
both,fpq_871,fpq,false_or_unknown_relied_on,0
both,fpq_872,fpq,model_boolean,0
both,fpq_872,fpq,any_false,0
both,fpq_872,fpq,false_and_relied_on,0
both,fpq_872,fpq,false_or_unknown_relied_on,0
both,fpq_88,fpq,model_boolean,1
both,fpq_88,fpq,any_false,1
both,fpq_88,fpq,false_and_relied_on,1
both,fpq_88,fpq,false_or_unknown_relied_on,1
both,fpq_89,fpq,model_boolean,0
both,fpq_89,fpq,any_false,0
both,fpq_89,fpq,false_and_relied_on,0
both,fpq_89,fpq,false_or_unknown_relied_on,0
both,fpq_9,fpq,model_boolean,1
both,fpq_9,fpq,any_false,1
both,fpq_9,fpq,false_and_relied_on,1
both,fpq_9,fpq,false_or_unknown_relied_on,1
both,fpq_90,fpq,model_boolean,0
both,fpq_90,fpq,any_false,0
both,fpq_90,fpq,false_and_relied_on,0
both,fpq_90,fpq,false_or_unknown_relied_on,0
both,fpq_91,fpq,model_boolean,0
both,fpq_91,fpq,any_false,0
both,fpq_91,fpq,false_and_relied_on,0
both,fpq_91,fpq,false_or_unknown_relied_on,1
both,fpq_92,fpq,model_boolean,0
both,fpq_92,fpq,any_false,0
both,fpq_92,fpq,false_and_relied_on,0
both,fpq_92,fpq,false_or_unknown_relied_on,0
both,fpq_94,fpq,model_boolean,0
both,fpq_94,fpq,any_false,0
both,fpq_94,fpq,false_and_relied_on,0
both,fpq_94,fpq,false_or_unknown_relied_on,0
both,fpq_96,fpq,model_boolean,0
both,fpq_96,fpq,any_false,0
both,fpq_96,fpq,false_and_relied_on,0
both,fpq_96,fpq,false_or_unknown_relied_on,0
both,fpq_97,fpq,model_boolean,0
both,fpq_97,fpq,any_false,0
both,fpq_97,fpq,false_and_relied_on,0
both,fpq_97,fpq,false_or_unknown_relied_on,1
both,fpq_98,fpq,model_boolean,0
both,fpq_98,fpq,any_false,0
both,fpq_98,fpq,false_and_relied_on,0
both,fpq_98,fpq,false_or_unknown_relied_on,1
both,fpq_99,fpq,model_boolean,0
both,fpq_99,fpq,any_false,0
both,fpq_99,fpq,false_and_relied_on,0
both,fpq_99,fpq,false_or_unknown_relied_on,1
both,nfp_1000,nfp,model_boolean,0
both,nfp_1000,nfp,any_false,1
both,nfp_1000,nfp,false_and_relied_on,0
both,nfp_1000,nfp,false_or_unknown_relied_on,0
both,nfp_1001,nfp,model_boolean,1
both,nfp_1001,nfp,any_false,1
both,nfp_1001,nfp,false_and_relied_on,1
both,nfp_1001,nfp,false_or_unknown_relied_on,1
both,nfp_1002,nfp,model_boolean,1
both,nfp_1002,nfp,any_false,1
both,nfp_1002,nfp,false_and_relied_on,1
both,nfp_1002,nfp,false_or_unknown_relied_on,1
both,nfp_1003,nfp,model_boolean,0
both,nfp_1003,nfp,any_false,0
both,nfp_1003,nfp,false_and_relied_on,0
both,nfp_1003,nfp,false_or_unknown_relied_on,0
both,nfp_1004,nfp,model_boolean,0
both,nfp_1004,nfp,any_false,0
both,nfp_1004,nfp,false_and_relied_on,0
both,nfp_1004,nfp,false_or_unknown_relied_on,1
both,nfp_1005,nfp,model_boolean,1
both,nfp_1005,nfp,any_false,1
both,nfp_1005,nfp,false_and_relied_on,1
both,nfp_1005,nfp,false_or_unknown_relied_on,1
both,nfp_1006,nfp,model_boolean,0
both,nfp_1006,nfp,any_false,0
both,nfp_1006,nfp,false_and_relied_on,0
both,nfp_1006,nfp,false_or_unknown_relied_on,1
both,nfp_1008,nfp,model_boolean,0
both,nfp_1008,nfp,any_false,0
both,nfp_1008,nfp,false_and_relied_on,0
both,nfp_1008,nfp,false_or_unknown_relied_on,0
both,nfp_1009,nfp,model_boolean,1
both,nfp_1009,nfp,any_false,1
both,nfp_1009,nfp,false_and_relied_on,0
both,nfp_1009,nfp,false_or_unknown_relied_on,1
both,nfp_1010,nfp,model_boolean,0
both,nfp_1010,nfp,any_false,0
both,nfp_1010,nfp,false_and_relied_on,0
both,nfp_1010,nfp,false_or_unknown_relied_on,1
both,nfp_1011,nfp,model_boolean,0
both,nfp_1011,nfp,any_false,0
both,nfp_1011,nfp,false_and_relied_on,0
both,nfp_1011,nfp,false_or_unknown_relied_on,1
both,nfp_1012,nfp,model_boolean,0
both,nfp_1012,nfp,any_false,0
both,nfp_1012,nfp,false_and_relied_on,0
both,nfp_1012,nfp,false_or_unknown_relied_on,0
both,nfp_1013,nfp,model_boolean,0
both,nfp_1013,nfp,any_false,0
both,nfp_1013,nfp,false_and_relied_on,0
both,nfp_1013,nfp,false_or_unknown_relied_on,1
both,nfp_1014,nfp,model_boolean,0
both,nfp_1014,nfp,any_false,0
both,nfp_1014,nfp,false_and_relied_on,0
both,nfp_1014,nfp,false_or_unknown_relied_on,0
both,nfp_1015,nfp,model_boolean,0
both,nfp_1015,nfp,any_false,0
both,nfp_1015,nfp,false_and_relied_on,0
both,nfp_1015,nfp,false_or_unknown_relied_on,1
both,nfp_1016,nfp,model_boolean,0
both,nfp_1016,nfp,any_false,0
both,nfp_1016,nfp,false_and_relied_on,0
both,nfp_1016,nfp,false_or_unknown_relied_on,1
both,nfp_1017,nfp,model_boolean,0
both,nfp_1017,nfp,any_false,0
both,nfp_1017,nfp,false_and_relied_on,0
both,nfp_1017,nfp,false_or_unknown_relied_on,0
both,nfp_1018,nfp,model_boolean,0
both,nfp_1018,nfp,any_false,0
both,nfp_1018,nfp,false_and_relied_on,0
both,nfp_1018,nfp,false_or_unknown_relied_on,1
both,nfp_1019,nfp,model_boolean,0
both,nfp_1019,nfp,any_false,0
both,nfp_1019,nfp,false_and_relied_on,0
both,nfp_1019,nfp,false_or_unknown_relied_on,0
both,nfp_1020,nfp,model_boolean,1
both,nfp_1020,nfp,any_false,1
both,nfp_1020,nfp,false_and_relied_on,0
both,nfp_1020,nfp,false_or_unknown_relied_on,0
both,nfp_1021,nfp,model_boolean,1
both,nfp_1021,nfp,any_false,1
both,nfp_1021,nfp,false_and_relied_on,1
both,nfp_1021,nfp,false_or_unknown_relied_on,1
both,nfp_1022,nfp,model_boolean,0
both,nfp_1022,nfp,any_false,0
both,nfp_1022,nfp,false_and_relied_on,0
both,nfp_1022,nfp,false_or_unknown_relied_on,1
both,nfp_1023,nfp,model_boolean,0
both,nfp_1023,nfp,any_false,0
both,nfp_1023,nfp,false_and_relied_on,0
both,nfp_1023,nfp,false_or_unknown_relied_on,1
both,nfp_1024,nfp,model_boolean,0
both,nfp_1024,nfp,any_false,1
both,nfp_1024,nfp,false_and_relied_on,0
both,nfp_1024,nfp,false_or_unknown_relied_on,1
both,nfp_1025,nfp,model_boolean,0
both,nfp_1025,nfp,any_false,0
both,nfp_1025,nfp,false_and_relied_on,0
both,nfp_1025,nfp,false_or_unknown_relied_on,1
both,nfp_1026,nfp,model_boolean,0
both,nfp_1026,nfp,any_false,0
both,nfp_1026,nfp,false_and_relied_on,0
both,nfp_1026,nfp,false_or_unknown_relied_on,1
both,nfp_1027,nfp,model_boolean,0
both,nfp_1027,nfp,any_false,0
both,nfp_1027,nfp,false_and_relied_on,0
both,nfp_1027,nfp,false_or_unknown_relied_on,0
both,nfp_1028,nfp,model_boolean,0
both,nfp_1028,nfp,any_false,0
both,nfp_1028,nfp,false_and_relied_on,0
both,nfp_1028,nfp,false_or_unknown_relied_on,1
both,nfp_1029,nfp,model_boolean,1
both,nfp_1029,nfp,any_false,1
both,nfp_1029,nfp,false_and_relied_on,1
both,nfp_1029,nfp,false_or_unknown_relied_on,1
both,nfp_1030,nfp,model_boolean,0
both,nfp_1030,nfp,any_false,0
both,nfp_1030,nfp,false_and_relied_on,0
both,nfp_1030,nfp,false_or_unknown_relied_on,1
both,nfp_1031,nfp,model_boolean,0
both,nfp_1031,nfp,any_false,0
both,nfp_1031,nfp,false_and_relied_on,0
both,nfp_1031,nfp,false_or_unknown_relied_on,0
both,nfp_1032,nfp,model_boolean,0
both,nfp_1032,nfp,any_false,0
both,nfp_1032,nfp,false_and_relied_on,0
both,nfp_1032,nfp,false_or_unknown_relied_on,0
both,nfp_1033,nfp,model_boolean,0
both,nfp_1033,nfp,any_false,0
both,nfp_1033,nfp,false_and_relied_on,0
both,nfp_1033,nfp,false_or_unknown_relied_on,0
both,nfp_1034,nfp,model_boolean,0
both,nfp_1034,nfp,any_false,1
both,nfp_1034,nfp,false_and_relied_on,0
both,nfp_1034,nfp,false_or_unknown_relied_on,1
both,nfp_1035,nfp,model_boolean,0
both,nfp_1035,nfp,any_false,0
both,nfp_1035,nfp,false_and_relied_on,0
both,nfp_1035,nfp,false_or_unknown_relied_on,0
both,nfp_1036,nfp,model_boolean,0
both,nfp_1036,nfp,any_false,0
both,nfp_1036,nfp,false_and_relied_on,0
both,nfp_1036,nfp,false_or_unknown_relied_on,0
both,nfp_1037,nfp,model_boolean,0
both,nfp_1037,nfp,any_false,0
both,nfp_1037,nfp,false_and_relied_on,0
both,nfp_1037,nfp,false_or_unknown_relied_on,1
both,nfp_1038,nfp,model_boolean,0
both,nfp_1038,nfp,any_false,0
both,nfp_1038,nfp,false_and_relied_on,0
both,nfp_1038,nfp,false_or_unknown_relied_on,1
both,nfp_1039,nfp,model_boolean,0
both,nfp_1039,nfp,any_false,0
both,nfp_1039,nfp,false_and_relied_on,0
both,nfp_1039,nfp,false_or_unknown_relied_on,1
both,nfp_1040,nfp,model_boolean,0
both,nfp_1040,nfp,any_false,0
both,nfp_1040,nfp,false_and_relied_on,0
both,nfp_1040,nfp,false_or_unknown_relied_on,0
both,nfp_1041,nfp,model_boolean,0
both,nfp_1041,nfp,any_false,0
both,nfp_1041,nfp,false_and_relied_on,0
both,nfp_1041,nfp,false_or_unknown_relied_on,1
both,nfp_1042,nfp,model_boolean,0
both,nfp_1042,nfp,any_false,0
both,nfp_1042,nfp,false_and_relied_on,0
both,nfp_1042,nfp,false_or_unknown_relied_on,1
both,nfp_1043,nfp,model_boolean,0
both,nfp_1043,nfp,any_false,0
both,nfp_1043,nfp,false_and_relied_on,0
both,nfp_1043,nfp,false_or_unknown_relied_on,0
both,nfp_1044,nfp,model_boolean,0
both,nfp_1044,nfp,any_false,0
both,nfp_1044,nfp,false_and_relied_on,0
both,nfp_1044,nfp,false_or_unknown_relied_on,1
both,nfp_1045,nfp,model_boolean,0
both,nfp_1045,nfp,any_false,0
both,nfp_1045,nfp,false_and_relied_on,0
both,nfp_1045,nfp,false_or_unknown_relied_on,0
both,nfp_1046,nfp,model_boolean,0
both,nfp_1046,nfp,any_false,0
both,nfp_1046,nfp,false_and_relied_on,0
both,nfp_1046,nfp,false_or_unknown_relied_on,1
both,nfp_1047,nfp,model_boolean,0
both,nfp_1047,nfp,any_false,0
both,nfp_1047,nfp,false_and_relied_on,0
both,nfp_1047,nfp,false_or_unknown_relied_on,1
both,nfp_1048,nfp,model_boolean,0
both,nfp_1048,nfp,any_false,0
both,nfp_1048,nfp,false_and_relied_on,0
both,nfp_1048,nfp,false_or_unknown_relied_on,0
both,nfp_1049,nfp,model_boolean,0
both,nfp_1049,nfp,any_false,0
both,nfp_1049,nfp,false_and_relied_on,0
both,nfp_1049,nfp,false_or_unknown_relied_on,0
both,nfp_1050,nfp,model_boolean,0
both,nfp_1050,nfp,any_false,0
both,nfp_1050,nfp,false_and_relied_on,0
both,nfp_1050,nfp,false_or_unknown_relied_on,0
both,nfp_1051,nfp,model_boolean,0
both,nfp_1051,nfp,any_false,0
both,nfp_1051,nfp,false_and_relied_on,0
both,nfp_1051,nfp,false_or_unknown_relied_on,0
both,nfp_1052,nfp,model_boolean,0
both,nfp_1052,nfp,any_false,0
both,nfp_1052,nfp,false_and_relied_on,0
both,nfp_1052,nfp,false_or_unknown_relied_on,1
both,nfp_1053,nfp,model_boolean,0
both,nfp_1053,nfp,any_false,0
both,nfp_1053,nfp,false_and_relied_on,0
both,nfp_1053,nfp,false_or_unknown_relied_on,0
both,nfp_1054,nfp,model_boolean,0
both,nfp_1054,nfp,any_false,0
both,nfp_1054,nfp,false_and_relied_on,0
both,nfp_1054,nfp,false_or_unknown_relied_on,1
both,nfp_1055,nfp,model_boolean,0
both,nfp_1055,nfp,any_false,0
both,nfp_1055,nfp,false_and_relied_on,0
both,nfp_1055,nfp,false_or_unknown_relied_on,1
both,nfp_1056,nfp,model_boolean,0
both,nfp_1056,nfp,any_false,0
both,nfp_1056,nfp,false_and_relied_on,0
both,nfp_1056,nfp,false_or_unknown_relied_on,0
both,nfp_1057,nfp,model_boolean,0
both,nfp_1057,nfp,any_false,0
both,nfp_1057,nfp,false_and_relied_on,0
both,nfp_1057,nfp,false_or_unknown_relied_on,1
both,nfp_1058,nfp,model_boolean,0
both,nfp_1058,nfp,any_false,0
both,nfp_1058,nfp,false_and_relied_on,0
both,nfp_1058,nfp,false_or_unknown_relied_on,0
both,nfp_1059,nfp,model_boolean,0
both,nfp_1059,nfp,any_false,0
both,nfp_1059,nfp,false_and_relied_on,0
both,nfp_1059,nfp,false_or_unknown_relied_on,1
both,nfp_1060,nfp,model_boolean,0
both,nfp_1060,nfp,any_false,0
both,nfp_1060,nfp,false_and_relied_on,0
both,nfp_1060,nfp,false_or_unknown_relied_on,1
both,nfp_1061,nfp,model_boolean,0
both,nfp_1061,nfp,any_false,0
both,nfp_1061,nfp,false_and_relied_on,0
both,nfp_1061,nfp,false_or_unknown_relied_on,1
both,nfp_1062,nfp,model_boolean,0
both,nfp_1062,nfp,any_false,0
both,nfp_1062,nfp,false_and_relied_on,0
both,nfp_1062,nfp,false_or_unknown_relied_on,0
both,nfp_1063,nfp,model_boolean,1
both,nfp_1063,nfp,any_false,1
both,nfp_1063,nfp,false_and_relied_on,1
both,nfp_1063,nfp,false_or_unknown_relied_on,1
both,nfp_1064,nfp,model_boolean,0
both,nfp_1064,nfp,any_false,0
both,nfp_1064,nfp,false_and_relied_on,0
both,nfp_1064,nfp,false_or_unknown_relied_on,0
both,nfp_1065,nfp,model_boolean,0
both,nfp_1065,nfp,any_false,0
both,nfp_1065,nfp,false_and_relied_on,0
both,nfp_1065,nfp,false_or_unknown_relied_on,0
both,nfp_1066,nfp,model_boolean,0
both,nfp_1066,nfp,any_false,0
both,nfp_1066,nfp,false_and_relied_on,0
both,nfp_1066,nfp,false_or_unknown_relied_on,1
both,nfp_1067,nfp,model_boolean,0
both,nfp_1067,nfp,any_false,0
both,nfp_1067,nfp,false_and_relied_on,0
both,nfp_1067,nfp,false_or_unknown_relied_on,0
both,nfp_1068,nfp,model_boolean,0
both,nfp_1068,nfp,any_false,0
both,nfp_1068,nfp,false_and_relied_on,0
both,nfp_1068,nfp,false_or_unknown_relied_on,1
both,nfp_1069,nfp,model_boolean,0
both,nfp_1069,nfp,any_false,0
both,nfp_1069,nfp,false_and_relied_on,0
both,nfp_1069,nfp,false_or_unknown_relied_on,1
both,nfp_1070,nfp,model_boolean,0
both,nfp_1070,nfp,any_false,0
both,nfp_1070,nfp,false_and_relied_on,0
both,nfp_1070,nfp,false_or_unknown_relied_on,0
both,nfp_1071,nfp,model_boolean,0
both,nfp_1071,nfp,any_false,0
both,nfp_1071,nfp,false_and_relied_on,0
both,nfp_1071,nfp,false_or_unknown_relied_on,1
both,nfp_1072,nfp,model_boolean,0
both,nfp_1072,nfp,any_false,0
both,nfp_1072,nfp,false_and_relied_on,0
both,nfp_1072,nfp,false_or_unknown_relied_on,0
both,nfp_1073,nfp,model_boolean,0
both,nfp_1073,nfp,any_false,0
both,nfp_1073,nfp,false_and_relied_on,0
both,nfp_1073,nfp,false_or_unknown_relied_on,0
both,nfp_1074,nfp,model_boolean,0
both,nfp_1074,nfp,any_false,0
both,nfp_1074,nfp,false_and_relied_on,0
both,nfp_1074,nfp,false_or_unknown_relied_on,1
both,nfp_1075,nfp,model_boolean,1
both,nfp_1075,nfp,any_false,1
both,nfp_1075,nfp,false_and_relied_on,1
both,nfp_1075,nfp,false_or_unknown_relied_on,1
both,nfp_1076,nfp,model_boolean,0
both,nfp_1076,nfp,any_false,0
both,nfp_1076,nfp,false_and_relied_on,0
both,nfp_1076,nfp,false_or_unknown_relied_on,0
both,nfp_1077,nfp,model_boolean,0
both,nfp_1077,nfp,any_false,0
both,nfp_1077,nfp,false_and_relied_on,0
both,nfp_1077,nfp,false_or_unknown_relied_on,1
both,nfp_1078,nfp,model_boolean,0
both,nfp_1078,nfp,any_false,0
both,nfp_1078,nfp,false_and_relied_on,0
both,nfp_1078,nfp,false_or_unknown_relied_on,1
both,nfp_1079,nfp,model_boolean,0
both,nfp_1079,nfp,any_false,0
both,nfp_1079,nfp,false_and_relied_on,0
both,nfp_1079,nfp,false_or_unknown_relied_on,0
both,nfp_1080,nfp,model_boolean,0
both,nfp_1080,nfp,any_false,0
both,nfp_1080,nfp,false_and_relied_on,0
both,nfp_1080,nfp,false_or_unknown_relied_on,0
both,nfp_1081,nfp,model_boolean,0
both,nfp_1081,nfp,any_false,0
both,nfp_1081,nfp,false_and_relied_on,0
both,nfp_1081,nfp,false_or_unknown_relied_on,1
both,nfp_1082,nfp,model_boolean,0
both,nfp_1082,nfp,any_false,0
both,nfp_1082,nfp,false_and_relied_on,0
both,nfp_1082,nfp,false_or_unknown_relied_on,1
both,nfp_1083,nfp,model_boolean,0
both,nfp_1083,nfp,any_false,1
both,nfp_1083,nfp,false_and_relied_on,0
both,nfp_1083,nfp,false_or_unknown_relied_on,0
both,nfp_1084,nfp,model_boolean,0
both,nfp_1084,nfp,any_false,0
both,nfp_1084,nfp,false_and_relied_on,0
both,nfp_1084,nfp,false_or_unknown_relied_on,0
both,nfp_1085,nfp,model_boolean,0
both,nfp_1085,nfp,any_false,0
both,nfp_1085,nfp,false_and_relied_on,0
both,nfp_1085,nfp,false_or_unknown_relied_on,0
both,nfp_1086,nfp,model_boolean,0
both,nfp_1086,nfp,any_false,0
both,nfp_1086,nfp,false_and_relied_on,0
both,nfp_1086,nfp,false_or_unknown_relied_on,1
both,nfp_1087,nfp,model_boolean,0
both,nfp_1087,nfp,any_false,0
both,nfp_1087,nfp,false_and_relied_on,0
both,nfp_1087,nfp,false_or_unknown_relied_on,0
both,nfp_1088,nfp,model_boolean,0
both,nfp_1088,nfp,any_false,0
both,nfp_1088,nfp,false_and_relied_on,0
both,nfp_1088,nfp,false_or_unknown_relied_on,0
both,nfp_1089,nfp,model_boolean,0
both,nfp_1089,nfp,any_false,0
both,nfp_1089,nfp,false_and_relied_on,0
both,nfp_1089,nfp,false_or_unknown_relied_on,0
both,nfp_1090,nfp,model_boolean,0
both,nfp_1090,nfp,any_false,0
both,nfp_1090,nfp,false_and_relied_on,0
both,nfp_1090,nfp,false_or_unknown_relied_on,0
both,nfp_1091,nfp,model_boolean,0
both,nfp_1091,nfp,any_false,0
both,nfp_1091,nfp,false_and_relied_on,0
both,nfp_1091,nfp,false_or_unknown_relied_on,0
both,nfp_1092,nfp,model_boolean,0
both,nfp_1092,nfp,any_false,0
both,nfp_1092,nfp,false_and_relied_on,0
both,nfp_1092,nfp,false_or_unknown_relied_on,1
both,nfp_1093,nfp,model_boolean,0
both,nfp_1093,nfp,any_false,0
both,nfp_1093,nfp,false_and_relied_on,0
both,nfp_1093,nfp,false_or_unknown_relied_on,0
both,nfp_1094,nfp,model_boolean,0
both,nfp_1094,nfp,any_false,0
both,nfp_1094,nfp,false_and_relied_on,0
both,nfp_1094,nfp,false_or_unknown_relied_on,1
both,nfp_1095,nfp,model_boolean,0
both,nfp_1095,nfp,any_false,0
both,nfp_1095,nfp,false_and_relied_on,0
both,nfp_1095,nfp,false_or_unknown_relied_on,1
both,nfp_1097,nfp,model_boolean,0
both,nfp_1097,nfp,any_false,1
both,nfp_1097,nfp,false_and_relied_on,0
both,nfp_1097,nfp,false_or_unknown_relied_on,1
both,nfp_1098,nfp,model_boolean,0
both,nfp_1098,nfp,any_false,0
both,nfp_1098,nfp,false_and_relied_on,0
both,nfp_1098,nfp,false_or_unknown_relied_on,0
both,nfp_1099,nfp,model_boolean,0
both,nfp_1099,nfp,any_false,0
both,nfp_1099,nfp,false_and_relied_on,0
both,nfp_1099,nfp,false_or_unknown_relied_on,0
both,nfp_1100,nfp,model_boolean,0
both,nfp_1100,nfp,any_false,0
both,nfp_1100,nfp,false_and_relied_on,0
both,nfp_1100,nfp,false_or_unknown_relied_on,1
both,nfp_1101,nfp,model_boolean,0
both,nfp_1101,nfp,any_false,0
both,nfp_1101,nfp,false_and_relied_on,0
both,nfp_1101,nfp,false_or_unknown_relied_on,0
both,nfp_1102,nfp,model_boolean,0
both,nfp_1102,nfp,any_false,0
both,nfp_1102,nfp,false_and_relied_on,0
both,nfp_1102,nfp,false_or_unknown_relied_on,0
both,nfp_1103,nfp,model_boolean,0
both,nfp_1103,nfp,any_false,0
both,nfp_1103,nfp,false_and_relied_on,0
both,nfp_1103,nfp,false_or_unknown_relied_on,0
both,nfp_1104,nfp,model_boolean,0
both,nfp_1104,nfp,any_false,0
both,nfp_1104,nfp,false_and_relied_on,0
both,nfp_1104,nfp,false_or_unknown_relied_on,1
both,nfp_1105,nfp,model_boolean,0
both,nfp_1105,nfp,any_false,0
both,nfp_1105,nfp,false_and_relied_on,0
both,nfp_1105,nfp,false_or_unknown_relied_on,0
both,nfp_1107,nfp,model_boolean,0
both,nfp_1107,nfp,any_false,0
both,nfp_1107,nfp,false_and_relied_on,0
both,nfp_1107,nfp,false_or_unknown_relied_on,1
both,nfp_1109,nfp,model_boolean,0
both,nfp_1109,nfp,any_false,0
both,nfp_1109,nfp,false_and_relied_on,0
both,nfp_1109,nfp,false_or_unknown_relied_on,1
both,nfp_1110,nfp,model_boolean,0
both,nfp_1110,nfp,any_false,0
both,nfp_1110,nfp,false_and_relied_on,0
both,nfp_1110,nfp,false_or_unknown_relied_on,1
both,nfp_1111,nfp,model_boolean,0
both,nfp_1111,nfp,any_false,0
both,nfp_1111,nfp,false_and_relied_on,0
both,nfp_1111,nfp,false_or_unknown_relied_on,1
both,nfp_1112,nfp,model_boolean,0
both,nfp_1112,nfp,any_false,0
both,nfp_1112,nfp,false_and_relied_on,0
both,nfp_1112,nfp,false_or_unknown_relied_on,1
both,nfp_1113,nfp,model_boolean,0
both,nfp_1113,nfp,any_false,0
both,nfp_1113,nfp,false_and_relied_on,0
both,nfp_1113,nfp,false_or_unknown_relied_on,0
both,nfp_1114,nfp,model_boolean,0
both,nfp_1114,nfp,any_false,0
both,nfp_1114,nfp,false_and_relied_on,0
both,nfp_1114,nfp,false_or_unknown_relied_on,1
both,nfp_1115,nfp,model_boolean,0
both,nfp_1115,nfp,any_false,0
both,nfp_1115,nfp,false_and_relied_on,0
both,nfp_1115,nfp,false_or_unknown_relied_on,1
both,nfp_1116,nfp,model_boolean,0
both,nfp_1116,nfp,any_false,1
both,nfp_1116,nfp,false_and_relied_on,0
both,nfp_1116,nfp,false_or_unknown_relied_on,0
both,nfp_1117,nfp,model_boolean,1
both,nfp_1117,nfp,any_false,1
both,nfp_1117,nfp,false_and_relied_on,1
both,nfp_1117,nfp,false_or_unknown_relied_on,1
both,nfp_1118,nfp,model_boolean,0
both,nfp_1118,nfp,any_false,0
both,nfp_1118,nfp,false_and_relied_on,0
both,nfp_1118,nfp,false_or_unknown_relied_on,1
both,nfp_1119,nfp,model_boolean,0
both,nfp_1119,nfp,any_false,0
both,nfp_1119,nfp,false_and_relied_on,0
both,nfp_1119,nfp,false_or_unknown_relied_on,0
both,nfp_1120,nfp,model_boolean,0
both,nfp_1120,nfp,any_false,0
both,nfp_1120,nfp,false_and_relied_on,0
both,nfp_1120,nfp,false_or_unknown_relied_on,0
both,nfp_1121,nfp,model_boolean,0
both,nfp_1121,nfp,any_false,0
both,nfp_1121,nfp,false_and_relied_on,0
both,nfp_1121,nfp,false_or_unknown_relied_on,0
both,nfp_1122,nfp,model_boolean,0
both,nfp_1122,nfp,any_false,1
both,nfp_1122,nfp,false_and_relied_on,0
both,nfp_1122,nfp,false_or_unknown_relied_on,0
both,nfp_1123,nfp,model_boolean,0
both,nfp_1123,nfp,any_false,0
both,nfp_1123,nfp,false_and_relied_on,0
both,nfp_1123,nfp,false_or_unknown_relied_on,1
both,nfp_1124,nfp,model_boolean,0
both,nfp_1124,nfp,any_false,0
both,nfp_1124,nfp,false_and_relied_on,0
both,nfp_1124,nfp,false_or_unknown_relied_on,1
both,nfp_1125,nfp,model_boolean,0
both,nfp_1125,nfp,any_false,0
both,nfp_1125,nfp,false_and_relied_on,0
both,nfp_1125,nfp,false_or_unknown_relied_on,1
both,nfp_1126,nfp,model_boolean,0
both,nfp_1126,nfp,any_false,0
both,nfp_1126,nfp,false_and_relied_on,0
both,nfp_1126,nfp,false_or_unknown_relied_on,0
both,nfp_1127,nfp,model_boolean,0
both,nfp_1127,nfp,any_false,0
both,nfp_1127,nfp,false_and_relied_on,0
both,nfp_1127,nfp,false_or_unknown_relied_on,1
both,nfp_1128,nfp,model_boolean,0
both,nfp_1128,nfp,any_false,0
both,nfp_1128,nfp,false_and_relied_on,0
both,nfp_1128,nfp,false_or_unknown_relied_on,0
both,nfp_1129,nfp,model_boolean,0
both,nfp_1129,nfp,any_false,0
both,nfp_1129,nfp,false_and_relied_on,0
both,nfp_1129,nfp,false_or_unknown_relied_on,1
both,nfp_1130,nfp,model_boolean,1
both,nfp_1130,nfp,any_false,1
both,nfp_1130,nfp,false_and_relied_on,0
both,nfp_1130,nfp,false_or_unknown_relied_on,0
both,nfp_1131,nfp,model_boolean,0
both,nfp_1131,nfp,any_false,0
both,nfp_1131,nfp,false_and_relied_on,0
both,nfp_1131,nfp,false_or_unknown_relied_on,1
both,nfp_1132,nfp,model_boolean,0
both,nfp_1132,nfp,any_false,0
both,nfp_1132,nfp,false_and_relied_on,0
both,nfp_1132,nfp,false_or_unknown_relied_on,1
both,nfp_1133,nfp,model_boolean,0
both,nfp_1133,nfp,any_false,0
both,nfp_1133,nfp,false_and_relied_on,0
both,nfp_1133,nfp,false_or_unknown_relied_on,1
both,nfp_1134,nfp,model_boolean,0
both,nfp_1134,nfp,any_false,1
both,nfp_1134,nfp,false_and_relied_on,0
both,nfp_1134,nfp,false_or_unknown_relied_on,0
both,nfp_1135,nfp,model_boolean,0
both,nfp_1135,nfp,any_false,0
both,nfp_1135,nfp,false_and_relied_on,0
both,nfp_1135,nfp,false_or_unknown_relied_on,0
both,nfp_1136,nfp,model_boolean,0
both,nfp_1136,nfp,any_false,0
both,nfp_1136,nfp,false_and_relied_on,0
both,nfp_1136,nfp,false_or_unknown_relied_on,0
both,nfp_1137,nfp,model_boolean,0
both,nfp_1137,nfp,any_false,0
both,nfp_1137,nfp,false_and_relied_on,0
both,nfp_1137,nfp,false_or_unknown_relied_on,1
both,nfp_1138,nfp,model_boolean,0
both,nfp_1138,nfp,any_false,0
both,nfp_1138,nfp,false_and_relied_on,0
both,nfp_1138,nfp,false_or_unknown_relied_on,1
both,nfp_1139,nfp,model_boolean,0
both,nfp_1139,nfp,any_false,0
both,nfp_1139,nfp,false_and_relied_on,0
both,nfp_1139,nfp,false_or_unknown_relied_on,1
both,nfp_1140,nfp,model_boolean,0
both,nfp_1140,nfp,any_false,0
both,nfp_1140,nfp,false_and_relied_on,0
both,nfp_1140,nfp,false_or_unknown_relied_on,1
both,nfp_1141,nfp,model_boolean,0
both,nfp_1141,nfp,any_false,0
both,nfp_1141,nfp,false_and_relied_on,0
both,nfp_1141,nfp,false_or_unknown_relied_on,0
both,nfp_1142,nfp,model_boolean,0
both,nfp_1142,nfp,any_false,0
both,nfp_1142,nfp,false_and_relied_on,0
both,nfp_1142,nfp,false_or_unknown_relied_on,0
both,nfp_1143,nfp,model_boolean,0
both,nfp_1143,nfp,any_false,0
both,nfp_1143,nfp,false_and_relied_on,0
both,nfp_1143,nfp,false_or_unknown_relied_on,1
both,nfp_1144,nfp,model_boolean,0
both,nfp_1144,nfp,any_false,0
both,nfp_1144,nfp,false_and_relied_on,0
both,nfp_1144,nfp,false_or_unknown_relied_on,1
both,nfp_1145,nfp,model_boolean,0
both,nfp_1145,nfp,any_false,0
both,nfp_1145,nfp,false_and_relied_on,0
both,nfp_1145,nfp,false_or_unknown_relied_on,1
both,nfp_1146,nfp,model_boolean,0
both,nfp_1146,nfp,any_false,0
both,nfp_1146,nfp,false_and_relied_on,0
both,nfp_1146,nfp,false_or_unknown_relied_on,1
both,nfp_1147,nfp,model_boolean,0
both,nfp_1147,nfp,any_false,1
both,nfp_1147,nfp,false_and_relied_on,0
both,nfp_1147,nfp,false_or_unknown_relied_on,1
both,nfp_1148,nfp,model_boolean,0
both,nfp_1148,nfp,any_false,0
both,nfp_1148,nfp,false_and_relied_on,0
both,nfp_1148,nfp,false_or_unknown_relied_on,1
both,nfp_1149,nfp,model_boolean,0
both,nfp_1149,nfp,any_false,0
both,nfp_1149,nfp,false_and_relied_on,0
both,nfp_1149,nfp,false_or_unknown_relied_on,1
