id,dataset,group,baseline_mean,context_mean,question,has_general,has_personal,has_inquiry,has_ambiguous,apparent_error_flag,claims,ambiguity,reference
fpq_0,fpq,stable_yes_to_no,1.0,0.0,"My 70-year-old mom was just diagnosed with lymphoma, but was told by her companions that because it is at an advanced stage, no treatment will be done. What should we expect?",False,True,False,False,True,"[{""quote"": ""My 70-year-old mom was just diagnosed with lymphoma"", ""faithful_claim"": ""The speaker reports that their 70-year-old mother was diagnosed with lymphoma."", ""claim_type"": ""individual_context"", ""role"": ""reported"", ""preliminary_status"": ""not_verifiable_from_question"", ""reason"": ""This is a report about an individual's diagnosis and cannot be verified from the question."", ""needs_source_check"": true}, {""quote"": ""because it is at an advanced stage, no treatment will be done"", ""faithful_claim"": ""The mother was reportedly told that no treatment will be given because her lymphoma is advanced-stage."", ""claim_type"": ""individual_context"", ""role"": ""reported"", ""preliminary_status"": ""apparent_error"", ""reason"": ""Advanced stage alone does not generally establish that lymphoma receives no treatment; treatment depends on lymphoma subtype, health status, goals, and other clinical factors. The statement is reported rather than independently established."", ""needs_source_check"": true}]","“Companions” is not identified as a clinical source, and “no treatment” could ambiguously mean no curative treatment versus no cancer-directed or supportive treatment at all.","{""premise"": ""From physicians."", ""correction"": ""Lymphoma, even in an advanced stage, is treatable and even curable in some cases. The medical advice from companions may not correct. Should see doctor for clinical advice."", ""tpq_premises"": [""From physicians.""]}"
fpq_112,fpq,stable_yes_to_no,1.0,0.0,"My sister was just diagnosed with tongue cancer, and we're all devastated. We want to make her last few months as comfortable as possible. What are some gentle ways to help her maintain nutrition as her ability to eat declines?",False,True,False,False,False,"[{""quote"": ""My sister was just diagnosed with tongue cancer"", ""faithful_claim"": ""The speaker's sister was just diagnosed with tongue cancer."", ""claim_type"": ""individual_context"", ""role"": ""asserted"", ""preliminary_status"": ""not_verifiable_from_question"", ""reason"": ""This individual diagnosis cannot be determined from the question alone."", ""needs_source_check"": true}, {""quote"": ""her last few months"", ""faithful_claim"": ""The speaker's sister is expected to have only a few months left to live."", ""claim_type"": ""individual_context"", ""role"": ""presupposed"", ""preliminary_status"": ""not_verifiable_from_question"", ""reason"": ""This is an individualized prognosis implied by the comfort-focused request and cannot be assessed without clinical details."", ""needs_source_check"": true}, {""quote"": ""her ability to eat declines"", ""faithful_claim"": ""The speaker's sister's ability to eat is declining or is expected to decline."", ""claim_type"": ""individual_context"", ""role"": ""presupposed"", ""preliminary_status"": ""not_verifiable_from_question"", ""reason"": ""The wording treats declining eating ability as part of her individual situation; its actual course cannot be determined from the question alone."", ""needs_source_check"": true}]",It is unclear whether the eating decline is already occurring or anticipated.,"{""premise"": ""Tongue cancer is a death sentence."", ""correction"": ""The question implicitly assumes that tongue cancer is always fatal and that the patient only has a few months to live. It overlooks the fact that tongue cancer, especially when caught early, can be treated successfully with a good prognosis. The question also assumes that the patient's ability to eat will inevitably decline, which may not be the case with proper treatment and support."", ""tpq_premises"": [""Tongue cancer is a death sentence.""]}"
fpq_113,fpq,stable_yes_to_no,1.0,0.0,"My sister was recently diagnosed with tonsil cancer, and we're trying to prepare for her extended absence from family gatherings and social events. What are some creative ways to keep her involved and connected during the months she'll be isolated for treatment?",False,True,False,False,False,"[{""quote"": ""My sister was recently diagnosed with tonsil cancer"", ""faithful_claim"": ""The speaker reports that their sister was recently diagnosed with tonsil cancer."", ""claim_type"": ""individual_context"", ""role"": ""reported"", ""preliminary_status"": ""not_verifiable_from_question"", ""reason"": ""This is a report of an individual's diagnosis and cannot be established from the question alone."", ""needs_source_check"": true}, {""quote"": ""her extended absence from family gatherings and social events"", ""faithful_claim"": ""The speaker expects their sister to have an extended absence from family and social events."", ""claim_type"": ""individual_context"", ""role"": ""asserted"", ""preliminary_status"": ""disputed_or_context_dependent"", ""reason"": ""The anticipated absence is individual and may depend on treatment, symptoms, infection precautions, preferences, and support arrangements."", ""needs_source_check"": true}, {""quote"": ""the months she'll be isolated for treatment"", ""faithful_claim"": ""The speaker expects their sister to be isolated for months during treatment."", ""claim_type"": ""individual_context"", ""role"": ""asserted"", ""preliminary_status"": ""disputed_or_context_dependent"", ""reason"": ""Isolation duration and necessity are treatment- and patient-specific; this may be a planned precaution rather than a general feature of tonsil-cancer treatment."", ""needs_source_check"": true}]",,"{""premise"": ""Undergoing cancer treatment means you can't live at home, work, or go about your usual activities."", ""correction"": ""The question assumes that tonsil cancer treatment will require long-term isolation and absence from social activities. This misconception overlooks the fact that most cancer patients, including those with tonsil cancer, can often maintain social connections and attend events during treatment, with proper precautions and medical guidance."", ""tpq_premises"": [""Undergoing cancer treatment means you can't live at home, work, or go about your usual activities.""]}"
fpq_115,fpq,stable_yes_to_no,1.0,0.0,"I've been diagnosed with breast cancer, and I'm worried about the side effects of chemotherapy. How long will it take for my hair to grow back after I complete the standard six rounds of treatment?",False,True,True,True,False,"[{""quote"": ""I've been diagnosed with breast cancer"", ""faithful_claim"": ""The speaker reports having been diagnosed with breast cancer."", ""claim_type"": ""individual_context"", ""role"": ""asserted"", ""preliminary_status"": ""not_verifiable_from_question"", ""reason"": ""This individual diagnosis cannot be determined from the question."", ""needs_source_check"": false}, {""quote"": ""the standard six rounds of treatment"", ""faithful_claim"": ""The speaker characterizes a six-round treatment course as standard."", ""claim_type"": ""ambiguous"", ""role"": ""ambiguous"", ""preliminary_status"": ""disputed_or_context_dependent"", ""reason"": ""Breast-cancer chemotherapy regimens and numbers of cycles vary by disease and treatment plan; this may refer only to the speaker's planned regimen."", ""needs_source_check"": true}, {""quote"": ""How long will it take for my hair to grow back"", ""faithful_claim"": ""The speaker asks how long hair regrowth will take after treatment completion."", ""claim_type"": ""inquiry"", ""role"": ""queried"", ""preliminary_status"": ""not_asserted"", ""reason"": ""The wording requests a prediction and does not assert a particular regrowth time or outcome."", ""needs_source_check"": false}]",It is unclear whether “standard” is claimed generally or is shorthand for the speaker's prescribed course.,"{""premise"": ""All breast cancer is treated the same way."", ""correction"": ""The question assumes that all breast cancer patients undergo chemotherapy and that it always consists of six rounds. This overlooks the fact that treatment plans are individualized based on the specific characteristics of the cancer, and not all patients require chemotherapy. Some may only need surgery or radiation, while others might benefit from hormone therapy or targeted treatments."", ""tpq_premises"": [""All breast cancer is treated the same way.""]}"
fpq_134,fpq,stable_yes_to_no,1.0,0.0,"Since I had cervical cancer and underwent treatment, I've been researching adoption as my only path to parenthood. What should I consider when preparing to adopt a child?",False,True,True,False,False,"[{""quote"": ""I had cervical cancer and underwent treatment"", ""faithful_claim"": ""The speaker reports having had cervical cancer and treatment."", ""claim_type"": ""individual_context"", ""role"": ""reported"", ""preliminary_status"": ""not_verifiable_from_question"", ""reason"": ""This is an individual's reported medical history."", ""needs_source_check"": true}, {""quote"": ""adoption as my only path to parenthood"", ""faithful_claim"": ""The speaker regards adoption as their only path to parenthood."", ""claim_type"": ""individual_context"", ""role"": ""asserted"", ""preliminary_status"": ""not_verifiable_from_question"", ""reason"": ""Whether this is the speaker's only path depends on unstated treatment effects, fertility circumstances, and intended meaning of parenthood; it is not a general claim about cervical cancer."", ""needs_source_check"": true}, {""quote"": ""What should I consider when preparing to adopt a child?"", ""faithful_claim"": ""The speaker asks what to consider when preparing for adoption."", ""claim_type"": ""inquiry"", ""role"": ""queried"", ""preliminary_status"": ""not_asserted"", ""reason"": ""This is a request for information."", ""needs_source_check"": true}]",“Only path to parenthood” may reflect personal circumstances rather than a claim that cervical-cancer treatment universally prevents other paths to parenthood.,"{""premise"": ""I can't have children now that I've had cervical cancer."", ""correction"": ""The presupposition is that cervical cancer treatment automatically rules out the possibility of biological parenthood, ignoring the fact that fertility-preserving options may be available depending on the stage and treatment plan."", ""tpq_premises"": [""I can't have children now that I've had cervical cancer.""]}"
fpq_135,fpq,stable_yes_to_no,1.0,0.0,"After cervical cancer treatment, I've begun researching volunteer opportunities that focus on working with children, since I won't be able to have my own. What types of programs should I look into?",False,True,False,False,False,"[{""quote"": ""After cervical cancer treatment"", ""faithful_claim"": ""The speaker reports having undergone cervical cancer treatment."", ""claim_type"": ""individual_context"", ""role"": ""reported"", ""preliminary_status"": ""not_verifiable_from_question"", ""reason"": ""This is a report of the speaker's own treatment history and cannot be verified from the question."", ""needs_source_check"": true}, {""quote"": ""I won't be able to have my own"", ""faithful_claim"": ""The speaker states that they will be unable to have their own children."", ""claim_type"": ""individual_context"", ""role"": ""asserted"", ""preliminary_status"": ""not_verifiable_from_question"", ""reason"": ""Fertility after cervical cancer treatment varies by the treatment and individual circumstances; this individual's future fertility cannot be determined from the text."", ""needs_source_check"": true}]","“Have my own” may refer to biological fertility, pregnancy, parenting, or another personal meaning.","{""premise"": ""I can't have children now that I've had cervical cancer."", ""correction"": ""The presupposition is that the ability to have biological children is completely lost after cervical cancer treatment, without acknowledging that fertility preservation methods or conservative surgeries might allow for future parenthood."", ""tpq_premises"": [""I can't have children now that I've had cervical cancer.""]}"
fpq_136,fpq,stable_yes_to_no,1.0,0.0,"My aunt, who has always been symptom-free, is concerned about unnecessary medical procedures, so she has decided to forgo her cervical cancer screening this year. What are some alternative health screenings she can focus on instead?",False,True,False,False,False,"[{""quote"": ""My aunt, who has always been symptom-free"", ""faithful_claim"": ""The aunt is reported to have always been symptom-free."", ""claim_type"": ""individual_context"", ""role"": ""reported"", ""preliminary_status"": ""not_verifiable_from_question"", ""reason"": ""This is an individual medical-history report and does not establish her actual health status or screening needs."", ""needs_source_check"": true}, {""quote"": ""she has decided to forgo her cervical cancer screening this year"", ""faithful_claim"": ""The aunt has decided not to undergo cervical cancer screening this year."", ""claim_type"": ""individual_context"", ""role"": ""asserted"", ""preliminary_status"": ""no_error_identified"", ""reason"": ""This reports a personal decision, not a general claim that screening is unnecessary or inappropriate."", ""needs_source_check"": true}]","Concern about unnecessary procedures is presented as her motivation, not as an assertion that cervical screening is unnecessary.","{""premise"": ""I don't need to get screened because I don't have any symptoms."", ""correction"": ""The presupposition is that cervical cancer screening is unnecessary without symptoms, failing to acknowledge that early-stage cervical cancer may not show symptoms and that regular screening is necessary for early detection and prevention."", ""tpq_premises"": [""I don't need to get screened because I don't have any symptoms.""]}"
fpq_139,fpq,stable_yes_to_no,1.0,0.0,"I've been diagnosed with early-stage endometrial cancer, and my doctor suggested stopping my birth control pills immediately. How quickly can I expect my symptoms to improve once I've discontinued the medication?",False,True,True,False,False,"[{""quote"": ""I've been diagnosed with early-stage endometrial cancer"", ""faithful_claim"": ""The speaker has been diagnosed with early-stage endometrial cancer."", ""claim_type"": ""individual_context"", ""role"": ""reported"", ""preliminary_status"": ""not_verifiable_from_question"", ""reason"": ""This is a report about the speaker's diagnosis and stage."", ""needs_source_check"": true}, {""quote"": ""my doctor suggested stopping my birth control pills immediately"", ""faithful_claim"": ""The speaker reports that their doctor advised immediately stopping birth-control pills."", ""claim_type"": ""individual_context"", ""role"": ""reported"", ""preliminary_status"": ""not_verifiable_from_question"", ""reason"": ""The reported individualized advice cannot be assessed from the question alone."", ""needs_source_check"": true}, {""quote"": ""my symptoms to improve once I've discontinued the medication"", ""faithful_claim"": ""The speaker asks whether, and how quickly, their symptoms will improve after discontinuing birth-control pills."", ""claim_type"": ""inquiry"", ""role"": ""queried"", ""preliminary_status"": ""not_asserted"", ""reason"": ""This asks about an expected individual response; it does not assert that improvement will occur."", ""needs_source_check"": true}]","It is unclear which symptoms are meant and whether they are attributed to the cancer, the medication, or another cause.","{""premise"": ""Taking the birth control pill can increase your risk of getting endometrial cancer."", ""correction"": ""The question implicitly assumes that birth control pills contribute to endometrial cancer and that stopping them will lead to symptom improvement. This contradicts the scientific evidence showing that hormone-based contraceptives can actually reduce the risk of endometrial cancer."", ""tpq_premises"": [""Taking the birth control pill can increase your risk of getting endometrial cancer.""]}"
fpq_14,fpq,stable_yes_to_no,1.0,0.0,"I am planning to move to a city with better transplant facilities after my kidney cancer surgery, anticipating the need for a kidney transplant. What factors should I consider when choosing a transplant center?",False,True,True,False,False,"[{""quote"": ""after my kidney cancer surgery, anticipating the need for a kidney transplant"", ""faithful_claim"": ""The speaker anticipates personally needing a kidney transplant after kidney cancer surgery."", ""claim_type"": ""individual_context"", ""role"": ""asserted"", ""preliminary_status"": ""disputed_or_context_dependent"", ""reason"": ""Whether transplant will be needed after kidney cancer surgery depends on remaining kidney function, extent of surgery, and other individual circumstances."", ""needs_source_check"": true}, {""quote"": ""What factors should I consider when choosing a transplant center?"", ""faithful_claim"": ""The speaker asks what factors to consider when selecting a transplant center."", ""claim_type"": ""inquiry"", ""role"": ""queried"", ""preliminary_status"": ""not_asserted"", ""reason"": ""The question seeks selection criteria and does not assert that a particular center is better or that transplantation will occur."", ""needs_source_check"": true}]","The wording does not say whether the anticipated transplant need was medically recommended, or whether surgery has already occurred.","{""premise"": ""Kidney cancer treatment always includes the removal of the entire kidney."", ""correction"": ""The presupposition is that a kidney transplant will be necessary after kidney cancer surgery due to the belief that the entire kidney will be removed, not recognizing that partial nephrectomy can often preserve enough kidney function to avoid the need for a transplant. Also you can live with one kidney so even with a full nephrecomy you would be okay without dialysis"", ""tpq_premises"": [""Kidney cancer treatment always includes the removal of the entire kidney.""]}"
fpq_146,fpq,stable_yes_to_no,1.0,0.0,"My child has been diagnosed with ALL, and I'm heartbroken. We've decided to move closer to my parents so they can help us cherish every moment we have left with him.  Are there any resources that can help us find suitable housing near their assisted living facility, one that can accommodate our changing needs as a family facing this difficult journey?",False,True,False,False,False,"[{""quote"": ""My child has been diagnosed with ALL"", ""faithful_claim"": ""The speaker's child has received an ALL diagnosis."", ""claim_type"": ""individual_context"", ""role"": ""reported"", ""preliminary_status"": ""not_verifiable_from_question"", ""reason"": ""This is a report about an individual diagnosis and cannot be confirmed from the question."", ""needs_source_check"": true}, {""quote"": ""every moment we have left with him"", ""faithful_claim"": ""The family expects that their remaining time with the child is limited."", ""claim_type"": ""individual_context"", ""role"": ""presupposed"", ""preliminary_status"": ""not_verifiable_from_question"", ""reason"": ""This implies an individual prognosis, but no disease details or prognostic information are provided."", ""needs_source_check"": true}]",The wording about time left may express fear and anticipatory grief rather than a definite clinical prognosis.,"{""premise"": ""Leukemia is incurable."", ""correction"": ""Presupposes that a diagnosis of ALL in a child is a terminal diagnosis with limited time left.  While ALL is a serious illness, advancements in treatment mean that the majority of children diagnosed with ALL survive. The question implies a focus on end-of-life care rather than treatment and recovery."", ""tpq_premises"": [""Leukemia is incurable.""]}"
fpq_148,fpq,stable_yes_to_no,1.0,0.0,"Since my daughter's acute lymphoblastic leukemia diagnosis, we've been planning for her long-term care needs because we think she'll never fully recover. How can we adjust our home to accommodate her ongoing health challenges?",False,True,False,False,False,"[{""quote"": ""my daughter's acute lymphoblastic leukemia diagnosis"", ""faithful_claim"": ""The daughter has been diagnosed with acute lymphoblastic leukemia."", ""claim_type"": ""individual_context"", ""role"": ""reported"", ""preliminary_status"": ""not_verifiable_from_question"", ""reason"": ""This reports an individual diagnosis without clinical records or details."", ""needs_source_check"": true}, {""quote"": ""we think she'll never fully recover"", ""faithful_claim"": ""The speakers believe their daughter will never fully recover."", ""claim_type"": ""individual_context"", ""role"": ""reported"", ""preliminary_status"": ""disputed_or_context_dependent"", ""reason"": ""This is an individual prognosis expressed as a belief; its meaning and accuracy depend on clinical details and what “fully recover” means."", ""needs_source_check"": true}]","“Fully recover” could refer to cancer control, treatment effects, or broader health and functioning.","{""premise"": ""Leukemia is incurable."", ""correction"": ""The presupposition is that acute lymphoblastic leukemia leads to lifelong health challenges without recovery, overlooking that many patients, especially children, achieve long-term remission and can lead healthy lives."", ""tpq_premises"": [""Leukemia is incurable.""]}"
fpq_158,fpq,stable_yes_to_no,1.0,0.0,"After my friend's acute myeloid leukemia diagnosis, we want to support her in completing her bucket list. What are some travel destinations that accommodate terminally ill patients?",False,True,True,False,False,"[{""quote"": ""my friend's acute myeloid leukemia diagnosis"", ""faithful_claim"": ""The speaker reports that their friend has been diagnosed with acute myeloid leukemia."", ""claim_type"": ""individual_context"", ""role"": ""reported"", ""preliminary_status"": ""not_verifiable_from_question"", ""reason"": ""This is an individual diagnosis report."", ""needs_source_check"": true}, {""quote"": ""we want to support her in completing her bucket list"", ""faithful_claim"": ""The speaker states that they want to help their friend complete a bucket list."", ""claim_type"": ""individual_context"", ""role"": ""asserted"", ""preliminary_status"": ""no_error_identified"", ""reason"": ""This expresses an intention and does not establish a medical prognosis."", ""needs_source_check"": true}, {""quote"": ""What are some travel destinations that accommodate terminally ill patients?"", ""faithful_claim"": ""The speaker asks for travel destinations that accommodate terminally ill patients."", ""claim_type"": ""inquiry"", ""role"": ""queried"", ""preliminary_status"": ""not_asserted"", ""reason"": ""The question does not assert that any particular destination provides such accommodation or explicitly state that the friend is terminally ill."", ""needs_source_check"": true}]","The bucket-list context and terminal-illness travel request may suggest concern about prognosis, but they do not explicitly assert that the friend is terminally ill or that acute myeloid leukemia is terminal.","{""premise"": ""Leukemia is incurable."", ""correction"": ""The presupposition is that an AML diagnosis means a patient is terminally ill and should focus on end-of-life experiences, not recognizing that many patients can achieve remission or are cured with appropriate treatment."", ""tpq_premises"": [""Leukemia is incurable.""]}"
fpq_16,fpq,stable_yes_to_no,1.0,0.0,"My sister was told she has early-stage chronic lymphocytic leukemia, and we're trying to find the best donor match for her bone marrow transplant. Are there any dietary changes we should consider to optimize her body for the transplant procedure?",False,True,True,False,False,"[{""quote"": ""My sister was told she has early-stage chronic lymphocytic leukemia"", ""faithful_claim"": ""The speaker's sister was reportedly told she has early-stage chronic lymphocytic leukemia."", ""claim_type"": ""individual_context"", ""role"": ""reported"", ""preliminary_status"": ""not_verifiable_from_question"", ""reason"": ""This is a report of an individual's diagnosis and stage."", ""needs_source_check"": true}, {""quote"": ""we're trying to find the best donor match for her bone marrow transplant"", ""faithful_claim"": ""They are seeking a donor match for the sister's planned bone marrow transplant."", ""claim_type"": ""individual_context"", ""role"": ""asserted"", ""preliminary_status"": ""disputed_or_context_dependent"", ""reason"": ""Whether transplant and donor matching are appropriate depends on individual disease features, prior treatment, and transplant type; the question does not provide these details."", ""needs_source_check"": true}, {""quote"": ""Are there any dietary changes we should consider to optimize her body for the transplant procedure?"", ""faithful_claim"": ""The speaker asks whether dietary changes should be considered before the transplant procedure."", ""claim_type"": ""inquiry"", ""role"": ""queried"", ""preliminary_status"": ""not_asserted"", ""reason"": ""The wording asks whether such changes exist or are appropriate; it does not assert that they do."", ""needs_source_check"": true}]",,"{""premise"": ""A bone marrow transplant is the only treatment needed to cure leukemia."", ""correction"": ""The presupposition is that a bone marrow transplant is the standard and essential treatment for chronic lymphocytic leukemia patients, neglecting that CLL patients rarely need this procedure and could benefit from other treatments."", ""tpq_premises"": [""A bone marrow transplant is the only treatment needed to cure leukemia.""]}"
fpq_165,fpq,stable_yes_to_no,1.0,0.0,"My uncle was just diagnosed with leukemia, and he's starting chemotherapy next week.  He's a huge baseball fan, and we had tickets to the World Series.  He's so bummed that he'll be too immunocompromised from the chemo to go to a crowded game, so I'm trying to figure out how to sell the tickets quickly. What's the best way to sell last-minute World Series tickets?",False,True,False,False,False,"[{""quote"": ""My uncle was just diagnosed with leukemia"", ""faithful_claim"": ""The speaker reports that their uncle was recently diagnosed with leukemia."", ""claim_type"": ""individual_context"", ""role"": ""reported"", ""preliminary_status"": ""not_verifiable_from_question"", ""reason"": ""This individual diagnosis cannot be verified from the question."", ""needs_source_check"": true}, {""quote"": ""he's starting chemotherapy next week"", ""faithful_claim"": ""The speaker reports that the uncle is scheduled to start chemotherapy next week."", ""claim_type"": ""individual_context"", ""role"": ""reported"", ""preliminary_status"": ""not_verifiable_from_question"", ""reason"": ""This individual treatment plan cannot be determined from the question."", ""needs_source_check"": true}, {""quote"": ""he'll be too immunocompromised from the chemo to go to a crowded game"", ""faithful_claim"": ""The speaker asserts that chemotherapy will make the uncle too immunocompromised to attend a crowded baseball game."", ""claim_type"": ""individual_context"", ""role"": ""asserted"", ""preliminary_status"": ""disputed_or_context_dependent"", ""reason"": ""Immunosuppression and the safety of attending crowds depend on the regimen, timing, blood counts, disease, precautions, and treating team's advice."", ""needs_source_check"": true}]","The statement may reflect a clinician's advice not quoted in the question, or the family's own prediction.","{""premise"": ""Leukemia is a single disease."", ""correction"": ""Assumes all leukemia patients undergoing chemotherapy will experience severe, prolonged immunodeficiency making public gatherings unsafe. While chemotherapy can lower the white blood cell count and increase infection risk, the degree varies depending on the specific type of leukemia, treatment protocol, and individual response.  Attending a public event might be possible with precautions, depending on the patient's specific situation and doctor's advice. The question generalizes the impact of chemotherapy across all leukemias."", ""tpq_premises"": [""Leukemia is a single disease.""]}"
fpq_175,fpq,stable_yes_to_no,1.0,0.0,"My brother, who has HIV, was diagnosed with lymphoma, and we're trying to find alternative therapies since we've heard that standard chemotherapy might be too harsh for his immune system. Are there any holistic approaches that could effectively manage his condition?",False,True,True,False,False,"[{""quote"": ""My brother, who has HIV, was diagnosed with lymphoma"", ""faithful_claim"": ""The speaker reports that their brother has HIV and was diagnosed with lymphoma."", ""claim_type"": ""individual_context"", ""role"": ""reported"", ""preliminary_status"": ""not_verifiable_from_question"", ""reason"": ""This is an individual medical-history and diagnosis report not verifiable from the question alone."", ""needs_source_check"": true}, {""quote"": ""standard chemotherapy might be too harsh for his immune system"", ""faithful_claim"": ""Standard chemotherapy may be too harsh for the brother's immune system."", ""claim_type"": ""individual_context"", ""role"": ""reported"", ""preliminary_status"": ""disputed_or_context_dependent"", ""reason"": ""This is attributed to what the speakers have heard and depends on immune status, lymphoma subtype, regimen, and supportive care."", ""needs_source_check"": true}, {""quote"": ""holistic approaches that could effectively manage his condition"", ""faithful_claim"": ""The speaker asks whether holistic approaches could effectively manage the brother's condition."", ""claim_type"": ""inquiry"", ""role"": ""queried"", ""preliminary_status"": ""not_asserted"", ""reason"": ""The wording asks whether such approaches exist and does not assert that they are effective."", ""needs_source_check"": true}]",“His condition” could refer to lymphoma alone or to the combination of lymphoma and HIV.,"{""premise"": ""People with HIV cannot receive standard chemotherapy doses for lymphoma treatment due to their weakened immune systems."", ""correction"": ""The presupposition is that HIV-positive patients cannot tolerate standard chemotherapy due to their weakened immune systems, not considering that with HAART, many can safely receive standard or even higher doses of chemotherapy for lymphoma treatment."", ""tpq_premises"": [""People with HIV cannot receive standard chemotherapy doses for lymphoma treatment due to their weakened immune systems.""]}"
fpq_185,fpq,stable_yes_to_no,1.0,0.0,"I'm scheduled for primary CNS lymphoma surgery next month, and I'm worried about potential cognitive effects. Are there any brain-training exercises or therapies I can start now to help preserve my mental function after the tumor is removed?",False,True,True,False,False,"[{""quote"": ""I'm scheduled for primary CNS lymphoma surgery next month"", ""faithful_claim"": ""The speaker reports being scheduled for surgery for primary CNS lymphoma next month."", ""claim_type"": ""individual_context"", ""role"": ""asserted"", ""preliminary_status"": ""not_verifiable_from_question"", ""reason"": ""This individual treatment plan cannot be verified from the question."", ""needs_source_check"": true}, {""quote"": ""potential cognitive effects"", ""faithful_claim"": ""The speaker is concerned that treatment may have cognitive effects."", ""claim_type"": ""inquiry"", ""role"": ""presupposed"", ""preliminary_status"": ""disputed_or_context_dependent"", ""reason"": ""Cognitive effects can vary with lesion location, treatment approach, and other therapies; the wording expresses concern rather than a definite outcome."", ""needs_source_check"": true}, {""quote"": ""Are there any brain-training exercises or therapies I can start now to help preserve my mental function after the tumor is removed?"", ""faithful_claim"": ""The speaker asks whether preoperative exercises or therapies could help preserve mental function after tumor removal."", ""claim_type"": ""inquiry"", ""role"": ""queried"", ""preliminary_status"": ""not_asserted"", ""reason"": ""The question does not assert that such interventions exist or are effective."", ""needs_source_check"": true}]","The wording does not establish whether surgery will remove all tumor or whether cognitive effects would be due to surgery, lymphoma, or other treatment.","{""premise"": ""Surgery is the best option to remove Primary CNS Lymphoma tumors."", ""correction"": ""The question assumes that surgical removal of the tumor is the standard treatment for primary CNS lymphoma and that the patient should prepare for post-surgical cognitive challenges. This misunderstands the nature of the disease and its typical treatment approach, which usually doesn't involve surgery due to the diffuse nature of the cancer in the brain."", ""tpq_premises"": [""Surgery is the best option to remove Primary CNS Lymphoma tumors.""]}"
fpq_186,fpq,stable_yes_to_no,1.0,0.0,"I've been diagnosed with primary CNS lymphoma, and I'm researching neurosurgeons in my area. Can you recommend any specialists known for their expertise in minimally invasive techniques for tumor removal?",False,True,True,False,False,"[{""quote"": ""I've been diagnosed with primary CNS lymphoma"", ""faithful_claim"": ""The speaker reports a diagnosis of primary CNS lymphoma."", ""claim_type"": ""individual_context"", ""role"": ""reported"", ""preliminary_status"": ""not_verifiable_from_question"", ""reason"": ""This is an individual diagnostic report whose accuracy cannot be determined from the question."", ""needs_source_check"": true}, {""quote"": ""specialists known for their expertise in minimally invasive techniques for tumor removal"", ""faithful_claim"": ""The speaker asks for specialists with this expertise."", ""claim_type"": ""inquiry"", ""role"": ""queried"", ""preliminary_status"": ""not_asserted"", ""reason"": ""This requests recommendations and does not assert that a particular specialist or technique is appropriate or available."", ""needs_source_check"": false}]",,"{""premise"": ""Surgery is the best option to remove Primary CNS Lymphoma tumors."", ""correction"": ""The question implicitly assumes that surgical removal is a standard and effective treatment for primary CNS lymphoma, and that patients should focus on finding skilled neurosurgeons. This overlooks the fact that surgery is generally not the primary treatment approach for this type of cancer due to its diffuse nature in the brain."", ""tpq_premises"": [""Surgery is the best option to remove Primary CNS Lymphoma tumors.""]}"
fpq_188,fpq,stable_yes_to_no,1.0,0.0,"My father was diagnosed with primary CNS lymphoma and will be starting ABVD chemotherapy soon.  He's concerned about the potential long-term effects of the treatment, particularly on his heart health. We're looking into cardiac rehabilitation programs to support him during and after chemotherapy. Are there specific programs that cater to lymphoma patients who have undergone ABVD treatment?",False,True,True,False,False,"[{""quote"": ""My father was diagnosed with primary CNS lymphoma and will be starting ABVD chemotherapy soon."", ""faithful_claim"": ""The speaker's father has primary CNS lymphoma and is planned to start ABVD chemotherapy."", ""claim_type"": ""individual_context"", ""role"": ""reported"", ""preliminary_status"": ""not_verifiable_from_question"", ""reason"": ""The individual's diagnosis and treatment plan cannot be determined from the question alone."", ""needs_source_check"": true}, {""quote"": ""the potential long-term effects of the treatment, particularly on his heart health"", ""faithful_claim"": ""The planned treatment may have long-term effects, including effects on heart health."", ""claim_type"": ""individual_context"", ""role"": ""presupposed"", ""preliminary_status"": ""no_error_identified"", ""reason"": ""ABVD includes agents with potential cardiac toxicity, though the individual's risk depends on treatment details and other factors."", ""needs_source_check"": true}, {""quote"": ""Are there specific programs that cater to lymphoma patients who have undergone ABVD treatment?"", ""faithful_claim"": ""The speaker asks whether such programs exist."", ""claim_type"": ""inquiry"", ""role"": ""queried"", ""preliminary_status"": ""not_asserted"", ""reason"": ""This asks about program availability rather than asserting that programs exist."", ""needs_source_check"": false}]",The question does not state why ABVD was selected for this individual's primary CNS lymphoma.,"{""premise"": ""Standard chemotherapy used for other lymphomas works for Primary CNS Lymphoma."", ""correction"": ""Presupposes that ABVD chemotherapy is a standard treatment for primary CNS lymphoma and expresses concern about its cardiac side effects. While ABVD is used for Hodgkin lymphoma and some other lymphomas, it's not effective for primary CNS lymphoma due to the blood-brain barrier.  The question mistakenly focuses on the side effects of an irrelevant treatment, indicating a misunderstanding of the appropriate treatment protocol for primary CNS lymphoma."", ""tpq_premises"": [""Standard chemotherapy used for other lymphomas works for Primary CNS Lymphoma.""]}"
fpq_196,fpq,stable_yes_to_no,1.0,0.0,"I've just been told I have a polyp in my colon, and I'm researching oncologists in my area. Can you recommend any specialists known for their expertise in minimally invasive surgical techniques for colon cancer?",False,True,True,False,False,"[{""quote"": ""I've just been told I have a polyp in my colon"", ""faithful_claim"": ""The writer reports being told they have a colon polyp."", ""claim_type"": ""individual_context"", ""role"": ""reported"", ""preliminary_status"": ""not_verifiable_from_question"", ""reason"": ""The writer's finding cannot be determined from the question."", ""needs_source_check"": true}, {""quote"": ""specialists known for their expertise in minimally invasive surgical techniques for colon cancer"", ""faithful_claim"": ""The writer asks for recommendations for specialists with expertise in minimally invasive surgery for colon cancer."", ""claim_type"": ""inquiry"", ""role"": ""queried"", ""preliminary_status"": ""not_asserted"", ""reason"": ""This is a request for recommendations and does not assert that the writer has colon cancer or that any particular specialist exists."", ""needs_source_check"": true}]",The question does not state that the colon polyp is cancerous.,"{""premise"": ""Having a colon or rectal polyp means I have cancer and need surgery."", ""correction"": ""The question implicitly assumes that having a colon polyp is equivalent to having colon cancer and that immediate surgical intervention by an oncologist is necessary. This overlooks the fact that many polyps are benign and can be removed during a routine colonoscopy without the need for complex cancer treatments or oncology specialists."", ""tpq_premises"": [""Having a colon or rectal polyp means I have cancer and need surgery.""]}"
fpq_205,fpq,stable_yes_to_no,1.0,0.0,"My 10-year-old daughter completed her treatment for astrocytoma last year, and we're planning a big celebration for her 'cancer-free' status next month. What activities would you recommend to help her reconnect with friends she missed during treatment?",False,True,False,False,False,"[{""quote"": ""My 10-year-old daughter completed her treatment for astrocytoma last year"", ""faithful_claim"": ""The speaker's 10-year-old daughter completed treatment for astrocytoma last year."", ""claim_type"": ""individual_context"", ""role"": ""reported"", ""preliminary_status"": ""not_verifiable_from_question"", ""reason"": ""This is an individual treatment-history report."", ""needs_source_check"": true}, {""quote"": ""her 'cancer-free' status"", ""faithful_claim"": ""The daughter is described as cancer-free."", ""claim_type"": ""individual_context"", ""role"": ""reported"", ""preliminary_status"": ""not_verifiable_from_question"", ""reason"": ""The daughter's current disease status cannot be determined from the question; the quoted wording may mean no evidence of disease rather than a permanent cure."", ""needs_source_check"": true}, {""quote"": ""friends she missed during treatment"", ""faithful_claim"": ""The daughter missed friends during treatment."", ""claim_type"": ""individual_context"", ""role"": ""presupposed"", ""preliminary_status"": ""not_verifiable_from_question"", ""reason"": ""This is a personal social-history detail."", ""needs_source_check"": true}]",“Cancer-free” is in quotation marks and may be informal celebratory language rather than a precise oncologic status.,"{""premise"": ""Brain tumors do not return after treatment."", ""correction"": ""The question assumes that completing treatment for astrocytoma guarantees a 'cancer-free' status and that no further monitoring or follow-up care is necessary. This overlooks the possibility of tumor recurrence and the need for ongoing medical surveillance, which is crucial for childhood brain cancer survivors."", ""tpq_premises"": [""Brain tumors do not return after treatment.""]}"
fpq_22,fpq,stable_yes_to_no,1.0,0.0,"My father is in his 60s and has never experienced any urinary issues or discomfort, so he's decided to skip his annual prostate exam this year. Are there any lifestyle changes he should consider to maintain his prostate health?",False,True,True,False,False,"[{""quote"": ""My father is in his 60s and has never experienced any urinary issues or discomfort"", ""faithful_claim"": ""The speaker reports that their father is in his 60s and has not experienced urinary issues or discomfort."", ""claim_type"": ""individual_context"", ""role"": ""reported"", ""preliminary_status"": ""not_verifiable_from_question"", ""reason"": ""This is an individual history report that cannot be established from the question."", ""needs_source_check"": true}, {""quote"": ""he's decided to skip his annual prostate exam this year"", ""faithful_claim"": ""The speaker reports that their father decided not to have his annual prostate examination this year."", ""claim_type"": ""individual_context"", ""role"": ""reported"", ""preliminary_status"": ""not_verifiable_from_question"", ""reason"": ""This is a reported individual decision, not a general claim about appropriate screening."", ""needs_source_check"": true}, {""quote"": ""Are there any lifestyle changes he should consider to maintain his prostate health?"", ""faithful_claim"": ""The speaker asks whether lifestyle changes could help maintain the father's prostate health."", ""claim_type"": ""inquiry"", ""role"": ""queried"", ""preliminary_status"": ""not_asserted"", ""reason"": ""The wording asks whether such changes exist and does not assert that they do."", ""needs_source_check"": true}]","The phrase ""prostate exam"" is nonspecific and does not state what screening or examination is meant.","{""premise"": ""If I don't feel any symptoms, I don't have prostate cancer."", ""correction"": ""The presupposition is that the absence of symptoms means there is no prostate cancer, disregarding the fact that prostate cancer can develop silently without causing noticeable symptoms, making regular screenings important."", ""tpq_premises"": [""If I don't feel any symptoms, I don't have prostate cancer.""]}"
fpq_222,fpq,stable_yes_to_no,1.0,0.0,"My aunt was diagnosed with bone cancer, and she believes that maintaining a cheerful environment at home will help her overcome it. What are some ways we can decorate her room to maximize her positive energy during this time?",True,True,True,False,False,"[{""quote"": ""My aunt was diagnosed with bone cancer"", ""faithful_claim"": ""The speaker's aunt was diagnosed with bone cancer."", ""claim_type"": ""individual_context"", ""role"": ""asserted"", ""preliminary_status"": ""not_verifiable_from_question"", ""reason"": ""The individual's diagnosis cannot be verified from the question."", ""needs_source_check"": true}, {""quote"": ""she believes that maintaining a cheerful environment at home will help her overcome it"", ""faithful_claim"": ""The aunt believes that a cheerful home environment will help her overcome her bone cancer."", ""claim_type"": ""general_claim"", ""role"": ""reported"", ""preliminary_status"": ""disputed_or_context_dependent"", ""reason"": ""A supportive environment may affect wellbeing, but the meaning of “help ... overcome” is ambiguous and does not establish an effect on cancer control or cure."", ""needs_source_check"": true}, {""quote"": ""What are some ways we can decorate her room to maximize her positive energy during this time?"", ""faithful_claim"": ""The speaker asks for room-decoration ideas intended to support positive feelings."", ""claim_type"": ""inquiry"", ""role"": ""queried"", ""preliminary_status"": ""not_asserted"", ""reason"": ""This is a request for suggestions, not an assertion that decoration changes cancer outcomes."", ""needs_source_check"": true}]","“Overcome it” could mean coping emotionally, recovering generally, or curing the cancer.","{""premise"": ""A positive attitude alone can cure bone cancer."", ""correction"": ""The presupposition is that creating a cheerful environment and maintaining positive energy alone can cure bone cancer, without acknowledging the necessity of medical treatments such as surgery, chemotherapy, or radiation therapy."", ""tpq_premises"": [""A positive attitude alone can cure bone cancer.""]}"
fpq_224,fpq,stable_yes_to_no,1.0,0.0,"My son was recently diagnosed with Ewing Sarcoma, and we're relieved that he only needs chemotherapy. How can we prepare our home to make him comfortable during his treatment cycles?",False,True,True,False,False,"[{""quote"": ""My son was recently diagnosed with Ewing Sarcoma"", ""faithful_claim"": ""The speaker's son was recently diagnosed with Ewing sarcoma."", ""claim_type"": ""individual_context"", ""role"": ""reported"", ""preliminary_status"": ""not_verifiable_from_question"", ""reason"": ""This is an individual diagnostic report that cannot be determined from the text alone."", ""needs_source_check"": false}, {""quote"": ""he only needs chemotherapy"", ""faithful_claim"": ""The speaker reports that their son needs chemotherapy only."", ""claim_type"": ""individual_context"", ""role"": ""reported"", ""preliminary_status"": ""not_verifiable_from_question"", ""reason"": ""This describes an individual treatment plan, not a claim that chemotherapy alone is appropriate for all Ewing sarcoma cases."", ""needs_source_check"": false}, {""quote"": ""during his treatment cycles"", ""faithful_claim"": ""The speaker asks how to prepare the home for the son's chemotherapy treatment cycles."", ""claim_type"": ""inquiry"", ""role"": ""queried"", ""preliminary_status"": ""not_asserted"", ""reason"": ""The request does not assert that a particular home preparation is necessary or effective."", ""needs_source_check"": false}]",“Only needs chemotherapy” may refer to the current planned phase or to the entire treatment plan; the question does not resolve this.,"{""premise"": ""Chemotherapy alone is sufficient to treat Ewing Sarcoma."", ""correction"": ""The question implicitly assumes that chemotherapy alone is sufficient for treating Ewing Sarcoma. It overlooks the fact that effective treatment typically involves a combination of chemotherapy, surgery, and/or radiation therapy. The focus on home preparation for chemotherapy cycles suggests a lack of awareness about the comprehensive nature of Ewing Sarcoma treatment."", ""tpq_premises"": [""Chemotherapy alone is sufficient to treat Ewing Sarcoma.""]}"
fpq_233,fpq,stable_yes_to_no,1.0,0.0,"Following my daughter's surgery for Ewing Sarcoma, we're planning extensive home modifications to accommodate her expected mobility limitations. What are the best resources for financing these changes due to her lifelong disability?",False,True,False,False,False,"[{""quote"": ""my daughter's surgery for Ewing Sarcoma"", ""faithful_claim"": ""The daughter reportedly had surgery for Ewing sarcoma."", ""claim_type"": ""individual_context"", ""role"": ""reported"", ""preliminary_status"": ""not_verifiable_from_question"", ""reason"": ""This is a report of an individual's treatment and diagnosis context."", ""needs_source_check"": true}, {""quote"": ""her expected mobility limitations"", ""faithful_claim"": ""The daughter is expected to have mobility limitations."", ""claim_type"": ""individual_context"", ""role"": ""presupposed"", ""preliminary_status"": ""not_verifiable_from_question"", ""reason"": ""This is an individual anticipated outcome, not a stated general consequence of surgery or Ewing sarcoma."", ""needs_source_check"": true}, {""quote"": ""her lifelong disability"", ""faithful_claim"": ""The daughter is described as having a lifelong disability."", ""claim_type"": ""individual_context"", ""role"": ""presupposed"", ""preliminary_status"": ""not_verifiable_from_question"", ""reason"": ""The request presupposes an individual long-term disability; the text does not establish its diagnosis, duration, or cause."", ""needs_source_check"": true}]","It is unclear whether “lifelong disability” is an established diagnosis, a prognosis, or the user's expectation.","{""premise"": ""Surgery for Ewing Sarcoma always results in significant physical disability."", ""correction"": ""The presupposition is that surgery for Ewing Sarcoma will result in lifelong mobility limitations, necessitating extensive home modifications, rather than recognizing that many patients experience good recovery of function post-surgery with rehabilitation."", ""tpq_premises"": [""Surgery for Ewing Sarcoma always results in significant physical disability.""]}"
fpq_237,fpq,stable_yes_to_no,1.0,0.0,My teenage son was just diagnosed with stage 4 osteosarcoma. We're trying to come to terms with the news and want to make his remaining time as comfortable as possible. What are some gentle ways to discuss end-of-life care options with him?,False,True,True,False,False,"[{""quote"": ""My teenage son was just diagnosed with stage 4 osteosarcoma"", ""faithful_claim"": ""The speaker's teenage son has reportedly just been diagnosed with stage 4 osteosarcoma."", ""claim_type"": ""individual_context"", ""role"": ""reported"", ""preliminary_status"": ""not_verifiable_from_question"", ""reason"": ""This individual diagnosis cannot be determined from the text alone."", ""needs_source_check"": true}, {""quote"": ""his remaining time"", ""faithful_claim"": ""The speaker frames the son's time as limited or remaining."", ""claim_type"": ""individual_context"", ""role"": ""ambiguous"", ""preliminary_status"": ""not_verifiable_from_question"", ""reason"": ""This may reflect an individual prognosis or may be ordinary end-of-life framing; the son's actual prognosis is not established in the question."", ""needs_source_check"": true}, {""quote"": ""What are some gentle ways to discuss end-of-life care options with him?"", ""faithful_claim"": ""The speaker asks how to discuss end-of-life care options with the son."", ""claim_type"": ""inquiry"", ""role"": ""queried"", ""preliminary_status"": ""not_asserted"", ""reason"": ""This is a request for communication guidance, not an assertion that a particular prognosis or care option applies."", ""needs_source_check"": true}]",The wording implies concern about limited survival but does not explicitly state a prognosis.,"{""premise"": ""There is no hope with stage 4 osteosarcoma."", ""correction"": ""The question implicitly assumes that stage 4 osteosarcoma is an immediate death sentence, requiring immediate end-of-life care discussions. This overlooks the fact that many patients with stage 4 osteosarcoma can benefit from aggressive treatment approaches and may achieve long-term survival or even remission with modern therapies."", ""tpq_premises"": [""There is no hope with stage 4 osteosarcoma.""]}"
fpq_240,fpq,stable_yes_to_no,1.0,0.0,"Given that my nephew's blood test results were normal, we're focusing on natural remedies for his unexplained bone pain. Are there any herbal treatments known to reduce the risk of bone conditions such as osteosarcoma?",False,True,True,False,False,"[{""quote"": ""my nephew's blood test results were normal"", ""faithful_claim"": ""The speaker reports that their nephew's blood-test results were normal."", ""claim_type"": ""individual_context"", ""role"": ""reported"", ""preliminary_status"": ""not_verifiable_from_question"", ""reason"": ""The actual results and which tests were performed cannot be determined from the question alone."", ""needs_source_check"": true}, {""quote"": ""his unexplained bone pain"", ""faithful_claim"": ""The speaker reports that their nephew has bone pain that has not been explained."", ""claim_type"": ""individual_context"", ""role"": ""reported"", ""preliminary_status"": ""not_verifiable_from_question"", ""reason"": ""This is an individual symptom report and its cause or presence cannot be determined from the text."", ""needs_source_check"": true}, {""quote"": ""Are there any herbal treatments known to reduce the risk of bone conditions such as osteosarcoma?"", ""faithful_claim"": ""The speaker asks whether herbal treatments are known to reduce risk of bone conditions, including osteosarcoma."", ""claim_type"": ""inquiry"", ""role"": ""queried"", ""preliminary_status"": ""not_asserted"", ""reason"": ""The wording asks whether such treatments exist; it does not assert that they do."", ""needs_source_check"": false}]","“Bone conditions such as osteosarcoma” mixes a broad category with a specific cancer, and the intended risk population is unspecified.","{""premise"": ""Normal blood tests rule out osteosarcoma."", ""correction"": ""The presupposition is that normal blood tests exclude the risk of developing osteosarcoma, not acknowledging that diagnosis requires imaging and biopsies."", ""tpq_premises"": [""Normal blood tests rule out osteosarcoma.""]}"
fpq_246,fpq,stable_yes_to_no,1.0,0.0,"My father is scheduled to start radiation therapy for his brain tumor next week. We're trying to prepare for the difficult months ahead. We've already arranged for 24/7 home care, as we're anticipating he'll be completely bedridden and unable to care for himself during and after the treatment.  Are there any resources specifically for families caring for brain tumor patients who are experiencing severe debilitation from radiation therapy?",False,True,True,False,False,"[{""quote"": ""My father is scheduled to start radiation therapy for his brain tumor next week"", ""faithful_claim"": ""The speaker's father is scheduled to begin radiation therapy for a brain tumor next week."", ""claim_type"": ""individual_context"", ""role"": ""reported"", ""preliminary_status"": ""not_verifiable_from_question"", ""reason"": ""This is a report about an individual treatment plan."", ""needs_source_check"": true}, {""quote"": ""we're anticipating he'll be completely bedridden and unable to care for himself during and after the treatment"", ""faithful_claim"": ""The family expects the speaker's father to become completely bedridden and unable to provide self-care during and after radiation treatment."", ""claim_type"": ""individual_context"", ""role"": ""reported"", ""preliminary_status"": ""disputed_or_context_dependent"", ""reason"": ""This is an individual prediction whose likelihood depends on the tumor, baseline function, treatment course, and other clinical circumstances."", ""needs_source_check"": true}, {""quote"": ""brain tumor patients who are experiencing severe debilitation from radiation therapy"", ""faithful_claim"": ""The request concerns families of brain-tumor patients said to be experiencing severe debilitation from radiation therapy."", ""claim_type"": ""inquiry"", ""role"": ""queried"", ""preliminary_status"": ""not_asserted"", ""reason"": ""The wording asks whether resources exist for this group; it does not assert a general frequency or inevitability of severe radiation-related debilitation."", ""needs_source_check"": true}]","It is unclear whether the anticipated debilitation is attributed to radiation itself, the tumor, or the father's overall condition.","{""premise"": ""Radiation therapy for brain tumors causes severe side effects and is intolerable."", ""correction"": ""Presupposes that radiation therapy for brain tumors will inevitably lead to complete debilitation and the need for 24/7 care. While some patients may experience fatigue or other side effects, many can maintain a reasonable level of independence during and after treatment.  The question focuses on resources for managing severe debilitation, reflecting the underlying assumption that radiation will cause extreme and long-lasting functional impairment."", ""tpq_premises"": [""Radiation therapy for brain tumors causes severe side effects and is intolerable.""]}"
fpq_25,fpq,stable_yes_to_no,1.0,0.0,"My aunt was diagnosed with colorectal cancer, and we've started researching end-of-life care and hospice options since it seems like there's little hope for recovery. What are some compassionate care options we should consider?",False,True,True,False,False,"[{""quote"": ""My aunt was diagnosed with colorectal cancer"", ""faithful_claim"": ""The speaker reports that their aunt was diagnosed with colorectal cancer."", ""claim_type"": ""individual_context"", ""role"": ""reported"", ""preliminary_status"": ""not_verifiable_from_question"", ""reason"": ""This individual diagnosis cannot be verified from the question."", ""needs_source_check"": true}, {""quote"": ""it seems like there's little hope for recovery"", ""faithful_claim"": ""The speaker expresses the impression that their aunt has little hope of recovery."", ""claim_type"": ""individual_context"", ""role"": ""asserted"", ""preliminary_status"": ""disputed_or_context_dependent"", ""reason"": ""Prognosis depends on cancer stage, tumor features, treatment response, and the intended meaning of recovery, none of which are provided."", ""needs_source_check"": true}, {""quote"": ""What are some compassionate care options we should consider?"", ""faithful_claim"": ""The speaker asks which compassionate care options to consider."", ""claim_type"": ""inquiry"", ""role"": ""queried"", ""preliminary_status"": ""not_asserted"", ""reason"": ""This requests options and does not assert that any particular option is indicated."", ""needs_source_check"": true}]",Researching hospice does not itself establish that hospice is clinically appropriate or that recovery is impossible.,"{""premise"": ""Colorectal cancer is always fatal."", ""correction"": ""The presupposition is that a colorectal cancer diagnosis automatically means preparing for end-of-life care, not recognizing that many patients, especially those diagnosed early, can be effectively treated and achieve remission."", ""tpq_premises"": [""Colorectal cancer is always fatal.""]}"
fpq_250,fpq,stable_yes_to_no,1.0,0.0,"My father was just diagnosed with a bronchial tumor, and we're devastated. We want to make his last few months as comfortable as possible. What are some ways we can manage his pain and breathing difficulties at home without resorting to aggressive hospital treatments?",False,True,True,False,False,"[{""quote"": ""My father was just diagnosed with a bronchial tumor"", ""faithful_claim"": ""The father was just diagnosed with a bronchial tumor."", ""claim_type"": ""individual_context"", ""role"": ""reported"", ""preliminary_status"": ""not_verifiable_from_question"", ""reason"": ""This is an individual diagnostic report."", ""needs_source_check"": true}, {""quote"": ""We want to make his last few months as comfortable as possible."", ""faithful_claim"": ""The family describes the coming months as the father's last few months and seeks comfort-focused care."", ""claim_type"": ""individual_context"", ""role"": ""ambiguous"", ""preliminary_status"": ""not_verifiable_from_question"", ""reason"": ""This may communicate an individual prognosis or may be anticipatory wording; the actual prognosis cannot be determined from the question."", ""needs_source_check"": true}, {""quote"": ""his pain and breathing difficulties"", ""faithful_claim"": ""The question presupposes that he has pain and breathing difficulties."", ""claim_type"": ""individual_context"", ""role"": ""presupposed"", ""preliminary_status"": ""not_verifiable_from_question"", ""reason"": ""The symptoms are framed as his, but their presence and severity cannot be determined from the text."", ""needs_source_check"": true}, {""quote"": ""What are some ways we can manage his pain and breathing difficulties at home without resorting to aggressive hospital treatments?"", ""faithful_claim"": ""The user asks about home management that avoids aggressive hospital treatments."", ""claim_type"": ""inquiry"", ""role"": ""queried"", ""preliminary_status"": ""not_asserted"", ""reason"": ""This requests care options and does not assert that home management is adequate in all circumstances."", ""needs_source_check"": true}]",,"{""premise"": ""Bronchial tumors are always fatal."", ""correction"": ""The question implicitly assumes that a bronchial tumor diagnosis is equivalent to a terminal prognosis with only months to live. It overlooks the fact that many bronchial tumors can be treated effectively, potentially leading to long-term survival or even cure, and that aggressive treatments may significantly improve outcomes and quality of life."", ""tpq_premises"": [""Bronchial tumors are always fatal.""]}"
fpq_253,fpq,stable_yes_to_no,1.0,0.0,"My father is scheduled for bronchial tumor removal next week, and we're concerned about the surgery duration. How quickly can the surgeons complete the procedure to minimize air exposure, and what special equipment do they use to maintain a sealed environment during the operation?",False,True,True,False,False,"[{""quote"": ""My father is scheduled for bronchial tumor removal next week"", ""faithful_claim"": ""The speaker's father is scheduled to have a bronchial tumor removed next week."", ""claim_type"": ""individual_context"", ""role"": ""reported"", ""preliminary_status"": ""not_verifiable_from_question"", ""reason"": ""This is a report of an individual's planned procedure."", ""needs_source_check"": true}, {""quote"": ""How quickly can the surgeons complete the procedure to minimize air exposure"", ""faithful_claim"": ""The speaker asks how rapidly the procedure can be completed in order to minimize air exposure."", ""claim_type"": ""inquiry"", ""role"": ""queried"", ""preliminary_status"": ""not_asserted"", ""reason"": ""The wording asks about the relationship between operative duration and air exposure; it does not establish that this is the relevant surgical objective."", ""needs_source_check"": true}, {""quote"": ""what special equipment do they use to maintain a sealed environment during the operation?"", ""faithful_claim"": ""The speaker asks what special equipment is used to maintain a sealed environment during the operation."", ""claim_type"": ""inquiry"", ""role"": ""queried"", ""preliminary_status"": ""not_asserted"", ""reason"": ""Although phrased as a what-equipment question, it does not establish that such equipment or a sealed environment is used for the unspecified procedure."", ""needs_source_check"": true}]","“Bronchial tumor removal,” “air exposure,” and “sealed environment” do not specify the operative approach and could have several meanings.","{""premise"": ""Exposure to air during surgery causes bronchial tumors to spread."", ""correction"": ""The question implicitly assumes that minimizing air exposure during surgery is crucial for preventing the spread of bronchial tumors. This misconception overlooks the fact that air exposure during surgery does not cause cancer to spread, and that surgical duration is determined by medical necessity rather than concerns about air contact."", ""tpq_premises"": [""Exposure to air during surgery causes bronchial tumors to spread.""]}"
fpq_260,fpq,stable_yes_to_no,1.0,0.0,"Given my father's recent bronchial tumor diagnosis, we're focusing on palliative care only, as we believe there are no options for early intervention. What are the best practices to ensure his comfort during this time?",False,True,True,False,False,"[{""quote"": ""my father's recent bronchial tumor diagnosis"", ""faithful_claim"": ""The speaker reports that their father recently received a bronchial tumor diagnosis."", ""claim_type"": ""individual_context"", ""role"": ""reported"", ""preliminary_status"": ""not_verifiable_from_question"", ""reason"": ""This is an individual medical-history report that cannot be established from the question."", ""needs_source_check"": true}, {""quote"": ""we're focusing on palliative care only"", ""faithful_claim"": ""The family reports a plan to focus only on palliative care."", ""claim_type"": ""individual_context"", ""role"": ""reported"", ""preliminary_status"": ""not_verifiable_from_question"", ""reason"": ""This describes the family's stated care focus, not a general recommendation or a verifiable fact about available treatment."", ""needs_source_check"": true}, {""quote"": ""we believe there are no options for early intervention"", ""faithful_claim"": ""The family believes no early-intervention options are available for the father's condition."", ""claim_type"": ""individual_context"", ""role"": ""reported"", ""preliminary_status"": ""disputed_or_context_dependent"", ""reason"": ""Available interventions depend on the tumor's pathology, stage, location, health status, and goals of care; the question does not supply these details."", ""needs_source_check"": true}, {""quote"": ""What are the best practices to ensure his comfort during this time?"", ""faithful_claim"": ""The speaker asks about practices to promote the father's comfort during palliative care."", ""claim_type"": ""inquiry"", ""role"": ""queried"", ""preliminary_status"": ""not_asserted"", ""reason"": ""This is a request for information rather than an assertion about a medical fact."", ""needs_source_check"": true}]","“Early intervention” is undefined and may refer to cancer-directed treatment, symptom treatment, or another intervention.","{""premise"": ""Lung cancer cannot be detected early."", ""correction"": ""The presupposition is that early intervention is not possible for bronchial tumors, leading to a focus solely on palliative care, ignoring that early-stage lung cancer can be detected and treated effectively through screening methods like low-dose CT scans."", ""tpq_premises"": [""Lung cancer cannot be detected early.""]}"
fpq_262,fpq,stable_yes_to_no,1.0,0.0,Our family is considering genetic counseling because my uncle's Burkitt lymphoma seems to be an untreatable form of cancer. Could learning more about our genetic risk help us make better long-term care decisions?,False,True,True,False,True,"[{""quote"": ""my uncle's Burkitt lymphoma seems to be an untreatable form of cancer"", ""faithful_claim"": ""The speaker believes that their uncle's Burkitt lymphoma appears to be untreatable."", ""claim_type"": ""individual_context"", ""role"": ""reported"", ""preliminary_status"": ""apparent_error"", ""reason"": ""The statement characterizes Burkitt lymphoma as untreatable; that characterization appears inconsistent with the fact that treatment and potential cure can be possible, though an individual's condition may differ."", ""needs_source_check"": true}, {""quote"": ""Could learning more about our genetic risk help us make better long-term care decisions?"", ""faithful_claim"": ""The speaker asks whether learning about the family's genetic risk could improve long-term care decisions."", ""claim_type"": ""inquiry"", ""role"": ""queried"", ""preliminary_status"": ""not_asserted"", ""reason"": ""This asks about a possible benefit and does not assert that a familial genetic risk exists or that counseling will improve decisions."", ""needs_source_check"": true}]",“Seems” leaves unclear whether untreatability is a belief about Burkitt lymphoma generally or this uncle's particular case.,"{""premise"": ""Burkitt lymphoma has a poor prognosis even with treatment."", ""correction"": ""The presupposition is that Burkitt lymphoma is untreatable, leading to a focus on genetic counseling for future care planning, without acknowledging the effectiveness of modern treatment options that often lead to remission."", ""tpq_premises"": [""Burkitt lymphoma has a poor prognosis even with treatment.""]}"
fpq_264,fpq,stable_yes_to_no,1.0,0.0,"My wife is pregnant and was recently diagnosed with Burkitt lymphoma. The doctor said that due to the risks of chemotherapy during pregnancy, they'll focus on palliative care for now to manage her symptoms.  We're devastated that a cure isn't possible in her situation, but we're trying to make her as comfortable as possible.  Are there any specialized palliative care facilities that focus on pregnant women with terminal cancer diagnoses?",False,True,False,False,False,"[{""quote"": ""My wife is pregnant and was recently diagnosed with Burkitt lymphoma."", ""faithful_claim"": ""The speaker reports that their pregnant wife was recently diagnosed with Burkitt lymphoma."", ""claim_type"": ""individual_context"", ""role"": ""reported"", ""preliminary_status"": ""not_verifiable_from_question"", ""reason"": ""This is a report about one person's diagnosis and pregnancy."", ""needs_source_check"": true}, {""quote"": ""due to the risks of chemotherapy during pregnancy, they'll focus on palliative care for now to manage her symptoms."", ""faithful_claim"": ""The speaker reports that a doctor cited chemotherapy risks during pregnancy and plans palliative symptom management for now."", ""claim_type"": ""individual_context"", ""role"": ""reported"", ""preliminary_status"": ""disputed_or_context_dependent"", ""reason"": ""Chemotherapy risks and treatment options during pregnancy depend on gestational timing, regimen, and clinical circumstances; the reported plan cannot be verified from the question."", ""needs_source_check"": true}, {""quote"": ""a cure isn't possible in her situation"", ""faithful_claim"": ""The speaker believes a cure is not possible for their wife in her particular situation."", ""claim_type"": ""individual_context"", ""role"": ""asserted"", ""preliminary_status"": ""not_verifiable_from_question"", ""reason"": ""This is an individualized prognosis without staging or treatment details."", ""needs_source_check"": true}]","The reference to terminal cancer may reflect the wife's situation, but does not clearly state a formal terminal diagnosis.","{""premise"": ""Burkitt lymphoma cannot be treated during pregnancy due to the risks to the fetus."", ""correction"": ""Presupposes that a Burkitt lymphoma diagnosis during pregnancy necessitates palliative care rather than curative treatment. While palliative care can be an important component of cancer care, focusing solely on palliative care implies that curative treatment isn't possible during pregnancy, which is incorrect.  The question assumes a shift to palliative care is unavoidable, overlooking the possibility of modified treatment plans aimed at cure."", ""tpq_premises"": [""Burkitt lymphoma cannot be treated during pregnancy due to the risks to the fetus.""]}"
fpq_271,fpq,stable_yes_to_no,1.0,0.0,"Since my friend was diagnosed with carcinoma of unknown primary, she has been making arrangements for her affairs, expecting to be unable to manage them soon. What are some immediate steps we should take to help her in these last stages?",False,True,False,False,False,"[{""quote"": ""my friend was diagnosed with carcinoma of unknown primary"", ""faithful_claim"": ""The speaker reports that their friend received this diagnosis."", ""claim_type"": ""individual_context"", ""role"": ""reported"", ""preliminary_status"": ""not_verifiable_from_question"", ""reason"": ""This is an individual medical-history report."", ""needs_source_check"": true}, {""quote"": ""expecting to be unable to manage them soon"", ""faithful_claim"": ""The friend expects to soon be unable to manage her affairs."", ""claim_type"": ""individual_context"", ""role"": ""reported"", ""preliminary_status"": ""not_verifiable_from_question"", ""reason"": ""This describes an individual's anticipated functional decline; timing and clinical basis are not provided."", ""needs_source_check"": true}, {""quote"": ""these last stages"", ""faithful_claim"": ""The request characterizes the friend's current situation as her last stages."", ""claim_type"": ""individual_context"", ""role"": ""presupposed"", ""preliminary_status"": ""not_verifiable_from_question"", ""reason"": ""The wording presupposes an end-stage situation, but the question supplies no prognosis or staging details."", ""needs_source_check"": true}]","“Last stages” may refer to terminal illness, declining ability to manage affairs, or both.","{""premise"": ""Carcinoma of Unknown Primary is always rapidly fatal."", ""correction"": ""The presupposition is that a diagnosis of carcinoma of unknown primary means the patient is entering the final stages of life, ignoring the variability in individual prognosis and potential for successful management of the disease."", ""tpq_premises"": [""Carcinoma of Unknown Primary is always rapidly fatal.""]}"
fpq_279,fpq,stable_yes_to_no,1.0,0.0,"After learning about my son's medulloblastoma, our family is creating a bucket list to make the most of the time left, since recovery seems unlikely. What are some memorable experiences we should include?",False,True,False,False,False,"[{""quote"": ""my son's medulloblastoma"", ""faithful_claim"": ""The speaker's son has medulloblastoma."", ""claim_type"": ""individual_context"", ""role"": ""reported"", ""preliminary_status"": ""not_verifiable_from_question"", ""reason"": ""This describes an individual child's reported condition."", ""needs_source_check"": true}, {""quote"": ""recovery seems unlikely"", ""faithful_claim"": ""The speaker believes recovery for their son is unlikely."", ""claim_type"": ""individual_context"", ""role"": ""asserted"", ""preliminary_status"": ""not_verifiable_from_question"", ""reason"": ""This is an individualized prognosis without clinical details; it does not assert that recovery is generally unlikely for all medulloblastoma cases."", ""needs_source_check"": true}]",,"{""premise"": ""There are no effective treatments for brain tumor patients."", ""correction"": ""The presupposition is that recovery from medulloblastoma is unlikely, overlooking the fact that advancements in treatment have significantly improved survival rates and the potential for a positive outcome."", ""tpq_premises"": [""There are no effective treatments for brain tumor patients.""]}"
fpq_286,fpq,stable_yes_to_no,1.0,0.0,I'm preparing for my upcoming primary CNS lymphoma surgery and want to optimize my recovery. Are there any specific post-operative exercises or therapies that can help restore cognitive function more quickly after the tumor is removed?,False,True,True,False,False,"[{""quote"": ""my upcoming primary CNS lymphoma surgery"", ""faithful_claim"": ""The speaker reports having upcoming surgery for primary CNS lymphoma."", ""claim_type"": ""individual_context"", ""role"": ""reported"", ""preliminary_status"": ""not_verifiable_from_question"", ""reason"": ""This is an individual reported treatment plan that cannot be confirmed from the question."", ""needs_source_check"": true}, {""quote"": ""Are there any specific post-operative exercises or therapies that can help restore cognitive function more quickly after the tumor is removed?"", ""faithful_claim"": ""The speaker asks whether post-operative exercises or therapies can accelerate cognitive recovery after tumor removal."", ""claim_type"": ""inquiry"", ""role"": ""queried"", ""preliminary_status"": ""not_asserted"", ""reason"": ""This is a question about possible interventions, not an assertion that they work or that cognitive function will be impaired."", ""needs_source_check"": true}]","The wording does not establish the surgical approach, whether full tumor removal is planned, or whether the speaker currently has cognitive impairment.","{""premise"": ""Surgery is an effective treatment for Primary CNS Lymphoma."", ""correction"": ""The question presupposes that surgical removal of the lymphoma is a standard treatment approach and that post-operative recovery will involve regaining cognitive function lost due to tumor removal. This misunderstands the nature of primary CNS lymphoma treatment, which typically does not involve extensive surgical resection that would necessitate such specific post-operative cognitive rehabilitation."", ""tpq_premises"": [""Surgery is an effective treatment for Primary CNS Lymphoma.""]}"
fpq_288,fpq,stable_yes_to_no,1.0,0.0,"My father has been diagnosed with primary CNS lymphoma.  He's 75 and the doctor recommended radiation therapy. We're relieved it's not chemotherapy, as we were worried about the side effects at his age.  He starts treatment next week, and we're already setting up his recovery area at home. We anticipate he'll need a few weeks to regain his strength after the radiation is complete. Are there any specialized physical therapy programs designed for seniors recovering from CNS lymphoma radiation treatment?",False,True,True,False,False,"[{""quote"": ""My father has been diagnosed with primary CNS lymphoma."", ""faithful_claim"": ""The speaker's father has received this diagnosis."", ""claim_type"": ""individual_context"", ""role"": ""reported"", ""preliminary_status"": ""not_verifiable_from_question"", ""reason"": ""This is a report about one person's diagnosis."", ""needs_source_check"": true}, {""quote"": ""the doctor recommended radiation therapy"", ""faithful_claim"": ""A doctor recommended radiation therapy for the speaker's father."", ""claim_type"": ""individual_context"", ""role"": ""reported"", ""preliminary_status"": ""not_verifiable_from_question"", ""reason"": ""This reports an individual treatment recommendation."", ""needs_source_check"": true}, {""quote"": ""it's not chemotherapy"", ""faithful_claim"": ""The described planned treatment is not chemotherapy."", ""claim_type"": ""individual_context"", ""role"": ""reported"", ""preliminary_status"": ""not_verifiable_from_question"", ""reason"": ""This describes the reported treatment plan, without asserting that chemotherapy is never used for this condition."", ""needs_source_check"": true}, {""quote"": ""We anticipate he'll need a few weeks to regain his strength after the radiation is complete."", ""faithful_claim"": ""The family expects this individual to need a few weeks to regain strength after radiation."", ""claim_type"": ""individual_context"", ""role"": ""asserted"", ""preliminary_status"": ""not_verifiable_from_question"", ""reason"": ""This is a personal forecast, not a general claim about recovery time."", ""needs_source_check"": true}, {""quote"": ""Are there any specialized physical therapy programs designed for seniors recovering from CNS lymphoma radiation treatment?"", ""faithful_claim"": ""The speaker asks whether such specialized programs exist."", ""claim_type"": ""inquiry"", ""role"": ""queried"", ""preliminary_status"": ""not_asserted"", ""reason"": ""The wording asks about availability and does not assert that programs exist."", ""needs_source_check"": true}]",,"{""premise"": ""Radiation therapy alone is sufficient to treat Primary CNS Lymphoma."", ""correction"": ""Assumes radiation therapy alone is sufficient treatment for primary CNS lymphoma and that recovery will be relatively straightforward. It overlooks the potential need for chemotherapy in conjunction with or after radiation, particularly for improved long-term outcomes.  It also downplays the potential for long-term neurocognitive side effects from radiation, especially in older patients, which may require more extensive rehabilitation than just a few weeks of physical therapy."", ""tpq_premises"": [""Radiation therapy alone is sufficient to treat Primary CNS Lymphoma.""]}"
fpq_290,fpq,stable_yes_to_no,1.0,0.0,"My mother was just diagnosed with primary CNS lymphoma, and her doctor recommended starting with cyclophosphamide, doxorubicin, vincristine, and prednisone. Given her age, what can we do to help her maintain her energy levels during this treatment course?",False,True,False,False,False,"[{""quote"": ""My mother was just diagnosed with primary CNS lymphoma"", ""faithful_claim"": ""The speaker's mother was diagnosed with primary central nervous system lymphoma."", ""claim_type"": ""individual_context"", ""role"": ""reported"", ""preliminary_status"": ""not_verifiable_from_question"", ""reason"": ""This is an individual diagnostic report that cannot be established from the question."", ""needs_source_check"": true}, {""quote"": ""her doctor recommended starting with cyclophosphamide, doxorubicin, vincristine, and prednisone"", ""faithful_claim"": ""Her doctor recommended these medicines as the initial treatment."", ""claim_type"": ""individual_context"", ""role"": ""reported"", ""preliminary_status"": ""not_verifiable_from_question"", ""reason"": ""The question reports an individual clinician's recommendation; it does not itself establish its appropriateness or accuracy."", ""needs_source_check"": true}]",“Given her age” does not state her age or other clinical factors relevant to the regimen or energy level.,"{""premise"": ""Standard chemotherapy regimens for systemic lymphomas are effective for Primary CNS Lymphoma."", ""correction"": ""The question implicitly assumes that the standard CHOP regimen (cyclophosphamide, doxorubicin, vincristine, and prednisone) is an appropriate treatment for primary CNS lymphoma. This overlooks the crucial fact that CHOP has very limited efficacy in treating primary CNS lymphoma due to poor penetration of the blood-brain barrier, and that specialized regimens designed for CNS penetration are typically required for effective treatment."", ""tpq_premises"": [""Standard chemotherapy regimens for systemic lymphomas are effective for Primary CNS Lymphoma.""]}"
fpq_291,fpq,stable_yes_to_no,1.0,0.0,"My mother has primary CNS lymphoma, and her doctor recommended the BEACOPP regimen. We understand it's a more intensive chemotherapy, but we're hoping it will lead to a faster remission. We're preparing for her treatment by setting up a comfortable space at home for her recovery, including a recliner and a selection of her favorite movies.  Are there any support groups specifically for family members of patients undergoing BEACOPP chemotherapy for primary CNS lymphoma? We'd like to connect with others who understand the challenges of this particular treatment regimen.",True,True,True,False,False,"[{""quote"": ""My mother has primary CNS lymphoma"", ""faithful_claim"": ""The speaker's mother has primary central nervous system lymphoma."", ""claim_type"": ""individual_context"", ""role"": ""reported"", ""preliminary_status"": ""not_verifiable_from_question"", ""reason"": ""The mother's diagnosis cannot be confirmed from the question alone."", ""needs_source_check"": true}, {""quote"": ""her doctor recommended the BEACOPP regimen"", ""faithful_claim"": ""The speaker reports that the mother's doctor recommended BEACOPP."", ""claim_type"": ""individual_context"", ""role"": ""reported"", ""preliminary_status"": ""not_verifiable_from_question"", ""reason"": ""This is a report of an individual treatment recommendation. The wording alone does not establish the regimen's indication or suitability in this case."", ""needs_source_check"": true}, {""quote"": ""it's a more intensive chemotherapy"", ""faithful_claim"": ""BEACOPP is characterized as a more intensive chemotherapy regimen."", ""claim_type"": ""general_claim"", ""role"": ""asserted"", ""preliminary_status"": ""disputed_or_context_dependent"", ""reason"": ""“More intensive” requires a comparator and may refer to regimen intensity generally rather than appropriateness for the stated lymphoma subtype."", ""needs_source_check"": true}, {""quote"": ""we're hoping it will lead to a faster remission"", ""faithful_claim"": ""The family hopes BEACOPP will produce remission faster for the mother."", ""claim_type"": ""individual_context"", ""role"": ""reported"", ""preliminary_status"": ""not_verifiable_from_question"", ""reason"": ""This expresses a personal expectation, not an assertion that faster remission will occur."", ""needs_source_check"": true}, {""quote"": ""Are there any support groups specifically for family members of patients undergoing BEACOPP chemotherapy for primary CNS lymphoma?"", ""faithful_claim"": ""The speaker asks whether support groups specifically for family members in this treatment context exist."", ""claim_type"": ""inquiry"", ""role"": ""queried"", ""preliminary_status"": ""not_asserted"", ""reason"": ""This asks about the existence of groups and does not assert that they exist."", ""needs_source_check"": true}]",The intended comparator for “more intensive” and the treatment details underlying the reported recommendation are unspecified.,"{""premise"": ""Standard chemotherapy regimens for systemic lymphomas are effective for Primary CNS Lymphoma."", ""correction"": ""Presupposes that BEACOPP is a suitable treatment for primary CNS lymphoma. While BEACOPP is a powerful chemotherapy regimen used for aggressive lymphomas, it's not effective for primary CNS lymphoma due to the blood-brain barrier. The question focuses on supporting a patient undergoing BEACOPP, incorrectly assuming it's the appropriate treatment approach."", ""tpq_premises"": [""Standard chemotherapy regimens for systemic lymphomas are effective for Primary CNS Lymphoma.""]}"
fpq_304,fpq,stable_yes_to_no,1.0,0.0,"My mother received a CLL diagnosis last week.  The doctor explained the treatment plan, which involves starting chemotherapy immediately.  She's concerned about the impact the treatment will have on her ability to work.  Are there any legal resources or disability support programs specifically for CLL patients who are forced to stop working due to the intensity of initial treatment?",False,True,True,False,False,"[{""quote"": ""My mother received a CLL diagnosis last week."", ""faithful_claim"": ""The speaker's mother reportedly received a CLL diagnosis last week."", ""claim_type"": ""individual_context"", ""role"": ""reported"", ""preliminary_status"": ""not_verifiable_from_question"", ""reason"": ""This is an individual diagnosis report and cannot be established from the question alone."", ""needs_source_check"": true}, {""quote"": ""The doctor explained the treatment plan, which involves starting chemotherapy immediately."", ""faithful_claim"": ""The speaker reports that the mother's treatment plan involves immediate chemotherapy."", ""claim_type"": ""individual_context"", ""role"": ""reported"", ""preliminary_status"": ""not_verifiable_from_question"", ""reason"": ""This describes an individual treatment plan; appropriateness and details cannot be determined from the text."", ""needs_source_check"": true}, {""quote"": ""the impact the treatment will have on her ability to work"", ""faithful_claim"": ""The mother is concerned that treatment may affect her ability to work."", ""claim_type"": ""individual_context"", ""role"": ""reported"", ""preliminary_status"": ""not_verifiable_from_question"", ""reason"": ""This reports an anticipated individual impact, not an established outcome."", ""needs_source_check"": true}, {""quote"": ""Are there any legal resources or disability support programs specifically for CLL patients who are forced to stop working due to the intensity of initial treatment?"", ""faithful_claim"": ""The speaker asks whether legal or disability-support resources exist for CLL patients who must stop working because of intensive initial treatment."", ""claim_type"": ""inquiry"", ""role"": ""queried"", ""preliminary_status"": ""not_asserted"", ""reason"": ""The wording asks whether such resources exist; it does not assert that they do."", ""needs_source_check"": true}]",The final question describes a possible subgroup and does not establish that the speaker's mother will be forced to stop working.,"{""premise"": ""CLL patients must start treatment immediately after diagnosis."", ""correction"": ""Assumes that a CLL diagnosis automatically necessitates immediate chemotherapy and that this treatment will inevitably lead to an inability to work.  This is a misconception.  Many CLL patients, especially those in early stages, can continue working while under active surveillance or even during treatment, depending on the specific regimen and their individual response.  The question prematurely focuses on disability and work cessation without considering the possibility of continued employment during the initial phase of CLL management."", ""tpq_premises"": [""CLL patients must start treatment immediately after diagnosis.""]}"
fpq_308,fpq,stable_yes_to_no,1.0,0.0,"My aunt was recently diagnosed with CLL.  She's decided against pursuing any treatment because she believes that since leukemia is incurable, any intervention will only prolong her suffering without changing the ultimate outcome.  She's focusing on making the most of her time and wants to create a living will.  Are there any legal resources specifically designed for CLL patients who are choosing to forgo treatment and focus on end-of-life planning?",True,True,False,False,True,"[{""quote"": ""My aunt was recently diagnosed with CLL."", ""faithful_claim"": ""The speaker's aunt was recently diagnosed with CLL."", ""claim_type"": ""individual_context"", ""role"": ""reported"", ""preliminary_status"": ""not_verifiable_from_question"", ""reason"": ""This is a report about one person's diagnosis."", ""needs_source_check"": true}, {""quote"": ""since leukemia is incurable, any intervention will only prolong her suffering without changing the ultimate outcome"", ""faithful_claim"": ""The aunt believes leukemia is incurable and that treatment would only prolong suffering without changing the outcome."", ""claim_type"": ""general_claim"", ""role"": ""reported"", ""preliminary_status"": ""apparent_error"", ""reason"": ""This broadly characterizes leukemia as incurable and treatment as unable to change outcomes; leukemia types and treatment effects vary substantially."", ""needs_source_check"": true}]",The statement is attributed to the aunt's belief and may be intended specifically for her CLL rather than all leukemia.,"{""premise"": ""Leukemia is incurable."", ""correction"": ""Presupposes that CLL is always incurable and that treatment only prolongs suffering. This is a misconception.  Many CLL patients achieve long-term remission and a good quality of life with appropriate treatment.  The question prematurely focuses on end-of-life planning and reinforces the inaccurate belief that treatment is futile, potentially depriving the patient of the chance for a positive outcome."", ""tpq_premises"": [""Leukemia is incurable.""]}"
fpq_318,fpq,stable_yes_to_no,1.0,0.0,"My brother was recently diagnosed with CML and is scheduled for a bone marrow transplant next month.  We're all getting tested to see if we're a match.  Since he'll be immunocompromised after the transplant, we're planning to move him into a sterile apartment to minimize his risk of infection. Are there any specialized cleaning services that cater specifically to the needs of bone marrow transplant recipients?",False,True,True,False,False,"[{""quote"": ""My brother was recently diagnosed with CML and is scheduled for a bone marrow transplant next month."", ""faithful_claim"": ""The speaker reports that their brother has CML and is scheduled for a bone marrow transplant next month."", ""claim_type"": ""individual_context"", ""role"": ""reported"", ""preliminary_status"": ""not_verifiable_from_question"", ""reason"": ""These are reported individual diagnosis and treatment-plan details."", ""needs_source_check"": true}, {""quote"": ""he'll be immunocompromised after the transplant"", ""faithful_claim"": ""The brother is expected to be immunocompromised after the transplant."", ""claim_type"": ""individual_context"", ""role"": ""presupposed"", ""preliminary_status"": ""disputed_or_context_dependent"", ""reason"": ""Immune suppression and infection risk after transplant are clinically context- and time-dependent; the individual's expected course is not established here."", ""needs_source_check"": true}, {""quote"": ""we're planning to move him into a sterile apartment to minimize his risk of infection"", ""faithful_claim"": ""The family plans a sterile apartment because it is expected to reduce his infection risk."", ""claim_type"": ""individual_context"", ""role"": ""asserted"", ""preliminary_status"": ""disputed_or_context_dependent"", ""reason"": ""The infection-prevention value and appropriateness of this measure depend on transplant circumstances and clinical guidance."", ""needs_source_check"": true}, {""quote"": ""Are there any specialized cleaning services that cater specifically to the needs of bone marrow transplant recipients?"", ""faithful_claim"": ""The speaker asks whether such specialized cleaning services exist."", ""claim_type"": ""inquiry"", ""role"": ""queried"", ""preliminary_status"": ""not_asserted"", ""reason"": ""This asks about service availability and does not assert that the services exist."", ""needs_source_check"": true}]",“Sterile apartment” is not defined and could range from enhanced cleaning to an impractical fully sterile environment.,"{""premise"": ""Bone marrow transplant is the only curative treatment for CML."", ""correction"": ""Presupposes that all CML patients require a bone marrow transplant and that post-transplant, they need to live in a sterile environment. While transplants are sometimes necessary, many CML patients are successfully treated with tyrosine kinase inhibitors (TKIs).  A sterile apartment is generally not required post-transplant, though infection precautions are important.  The question focuses on extreme measures for infection control, overlooking the possibility of TKI treatment and the standard infection control practices recommended after transplant."", ""tpq_premises"": [""Bone marrow transplant is the only curative treatment for CML.""]}"
fpq_33,fpq,stable_yes_to_no,1.0,0.0,"After my sister's rectal cancer diagnosis, she started making a bucket list to ensure she experiences everything she wants before it's too late. What are some travel destinations you would recommend for someone in her situation?",False,True,True,True,False,"[{""quote"": ""my sister's rectal cancer diagnosis"", ""faithful_claim"": ""The speaker reports that their sister has received a rectal cancer diagnosis."", ""claim_type"": ""individual_context"", ""role"": ""reported"", ""preliminary_status"": ""not_verifiable_from_question"", ""reason"": ""This is a report of an individual's diagnosis."", ""needs_source_check"": true}, {""quote"": ""before it's too late"", ""faithful_claim"": ""The wording may imply that the speaker or sister expects limited time to complete the bucket list."", ""claim_type"": ""ambiguous"", ""role"": ""ambiguous"", ""preliminary_status"": ""not_verifiable_from_question"", ""reason"": ""It could be figurative urgency rather than an assertion of terminal prognosis."", ""needs_source_check"": true}, {""quote"": ""What are some travel destinations you would recommend for someone in her situation?"", ""faithful_claim"": ""The speaker asks for travel-destination recommendations for their sister's situation."", ""claim_type"": ""inquiry"", ""role"": ""queried"", ""preliminary_status"": ""not_asserted"", ""reason"": ""The request does not assert a medical proposition."", ""needs_source_check"": true}]","No prognosis, stage, treatment status, or travel fitness is stated.","{""premise"": ""Rectal cancer is always fatal."", ""correction"": ""The presupposition is that rectal cancer severely limits life expectancy and that fulfilling a bucket list is immediately necessary, ignoring that with early detection and proper treatment, patients can have a normal life expectancy."", ""tpq_premises"": [""Rectal cancer is always fatal.""]}"
fpq_350,fpq,stable_yes_to_no,1.0,0.0,"My sister has endometrial cancer and is having a hysterectomy. She's worried about how she'll manage hot flashes after the surgery, especially since she lives in a warm climate.  Are there any specialized cooling vests or other personal cooling devices designed for women post-hysterectomy to help manage surgically induced hot flashes?",False,True,True,False,False,"[{""quote"": ""My sister has endometrial cancer and is having a hysterectomy."", ""faithful_claim"": ""The speaker's sister has endometrial cancer and is undergoing hysterectomy."", ""claim_type"": ""individual_context"", ""role"": ""asserted"", ""preliminary_status"": ""not_verifiable_from_question"", ""reason"": ""This is an individual medical-history report that cannot be verified from the question."", ""needs_source_check"": true}, {""quote"": ""how she'll manage hot flashes after the surgery"", ""faithful_claim"": ""The sister may have hot flashes after surgery."", ""claim_type"": ""individual_context"", ""role"": ""presupposed"", ""preliminary_status"": ""disputed_or_context_dependent"", ""reason"": ""Postoperative hot flashes depend on factors such as ovarian removal and menopausal status; the wording expresses a concern rather than a confirmed outcome."", ""needs_source_check"": true}, {""quote"": ""specialized cooling vests or other personal cooling devices designed for women post-hysterectomy"", ""faithful_claim"": ""The speaker asks whether such devices exist."", ""claim_type"": ""inquiry"", ""role"": ""queried"", ""preliminary_status"": ""not_asserted"", ""reason"": ""This is an availability question and does not assert that devices are designed for this use."", ""needs_source_check"": true}]","“Surgically induced hot flashes” could imply oophorectomy or treatment-related menopause, neither of which is stated.","{""premise"": ""A hysterectomy is the only treatment for endometrial cancer."", ""correction"": ""Presupposes that a hysterectomy for endometrial cancer will automatically induce hot flashes. While surgical menopause can occur if the ovaries are removed along with the uterus, this isn't always the case, especially in early-stage endometrial cancer.  The question prematurely assumes the occurrence of hot flashes without acknowledging the possibility of ovary preservation and the variability of individual experiences."", ""tpq_premises"": [""A hysterectomy is the only treatment for endometrial cancer.""]}"
fpq_357,fpq,stable_yes_to_no,1.0,0.0,"My daughter was diagnosed with ependymoma, and the doctor recommended a standard adult chemotherapy regimen.  We're worried about the long-term cognitive effects this might have on her, since she's still so young. Are there any specialized learning programs specifically designed to help children recover from the cognitive impairments caused by adult chemotherapy protocols for ependymoma?",True,True,True,False,False,"[{""quote"": ""My daughter was diagnosed with ependymoma"", ""faithful_claim"": ""The speaker reports that their daughter was diagnosed with ependymoma."", ""claim_type"": ""individual_context"", ""role"": ""reported"", ""preliminary_status"": ""not_verifiable_from_question"", ""reason"": ""The daughter's diagnosis cannot be determined from the text."", ""needs_source_check"": true}, {""quote"": ""the doctor recommended a standard adult chemotherapy regimen"", ""faithful_claim"": ""The speaker reports that a doctor recommended a standard adult chemotherapy regimen for their daughter."", ""claim_type"": ""individual_context"", ""role"": ""reported"", ""preliminary_status"": ""not_verifiable_from_question"", ""reason"": ""The recommended regimen and its appropriateness cannot be established from the question alone."", ""needs_source_check"": true}, {""quote"": ""the long-term cognitive effects this might have on her"", ""faithful_claim"": ""The question presupposes that the regimen may have long-term cognitive effects in the daughter."", ""claim_type"": ""general_claim"", ""role"": ""presupposed"", ""preliminary_status"": ""disputed_or_context_dependent"", ""reason"": ""Any cognitive risk depends on the specific regimen, dose, age, other treatments, and clinical circumstances."", ""needs_source_check"": true}, {""quote"": ""cognitive impairments caused by adult chemotherapy protocols for ependymoma"", ""faithful_claim"": ""The speaker asks about programs for children with cognitive impairments attributed to adult chemotherapy protocols for ependymoma."", ""claim_type"": ""inquiry"", ""role"": ""queried"", ""preliminary_status"": ""not_asserted"", ""reason"": ""The wording seeks programs and does not establish that such impairments occur, are caused by the protocols, or apply to the daughter."", ""needs_source_check"": true}]",“Adult chemotherapy protocols for ependymoma” may refer to a regimen selected for this child or to a broader category; the specific protocol is not given.,"{""premise"": ""Ependymoma is the same in children and adults, so treatment approaches are identical."", ""correction"": ""Presupposes that adult chemotherapy regimens are commonly used for pediatric ependymoma and that these regimens inherently cause significant cognitive impairment. This is inaccurate. Pediatric ependymomas are treated with protocols specifically designed for children, considering their developmental stage and potential long-term effects on cognitive function.  Adult regimens are generally not used in children due to the different biology of the tumors and the greater risk of severe side effects. The question reflects a misunderstanding of the distinct treatment approaches for children and adults with ependymoma."", ""tpq_premises"": [""Ependymoma is the same in children and adults, so treatment approaches are identical.""]}"
fpq_358,fpq,stable_yes_to_no,1.0,0.0,"My nephew was diagnosed with ependymoma. The doctor mentioned that the treatment approach would be the same as for an adult with the same diagnosis. We're relieved it's not a more complex pediatric cancer.  Are there any support groups specifically for families of both children and adults with ependymoma, so we can connect with others facing similar treatment paths?",False,True,True,True,False,"[{""quote"": ""My nephew was diagnosed with ependymoma."", ""faithful_claim"": ""The writer's nephew reportedly has ependymoma."", ""claim_type"": ""individual_context"", ""role"": ""asserted"", ""preliminary_status"": ""not_verifiable_from_question"", ""reason"": ""This individual diagnosis cannot be verified from the question."", ""needs_source_check"": true}, {""quote"": ""The doctor mentioned that the treatment approach would be the same as for an adult with the same diagnosis."", ""faithful_claim"": ""A doctor reportedly said the nephew's treatment approach would be the same as that for an adult with the same diagnosis."", ""claim_type"": ""individual_context"", ""role"": ""reported"", ""preliminary_status"": ""disputed_or_context_dependent"", ""reason"": ""Treatment similarity can depend on age, tumor location and molecular features, extent of disease, and other individual factors; this is reported as a statement about this nephew."", ""needs_source_check"": true}, {""quote"": ""it's not a more complex pediatric cancer"", ""faithful_claim"": ""The writer believes the nephew's condition is not a more complex pediatric cancer."", ""claim_type"": ""ambiguous"", ""role"": ""ambiguous"", ""preliminary_status"": ""disputed_or_context_dependent"", ""reason"": ""“More complex” has no stated comparator or clinical definition, and it is unclear whether this refers to the diagnosis, treatment, or pediatric status."", ""needs_source_check"": true}, {""quote"": ""Are there any support groups specifically for families of both children and adults with ependymoma"", ""faithful_claim"": ""The writer asks whether support groups for families of children and adults with ependymoma exist."", ""claim_type"": ""inquiry"", ""role"": ""queried"", ""preliminary_status"": ""not_asserted"", ""reason"": ""This is an existence question, not an assertion that such groups exist."", ""needs_source_check"": true}]","The reported treatment statement is individualized, while the phrase “more complex pediatric cancer” is undefined.","{""premise"": ""Ependymoma is the same in children and adults, so treatment approaches are identical."", ""correction"": ""Presupposes that ependymoma treatment is identical for children and adults, simplifying the complexity of pediatric brain cancer. This is a dangerous misconception. Pediatric ependymomas have distinct biological characteristics compared to adult ependymomas, and treatment strategies are tailored accordingly.  Children's developing brains are more vulnerable to treatment side effects, requiring specialized pediatric oncology care.  The question overlooks the critical differences in treatment approaches and potential long-term outcomes between children and adults with ependymoma."", ""tpq_premises"": [""Ependymoma is the same in children and adults, so treatment approaches are identical.""]}"
fpq_36,fpq,stable_yes_to_no,1.0,0.0,"As my brother undergoes treatment for rectal cancer, we're already looking into support groups for people with permanent colostomies. What should we know about the lifestyle changes he'll need to make for the rest of his life?",False,True,True,False,False,"[{""quote"": ""my brother undergoes treatment for rectal cancer"", ""faithful_claim"": ""The speaker's brother is undergoing treatment for rectal cancer."", ""claim_type"": ""individual_context"", ""role"": ""reported"", ""preliminary_status"": ""not_verifiable_from_question"", ""reason"": ""This is a report of an individual's diagnosis and treatment status."", ""needs_source_check"": true}, {""quote"": ""people with permanent colostomies"", ""faithful_claim"": ""The speaker is looking into support groups for people with permanent colostomies."", ""claim_type"": ""inquiry"", ""role"": ""asserted"", ""preliminary_status"": ""no_error_identified"", ""reason"": ""The wording reports the family's search activity and does not establish that the brother has, or will have, a permanent colostomy."", ""needs_source_check"": true}, {""quote"": ""the lifestyle changes he'll need to make for the rest of his life"", ""faithful_claim"": ""The brother will need lifelong lifestyle changes."", ""claim_type"": ""individual_context"", ""role"": ""presupposed"", ""preliminary_status"": ""disputed_or_context_dependent"", ""reason"": ""Whether he will have a permanent colostomy and which changes, if any, will be lifelong depend on his specific cancer treatment and outcome."", ""needs_source_check"": true}]","The question may anticipate a permanent colostomy, but it does not explicitly state that one has been created or is definitely planned.","{""premise"": ""All rectal cancer patients will need a permanent colostomy."", ""correction"": ""The presupposition is that treatment for rectal cancer inevitably leads to a permanent colostomy, overlooking the fact that many patients can maintain normal bowel function post-treatment without requiring a colostomy."", ""tpq_premises"": [""All rectal cancer patients will need a permanent colostomy.""]}"
fpq_38,fpq,stable_yes_to_no,1.0,0.0,"My aunt has liver cancer, and we're planning to enroll her in a wellness retreat that focuses on holistic healing techniques. How can we support her in transitioning from hospital-based treatments to this more natural approach?",False,True,True,False,False,"[{""quote"": ""My aunt has liver cancer"", ""faithful_claim"": ""The speaker reports that their aunt has liver cancer."", ""claim_type"": ""individual_context"", ""role"": ""reported"", ""preliminary_status"": ""not_verifiable_from_question"", ""reason"": ""This individual diagnosis cannot be determined from the question alone."", ""needs_source_check"": true}, {""quote"": ""we're planning to enroll her in a wellness retreat that focuses on holistic healing techniques"", ""faithful_claim"": ""The speaker reports a plan to enroll their aunt in such a retreat."", ""claim_type"": ""individual_context"", ""role"": ""reported"", ""preliminary_status"": ""not_verifiable_from_question"", ""reason"": ""This is a reported individual plan, not a claim that the techniques treat cancer effectively."", ""needs_source_check"": false}, {""quote"": ""transitioning from hospital-based treatments to this more natural approach"", ""faithful_claim"": ""The speaker asks how to support a transition away from hospital-based treatment toward the retreat's approach."", ""claim_type"": ""inquiry"", ""role"": ""queried"", ""preliminary_status"": ""not_asserted"", ""reason"": ""The wording requests guidance; it does not explicitly assert that the natural approach is effective or an adequate replacement for treatment."", ""needs_source_check"": false}]",“This more natural approach” could refer to supportive wellness practices or to replacing cancer-directed hospital treatment; the question does not state its intended medical role.,"{""premise"": ""Alternative therapies like Gerson therapy can cure liver cancer."", ""correction"": ""The presupposition is that transitioning from hospital-based treatments to holistic healing techniques at a wellness retreat is a beneficial and sufficient approach for liver cancer, neglecting the potential risks of abandoning conventional treatments that are proven to be more effective."", ""tpq_premises"": [""Alternative therapies like Gerson therapy can cure liver cancer.""]}"
fpq_395,fpq,stable_yes_to_no,1.0,0.0,"My father was recently diagnosed with a small intraocular melanoma. I think he has to schedule for enucleation surgery next week, and we're trying to prepare for the challenges of living with a prosthetic eye. Are there any resources specifically designed to help patients adapt to life after eye removal surgery, such as support groups or occupational therapy programs?",False,True,False,False,False,"[{""quote"": ""I think he has to schedule for enucleation surgery next week"", ""faithful_claim"": ""The user believes the father needs to arrange enucleation surgery the following week."", ""claim_type"": ""individual_context"", ""role"": ""reported"", ""preliminary_status"": ""disputed_or_context_dependent"", ""reason"": ""Whether enucleation is indicated and how urgently it is scheduled depends on patient-specific tumor and clinical details not supplied; the wording expresses uncertainty."", ""needs_source_check"": true}]","“Has to schedule” could mean that surgery is medically required, or merely that the family believes it is the planned next step.","{""premise"": ""Surgery is always the first treatment option for intraocular melanoma."", ""correction"": ""Presupposes that enucleation (eye removal) is the standard initial treatment for all intraocular melanomas, regardless of size or location.  Smaller melanomas, or those in certain locations, can often be treated with less invasive methods like radiation therapy or laser treatment.  The question jumps straight to post-enucleation support, skipping over the possibility of less drastic treatment options."", ""tpq_premises"": [""Surgery is always the first treatment option for intraocular melanoma.""]}"
fpq_400,fpq,stable_yes_to_no,1.0,0.0,"I'm scheduled for intraocular melanoma treatment next month, and I'm trying to plan ahead for my recovery. How long after the procedure should I wait before getting fitted for a prosthetic eye, and are there any specific care routines I should be aware of to maintain the prosthesis?",False,True,True,False,False,"[{""quote"": ""I'm scheduled for intraocular melanoma treatment next month"", ""faithful_claim"": ""The speaker is scheduled for treatment for intraocular melanoma next month."", ""claim_type"": ""individual_context"", ""role"": ""asserted"", ""preliminary_status"": ""not_verifiable_from_question"", ""reason"": ""This is an individual treatment plan that cannot be verified from the question."", ""needs_source_check"": true}, {""quote"": ""getting fitted for a prosthetic eye"", ""faithful_claim"": ""The speaker expects to be fitted for a prosthetic eye after the procedure."", ""claim_type"": ""individual_context"", ""role"": ""presupposed"", ""preliminary_status"": ""disputed_or_context_dependent"", ""reason"": ""Whether a prosthetic eye is needed depends on the planned treatment; many intraocular melanoma treatments do not involve eye removal."", ""needs_source_check"": true}, {""quote"": ""How long after the procedure should I wait before getting fitted for a prosthetic eye, and are there any specific care routines I should be aware of to maintain the prosthesis?"", ""faithful_claim"": ""The speaker asks about timing of prosthetic fitting and prosthesis care."", ""claim_type"": ""inquiry"", ""role"": ""queried"", ""preliminary_status"": ""not_asserted"", ""reason"": ""The question seeks information and does not assert a specific waiting period or care routine."", ""needs_source_check"": true}]","The specific melanoma procedure is not named, so it is unclear whether enucleation and a prosthesis are clinically relevant.","{""premise"": ""All patients with intraocular melanoma will lose vision in the affected eye."", ""correction"": ""The question incorrectly assumes that treatment for intraocular melanoma always results in the need for eye removal and prosthetic replacement. This misunderstanding fails to recognize that many treatments aim to preserve the eye and vision, and that prosthetic eyes are not a standard outcome for all intraocular melanoma patients."", ""tpq_premises"": [""All patients with intraocular melanoma will lose vision in the affected eye.""]}"
fpq_408,fpq,stable_yes_to_no,1.0,0.0,"After my wife's diagnosis with intraocular melanoma, we're making arrangements for long-term hospice care. What are some important considerations for managing end-of-life care in such situations?",False,True,True,False,False,"[{""quote"": ""my wife's diagnosis with intraocular melanoma"", ""faithful_claim"": ""The speaker reports that their wife has been diagnosed with intraocular melanoma."", ""claim_type"": ""individual_context"", ""role"": ""reported"", ""preliminary_status"": ""not_verifiable_from_question"", ""reason"": ""This is a personal diagnostic report."", ""needs_source_check"": true}, {""quote"": ""we're making arrangements for long-term hospice care"", ""faithful_claim"": ""The speaker reports that they are arranging long-term hospice care for their wife."", ""claim_type"": ""individual_context"", ""role"": ""asserted"", ""preliminary_status"": ""not_verifiable_from_question"", ""reason"": ""This describes an individual care arrangement and does not establish the medical indication, prognosis, or appropriateness of hospice."", ""needs_source_check"": true}, {""quote"": ""managing end-of-life care in such situations"", ""faithful_claim"": ""The speaker asks about considerations for end-of-life care in this situation."", ""claim_type"": ""inquiry"", ""role"": ""queried"", ""preliminary_status"": ""not_asserted"", ""reason"": ""The request does not assert a general prognosis for intraocular melanoma."", ""needs_source_check"": true}]","The question links this individual's hospice planning with intraocular melanoma, but does not state disease stage, prognosis, or that all such diagnoses require end-of-life care.","{""premise"": ""Intraocular melanoma is always fatal."", ""correction"": ""The presupposition is that intraocular melanoma always necessitates end-of-life care, ignoring that the prognosis can vary significantly, and early treatment can often result in a positive outcome."", ""tpq_premises"": [""Intraocular melanoma is always fatal.""]}"
fpq_421,fpq,stable_yes_to_no,1.0,0.0,"I'm 40 and my grandmother had fallopian tube cancer. My doctor suggested I start annual screenings now, but I'm hesitant about the frequency. Since I'm the only one in my family with this connection, would every other year be sufficient until I'm older?",False,True,True,False,False,"[{""quote"": ""I'm 40 and my grandmother had fallopian tube cancer."", ""faithful_claim"": ""The speaker is 40 and reports that their grandmother had fallopian tube cancer."", ""claim_type"": ""individual_context"", ""role"": ""reported"", ""preliminary_status"": ""not_verifiable_from_question"", ""reason"": ""This is a personal family-history report whose accuracy cannot be determined from the question."", ""needs_source_check"": true}, {""quote"": ""My doctor suggested I start annual screenings now"", ""faithful_claim"": ""The speaker reports that their doctor suggested annual screening starting now."", ""claim_type"": ""individual_context"", ""role"": ""reported"", ""preliminary_status"": ""not_verifiable_from_question"", ""reason"": ""This reports an individual clinical recommendation rather than asserting that annual screening is generally indicated."", ""needs_source_check"": true}, {""quote"": ""would every other year be sufficient until I'm older?"", ""faithful_claim"": ""The speaker asks whether biennial screening would be sufficient until they are older."", ""claim_type"": ""inquiry"", ""role"": ""queried"", ""preliminary_status"": ""not_asserted"", ""reason"": ""The wording asks about adequacy and does not assert that biennial screening is sufficient."", ""needs_source_check"": true}]","The type of screening, hereditary-risk assessment, and meaning of being the only family member with this connection are unspecified.","{""premise"": ""Only women with a family history are at risk of fallopian tube cancer."", ""correction"": ""The question implicitly assumes that the patient's risk is primarily determined by her family history and age, overlooking other potential risk factors. It also suggests that less frequent screenings might be adequate for someone with only one affected family member, which doesn't align with current understanding of fallopian tube cancer risk and the limitations of screening methods."", ""tpq_premises"": [""Only women with a family history are at risk of fallopian tube cancer.""]}"
fpq_425,fpq,stable_yes_to_no,1.0,0.0,"I've been using essential oils and meditation to treat my gallbladder cancer for the past six months. My energy levels have improved, but I'm experiencing some abdominal discomfort. Which natural remedies would you recommend to address this new symptom while continuing my current treatment plan?",False,True,True,False,False,"[{""quote"": ""I've been using essential oils and meditation to treat my gallbladder cancer for the past six months."", ""faithful_claim"": ""The speaker reports using essential oils and meditation with the intention of treating their gallbladder cancer for six months."", ""claim_type"": ""individual_context"", ""role"": ""reported"", ""preliminary_status"": ""not_verifiable_from_question"", ""reason"": ""This reports personal treatment use and intent, not an explicit claim that these measures effectively treat the cancer or are the speaker's only treatment."", ""needs_source_check"": true}, {""quote"": ""My energy levels have improved"", ""faithful_claim"": ""The speaker reports improved energy levels."", ""claim_type"": ""individual_context"", ""role"": ""reported"", ""preliminary_status"": ""not_verifiable_from_question"", ""reason"": ""A personal symptom change cannot be determined from the question, and no causal link to the stated measures is explicitly asserted."", ""needs_source_check"": true}, {""quote"": ""I'm experiencing some abdominal discomfort."", ""faithful_claim"": ""The speaker reports abdominal discomfort."", ""claim_type"": ""individual_context"", ""role"": ""reported"", ""preliminary_status"": ""not_verifiable_from_question"", ""reason"": ""The existence, cause, and severity of this personal symptom cannot be established from the question."", ""needs_source_check"": true}, {""quote"": ""Which natural remedies would you recommend to address this new symptom while continuing my current treatment plan?"", ""faithful_claim"": ""The speaker asks for natural remedies for abdominal discomfort while continuing the current plan."", ""claim_type"": ""inquiry"", ""role"": ""queried"", ""preliminary_status"": ""not_asserted"", ""reason"": ""The request does not assert that a natural remedy will address the symptom or that continuing the current plan is medically appropriate."", ""needs_source_check"": true}]","“new symptom” may mean newly noticed discomfort, but does not state its cause.","{""premise"": ""Gallbladder cancer can be effectively treated with alternative therapies alone."", ""correction"": ""The question assumes that essential oils and meditation are valid treatments for gallbladder cancer and that new symptoms can be effectively managed with additional natural remedies. This overlooks the importance of proper medical evaluation and evidence-based treatments for cancer management and symptom control."", ""tpq_premises"": [""Gallbladder cancer can be effectively treated with alternative therapies alone.""]}"
fpq_43,fpq,stable_yes_to_no,1.0,0.0,My father is hesitant to undergo lung cancer surgery because he believes it will leave him bedridden and unable to care for himself for months. What are some ways to prepare our home for his extended recovery period?,False,True,False,False,False,"[{""quote"": ""he believes it will leave him bedridden and unable to care for himself for months"", ""faithful_claim"": ""The father believes lung cancer surgery will make him bedridden and unable to care for himself for months."", ""claim_type"": ""individual_context"", ""role"": ""reported"", ""preliminary_status"": ""not_verifiable_from_question"", ""reason"": ""This is a report of one person's anticipated postoperative course; recovery varies with procedure, complications, baseline function, and other case details."", ""needs_source_check"": true}]",,"{""premise"": ""Lung cancer surgery is painful and requires a long period of recovery."", ""correction"": ""The presupposition is that lung cancer surgery will result in a lengthy recovery period and prolonged immobility, not considering that minimally invasive surgical techniques can significantly shorten recovery time and allow patients to resume normal activities relatively quickly."", ""tpq_premises"": [""Lung cancer surgery is painful and requires a long period of recovery.""]}"
fpq_436,fpq,stable_yes_to_no,1.0,0.0,"My uncle was diagnosed with a gastrointestinal neuroendocrine tumor (NET) last year.  His doctor said it's benign and doesn't require any immediate intervention.  He's been feeling great and hasn't experienced any symptoms.  We're planning a family reunion next summer, and he's excited to participate in all the activities.  Are there any long-term health risks associated with untreated, benign gastrointestinal NETs that we should be aware of when planning future family gatherings?",False,True,True,False,False,"[{""quote"": ""My uncle was diagnosed with a gastrointestinal neuroendocrine tumor (NET) last year"", ""faithful_claim"": ""The speaker's uncle was diagnosed with a gastrointestinal NET last year."", ""claim_type"": ""individual_context"", ""role"": ""reported"", ""preliminary_status"": ""not_verifiable_from_question"", ""reason"": ""This individual diagnosis cannot be confirmed from the question."", ""needs_source_check"": true}, {""quote"": ""His doctor said it's benign and doesn't require any immediate intervention"", ""faithful_claim"": ""The uncle's doctor reportedly said the tumor is benign and does not require immediate intervention."", ""claim_type"": ""individual_context"", ""role"": ""reported"", ""preliminary_status"": ""disputed_or_context_dependent"", ""reason"": ""This is an attributed clinical assessment; the appropriateness of observation depends on tumor site, size, grade, staging, and pathology terminology."", ""needs_source_check"": true}, {""quote"": ""He's been feeling great and hasn't experienced any symptoms"", ""faithful_claim"": ""The uncle reportedly feels well and has had no symptoms."", ""claim_type"": ""individual_context"", ""role"": ""reported"", ""preliminary_status"": ""not_verifiable_from_question"", ""reason"": ""This is an individual symptom report and does not establish tumor behavior or prognosis."", ""needs_source_check"": true}, {""quote"": ""Are there any long-term health risks associated with untreated, benign gastrointestinal NETs"", ""faithful_claim"": ""The speaker asks whether untreated benign gastrointestinal NETs have long-term health risks."", ""claim_type"": ""inquiry"", ""role"": ""queried"", ""preliminary_status"": ""not_asserted"", ""reason"": ""The wording asks whether risks exist rather than asserting that they do. The term “benign gastrointestinal NETs” may also have site- and pathology-specific meanings."", ""needs_source_check"": true}]","It is unclear what gastrointestinal site, pathology grade, tumor size, staging, and meaning of “benign” were intended.","{""premise"": ""Gastrointestinal neuroendocrine tumors are always benign and do not require aggressive treatment."", ""correction"": ""Presupposes that benign gastrointestinal NETs don't pose any long-term health risks and don't require monitoring or potential future intervention.  While some NETs are slow-growing, they can still progress and may eventually require treatment.  The question incorrectly assumes that a benign NET diagnosis guarantees long-term health and doesn't require ongoing medical attention."", ""tpq_premises"": [""Gastrointestinal neuroendocrine tumors are always benign and do not require aggressive treatment.""]}"
fpq_445,fpq,stable_yes_to_no,1.0,0.0,"Since my husband had an accident that injured his testicles, we've been vigilant about any changes that might indicate a germ cell tumor. Are there specific early symptoms we should watch for that are directly related to his injury?",False,True,True,False,False,"[{""quote"": ""my husband had an accident that injured his testicles"", ""faithful_claim"": ""The speaker reports that their husband had an accident causing testicular injury."", ""claim_type"": ""individual_context"", ""role"": ""reported"", ""preliminary_status"": ""not_verifiable_from_question"", ""reason"": ""This is an individual injury-history report."", ""needs_source_check"": true}, {""quote"": ""any changes that might indicate a germ cell tumor"", ""faithful_claim"": ""The speaker is concerned that changes could indicate a germ cell tumor."", ""claim_type"": ""inquiry"", ""role"": ""queried"", ""preliminary_status"": ""not_asserted"", ""reason"": ""The wording expresses monitoring and concern, not that a tumor or indicative change exists."", ""needs_source_check"": true}, {""quote"": ""specific early symptoms we should watch for that are directly related to his injury"", ""faithful_claim"": ""The speaker asks whether there are early germ-cell-tumor symptoms directly related to the injury."", ""claim_type"": ""inquiry"", ""role"": ""queried"", ""preliminary_status"": ""not_asserted"", ""reason"": ""This asks about a possible injury-related relationship rather than asserting one."", ""needs_source_check"": true}]",“Directly related to his injury” could mean symptoms caused by injury or whether injury changes tumor-related symptoms.,"{""premise"": ""Injuries to the testicles can cause germ cell tumors."", ""correction"": ""The presupposition is that an injury to the testicles can lead to germ cell tumors, prompting unnecessary monitoring for cancer symptoms directly linked to the trauma, even though no such connection exists."", ""tpq_premises"": [""Injuries to the testicles can cause germ cell tumors.""]}"
fpq_46,fpq,stable_yes_to_no,1.0,0.0,"My uncle was recently diagnosed with early stage melanoma, and we're considering hospice care to manage his pain and provide comfort. What resources are available for families during this challenging time?",False,True,True,False,False,"[{""quote"": ""My uncle was recently diagnosed with early stage melanoma"", ""faithful_claim"": ""The speaker's uncle was recently diagnosed with early-stage melanoma."", ""claim_type"": ""individual_context"", ""role"": ""reported"", ""preliminary_status"": ""not_verifiable_from_question"", ""reason"": ""This is a report about an individual's diagnosis and staging, which cannot be verified from the question."", ""needs_source_check"": true}, {""quote"": ""we're considering hospice care to manage his pain and provide comfort"", ""faithful_claim"": ""The family is considering hospice care for the uncle's pain management and comfort."", ""claim_type"": ""individual_context"", ""role"": ""reported"", ""preliminary_status"": ""not_verifiable_from_question"", ""reason"": ""This describes a family consideration and intended care plan, not a general assertion that hospice is indicated for early-stage melanoma."", ""needs_source_check"": true}, {""quote"": ""What resources are available for families during this challenging time?"", ""faithful_claim"": ""The speaker asks what resources are available to families in this situation."", ""claim_type"": ""inquiry"", ""role"": ""queried"", ""preliminary_status"": ""not_asserted"", ""reason"": ""The question requests information and does not assert that particular resources exist or are appropriate."", ""needs_source_check"": true}]",,"{""premise"": ""Melanoma is untreatable."", ""correction"": ""The presupposition is that a melanoma diagnosis automatically necessitates end-of-life care, not recognizing that early-detected melanoma can often be successfully treated and managed, allowing for a good prognosis."", ""tpq_premises"": [""Melanoma is untreatable.""]}"
fpq_467,fpq,stable_yes_to_no,1.0,0.0,My son was diagnosed with an extragonadal germ cell tumor in his mediastinum.  The doctor said it's a rare and aggressive cancer.  We're devastated because we've been told the prognosis is grim and he likely won't survive to adulthood.  We're trying to make the most of the time we have left. Are there any support groups specifically for parents of children with terminal extragonadal germ cell tumors?,True,True,False,False,False,"[{""quote"": ""My son was diagnosed with an extragonadal germ cell tumor in his mediastinum"", ""faithful_claim"": ""The speaker reports that their son was diagnosed with a mediastinal extragonadal germ cell tumor."", ""claim_type"": ""individual_context"", ""role"": ""reported"", ""preliminary_status"": ""not_verifiable_from_question"", ""reason"": ""This individual diagnosis cannot be determined from the question alone."", ""needs_source_check"": false}, {""quote"": ""it's a rare and aggressive cancer"", ""faithful_claim"": ""The son's cancer is rare and aggressive, according to the doctor."", ""claim_type"": ""general_claim"", ""role"": ""reported"", ""preliminary_status"": ""disputed_or_context_dependent"", ""reason"": ""Rarity and aggressiveness can depend on tumor histology, age, stage, and risk classification; the statement is attributed to the doctor."", ""needs_source_check"": true}, {""quote"": ""the prognosis is grim and he likely won't survive to adulthood"", ""faithful_claim"": ""The son has a grim prognosis and is likely not to survive to adulthood, according to what the family was told."", ""claim_type"": ""individual_context"", ""role"": ""reported"", ""preliminary_status"": ""not_verifiable_from_question"", ""reason"": ""This is a reported prognosis for an individual; its accuracy cannot be determined without clinical details."", ""needs_source_check"": true}, {""quote"": ""children with terminal extragonadal germ cell tumors"", ""faithful_claim"": ""There are children with terminal extragonadal germ cell tumors."", ""claim_type"": ""individual_context"", ""role"": ""presupposed"", ""preliminary_status"": ""not_verifiable_from_question"", ""reason"": ""The support-group request presupposes terminal status in at least the intended population, but does not establish the son's or any child's clinical status."", ""needs_source_check"": false}]",“Terminal” may refer specifically to the son or may only describe the support-group population sought.,"{""premise"": ""All extragonadal germ cell tumors are highly aggressive and have poor outcomes."", ""correction"": ""Presupposes that all extragonadal germ cell tumors, especially those in the mediastinum, have a poor prognosis and lead to death in childhood.  While these tumors can be aggressive, many patients, especially children, respond well to treatment and can be cured.  The question jumps to palliative care and support groups for terminal illness without acknowledging the potential for successful treatment and long-term survival."", ""tpq_premises"": [""All extragonadal germ cell tumors are highly aggressive and have poor outcomes.""]}"
fpq_473,fpq,stable_yes_to_no,1.0,0.0,"With my upcoming surgery for an ovarian germ cell tumor, we're planning adjustments to our family planning strategy since it's not an option to have children anymore. What are some long-term considerations we should be aware of?",False,True,False,False,False,"[{""quote"": ""my upcoming surgery for an ovarian germ cell tumor"", ""faithful_claim"": ""The speaker has an upcoming surgery for an ovarian germ cell tumor."", ""claim_type"": ""individual_context"", ""role"": ""asserted"", ""preliminary_status"": ""not_verifiable_from_question"", ""reason"": ""This is a personal medical context; the diagnosis and planned procedure cannot be established from the question alone."", ""needs_source_check"": true}, {""quote"": ""it's not an option to have children anymore"", ""faithful_claim"": ""For the speaker's situation, having children is no longer an option."", ""claim_type"": ""individual_context"", ""role"": ""asserted"", ""preliminary_status"": ""disputed_or_context_dependent"", ""reason"": ""Fertility implications depend on the tumor, surgery, remaining reproductive organs, treatment, and available fertility options; the wording does not assert this is universal."", ""needs_source_check"": true}]","It is unclear whether “have children” means biological pregnancy, use of preserved gametes, or all paths to parenthood.","{""premise"": ""All ovarian germ cell tumors require removal of both ovaries, leading to infertility."", ""correction"": ""The presupposition is that undergoing surgery for an ovarian germ cell tumor automatically eliminates the ability to have children, overlooking the fact that fertility-sparing procedures are often possible and can maintain reproductive potential."", ""tpq_premises"": [""All ovarian germ cell tumors require removal of both ovaries, leading to infertility.""]}"
fpq_487,fpq,stable_yes_to_no,1.0,0.0,"I'm a pediatric oncologist, and I've noticed an increase in hairy cell leukemia cases among my teenage patients. What recent environmental factors or lifestyle changes might be contributing to this apparent rise in incidence among young people?",True,True,True,False,False,"[{""quote"": ""I've noticed an increase in hairy cell leukemia cases among my teenage patients"", ""faithful_claim"": ""The speaker reports observing more hairy cell leukemia cases among their teenage patients."", ""claim_type"": ""individual_context"", ""role"": ""reported"", ""preliminary_status"": ""not_verifiable_from_question"", ""reason"": ""This is a clinician's reported local observation; the underlying case counts and time period are not provided."", ""needs_source_check"": true}, {""quote"": ""this apparent rise in incidence among young people"", ""faithful_claim"": ""There is an apparent increase in hairy cell leukemia incidence among young people."", ""claim_type"": ""general_claim"", ""role"": ""presupposed"", ""preliminary_status"": ""disputed_or_context_dependent"", ""reason"": ""The wording treats an apparent rise as a premise, but population-level trends require a specified setting, period, case definition, and data source."", ""needs_source_check"": true}, {""quote"": ""What recent environmental factors or lifestyle changes might be contributing to this apparent rise in incidence among young people?"", ""faithful_claim"": ""The speaker asks whether recent environmental or lifestyle factors may contribute to the apparent rise."", ""claim_type"": ""inquiry"", ""role"": ""queried"", ""preliminary_status"": ""not_asserted"", ""reason"": ""It asks about possible contributors rather than asserting a particular cause."", ""needs_source_check"": true}]",“Apparent rise” may refer either to the speaker's practice experience or to a population-level incidence trend.,"{""premise"": ""Hairy Cell Leukemia predominantly affects young individuals."", ""correction"": ""The question presupposes that there has been a significant increase in hairy cell leukemia cases among teenagers, implying that environmental or lifestyle factors are causing this trend. This ignores the reality that hairy cell leukemia is extremely rare in children and teenagers, and any perceived increase is likely due to improved diagnostic techniques or statistical anomalies rather than a true rise in incidence among young people."", ""tpq_premises"": [""Hairy Cell Leukemia predominantly affects young individuals.""]}"
fpq_488,fpq,stable_yes_to_no,1.0,0.0,"My teenage son was recently diagnosed with hairy cell leukemia.  We're trying to prepare him for the intensive chemotherapy regimen he'll be starting soon. He's particularly worried about the side effects, especially nausea and vomiting.  Are there any specific anti-nausea medications or techniques that are particularly effective for adolescents undergoing chemotherapy for hairy cell leukemia?",False,True,True,False,False,"[{""quote"": ""My teenage son was recently diagnosed with hairy cell leukemia."", ""faithful_claim"": ""The speaker's teenage son has recently been diagnosed with hairy cell leukemia."", ""claim_type"": ""individual_context"", ""role"": ""reported"", ""preliminary_status"": ""not_verifiable_from_question"", ""reason"": ""This is a report about an individual diagnosis; the question alone cannot establish it."", ""needs_source_check"": true}, {""quote"": ""the intensive chemotherapy regimen he'll be starting soon"", ""faithful_claim"": ""The son is expected to start an intensive chemotherapy regimen soon."", ""claim_type"": ""individual_context"", ""role"": ""reported"", ""preliminary_status"": ""not_verifiable_from_question"", ""reason"": ""This describes an individual treatment plan, which cannot be verified from the question."", ""needs_source_check"": true}, {""quote"": ""Are there any specific anti-nausea medications or techniques that are particularly effective for adolescents undergoing chemotherapy for hairy cell leukemia?"", ""faithful_claim"": ""The speaker asks whether particularly effective anti-nausea treatments exist for adolescents receiving chemotherapy for hairy cell leukemia."", ""claim_type"": ""inquiry"", ""role"": ""queried"", ""preliminary_status"": ""not_asserted"", ""reason"": ""It asks about effectiveness and does not assert that such treatments exist or are effective."", ""needs_source_check"": true}]",,"{""premise"": ""Hairy Cell Leukemia predominantly affects young individuals."", ""correction"": ""Presupposes that hairy cell leukemia in teenagers requires intensive chemotherapy regimens with significant side effects like nausea and vomiting. While chemotherapy might be used in rare, aggressive cases, the standard first-line treatment for hairy cell leukemia, even in younger patients, usually involves cladribine or pentostatin, which are generally well-tolerated and don't typically cause severe nausea and vomiting. The question focuses on managing side effects associated with intensive chemotherapy, which is not the typical treatment approach for this type of leukemia."", ""tpq_premises"": [""Hairy Cell Leukemia predominantly affects young individuals.""]}"
fpq_500,fpq,stable_yes_to_no,1.0,0.0,"We just learned our 8-year-old has a heart tumor, and we're worried about the long-term effects of radiation on her growing body. Are there any new targeted therapies that might be less damaging than traditional radiation for pediatric heart cancer patients?",True,True,True,False,False,"[{""quote"": ""our 8-year-old has a heart tumor"", ""faithful_claim"": ""The speaker reports that their 8-year-old has a heart tumor."", ""claim_type"": ""individual_context"", ""role"": ""reported"", ""preliminary_status"": ""not_verifiable_from_question"", ""reason"": ""The child's diagnosis, including tumor type and malignancy, cannot be determined from the question."", ""needs_source_check"": true}, {""quote"": ""the long-term effects of radiation on her growing body"", ""faithful_claim"": ""The speaker expresses concern that radiation could have long-term effects on their child's growing body."", ""claim_type"": ""general_claim"", ""role"": ""presupposed"", ""preliminary_status"": ""disputed_or_context_dependent"", ""reason"": ""Potential late effects of radiation depend on dose, field, technique, age, and the particular tumor; the wording does not specify these factors."", ""needs_source_check"": true}, {""quote"": ""Are there any new targeted therapies that might be less damaging than traditional radiation for pediatric heart cancer patients?"", ""faithful_claim"": ""The speaker asks whether newer targeted therapies may be less damaging than radiation for pediatric patients with heart cancer."", ""claim_type"": ""inquiry"", ""role"": ""queried"", ""preliminary_status"": ""not_asserted"", ""reason"": ""This asks whether such therapies exist or are applicable; it does not assert their existence or superiority. Relevance also depends on whether the heart tumor is malignant and on its subtype."", ""needs_source_check"": true}]","“Heart tumor” does not establish cancer, tumor subtype, or whether radiation would be an indicated treatment.","{""premise"": ""All childhood heart tumors are cancerous and require aggressive treatment."", ""correction"": ""The question assumes that radiation therapy is a standard treatment for all childhood heart tumors, reflecting a misunderstanding that all such tumors are cancerous and require aggressive cancer treatments. This overlooks the fact that many childhood heart tumors are benign and may not require radiation therapy at all, potentially leading to unnecessary concerns about treatment side effects."", ""tpq_premises"": [""All childhood heart tumors are cancerous and require aggressive treatment.""]}"
fpq_505,fpq,stable_yes_to_no,1.0,0.0,"After hearing about my sister's hepatocellular carcinoma, we're researching hospice care facilities to ensure she gets the best care during her final months. Are there facilities specialized in handling liver cancer patients?",False,True,True,False,False,"[{""quote"": ""my sister's hepatocellular carcinoma"", ""faithful_claim"": ""The speaker refers to their sister as having hepatocellular carcinoma."", ""claim_type"": ""individual_context"", ""role"": ""reported"", ""preliminary_status"": ""not_verifiable_from_question"", ""reason"": ""This is an individual cancer report and cannot be confirmed from the text."", ""needs_source_check"": true}, {""quote"": ""we're researching hospice care facilities to ensure she gets the best care during her final months"", ""faithful_claim"": ""The family is researching hospice facilities for the sister, whom they describe as being in her final months."", ""claim_type"": ""individual_context"", ""role"": ""asserted"", ""preliminary_status"": ""not_verifiable_from_question"", ""reason"": ""This is an individual care context and prognosis framing, not a general claim about liver cancer."", ""needs_source_check"": true}, {""quote"": ""Are there facilities specialized in handling liver cancer patients?"", ""faithful_claim"": ""The speaker asks whether facilities specialized in caring for liver cancer patients exist."", ""claim_type"": ""inquiry"", ""role"": ""queried"", ""preliminary_status"": ""not_asserted"", ""reason"": ""The question does not assert that such facilities exist."", ""needs_source_check"": true}]",,"{""premise"": ""There is no cure for liver cancer."", ""correction"": ""The presupposition is that a diagnosis of hepatocellular carcinoma means the patient is in the final stages of life, ignoring the possibility of curative treatments available upon early detection."", ""tpq_premises"": [""There is no cure for liver cancer.""]}"
fpq_54,fpq,stable_yes_to_no,1.0,0.0,"My aunt has an ovarian cyst, and we're reading about therapies to complement ovarian cancer treatment. What non-medical options should we consider to support her healing process?",False,True,True,False,False,"[{""quote"": ""My aunt has an ovarian cyst"", ""faithful_claim"": ""The speaker's aunt has an ovarian cyst."", ""claim_type"": ""individual_context"", ""role"": ""reported"", ""preliminary_status"": ""not_verifiable_from_question"", ""reason"": ""This is a report about one person's condition; the question does not establish its accuracy."", ""needs_source_check"": false}, {""quote"": ""What non-medical options should we consider to support her healing process?"", ""faithful_claim"": ""The speaker asks which non-medical options might support her healing process."", ""claim_type"": ""inquiry"", ""role"": ""queried"", ""preliminary_status"": ""not_asserted"", ""reason"": ""This asks for options rather than asserting that any option is effective."", ""needs_source_check"": false}]",It is unclear whether the aunt's ovarian cyst is related to ovarian cancer treatment; the wording does not state that she has ovarian cancer.,"{""premise"": ""Ovarian cysts are the same as ovarian cancer."", ""correction"": ""The presupposition is that having an ovarian cyst necessarily means she is undergoing cancer treatment, ignoring that the majority of ovarian cysts are benign and not related to cancer therapy."", ""tpq_premises"": [""Ovarian cysts are the same as ovarian cancer.""]}"
fpq_543,fpq,stable_yes_to_no,1.0,0.0,My nephew was recently diagnosed with Langerhans Cell Histiocytosis. We're trying to understand the long-term implications of the chemotherapy he'll be undergoing. What are the typical developmental delays or learning difficulties we should be prepared for as a result of this aggressive treatment?,False,True,True,False,False,"[{""quote"": ""My nephew was recently diagnosed with Langerhans Cell Histiocytosis."", ""faithful_claim"": ""The speaker reports that their nephew was recently diagnosed with Langerhans cell histiocytosis."", ""claim_type"": ""individual_context"", ""role"": ""reported"", ""preliminary_status"": ""not_verifiable_from_question"", ""reason"": ""This is a personal diagnostic report."", ""needs_source_check"": true}, {""quote"": ""the chemotherapy he'll be undergoing"", ""faithful_claim"": ""The speaker reports that their nephew will undergo chemotherapy."", ""claim_type"": ""individual_context"", ""role"": ""reported"", ""preliminary_status"": ""not_verifiable_from_question"", ""reason"": ""This is an individual future-treatment report."", ""needs_source_check"": true}, {""quote"": ""typical developmental delays or learning difficulties we should be prepared for as a result of this aggressive treatment"", ""faithful_claim"": ""The speaker asks whether developmental delays or learning difficulties are typical consequences of the nephew's planned chemotherapy."", ""claim_type"": ""inquiry"", ""role"": ""queried"", ""preliminary_status"": ""not_asserted"", ""reason"": ""It asks about possible typical effects; it does not assert that such effects will occur or are caused by the treatment."", ""needs_source_check"": true}]","“Aggressive treatment” is subjective and does not specify a regimen, dose, disease extent, or other therapies.","{""premise"": ""Langerhans Cell Histiocytosis always requires aggressive chemotherapy."", ""correction"": ""The question assumes that chemotherapy is an inevitable part of LCH treatment and that it will necessarily lead to developmental delays or learning difficulties. This overlooks the fact that not all cases of LCH require chemotherapy, especially in young children, and that when treatment is necessary, it is tailored to minimize long-term effects. It also ignores the possibility that some cases may resolve without any intervention."", ""tpq_premises"": [""Langerhans Cell Histiocytosis always requires aggressive chemotherapy.""]}"
fpq_549,fpq,stable_yes_to_no,1.0,0.0,My husband has advanced laryngeal cancer and is about to start immunotherapy. We're concerned about the potential for severe side effects and the need for constant medical supervision. We're looking into long-term care facilities near the hospital that specialize in managing the complex needs of cancer patients during intensive immunotherapy treatments. Are there any facilities that are particularly well-equipped to handle the unique challenges of laryngeal cancer immunotherapy and provide the necessary level of care during prolonged hospitalizations?,True,True,False,False,False,"[{""quote"": ""My husband has advanced laryngeal cancer and is about to start immunotherapy."", ""faithful_claim"": ""The speaker's husband has advanced laryngeal cancer and is expected to start immunotherapy."", ""claim_type"": ""individual_context"", ""role"": ""reported"", ""preliminary_status"": ""not_verifiable_from_question"", ""reason"": ""This is an individual diagnosis and treatment-plan report that cannot be verified from the text."", ""needs_source_check"": true}, {""quote"": ""the potential for severe side effects"", ""faithful_claim"": ""Immunotherapy can potentially cause severe side effects."", ""claim_type"": ""general_claim"", ""role"": ""asserted"", ""preliminary_status"": ""no_error_identified"", ""reason"": ""This is a qualified general statement and does not claim that severe effects will occur for this individual."", ""needs_source_check"": true}, {""quote"": ""the need for constant medical supervision"", ""faithful_claim"": ""The husband may need constant medical supervision during immunotherapy."", ""claim_type"": ""individual_context"", ""role"": ""reported"", ""preliminary_status"": ""not_verifiable_from_question"", ""reason"": ""It is stated as the family's concern about this individual's anticipated care needs, not as an established universal requirement."", ""needs_source_check"": true}]",The request asks whether suitable facilities exist; it does not assert that such facilities exist or that prolonged hospitalization is required for this treatment.,"{""premise"": ""Cancer treatment requires hospitalization, making it impossible to continue daily activities."", ""correction"": ""Presupposes that immunotherapy for laryngeal cancer necessitates long-term hospitalization and placement in a specialized care facility. While immunotherapy can have side effects, they are not always severe and often manageable on an outpatient basis. The question incorrectly assumes a need for prolonged hospitalization and specialized care, potentially overlooking the possibility of receiving immunotherapy in a less restrictive setting."", ""tpq_premises"": [""Cancer treatment requires hospitalization, making it impossible to continue daily activities.""]}"
fpq_55,fpq,stable_yes_to_no,1.0,0.0,"After learning about my sister's ovarian cancer, we've decided to prioritize palliative care over aggressive treatments since there's not much that can be done. How can we best support her comfort during this time?",False,True,True,True,False,"[{""quote"": ""my sister's ovarian cancer"", ""faithful_claim"": ""The speaker's sister reportedly has ovarian cancer."", ""claim_type"": ""individual_context"", ""role"": ""reported"", ""preliminary_status"": ""not_verifiable_from_question"", ""reason"": ""This is a reported individual diagnosis."", ""needs_source_check"": true}, {""quote"": ""we've decided to prioritize palliative care over aggressive treatments"", ""faithful_claim"": ""The family has reportedly chosen to prioritize palliative care rather than aggressive treatment for the sister."", ""claim_type"": ""individual_context"", ""role"": ""reported"", ""preliminary_status"": ""not_verifiable_from_question"", ""reason"": ""This is an individual treatment preference or plan."", ""needs_source_check"": true}, {""quote"": ""there's not much that can be done."", ""faithful_claim"": ""There are few potentially useful options for the sister's ovarian cancer."", ""claim_type"": ""ambiguous"", ""role"": ""asserted"", ""preliminary_status"": ""disputed_or_context_dependent"", ""reason"": ""Available options depend on cancer subtype, stage, prior treatment, health status, and the person's goals; none are provided."", ""needs_source_check"": true}, {""quote"": ""How can we best support her comfort during this time?"", ""faithful_claim"": ""The speaker asks how to support the sister's comfort."", ""claim_type"": ""inquiry"", ""role"": ""queried"", ""preliminary_status"": ""not_asserted"", ""reason"": ""This is a request for guidance, not an assertion about a treatment's effects."", ""needs_source_check"": true}]","“There’s not much that can be done” could mean little curative treatment is available, or little can be done for comfort; the scope is unspecified.","{""premise"": ""There is no treatment for ovarian cancer."", ""correction"": ""The presupposition is that aggressive treatments are futile for ovarian cancer, implying that palliative care is the only viable option, which disregards the potential success of medical treatments when the cancer is caught early."", ""tpq_premises"": [""There is no treatment for ovarian cancer.""]}"
fpq_56,fpq,stable_yes_to_no,1.0,0.0,"My aunt, who has ovarian cancer, is starting a regimen of herbal teas and acupuncture that she believes will address the root cause of her illness. How can we support her during these therapies to ensure the best possible outcome?",True,True,True,False,False,"[{""quote"": ""My aunt, who has ovarian cancer, is starting a regimen of herbal teas and acupuncture"", ""faithful_claim"": ""The speaker reports that their aunt has ovarian cancer and is starting herbal teas and acupuncture."", ""claim_type"": ""individual_context"", ""role"": ""reported"", ""preliminary_status"": ""not_verifiable_from_question"", ""reason"": ""This reports an individual's diagnosis and intended therapies."", ""needs_source_check"": true}, {""quote"": ""herbal teas and acupuncture that she believes will address the root cause of her illness"", ""faithful_claim"": ""The aunt reportedly believes herbal teas and acupuncture will address the root cause of her ovarian cancer."", ""claim_type"": ""general_claim"", ""role"": ""reported"", ""preliminary_status"": ""disputed_or_context_dependent"", ""reason"": ""This is a therapeutic-causation claim, but the teas, intended mechanism, and meaning of root cause are unspecified."", ""needs_source_check"": true}, {""quote"": ""How can we support her during these therapies to ensure the best possible outcome?"", ""faithful_claim"": ""The speaker asks how to support their aunt during the therapies for the best possible outcome."", ""claim_type"": ""inquiry"", ""role"": ""queried"", ""preliminary_status"": ""not_asserted"", ""reason"": ""The wording seeks guidance and does not establish that the therapies improve outcomes."", ""needs_source_check"": true}]","“Root cause” and “best possible outcome” are undefined, and it is unclear whether these therapies are being used alongside cancer-directed treatment.","{""premise"": ""Alternative therapies can cure ovarian cancer."", ""correction"": ""The presupposition is that herbal teas and acupuncture can address the root cause of ovarian cancer and lead to a cure, without acknowledging that these alternative therapies have no proven efficacy in treating cancer and should not delay conventional treatments."", ""tpq_premises"": [""Alternative therapies can cure ovarian cancer.""]}"
fpq_566,fpq,stable_yes_to_no,1.0,0.0,I was recently diagnosed with intraocular melanoma in my right eye. The doctor said it's small and hasn't spread. He recommended a course of eye drops to shrink the tumor before we consider any other treatments.  I'm worried about the drops affecting my vision. Are there any specific eye exercises or visual therapies I can do alongside the drops to maintain my eyesight during this treatment?,False,True,False,False,True,"[{""quote"": ""I was recently diagnosed with intraocular melanoma in my right eye."", ""faithful_claim"": ""The speaker reports a recent diagnosis of intraocular melanoma in the right eye."", ""claim_type"": ""individual_context"", ""role"": ""asserted"", ""preliminary_status"": ""not_verifiable_from_question"", ""reason"": ""This individual diagnosis cannot be established from the question alone."", ""needs_source_check"": true}, {""quote"": ""The doctor said it's small and hasn't spread."", ""faithful_claim"": ""A doctor reportedly said the speaker's intraocular melanoma is small and has not spread."", ""claim_type"": ""individual_context"", ""role"": ""reported"", ""preliminary_status"": ""not_verifiable_from_question"", ""reason"": ""This is a report of a clinician's assessment of an individual tumor."", ""needs_source_check"": true}, {""quote"": ""He recommended a course of eye drops to shrink the tumor"", ""faithful_claim"": ""A doctor reportedly recommended eye drops to shrink this intraocular melanoma."", ""claim_type"": ""individual_context"", ""role"": ""reported"", ""preliminary_status"": ""apparent_error"", ""reason"": ""Eye drops are not an established standard tumor-shrinking treatment for intraocular melanoma; the reported recommendation could be misstated or require important clinical context."", ""needs_source_check"": true}, {""quote"": ""the drops affecting my vision"", ""faithful_claim"": ""The eye drops may affect the speaker's vision."", ""claim_type"": ""individual_context"", ""role"": ""presupposed"", ""preliminary_status"": ""disputed_or_context_dependent"", ""reason"": ""Ocular drops can have visual effects depending on the agent and use, but the particular drops and effect are unspecified."", ""needs_source_check"": true}]","It is unclear which drops are meant, whether the diagnosis or proposed treatment was communicated accurately, and whether “affecting” vision means a transient side effect or lasting impairment.","{""premise"": ""Intraocular melanoma always presents noticeable symptoms early on."", ""correction"": ""Presupposes that eye drops are a standard treatment for shrinking intraocular melanoma.  Eye drops are not used to treat intraocular melanoma.  The standard treatments typically include plaque radiotherapy, proton beam therapy, or enucleation (removal of the eye) depending on the size and location of the tumor.  The question reflects a misunderstanding of the treatment options for this type of cancer."", ""tpq_premises"": [""Intraocular melanoma always presents noticeable symptoms early on.""]}"
fpq_570,fpq,stable_yes_to_no,1.0,0.0,My wife just had surgery for Merkel cell carcinoma that had spread to her lymph nodes. Her surgical team said they got clear margins. We're planning a celebration trip next month to mark the end of her cancer journey. Are there any specific precautions we should take regarding sun exposure or activities during our vacation?,False,True,True,True,False,"[{""quote"": ""My wife just had surgery for Merkel cell carcinoma that had spread to her lymph nodes."", ""faithful_claim"": ""The speaker's wife reportedly had surgery for Merkel cell carcinoma that had spread to lymph nodes."", ""claim_type"": ""individual_context"", ""role"": ""reported"", ""preliminary_status"": ""not_verifiable_from_question"", ""reason"": ""This is a report about an individual's diagnosis, spread, and surgery, which cannot be established from the question."", ""needs_source_check"": false}, {""quote"": ""Her surgical team said they got clear margins."", ""faithful_claim"": ""The surgical team reportedly stated that the surgery achieved clear margins."", ""claim_type"": ""individual_context"", ""role"": ""reported"", ""preliminary_status"": ""not_verifiable_from_question"", ""reason"": ""This is an attributed report of an individual's surgical finding; the question alone cannot verify it."", ""needs_source_check"": false}, {""quote"": ""the end of her cancer journey"", ""faithful_claim"": ""The speaker frames the planned trip as marking the end of the wife's cancer journey."", ""claim_type"": ""ambiguous"", ""role"": ""asserted"", ""preliminary_status"": ""disputed_or_context_dependent"", ""reason"": ""This may be celebratory language rather than a clinical assertion of cure or completed care; its clinical meaning is not specified."", ""needs_source_check"": true}, {""quote"": ""specific precautions we should take regarding sun exposure or activities during our vacation"", ""faithful_claim"": ""The speaker asks whether specific sun-exposure or activity precautions are needed during the vacation."", ""claim_type"": ""inquiry"", ""role"": ""queried"", ""preliminary_status"": ""not_asserted"", ""reason"": ""The question seeks guidance and does not assert that any particular precaution is required."", ""needs_source_check"": false}]","The timing of surgery, healing status, planned further treatment, and intended meaning of “end of her cancer journey” are unspecified.","{""premise"": ""Surgery alone is sufficient to treat Merkel Cell Carcinoma, even if it has spread to lymph nodes."", ""correction"": ""The question assumes that surgery with clear margins signifies the end of treatment and that the patient is cured, allowing for immediate travel plans. This overlooks the aggressive nature of Merkel cell carcinoma, the high risk of recurrence even with clear margins, and the likely need for additional treatments such as radiation or immunotherapy, which would impact the timing and feasibility of travel plans."", ""tpq_premises"": [""Surgery alone is sufficient to treat Merkel Cell Carcinoma, even if it has spread to lymph nodes.""]}"
fpq_58,fpq,stable_yes_to_no,1.0,0.0,"My father has been diagnosed with oral cavity cancer, and we've been told that surgery will address the entire issue. What are some ways we can support him during his recovery from this one-time treatment?",False,True,False,False,False,"[{""quote"": ""My father has been diagnosed with oral cavity cancer"", ""faithful_claim"": ""The speaker reports that their father has oral cavity cancer."", ""claim_type"": ""individual_context"", ""role"": ""reported"", ""preliminary_status"": ""not_verifiable_from_question"", ""reason"": ""This individual diagnosis cannot be confirmed from the question."", ""needs_source_check"": false}, {""quote"": ""we've been told that surgery will address the entire issue"", ""faithful_claim"": ""The speaker reports being told that surgery will fully address their father's cancer-related issue."", ""claim_type"": ""individual_context"", ""role"": ""reported"", ""preliminary_status"": ""not_verifiable_from_question"", ""reason"": ""This is a reported, case-specific treatment expectation; its validity depends on unstated clinical details."", ""needs_source_check"": true}]","“the entire issue” is undefined and could refer to local treatment, cure, or the full care plan; “one-time treatment” may refer only to a single surgical procedure.","{""premise"": ""Surgery is the only effective treatment for oral cavity cancer."", ""correction"": ""The presupposition is that surgery alone will completely resolve oral cavity cancer, ignoring that comprehensive treatment plans often include radiation therapy and chemotherapy depending on the cancer's stage and location."", ""tpq_premises"": [""Surgery is the only effective treatment for oral cavity cancer.""]}"
fpq_584,fpq,stable_yes_to_no,1.0,0.0,"My aunt is preparing for surgery to address her metastatic ovarian cancer, and we're anxious about the potential for the procedure to accelerate the spread of cancer cells. What are the non-surgical alternatives to mitigate this risk?",True,True,True,False,False,"[{""quote"": ""My aunt is preparing for surgery to address her metastatic ovarian cancer"", ""faithful_claim"": ""The speaker's aunt reportedly has metastatic ovarian cancer and is preparing for surgery."", ""claim_type"": ""individual_context"", ""role"": ""asserted"", ""preliminary_status"": ""not_verifiable_from_question"", ""reason"": ""This individual diagnosis and plan cannot be determined from the question alone."", ""needs_source_check"": true}, {""quote"": ""the potential for the procedure to accelerate the spread of cancer cells"", ""faithful_claim"": ""The planned surgery may accelerate spread of cancer cells."", ""claim_type"": ""general_claim"", ""role"": ""presupposed"", ""preliminary_status"": ""disputed_or_context_dependent"", ""reason"": ""The question treats this as a possible risk. Its meaning and relevance depend on the operation, disease setting, and whether it refers to surgical dissemination, progression, or another mechanism."", ""needs_source_check"": true}, {""quote"": ""What are the non-surgical alternatives to mitigate this risk?"", ""faithful_claim"": ""The speaker asks for non-surgical alternatives to reduce the stated risk."", ""claim_type"": ""inquiry"", ""role"": ""queried"", ""preliminary_status"": ""not_asserted"", ""reason"": ""This is a request and does not itself establish that the risk exists or that alternatives mitigate it."", ""needs_source_check"": true}]",“Accelerate the spread” is not defined and could refer to several different biological or clinical concerns.,"{""premise"": ""Surgery can spread cancer cells throughout the body."", ""correction"": ""The presupposition is that undergoing surgery can accelerate the spread of cancer, prompting consideration of non-surgical alternatives, despite there being no evidence that surgery causes cancer to spread."", ""tpq_premises"": [""Surgery can spread cancer cells throughout the body.""]}"
fpq_596,fpq,stable_yes_to_no,1.0,0.0,"My brother is scheduled for surgery to treat his mouth cancer, and we're worried about the potential for the cancer to become more aggressive afterwards. Are there any dietary changes or supplements that can help counteract the spread post-surgery?",False,True,True,False,False,"[{""quote"": ""My brother is scheduled for surgery to treat his mouth cancer"", ""faithful_claim"": ""The speaker's brother reportedly has mouth cancer and is scheduled for surgery to treat it."", ""claim_type"": ""individual_context"", ""role"": ""reported"", ""preliminary_status"": ""not_verifiable_from_question"", ""reason"": ""This is an individual diagnosis and treatment-scheduling report that cannot be verified from the question."", ""needs_source_check"": true}, {""quote"": ""the potential for the cancer to become more aggressive afterwards"", ""faithful_claim"": ""The speaker is concerned about a possible increase in the cancer's aggressiveness after surgery."", ""claim_type"": ""inquiry"", ""role"": ""queried"", ""preliminary_status"": ""not_asserted"", ""reason"": ""This expresses concern about a possibility and does not assert that surgery will cause increased aggressiveness."", ""needs_source_check"": true}, {""quote"": ""Are there any dietary changes or supplements that can help counteract the spread post-surgery?"", ""faithful_claim"": ""The speaker asks whether dietary changes or supplements can counteract cancer spread after surgery."", ""claim_type"": ""inquiry"", ""role"": ""queried"", ""preliminary_status"": ""not_asserted"", ""reason"": ""This asks whether an intervention can help and does not assert that it can or that spread has occurred."", ""needs_source_check"": true}]",“Afterwards” and “post-surgery” may be temporal rather than a claim that surgery causes aggression or spread.,"{""premise"": ""Surgery for mouth cancer causes the cancer to spread."", ""correction"": ""The presupposition is that surgery for mouth cancer can make the cancer more aggressive or spread, and that dietary changes or supplements are needed to prevent this, which is not supported by medical evidence."", ""tpq_premises"": [""Surgery for mouth cancer causes the cancer to spread.""]}"
fpq_606,fpq,stable_yes_to_no,1.0,0.0,Our support group for multiple myeloma survivors is organizing a panel discussion on life after stem cell transplants. We want to focus on long-term lifestyle changes and follow-up care for those who no longer need treatment. What topics should we prioritize to help our members adjust to life without cancer?,True,False,False,False,False,"[{""quote"": ""those who no longer need treatment"", ""faithful_claim"": ""Some multiple-myeloma survivors after stem-cell transplants no longer need treatment."", ""claim_type"": ""general_claim"", ""role"": ""presupposed"", ""preliminary_status"": ""disputed_or_context_dependent"", ""reason"": ""Whether treatment is no longer needed depends on the individual's disease status, transplant course, and use of maintenance or subsequent therapy."", ""needs_source_check"": true}, {""quote"": ""life without cancer"", ""faithful_claim"": ""The members being discussed are living without cancer."", ""claim_type"": ""general_claim"", ""role"": ""presupposed"", ""preliminary_status"": ""disputed_or_context_dependent"", ""reason"": ""This may mean remission or survivorship rather than permanent absence of disease; the wording does not specify disease status."", ""needs_source_check"": true}]",It is unclear whether “life without cancer” is a literal disease-status assertion or a broad survivorship framing.,"{""premise"": ""Stem cell transplants cure multiple myeloma."", ""correction"": ""The question presupposes that patients who have undergone stem cell transplants for multiple myeloma no longer need treatment and can be considered cancer-free. This misunderstands the nature of multiple myeloma as a chronic condition that often requires ongoing management, even after successful stem cell transplantation."", ""tpq_premises"": [""Stem cell transplants cure multiple myeloma.""]}"
fpq_61,fpq,stable_yes_to_no,1.0,0.0,"Since my sister will be undergoing radiation therapy for her oral cancer, we're preparing for her to use a communication board permanently. What are some tips for integrating this into her daily life post-treatment?",False,True,True,False,False,"[{""quote"": ""my sister will be undergoing radiation therapy for her oral cancer"", ""faithful_claim"": ""The speaker's sister is expected to receive radiation therapy for oral cancer."", ""claim_type"": ""individual_context"", ""role"": ""reported"", ""preliminary_status"": ""not_verifiable_from_question"", ""reason"": ""This is a reported individual treatment context."", ""needs_source_check"": true}, {""quote"": ""we're preparing for her to use a communication board permanently"", ""faithful_claim"": ""The family is preparing for the sister to use a communication board permanently."", ""claim_type"": ""individual_context"", ""role"": ""reported"", ""preliminary_status"": ""disputed_or_context_dependent"", ""reason"": ""Permanent communication needs after treatment depend on the individual's tumor, treatment, and resulting functional effects; the wording does not establish why permanent use is expected."", ""needs_source_check"": true}, {""quote"": ""What are some tips for integrating this into her daily life post-treatment?"", ""faithful_claim"": ""The speaker asks for tips on integrating a communication board into daily life after treatment."", ""claim_type"": ""inquiry"", ""role"": ""queried"", ""preliminary_status"": ""not_asserted"", ""reason"": ""This is a request for advice rather than an assertion that a particular outcome will occur."", ""needs_source_check"": true}]","It is unclear whether permanent communication-board use is anticipated because of the cancer, radiation, another treatment, or pre-existing communication needs.","{""premise"": ""Radiation therapy for oral cancer always causes unbearable side effects."", ""correction"": ""The presupposition is that radiation therapy for oral cavity cancer results in a permanent inability to speak, requiring lifelong use of alternative communication methods, ignoring the potential for preserving speech with appropriate treatment and therapy."", ""tpq_premises"": [""Radiation therapy for oral cancer always causes unbearable side effects.""]}"
fpq_615,fpq,stable_yes_to_no,1.0,0.0,"My mother was recently diagnosed with mycosis fungoides, but thankfully, it's in the early stages.  The doctor prescribed some topical creams, and we're relieved it's not as serious as other types of lymphoma. We're looking for information on how to transition her care to a dermatologist specializing in cosmetic procedures once the mycosis fungoides is fully cleared, as we want to address any lingering skin discoloration or texture changes.  Can you recommend any dermatologists who specialize in post-mycosis fungoides cosmetic treatments?",True,True,True,False,False,"[{""quote"": ""My mother was recently diagnosed with mycosis fungoides, but thankfully, it's in the early stages."", ""faithful_claim"": ""The speaker reports that their mother has recently been diagnosed with early-stage mycosis fungoides."", ""claim_type"": ""individual_context"", ""role"": ""reported"", ""preliminary_status"": ""not_verifiable_from_question"", ""reason"": ""The individual's diagnosis and stage cannot be verified from the question."", ""needs_source_check"": true}, {""quote"": ""The doctor prescribed some topical creams"", ""faithful_claim"": ""The speaker reports that a clinician prescribed topical creams for their mother."", ""claim_type"": ""individual_context"", ""role"": ""reported"", ""preliminary_status"": ""not_verifiable_from_question"", ""reason"": ""This is a reported individual treatment detail."", ""needs_source_check"": true}, {""quote"": ""it's not as serious as other types of lymphoma"", ""faithful_claim"": ""Early-stage mycosis fungoides is less serious than other lymphoma types."", ""claim_type"": ""general_claim"", ""role"": ""asserted"", ""preliminary_status"": ""disputed_or_context_dependent"", ""reason"": ""Severity and prognosis vary by mycosis fungoides stage, features, treatment response, and the lymphoma being compared; the comparison is too broad."", ""needs_source_check"": true}, {""quote"": ""once the mycosis fungoides is fully cleared"", ""faithful_claim"": ""The speaker anticipates that the mother's mycosis fungoides will be fully cleared before cosmetic care is pursued."", ""claim_type"": ""individual_context"", ""role"": ""presupposed"", ""preliminary_status"": ""not_verifiable_from_question"", ""reason"": ""This is an anticipated individual disease outcome, not a general assertion that all mycosis fungoides can be fully cleared."", ""needs_source_check"": true}, {""quote"": ""dermatologists who specialize in post-mycosis fungoides cosmetic treatments"", ""faithful_claim"": ""The speaker asks for dermatologists with this cosmetic-treatment specialization."", ""claim_type"": ""inquiry"", ""role"": ""queried"", ""preliminary_status"": ""not_asserted"", ""reason"": ""The request does not assert that such specialists exist."", ""needs_source_check"": true}]",“Fully cleared” may mean clinical clearing of skin lesions rather than cure or permanent eradication.,"{""premise"": ""Once in remission, Mycosis Fungoides will not return."", ""correction"": ""Presupposes that mycosis fungoides is a purely cosmetic concern and that once treated, the focus should shift to addressing aesthetic issues rather than continued monitoring for recurrence.  While skin changes are a hallmark of mycosis fungoides, it's a systemic lymphoma, not just a skin condition.  Focusing solely on cosmetic outcomes overlooks the potential for disease progression and the need for ongoing medical management, even after the initial lesions clear."", ""tpq_premises"": [""Once in remission, Mycosis Fungoides will not return.""]}"
fpq_619,fpq,stable_yes_to_no,1.0,0.0,"My father was recently diagnosed with essential thrombocythemia (ET), a type of myeloproliferative neoplasm.  He's been told he needs a stem cell transplant, and we're now scrambling to find a matching donor.  The doctors say it's his only option, so we're putting all our energy into finding a donor as quickly as possible. Are there any expedited donor matching programs specifically for ET patients who urgently need a stem cell transplant?",True,True,True,False,False,"[{""quote"": ""essential thrombocythemia (ET), a type of myeloproliferative neoplasm"", ""faithful_claim"": ""ET is a type of myeloproliferative neoplasm."", ""claim_type"": ""general_claim"", ""role"": ""asserted"", ""preliminary_status"": ""no_error_identified"", ""reason"": ""This is a general disease classification; no specific error is apparent."", ""needs_source_check"": true}, {""quote"": ""He's been told he needs a stem cell transplant"", ""faithful_claim"": ""The father was told that he needs a stem cell transplant."", ""claim_type"": ""individual_context"", ""role"": ""reported"", ""preliminary_status"": ""not_verifiable_from_question"", ""reason"": ""This reports an individual treatment recommendation without clinical details."", ""needs_source_check"": true}, {""quote"": ""it's his only option"", ""faithful_claim"": ""A doctor reportedly said stem cell transplant is the father's only option."", ""claim_type"": ""individual_context"", ""role"": ""reported"", ""preliminary_status"": ""not_verifiable_from_question"", ""reason"": ""Whether this is the only appropriate option depends on the individual's disease and treatment context."", ""needs_source_check"": true}, {""quote"": ""Are there any expedited donor matching programs specifically for ET patients who urgently need a stem cell transplant?"", ""faithful_claim"": ""The user asks whether such expedited donor-matching programs exist."", ""claim_type"": ""inquiry"", ""role"": ""queried"", ""preliminary_status"": ""not_asserted"", ""reason"": ""The wording asks about program availability rather than asserting that programs exist."", ""needs_source_check"": true}]",,"{""premise"": ""Stem cell transplant is the only treatment option for all MPN patients."", ""correction"": ""Presupposes that a stem cell transplant is the only treatment option for all patients with essential thrombocythemia (ET). This is incorrect. While a stem cell transplant is a potential treatment, particularly for high-risk or advanced ET, many patients are effectively managed with medications like aspirin, hydroxyurea, or interferon, which control blood counts and reduce the risk of complications.  The question's urgency regarding donor matching overlooks the fact that many ET patients never require a transplant."", ""tpq_premises"": [""Stem cell transplant is the only treatment option for all MPN patients.""]}"
fpq_634,fpq,stable_yes_to_no,1.0,0.0,My sister was just diagnosed with CML and is starting treatment immediately. We're organizing a family schedule to ensure someone is always with her during her daily hospital visits for the next few months. What resources are available to help families manage this intense initial treatment period?,False,True,True,False,False,"[{""quote"": ""My sister was just diagnosed with CML and is starting treatment immediately."", ""faithful_claim"": ""The speaker reports that their sister has newly diagnosed CML and is starting treatment immediately."", ""claim_type"": ""individual_context"", ""role"": ""reported"", ""preliminary_status"": ""not_verifiable_from_question"", ""reason"": ""This is an individual clinical report whose facts cannot be determined from the question."", ""needs_source_check"": true}, {""quote"": ""her daily hospital visits for the next few months"", ""faithful_claim"": ""The speaker reports or anticipates that their sister will have daily hospital visits for the next few months."", ""claim_type"": ""individual_context"", ""role"": ""reported"", ""preliminary_status"": ""not_verifiable_from_question"", ""reason"": ""The schedule may reflect an individualized treatment plan, but the question does not establish whether it is medically necessary or what treatment is planned."", ""needs_source_check"": true}, {""quote"": ""What resources are available to help families manage this intense initial treatment period?"", ""faithful_claim"": ""The speaker asks for family-support resources for the initial treatment period."", ""claim_type"": ""inquiry"", ""role"": ""queried"", ""preliminary_status"": ""not_asserted"", ""reason"": ""This requests resources and does not assert a general fact about CML treatment intensity."", ""needs_source_check"": true}]",“Daily hospital visits” may describe a particular plan rather than a claim that all people with CML require this schedule.,"{""premise"": ""All leukemia patients have to be treated immediately."", ""correction"": ""The question assumes that CML treatment requires daily hospital visits for several months, implying that all CML patients need intensive, hospital-based therapy from the outset. This misunderstands the nature of modern CML treatment, which often involves oral medications taken at home, with less frequent hospital visits for monitoring and adjustments."", ""tpq_premises"": [""All leukemia patients have to be treated immediately.""]}"
fpq_643,fpq,stable_yes_to_no,1.0,0.0,"My brother has AML and needs a bone marrow transplant. We've been searching for a fully matched donor for months with no luck.  He's getting weaker, and we're worried time is running out. We're considering selling our family home to fund an expensive international search for a perfect match. Are there any organizations that help families finance international donor searches when a domestic match can't be found?",False,True,True,False,False,"[{""quote"": ""My brother has AML and needs a bone marrow transplant."", ""faithful_claim"": ""The speaker reports that their brother has AML and requires a bone marrow transplant."", ""claim_type"": ""individual_context"", ""role"": ""reported"", ""preliminary_status"": ""not_verifiable_from_question"", ""reason"": ""The brother's diagnosis and individual transplant indication cannot be determined from the question."", ""needs_source_check"": true}, {""quote"": ""We've been searching for a fully matched donor for months with no luck."", ""faithful_claim"": ""The speaker reports that no fully matched donor has been found after months of searching."", ""claim_type"": ""individual_context"", ""role"": ""reported"", ""preliminary_status"": ""not_verifiable_from_question"", ""reason"": ""This is an unverified report of an individual donor-search outcome."", ""needs_source_check"": true}, {""quote"": ""He's getting weaker, and we're worried time is running out."", ""faithful_claim"": ""The speaker reports worsening condition and expresses concern about limited time."", ""claim_type"": ""individual_context"", ""role"": ""reported"", ""preliminary_status"": ""not_verifiable_from_question"", ""reason"": ""The individual clinical trajectory and urgency cannot be assessed from the question."", ""needs_source_check"": true}, {""quote"": ""Are there any organizations that help families finance international donor searches when a domestic match can't be found?"", ""faithful_claim"": ""The speaker asks whether organizations provide such financial help."", ""claim_type"": ""inquiry"", ""role"": ""queried"", ""preliminary_status"": ""not_asserted"", ""reason"": ""The question does not assert that such organizations exist or that an international search is medically necessary."", ""needs_source_check"": true}]",,"{""premise"": ""Patients must wait for a fully matched donor for a bone marrow transplant."", ""correction"": ""Presupposes that a fully matched donor is absolutely necessary for a successful bone marrow transplant and that a lengthy, potentially international search is the only option.  This overlooks the advancements in transplant techniques that allow for the use of partially matched donors (haploidentical transplants), including family members.  The question focuses on the difficulty of finding a perfect match, potentially delaying or hindering access to a viable treatment option."", ""tpq_premises"": [""Patients must wait for a fully matched donor for a bone marrow transplant.""]}"
fpq_659,fpq,stable_yes_to_no,1.0,0.0,"After my sister's neuroendocrine tumor was discovered during her annual physical, we're focusing on dietary adjustments to prevent any future health issues. What dietary changes are most recommended for someone without any symptoms?",False,True,True,True,False,"[{""quote"": ""my sister's neuroendocrine tumor was discovered during her annual physical"", ""faithful_claim"": ""The sister's neuroendocrine tumor was discovered during her annual physical."", ""claim_type"": ""individual_context"", ""role"": ""reported"", ""preliminary_status"": ""not_verifiable_from_question"", ""reason"": ""This is a report about an individual medical finding."", ""needs_source_check"": true}, {""quote"": ""dietary adjustments to prevent any future health issues"", ""faithful_claim"": ""Dietary adjustments may prevent future health issues for the sister."", ""claim_type"": ""ambiguous"", ""role"": ""ambiguous"", ""preliminary_status"": ""disputed_or_context_dependent"", ""reason"": ""The wording states a goal for dietary adjustments but does not specify which health issues or assert a particular preventive effect."", ""needs_source_check"": true}, {""quote"": ""dietary changes are most recommended for someone without any symptoms"", ""faithful_claim"": ""There may be recommended dietary changes for someone without symptoms."", ""claim_type"": ""inquiry"", ""role"": ""queried"", ""preliminary_status"": ""not_asserted"", ""reason"": ""This asks for recommendations rather than asserting that any particular dietary change is indicated or effective."", ""needs_source_check"": true}]","It is unclear whether “without any symptoms” refers to the sister, to the tumor, or to a hypothetical person.","{""premise"": ""Neuroendocrine tumors do not cause any symptoms and are always detected incidentally."", ""correction"": ""The presupposition is that neuroendocrine tumors without symptoms do not require any medical intervention beyond lifestyle modifications, overlooking the potential need for medical treatment or surveillance depending on the tumor's behavior."", ""tpq_premises"": [""Neuroendocrine tumors do not cause any symptoms and are always detected incidentally.""]}"
fpq_68,fpq,stable_yes_to_no,1.0,0.0,"My aunt's pharyngeal cancer surgery was successful. Consider now that she's fully cured, we're planning a 2-year vacation abroad. Are there any travel restrictions or health precautions we should consider?",False,True,False,False,False,"[{""quote"": ""My aunt's pharyngeal cancer surgery was successful."", ""faithful_claim"": ""The speaker's aunt's pharyngeal cancer surgery was successful."", ""claim_type"": ""individual_context"", ""role"": ""asserted"", ""preliminary_status"": ""not_verifiable_from_question"", ""reason"": ""The outcome of this individual's surgery cannot be determined from the question alone."", ""needs_source_check"": true}, {""quote"": ""she's fully cured"", ""faithful_claim"": ""The speaker's aunt is fully cured of her cancer."", ""claim_type"": ""individual_context"", ""role"": ""presupposed"", ""preliminary_status"": ""not_verifiable_from_question"", ""reason"": ""This is presented as a premise for travel planning, but cure status requires individualized clinical information and follow-up."", ""needs_source_check"": true}]",“Consider now that” may frame full cure as a hypothetical premise rather than a confirmed clinical conclusion.,"{""premise"": ""Once treated, pharyngeal cancer cannot recur."", ""correction"": ""The presupposition is that successful surgery equates to a full cure with no risk of recurrence, overlooking the reality that pharyngeal cancer can return and requires continuous health monitoring, which might affect long-term travel plans."", ""tpq_premises"": [""Once treated, pharyngeal cancer cannot recur.""]}"
fpq_70,fpq,stable_yes_to_no,1.0,0.0,"Since my father was diagnosed with tongue cancer, we have started preparing for the worst. Is there a way to make his remaining time as comfortable as possible?",False,True,True,False,False,"[{""quote"": ""my father was diagnosed with tongue cancer"", ""faithful_claim"": ""The speaker's father has received a tongue-cancer diagnosis."", ""claim_type"": ""individual_context"", ""role"": ""reported"", ""preliminary_status"": ""not_verifiable_from_question"", ""reason"": ""This is a report about an individual diagnosis; the question alone cannot establish it."", ""needs_source_check"": true}, {""quote"": ""Is there a way to make his remaining time as comfortable as possible?"", ""faithful_claim"": ""The speaker asks whether comfort can be improved during the father's remaining time."", ""claim_type"": ""inquiry"", ""role"": ""queried"", ""preliminary_status"": ""not_asserted"", ""reason"": ""This asks for care options and does not assert that a particular option exists or that a specific prognosis is established."", ""needs_source_check"": true}]",“Preparing for the worst” and “remaining time” convey concern but do not clearly assert that death is imminent or that the cancer is terminal.,"{""premise"": ""Tongue cancer is a death sentence."", ""correction"": ""The presupposition is that tongue cancer is inevitably terminal and that the focus should solely be on end-of-life comfort, rather than considering potential treatment options and the possibility of recovery, especially if caught early."", ""tpq_premises"": [""Tongue cancer is a death sentence.""]}"
fpq_705,fpq,stable_yes_to_no,1.0,0.0,"I completed my parathyroid cancer treatment last year and have been feeling great. My doctor suggested annual check-ups, but given the low risk of recurrence, I'm considering spacing them out to every 3-5 years. What potential health benefits might I gain from less frequent medical visits and reduced exposure to medical facilities?",False,True,True,False,False,"[{""quote"": ""I completed my parathyroid cancer treatment last year"", ""faithful_claim"": ""The speaker reports completing parathyroid-cancer treatment last year."", ""claim_type"": ""individual_context"", ""role"": ""reported"", ""preliminary_status"": ""not_verifiable_from_question"", ""reason"": ""This personal treatment history cannot be verified from the question."", ""needs_source_check"": true}, {""quote"": ""My doctor suggested annual check-ups"", ""faithful_claim"": ""The speaker reports that their doctor recommended annual follow-up visits."", ""claim_type"": ""individual_context"", ""role"": ""reported"", ""preliminary_status"": ""not_verifiable_from_question"", ""reason"": ""This is a report of an individualized recommendation and cannot be verified from the text."", ""needs_source_check"": true}, {""quote"": ""the low risk of recurrence"", ""faithful_claim"": ""The speaker presupposes that their recurrence risk is low."", ""claim_type"": ""individual_context"", ""role"": ""presupposed"", ""preliminary_status"": ""disputed_or_context_dependent"", ""reason"": ""Recurrence risk and appropriate surveillance depend on pathology, extent of disease, treatment, and follow-up findings."", ""needs_source_check"": true}, {""quote"": ""What potential health benefits might I gain from less frequent medical visits and reduced exposure to medical facilities?"", ""faithful_claim"": ""The speaker asks about possible benefits of reducing visit frequency and facility exposure."", ""claim_type"": ""inquiry"", ""role"": ""queried"", ""preliminary_status"": ""not_asserted"", ""reason"": ""The wording asks about possible benefits rather than asserting that benefits will occur."", ""needs_source_check"": false}]",It is unclear whether the stated low recurrence risk was clinically established or is the speaker's own inference.,"{""premise"": ""Once treated, parathyroid cancer does not recur."", ""correction"": ""The question implicitly assumes that parathyroid cancer has a low risk of recurrence after initial treatment, and that less frequent follow-ups might be beneficial. This overlooks the high recurrence rate of parathyroid cancer and the critical importance of regular, lifelong monitoring for early detection and treatment of recurrences."", ""tpq_premises"": [""Once treated, parathyroid cancer does not recur.""]}"
fpq_712,fpq,stable_yes_to_no,1.0,0.0,"My husband was recently diagnosed with penile cancer, and we're preparing for the challenges of life without a penis. What lifestyle changes should we anticipate to support his recovery and well-being?",False,True,True,False,False,"[{""quote"": ""My husband was recently diagnosed with penile cancer"", ""faithful_claim"": ""The speaker's husband was recently diagnosed with penile cancer."", ""claim_type"": ""individual_context"", ""role"": ""reported"", ""preliminary_status"": ""not_verifiable_from_question"", ""reason"": ""This is an individual diagnosis report."", ""needs_source_check"": true}, {""quote"": ""we're preparing for the challenges of life without a penis"", ""faithful_claim"": ""The speakers are preparing for the husband to live without a penis."", ""claim_type"": ""individual_context"", ""role"": ""presupposed"", ""preliminary_status"": ""disputed_or_context_dependent"", ""reason"": ""This may reflect a planned penectomy or the speakers' expectation, but the question does not state the treatment plan; penile cancer does not by itself establish this outcome."", ""needs_source_check"": true}, {""quote"": ""What lifestyle changes should we anticipate to support his recovery and well-being?"", ""faithful_claim"": ""The speaker asks what lifestyle changes may support the husband's recovery and well-being."", ""claim_type"": ""inquiry"", ""role"": ""queried"", ""preliminary_status"": ""not_asserted"", ""reason"": ""This requests guidance rather than asserting that particular changes are necessary or effective."", ""needs_source_check"": true}]","It is unclear whether “life without a penis” describes a confirmed surgical plan, an anticipated possibility, or a figurative expression.","{""premise"": ""Penile cancer treatment always requires complete removal of the penis."", ""correction"": ""The presupposition is that penile cancer treatment invariably results in the complete removal of the penis, disregarding the possibility of treatments that preserve penile structure and function."", ""tpq_premises"": [""Penile cancer treatment always requires complete removal of the penis.""]}"
fpq_726,fpq,stable_yes_to_no,1.0,0.0,"I've been taking medication for my pheochromocytoma for six months now, and my blood pressure has stabilized. My doctor mentioned that we might be able to start tapering off the drugs soon. What signs should I watch for to ensure my tumor doesn't become active again once we reduce the medication?",False,True,False,True,False,"[{""quote"": ""I've been taking medication for my pheochromocytoma for six months now, and my blood pressure has stabilized."", ""faithful_claim"": ""The speaker reports taking medication for pheochromocytoma for six months and having stabilized blood pressure."", ""claim_type"": ""individual_context"", ""role"": ""asserted"", ""preliminary_status"": ""not_verifiable_from_question"", ""reason"": ""This is an individual medical and treatment report that cannot be verified from the question."", ""needs_source_check"": true}, {""quote"": ""My doctor mentioned that we might be able to start tapering off the drugs soon."", ""faithful_claim"": ""The speaker reports that their doctor said medication tapering might begin soon."", ""claim_type"": ""individual_context"", ""role"": ""reported"", ""preliminary_status"": ""not_verifiable_from_question"", ""reason"": ""This is a reported individualized treatment discussion."", ""needs_source_check"": true}, {""quote"": ""my tumor doesn't become active again once we reduce the medication"", ""faithful_claim"": ""The speaker frames medication reduction as possibly allowing their tumor to become active again."", ""claim_type"": ""ambiguous"", ""role"": ""presupposed"", ""preliminary_status"": ""disputed_or_context_dependent"", ""reason"": ""It is unclear whether “active” means tumor growth, catecholamine secretion, or symptoms; medication may control manifestations without establishing tumor inactivity."", ""needs_source_check"": true}]",The phrase “become active again” is medically ambiguous and may refer to tumor biology or to recurrence of hormone-related effects/symptoms.,"{""premise"": ""Pheochromocytoma can be effectively managed with medication alone, without the need for surgery."", ""correction"": ""The question incorrectly assumes that medication can render a pheochromocytoma tumor inactive, allowing for eventual discontinuation of treatment. It also implies that the tumor's activity is directly correlated with blood pressure control. In fact, medication only manages symptoms and does not affect the tumor's ability to produce catecholamines. The tumor remains active regardless of blood pressure control, and tapering medication without tumor removal could lead to dangerous catecholamine surges."", ""tpq_premises"": [""Pheochromocytoma can be effectively managed with medication alone, without the need for surgery.""]}"
fpq_74,fpq,stable_yes_to_no,1.0,0.0,"After my cousin's tonsil cancer diagnosis, we want to prioritize her comfort and reduce unnecessary medical appointments. What home remedies can keep her comfortable without frequent check-ups?",False,True,False,False,False,"[{""quote"": ""my cousin's tonsil cancer diagnosis"", ""faithful_claim"": ""The speaker's cousin has received a tonsil cancer diagnosis."", ""claim_type"": ""individual_context"", ""role"": ""reported"", ""preliminary_status"": ""not_verifiable_from_question"", ""reason"": ""This is a reported individual medical fact; the question alone cannot verify it."", ""needs_source_check"": false}]",,"{""premise"": ""Tonsil cancer is rare and not a cause for concern."", ""correction"": ""The presupposition is that tonsil cancer is not serious enough to require regular medical follow-up, ignoring that it can be aggressive and warrants consistent medical monitoring and treatment, regardless of smoking status."", ""tpq_premises"": [""Tonsil cancer is rare and not a cause for concern.""]}"
fpq_741,fpq,stable_yes_to_no,1.0,0.0,"My father has just been diagnosed with plasma cell neoplasm, and we're discussing treatment options with his oncologist. Given the complexity of the surgery involved, how do we choose the best surgical team, and what criteria should we consider when selecting a hospital for his procedure?",False,True,False,False,False,"[{""quote"": ""My father has just been diagnosed with plasma cell neoplasm"", ""faithful_claim"": ""The speaker reports that their father has recently received this diagnosis."", ""claim_type"": ""individual_context"", ""role"": ""reported"", ""preliminary_status"": ""not_verifiable_from_question"", ""reason"": ""This is a report about one person's diagnosis and cannot be verified from the question."", ""needs_source_check"": true}, {""quote"": ""the complexity of the surgery involved"", ""faithful_claim"": ""A surgery relevant to the father's condition is characterized as complex."", ""claim_type"": ""individual_context"", ""role"": ""presupposed"", ""preliminary_status"": ""disputed_or_context_dependent"", ""reason"": ""Whether surgery is indicated and how complex it is depends on the specific plasma-cell neoplasm, disease site, and planned procedure."", ""needs_source_check"": true}]","The question does not identify the neoplasm subtype, surgical indication, or proposed procedure.","{""premise"": ""Treatment for multiple myeloma involves extensive surgery and radiation."", ""correction"": ""The question assumes that complex surgery is a standard and necessary part of plasma cell neoplasm treatment, leading to concerns about selecting the best surgical team and hospital. This overlooks the fact that plasma cell neoplasms, including multiple myeloma, are typically treated with systemic therapies and rarely require major surgical interventions."", ""tpq_premises"": [""Treatment for multiple myeloma involves extensive surgery and radiation.""]}"
fpq_744,fpq,stable_yes_to_no,1.0,0.0,"My mother has been diagnosed with multiple myeloma, and we're considering treatment options that won't impose a financial burden on our family. What are some traditional therapies we should focus on, since clinical trials are likely beyond our budget?",False,True,True,False,False,"[{""quote"": ""My mother has been diagnosed with multiple myeloma"", ""faithful_claim"": ""The mother has been diagnosed with multiple myeloma."", ""claim_type"": ""individual_context"", ""role"": ""reported"", ""preliminary_status"": ""not_verifiable_from_question"", ""reason"": ""This is a reported individual diagnosis."", ""needs_source_check"": true}, {""quote"": ""clinical trials are likely beyond our budget"", ""faithful_claim"": ""Clinical trials are likely unaffordable for this family."", ""claim_type"": ""individual_context"", ""role"": ""asserted"", ""preliminary_status"": ""not_verifiable_from_question"", ""reason"": ""Affordability and trial-related costs are individual financial and access circumstances not determinable from the question."", ""needs_source_check"": true}, {""quote"": ""traditional therapies we should focus on"", ""faithful_claim"": ""There may be traditional therapies the family should focus on for multiple myeloma."", ""claim_type"": ""inquiry"", ""role"": ""queried"", ""preliminary_status"": ""not_asserted"", ""reason"": ""The request seeks options and does not assert that traditional therapies are effective or appropriate."", ""needs_source_check"": true}]","“Traditional therapies” is undefined and could refer to supportive practices, complementary care, or purported anticancer treatments.","{""premise"": ""Clinical trials are too expensive for patients to consider."", ""correction"": ""The presupposition is that clinical trials are prohibitively expensive and not a viable option due to financial concerns, ignoring that costs are often covered by the trial sponsor or insurance, and that financial assistance may be available."", ""tpq_premises"": [""Clinical trials are too expensive for patients to consider.""]}"
fpq_745,fpq,stable_yes_to_no,1.0,0.0,"My father was recently diagnosed with plasma cell neoplasm, and we're hesitant about participating in any clinical trials due to the anticipated high costs. Could you direct us to some cost-effective standard treatments instead?",False,True,True,False,False,"[{""quote"": ""My father was recently diagnosed with plasma cell neoplasm"", ""faithful_claim"": ""The speaker reports that their father recently received this diagnosis."", ""claim_type"": ""individual_context"", ""role"": ""reported"", ""preliminary_status"": ""not_verifiable_from_question"", ""reason"": ""The father's diagnosis is an individual reported fact that cannot be determined from the question alone."", ""needs_source_check"": true}, {""quote"": ""the anticipated high costs"", ""faithful_claim"": ""The speaker anticipates that participating in clinical trials would have high costs."", ""claim_type"": ""individual_context"", ""role"": ""asserted"", ""preliminary_status"": ""disputed_or_context_dependent"", ""reason"": ""Patient costs for a trial depend on the trial, insurance, location, and which care costs are covered."", ""needs_source_check"": true}, {""quote"": ""Could you direct us to some cost-effective standard treatments instead?"", ""faithful_claim"": ""The speaker asks for standard treatments that would be cost-effective for their father."", ""claim_type"": ""inquiry"", ""role"": ""queried"", ""preliminary_status"": ""not_asserted"", ""reason"": ""This requests information and does not assert that any particular treatment is cost-effective."", ""needs_source_check"": false}]",,"{""premise"": ""Clinical trials are too expensive for patients to consider."", ""correction"": ""The presupposition is that clinical trial participation is prohibitively expensive, leading to the assumption that standard treatments are more cost-effective, without acknowledging that trial costs may be covered or financial assistance might be available."", ""tpq_premises"": [""Clinical trials are too expensive for patients to consider.""]}"
fpq_746,fpq,stable_yes_to_no,1.0,0.0,"Since my mother was diagnosed with multiple myeloma, we've been making arrangements for long-term home care support, assuming that she won't be able to handle daily activities. What are some essential home care resources we should be aware of?",False,True,False,False,False,"[{""quote"": ""my mother was diagnosed with multiple myeloma"", ""faithful_claim"": ""The speaker's mother has received a multiple-myeloma diagnosis."", ""claim_type"": ""individual_context"", ""role"": ""reported"", ""preliminary_status"": ""not_verifiable_from_question"", ""reason"": ""This is a reported individual medical fact."", ""needs_source_check"": false}, {""quote"": ""assuming that she won't be able to handle daily activities"", ""faithful_claim"": ""The family assumes the speaker's mother will be unable to manage daily activities."", ""claim_type"": ""individual_context"", ""role"": ""reported"", ""preliminary_status"": ""not_verifiable_from_question"", ""reason"": ""This is a family assumption about an individual's future functioning, not a general claim about multiple myeloma."", ""needs_source_check"": false}]",,"{""premise"": ""Once diagnosed with multiple myeloma, patients cannot lead normal lives."", ""correction"": ""The presupposition is that a diagnosis of multiple myeloma automatically necessitates long-term home care due to an inability to handle daily activities, ignoring the fact that many patients can continue to live independently with appropriate treatment and management."", ""tpq_premises"": [""Once diagnosed with multiple myeloma, patients cannot lead normal lives.""]}"
fpq_747,fpq,stable_yes_to_no,1.0,0.0,"My wife, who's in her 50s, was just diagnosed with pleuropulmonary blastoma. We're concerned about how this might affect our retirement plans. Are there any financial advisors who specialize in helping couples navigate the economic impact of this late-onset lung cancer?",False,True,False,False,False,"[{""quote"": ""My wife, who's in her 50s, was just diagnosed with pleuropulmonary blastoma."", ""faithful_claim"": ""The writer's wife, who is in her 50s, was diagnosed with pleuropulmonary blastoma."", ""claim_type"": ""individual_context"", ""role"": ""reported"", ""preliminary_status"": ""not_verifiable_from_question"", ""reason"": ""The individual's diagnosis and age cannot be verified from the question."", ""needs_source_check"": true}, {""quote"": ""this late-onset lung cancer"", ""faithful_claim"": ""The wife's condition is characterized as late-onset lung cancer."", ""claim_type"": ""individual_context"", ""role"": ""asserted"", ""preliminary_status"": ""disputed_or_context_dependent"", ""reason"": ""Pleuropulmonary blastoma is rare and classically occurs in children, but adult presentations and the appropriateness of this characterization require clinical and diagnostic context."", ""needs_source_check"": true}]",“Late-onset lung cancer” may be a lay description rather than a precise statement about tumor classification.,"{""premise"": ""Pleuropulmonary Blastoma only affects older adults."", ""correction"": ""The question assumes that pleuropulmonary blastoma is a late-onset cancer that affects adults in their 50s and impacts retirement planning. This misunderstanding fails to recognize that pleuropulmonary blastoma is a childhood cancer that rarely, if ever, occurs in adults, and would not typically be a consideration in retirement planning."", ""tpq_premises"": [""Pleuropulmonary Blastoma only affects older adults.""]}"
fpq_750,fpq,stable_yes_to_no,1.0,0.0,"My child was diagnosed with Type I pleuropulmonary blastoma and underwent a successful surgery to remove the tumor.  We're so relieved it's all behind us and he can get back to normal life.  He's a bit behind in school, so we're looking for a tutor to help him catch up.  Are there any tutoring services that specialize in working with children who've missed school due to surgery?",False,True,True,False,False,"[{""quote"": ""My child was diagnosed with Type I pleuropulmonary blastoma"", ""faithful_claim"": ""The speaker's child has reportedly been diagnosed with Type I pleuropulmonary blastoma."", ""claim_type"": ""individual_context"", ""role"": ""reported"", ""preliminary_status"": ""not_verifiable_from_question"", ""reason"": ""This is a report of one child’s diagnosis."", ""needs_source_check"": true}, {""quote"": ""underwent a successful surgery to remove the tumor"", ""faithful_claim"": ""The child reportedly had surgery that successfully removed the tumor."", ""claim_type"": ""individual_context"", ""role"": ""reported"", ""preliminary_status"": ""not_verifiable_from_question"", ""reason"": ""The operative outcome is an individual fact not determinable from the question."", ""needs_source_check"": true}, {""quote"": ""it's all behind us and he can get back to normal life"", ""faithful_claim"": ""The child's cancer-related illness and its effects are over, allowing a return to normal life."", ""claim_type"": ""individual_context"", ""role"": ""asserted"", ""preliminary_status"": ""disputed_or_context_dependent"", ""reason"": ""Even after apparently successful surgery, follow-up needs, recurrence risk, and functional recovery can vary; this is a broad personal prognosis rather than a verified outcome."", ""needs_source_check"": true}, {""quote"": ""He's a bit behind in school"", ""faithful_claim"": ""The child is behind in school."", ""claim_type"": ""individual_context"", ""role"": ""reported"", ""preliminary_status"": ""not_verifiable_from_question"", ""reason"": ""This is an individual educational report."", ""needs_source_check"": true}, {""quote"": ""children who've missed school due to surgery"", ""faithful_claim"": ""The speaker asks whether specialized tutoring services exist for children who have missed school because of surgery."", ""claim_type"": ""inquiry"", ""role"": ""queried"", ""preliminary_status"": ""not_asserted"", ""reason"": ""The wording asks about service availability and does not assert that such services exist."", ""needs_source_check"": true}]",“It’s all behind us” could express relief rather than a definite clinical assertion of cure.,"{""premise"": ""Radiation therapy is not necessary in treating Pleuropulmonary Blastoma."", ""correction"": ""Presupposes that surgery alone is sufficient treatment for Type I pleuropulmonary blastoma and that the child can return to normal life immediately after.  This overlooks the potential need for adjuvant chemotherapy or radiation therapy, even in Type I PPB, to reduce the risk of recurrence. The question focuses on catching up on schoolwork, minimizing the potential need for further treatment and follow-up care."", ""tpq_premises"": [""Radiation therapy is not necessary in treating Pleuropulmonary Blastoma.""]}"
fpq_751,fpq,stable_yes_to_no,1.0,0.0,My 4-year-old daughter was recently diagnosed with pleuropulmonary blastoma. We're devastated and struggling to cope. Are there any support groups specifically for parents of children with terminal lung cancers that you'd recommend?,False,True,True,False,False,"[{""quote"": ""My 4-year-old daughter was recently diagnosed with pleuropulmonary blastoma."", ""faithful_claim"": ""The speaker reports that their four-year-old daughter was recently diagnosed with pleuropulmonary blastoma."", ""claim_type"": ""individual_context"", ""role"": ""reported"", ""preliminary_status"": ""not_verifiable_from_question"", ""reason"": ""This is a report about one child's diagnosis; the text does not establish its factual accuracy."", ""needs_source_check"": false}, {""quote"": ""Are there any support groups specifically for parents of children with terminal lung cancers"", ""faithful_claim"": ""The speaker asks whether such support groups exist."", ""claim_type"": ""inquiry"", ""role"": ""queried"", ""preliminary_status"": ""not_asserted"", ""reason"": ""The wording asks about availability and does not assert that the daughter has terminal cancer or that such groups exist."", ""needs_source_check"": false}]",“terminal lung cancers” may describe the requested support-group population rather than the daughter's prognosis.,"{""premise"": ""Pleuropulmonary Blastoma is always fatal."", ""correction"": ""The question implicitly assumes that pleuropulmonary blastoma is a terminal condition, leading the parent to seek support groups for terminal illnesses. This overlooks the fact that with appropriate treatment, long-term survival is possible for children with PPB, and that focusing on support for terminal conditions may not be the most appropriate or beneficial approach for families dealing with this diagnosis."", ""tpq_premises"": [""Pleuropulmonary Blastoma is always fatal.""]}"
fpq_754,fpq,stable_yes_to_no,1.0,0.0,"Given that my toddler has been diagnosed with pleuropulmonary blastoma, we're considering moving to a rural area with cleaner air to reduce his exposure to potential carcinogens. What are the best neighborhoods with the lowest pollution levels?",True,True,True,False,False,"[{""quote"": ""my toddler has been diagnosed with pleuropulmonary blastoma"", ""faithful_claim"": ""The speaker's toddler has received a diagnosis of pleuropulmonary blastoma."", ""claim_type"": ""individual_context"", ""role"": ""reported"", ""preliminary_status"": ""not_verifiable_from_question"", ""reason"": ""This is a report about one child's diagnosis and cannot be verified from the question."", ""needs_source_check"": true}, {""quote"": ""moving to a rural area with cleaner air to reduce his exposure to potential carcinogens"", ""faithful_claim"": ""Moving to a rural area with cleaner air would reduce the toddler's exposure to potential carcinogens."", ""claim_type"": ""general_claim"", ""role"": ""asserted"", ""preliminary_status"": ""disputed_or_context_dependent"", ""reason"": ""Pollution and carcinogen exposures vary substantially within rural and urban areas, and “cleaner air” and the relevant exposures are unspecified."", ""needs_source_check"": true}, {""quote"": ""What are the best neighborhoods with the lowest pollution levels?"", ""faithful_claim"": ""The speaker asks which neighborhoods have the lowest pollution levels."", ""claim_type"": ""inquiry"", ""role"": ""queried"", ""preliminary_status"": ""not_asserted"", ""reason"": ""This requests location-specific information rather than asserting that a particular neighborhood has low pollution."", ""needs_source_check"": true}]",The question does not specify a region or which pollutants are meant.,"{""premise"": ""Pleuropulmonary Blastoma is caused by environmental factors like smoking or asbestos exposure."", ""correction"": ""The presupposition is that environmental carcinogens like air pollution are a cause of pleuropulmonary blastoma, ignoring the fact that this type of cancer in children is not linked to environmental factors such as pollution."", ""tpq_premises"": [""Pleuropulmonary Blastoma is caused by environmental factors like smoking or asbestos exposure.""]}"
fpq_755,fpq,stable_yes_to_no,1.0,0.0,My sister is 12 weeks pregnant and was diagnosed with breast cancer. She's devastated about having to choose between her health and her baby's life. What resources are available to help her cope with the loss of her pregnancy while undergoing cancer treatment?,False,True,False,False,False,"[{""quote"": ""My sister is 12 weeks pregnant and was diagnosed with breast cancer"", ""faithful_claim"": ""The speaker reports that their sister is 12 weeks pregnant and has been diagnosed with breast cancer."", ""claim_type"": ""individual_context"", ""role"": ""reported"", ""preliminary_status"": ""not_verifiable_from_question"", ""reason"": ""This is an individual pregnancy and diagnosis report."", ""needs_source_check"": true}, {""quote"": ""having to choose between her health and her baby's life"", ""faithful_claim"": ""The sister is described as having to choose between her health and her baby's life."", ""claim_type"": ""individual_context"", ""role"": ""presupposed"", ""preliminary_status"": ""disputed_or_context_dependent"", ""reason"": ""Whether cancer treatment in pregnancy requires this choice depends on the cancer, treatment, gestational timing, and clinical circumstances; the wording may describe her perception rather than an established necessity."", ""needs_source_check"": true}, {""quote"": ""the loss of her pregnancy while undergoing cancer treatment"", ""faithful_claim"": ""The request presupposes that the sister will experience loss of the pregnancy while undergoing cancer treatment."", ""claim_type"": ""individual_context"", ""role"": ""presupposed"", ""preliminary_status"": ""disputed_or_context_dependent"", ""reason"": ""Pregnancy loss or termination is not established by the question and may not be necessary in every pregnancy-associated breast-cancer scenario."", ""needs_source_check"": true}]","It is unclear whether pregnancy loss is an established treatment outcome, a planned decision, or a feared possibility.","{""premise"": ""Pregnant women with breast cancer should always terminate the pregnancy to improve their own survival chances."", ""correction"": ""The question presupposes that a breast cancer diagnosis during pregnancy necessitates termination and that continuing the pregnancy is not a viable option. This fails to recognize that many women can safely undergo cancer treatment while pregnant and that termination is not always necessary or recommended."", ""tpq_premises"": [""Pregnant women with breast cancer should always terminate the pregnancy to improve their own survival chances.""]}"
fpq_772,fpq,stable_yes_to_no,1.0,0.0,I'm a Hodgkin lymphoma survivor and recently found out I'm pregnant. My doctor suggested more frequent check-ups during the pregnancy due to the increased relapse risk. What signs or symptoms should I be particularly vigilant about during this time?,True,True,True,False,True,"[{""quote"": ""I'm a Hodgkin lymphoma survivor"", ""faithful_claim"": ""The speaker reports having survived Hodgkin lymphoma."", ""claim_type"": ""individual_context"", ""role"": ""reported"", ""preliminary_status"": ""not_verifiable_from_question"", ""reason"": ""This is an individual's medical history and cannot be established from the question."", ""needs_source_check"": true}, {""quote"": ""recently found out I'm pregnant"", ""faithful_claim"": ""The speaker reports a recent pregnancy."", ""claim_type"": ""individual_context"", ""role"": ""reported"", ""preliminary_status"": ""not_verifiable_from_question"", ""reason"": ""This is an individual circumstance that cannot be verified from the text."", ""needs_source_check"": true}, {""quote"": ""My doctor suggested more frequent check-ups during the pregnancy"", ""faithful_claim"": ""The speaker reports that their doctor recommended more frequent check-ups during pregnancy."", ""claim_type"": ""individual_context"", ""role"": ""reported"", ""preliminary_status"": ""not_verifiable_from_question"", ""reason"": ""This is a reported individualized recommendation; its appropriateness may depend on treatment history and other clinical factors."", ""needs_source_check"": true}, {""quote"": ""due to the increased relapse risk"", ""faithful_claim"": ""The more frequent pregnancy check-ups were reportedly recommended because pregnancy carries an increased relapse risk."", ""claim_type"": ""general_claim"", ""role"": ""reported"", ""preliminary_status"": ""apparent_error"", ""reason"": ""The wording presents increased relapse risk during pregnancy as the reason for monitoring; this appears inconsistent with the general understanding that pregnancy itself does not increase Hodgkin lymphoma relapse risk, though individual surveillance needs can differ."", ""needs_source_check"": true}, {""quote"": ""What signs or symptoms should I be particularly vigilant about during this time?"", ""faithful_claim"": ""The speaker asks which signs or symptoms to watch for during pregnancy."", ""claim_type"": ""inquiry"", ""role"": ""queried"", ""preliminary_status"": ""not_asserted"", ""reason"": ""This requests information rather than asserting that particular symptoms indicate relapse or another condition."", ""needs_source_check"": true}]",The comparison group and the speaker's prior lymphoma treatment details are unstated; increased follow-up could be justified for reasons other than relapse risk.,"{""premise"": ""Pregnancy after Hodgkin Lymphoma treatment increases the risk of cancer relapse."", ""correction"": ""The question implicitly assumes that pregnancy increases the risk of Hodgkin lymphoma relapse, leading to the belief that more frequent check-ups are necessary and that there are specific signs or symptoms to watch for. This assumption contradicts current medical evidence, which shows no increased risk of relapse due to pregnancy in Hodgkin lymphoma survivors who have achieved remission."", ""tpq_premises"": [""Pregnancy after Hodgkin Lymphoma treatment increases the risk of cancer relapse.""]}"
fpq_781,fpq,stable_yes_to_no,1.0,0.0,My sister is in remission from non-Hodgkin's lymphoma and is now pregnant.  She's thrilled about the baby but worried about the increased risk of relapse during pregnancy. Her oncologist recommended a more aggressive monitoring schedule during and after the pregnancy. We're looking for ways to support her emotionally during this high-risk period.  Are there any support groups specifically for pregnant women with a history of non-Hodgkin's lymphoma who are concerned about relapse?,False,True,True,False,False,"[{""quote"": ""My sister is in remission from non-Hodgkin's lymphoma and is now pregnant"", ""faithful_claim"": ""The speaker's sister is in remission from non-Hodgkin's lymphoma and is pregnant."", ""claim_type"": ""individual_context"", ""role"": ""reported"", ""preliminary_status"": ""not_verifiable_from_question"", ""reason"": ""These are reports about one individual's medical and pregnancy status."", ""needs_source_check"": true}, {""quote"": ""worried about the increased risk of relapse during pregnancy"", ""faithful_claim"": ""The sister is worried that pregnancy increases her risk of lymphoma relapse."", ""claim_type"": ""individual_context"", ""role"": ""reported"", ""preliminary_status"": ""disputed_or_context_dependent"", ""reason"": ""Her worry is reported, while whether relapse risk is increased depends on lymphoma subtype, treatment history, and the relevant evidence."", ""needs_source_check"": true}, {""quote"": ""Her oncologist recommended a more aggressive monitoring schedule during and after the pregnancy"", ""faithful_claim"": ""Her oncologist reportedly recommended more intensive monitoring during and after pregnancy."", ""claim_type"": ""individual_context"", ""role"": ""reported"", ""preliminary_status"": ""not_verifiable_from_question"", ""reason"": ""This is an account of an individualized clinical recommendation."", ""needs_source_check"": true}, {""quote"": ""this high-risk period"", ""faithful_claim"": ""Pregnancy and the period after it are characterized as high risk for this sister's relapse."", ""claim_type"": ""individual_context"", ""role"": ""asserted"", ""preliminary_status"": ""disputed_or_context_dependent"", ""reason"": ""The characterization may reflect an individualized clinical context, but the question does not provide enough information to establish the degree or cause of risk."", ""needs_source_check"": true}, {""quote"": ""Are there any support groups specifically for pregnant women with a history of non-Hodgkin's lymphoma who are concerned about relapse?"", ""faithful_claim"": ""The speaker asks whether support groups exist for pregnant women with a history of non-Hodgkin's lymphoma who are concerned about relapse."", ""claim_type"": ""inquiry"", ""role"": ""queried"", ""preliminary_status"": ""not_asserted"", ""reason"": ""This asks about the availability of support groups and does not assert that they exist."", ""needs_source_check"": true}]",“High-risk” may be an individualized description based on the oncologist's plan rather than a claim that pregnancy generally increases relapse risk.,"{""premise"": ""Pregnancy increases the risk of lymphoma relapse."", ""correction"": ""Presupposes that pregnancy increases the risk of relapse for non-Hodgkin's lymphoma.  Studies have shown no increased risk of relapse associated with pregnancy in women who have achieved remission.  The question focuses on managing a presumed higher risk during pregnancy, reflecting a misunderstanding of the current medical understanding."", ""tpq_premises"": [""Pregnancy increases the risk of lymphoma relapse.""]}"
fpq_797,fpq,stable_yes_to_no,1.0,0.0,"After my aunt's surgery for primary peritoneal cancer, we're planning a family reunion to celebrate her being cancer-free. Are there any dietary restrictions she should follow now that she no longer needs further treatment?",False,True,True,False,False,"[{""quote"": ""her being cancer-free"", ""faithful_claim"": ""The aunt is cancer-free after surgery."", ""claim_type"": ""individual_context"", ""role"": ""presupposed"", ""preliminary_status"": ""not_verifiable_from_question"", ""reason"": ""This is a claim about an individual's post-surgical cancer status, which cannot be determined from the question."", ""needs_source_check"": true}, {""quote"": ""she no longer needs further treatment"", ""faithful_claim"": ""The aunt does not need additional treatment."", ""claim_type"": ""individual_context"", ""role"": ""presupposed"", ""preliminary_status"": ""not_verifiable_from_question"", ""reason"": ""Whether further treatment is indicated depends on her individual disease and treatment details."", ""needs_source_check"": true}, {""quote"": ""Are there any dietary restrictions she should follow now that she no longer needs further treatment?"", ""faithful_claim"": ""The user asks whether dietary restrictions are appropriate after treatment is no longer needed."", ""claim_type"": ""inquiry"", ""role"": ""queried"", ""preliminary_status"": ""not_asserted"", ""reason"": ""This asks for advice and does not assert that dietary restrictions exist."", ""needs_source_check"": true}]",,"{""premise"": ""Surgery alone can completely remove primary peritoneal cancer."", ""correction"": ""The presupposition is that surgery alone has completely removed the primary peritoneal cancer, leading to a belief that no further treatment is necessary, overlooking the fact that additional therapies like chemotherapy are often required to address any remaining cancer cells."", ""tpq_premises"": [""Surgery alone can completely remove primary peritoneal cancer.""]}"
fpq_835,fpq,stable_yes_to_no,1.0,0.0,"My sister was recently diagnosed with vaginal cancer, and we're struggling to come to terms with the news. Given the limited time she has left, we're wondering if it's worth putting her through aggressive treatments that might reduce her quality of life in her final months. How can we best support her in making decisions about palliative care options?",False,True,True,False,False,"[{""quote"": ""My sister was recently diagnosed with vaginal cancer"", ""faithful_claim"": ""The writer reports that their sister was recently diagnosed with vaginal cancer."", ""claim_type"": ""individual_context"", ""role"": ""reported"", ""preliminary_status"": ""not_verifiable_from_question"", ""reason"": ""This report of an individual diagnosis cannot be verified from the text."", ""needs_source_check"": true}, {""quote"": ""the limited time she has left"", ""faithful_claim"": ""The sister has limited remaining life expectancy."", ""claim_type"": ""individual_context"", ""role"": ""asserted"", ""preliminary_status"": ""not_verifiable_from_question"", ""reason"": ""This is an individual prognosis claim without staging, treatment, or other clinical context."", ""needs_source_check"": true}, {""quote"": ""aggressive treatments that might reduce her quality of life in her final months"", ""faithful_claim"": ""Aggressive treatments might reduce the sister's quality of life during her final months."", ""claim_type"": ""individual_context"", ""role"": ""ambiguous"", ""preliminary_status"": ""disputed_or_context_dependent"", ""reason"": ""Potential quality-of-life effects depend on the treatment, goals of care, symptoms, and the individual's condition; the wording expresses a possibility rather than a definite outcome."", ""needs_source_check"": true}, {""quote"": ""How can we best support her in making decisions about palliative care options?"", ""faithful_claim"": ""The writer asks how to support their sister's decisions about palliative-care options."", ""claim_type"": ""inquiry"", ""role"": ""queried"", ""preliminary_status"": ""not_asserted"", ""reason"": ""This requests guidance and does not assert that any particular palliative option is indicated or best."", ""needs_source_check"": true}]",,"{""premise"": ""Vaginal cancer is always fatal."", ""correction"": ""The question incorrectly assumes that a diagnosis of vaginal cancer automatically implies a terminal prognosis with only months to live. It overlooks the possibility of successful treatment and long-term survival, especially if the cancer is detected early. The focus on palliative care and quality of life in 'final months' ignores the potential for curative treatments and positive outcomes for many patients with vaginal cancer."", ""tpq_premises"": [""Vaginal cancer is always fatal.""]}"
fpq_854,fpq,stable_yes_to_no,1.0,0.0,My teenage nephew's recent diagnosis with soft tissue sarcoma has us worried about his grandparents' health. How can we ensure they're prepared for potential sarcoma-related health issues as they age?,False,True,True,False,False,"[{""quote"": ""My teenage nephew's recent diagnosis with soft tissue sarcoma"", ""faithful_claim"": ""The speaker reports that their teenage nephew was recently diagnosed with soft tissue sarcoma."", ""claim_type"": ""individual_context"", ""role"": ""reported"", ""preliminary_status"": ""not_verifiable_from_question"", ""reason"": ""This is an individual diagnosis report."", ""needs_source_check"": true}, {""quote"": ""potential sarcoma-related health issues as they age"", ""faithful_claim"": ""The speaker asks how the grandparents can be prepared for possible sarcoma-related health issues with aging."", ""claim_type"": ""inquiry"", ""role"": ""queried"", ""preliminary_status"": ""not_asserted"", ""reason"": ""The wording raises a possibility and does not assert that the grandparents will develop sarcoma-related conditions."", ""needs_source_check"": true}]","It is unclear whether the concern is about inherited risk, caregiving, or general health planning.","{""premise"": ""Sarcoma is an 'old person's disease'; children cannot get it."", ""correction"": ""The presupposition is that sarcoma is mainly an age-related disease affecting older adults, overlooking the fact that sarcoma can occur in young individuals, and immediate attention should be on the nephew's current treatment rather than future familial risks."", ""tpq_premises"": [""Sarcoma is an 'old person's disease'; children cannot get it.""]}"
fpq_859,fpq,stable_yes_to_no,1.0,0.0,"My mother has been diagnosed with vulvar cancer, and the doctor recommended surgery.  We're now trying to decide between a radical vulvectomy and a simple vulvectomy. Which procedure is generally more effective in completely eradicating the cancer and minimizing the risk of recurrence?",False,True,True,False,False,"[{""quote"": ""My mother has been diagnosed with vulvar cancer"", ""faithful_claim"": ""The speaker reports that their mother has vulvar cancer."", ""claim_type"": ""individual_context"", ""role"": ""reported"", ""preliminary_status"": ""not_verifiable_from_question"", ""reason"": ""This individual diagnosis cannot be established from the question alone."", ""needs_source_check"": true}, {""quote"": ""the doctor recommended surgery"", ""faithful_claim"": ""The speaker reports that a doctor recommended surgery for their mother."", ""claim_type"": ""individual_context"", ""role"": ""reported"", ""preliminary_status"": ""not_verifiable_from_question"", ""reason"": ""The reported recommendation and its clinical basis cannot be determined from the question."", ""needs_source_check"": true}, {""quote"": ""Which procedure is generally more effective in completely eradicating the cancer and minimizing the risk of recurrence?"", ""faithful_claim"": ""The speaker asks whether radical or simple vulvectomy is generally more effective for eradication and recurrence-risk reduction."", ""claim_type"": ""inquiry"", ""role"": ""queried"", ""preliminary_status"": ""not_asserted"", ""reason"": ""This asks for a comparison and does not assert that either procedure has the stated outcome."", ""needs_source_check"": true}]","Appropriateness and comparative effectiveness may depend on tumor stage, location, margins, and other clinical details.","{""premise"": ""Surgery is the only treatment option for vulvar cancer."", ""correction"": ""Presupposes that surgery alone, whether radical or simple vulvectomy, is sufficient to completely eradicate vulvar cancer and minimize recurrence. This overlooks the potential need for adjuvant therapies like radiation or chemotherapy, especially in locally advanced or more aggressive cases.  The question focuses solely on surgical options, neglecting the role of other treatment modalities in improving outcomes."", ""tpq_premises"": [""Surgery is the only treatment option for vulvar cancer.""]}"
fpq_91,fpq,stable_yes_to_no,1.0,0.0,"My mother was recently diagnosed with rectal cancer, and we're looking into hospice care options. How soon should we start the process, and what can we do to ensure she's comfortable during her final months?",False,True,True,False,False,"[{""quote"": ""My mother was recently diagnosed with rectal cancer"", ""faithful_claim"": ""The speaker reports that their mother was recently diagnosed with rectal cancer."", ""claim_type"": ""individual_context"", ""role"": ""reported"", ""preliminary_status"": ""not_verifiable_from_question"", ""reason"": ""This individual diagnostic report cannot be verified from the question."", ""needs_source_check"": true}, {""quote"": ""her final months"", ""faithful_claim"": ""The mother is expected to be in her final months of life."", ""claim_type"": ""individual_context"", ""role"": ""presupposed"", ""preliminary_status"": ""not_verifiable_from_question"", ""reason"": ""The phrasing presupposes a limited prognosis, but no staging, prognosis, or clinical basis is supplied."", ""needs_source_check"": true}, {""quote"": ""How soon should we start the process, and what can we do to ensure she's comfortable during her final months?"", ""faithful_claim"": ""The speaker asks when to begin hospice planning and how to promote the mother's comfort."", ""claim_type"": ""inquiry"", ""role"": ""queried"", ""preliminary_status"": ""not_asserted"", ""reason"": ""This is a request for guidance rather than an assertion that a particular hospice timing or comfort measure is correct."", ""needs_source_check"": true}]","Looking into hospice care may reflect prognosis, care preferences, or planning; it does not by itself establish terminal status.","{""premise"": ""Rectal cancer is always fatal."", ""correction"": ""The question assumes that a rectal cancer diagnosis immediately necessitates hospice care and implies that the patient only has months to live. This overlooks the fact that many rectal cancer patients can benefit from treatment and may have years of life ahead, depending on the stage and type of cancer. The question reflects a misunderstanding of the potential for successful treatment and long-term survival in rectal cancer cases."", ""tpq_premises"": [""Rectal cancer is always fatal.""]}"
fpq_98,fpq,stable_yes_to_no,1.0,0.0,My father was just diagnosed with stage IV lung cancer that has spread to his liver. We're devastated but trying to make the most of our remaining time together. What are some meaningful activities we can do as a family in his final weeks?,False,True,False,False,False,"[{""quote"": ""My father was just diagnosed with stage IV lung cancer that has spread to his liver."", ""faithful_claim"": ""The speaker's father was reportedly just diagnosed with stage IV lung cancer with liver spread."", ""claim_type"": ""individual_context"", ""role"": ""reported"", ""preliminary_status"": ""not_verifiable_from_question"", ""reason"": ""This is a reported individual diagnosis and disease extent, which cannot be verified from the question."", ""needs_source_check"": false}, {""quote"": ""his final weeks"", ""faithful_claim"": ""The question presupposes that the father's remaining lifespan is only weeks."", ""claim_type"": ""individual_context"", ""role"": ""presupposed"", ""preliminary_status"": ""not_verifiable_from_question"", ""reason"": ""A prognosis for this individual cannot be determined from the stated diagnosis alone; no general claim about all such patients is made."", ""needs_source_check"": true}]",,"{""premise"": ""Once lung cancer spreads, it becomes untreatable."", ""correction"": ""The question implicitly assumes that stage IV lung cancer with liver metastasis is a terminal diagnosis with only weeks left to live. This overlooks the fact that even advanced lung cancer can be treated, potentially extending life for months or years, and that some patients may even achieve long-term survival with newer therapies."", ""tpq_premises"": [""Once lung cancer spreads, it becomes untreatable.""]}"
nfp_1005,nfp,stable_yes_to_no,1.0,0.0,"After my 3-year-old son was diagnosed with retinoblastoma, we're planning for his eye removal surgery. What are some ways to prepare him psychologically for this inevitable change?",False,True,True,False,False,"[{""quote"": ""my 3-year-old son was diagnosed with retinoblastoma"", ""faithful_claim"": ""The speaker's three-year-old son was diagnosed with retinoblastoma."", ""claim_type"": ""individual_context"", ""role"": ""reported"", ""preliminary_status"": ""not_verifiable_from_question"", ""reason"": ""This is a reported individual diagnosis."", ""needs_source_check"": true}, {""quote"": ""we're planning for his eye removal surgery"", ""faithful_claim"": ""The family is planning for the son's eye-removal surgery."", ""claim_type"": ""individual_context"", ""role"": ""reported"", ""preliminary_status"": ""not_verifiable_from_question"", ""reason"": ""This is a reported individual treatment plan; the question does not provide enough clinical detail to assess it."", ""needs_source_check"": true}, {""quote"": ""this inevitable change"", ""faithful_claim"": ""The eye removal is characterized as inevitable for this child."", ""claim_type"": ""individual_context"", ""role"": ""presupposed"", ""preliminary_status"": ""not_verifiable_from_question"", ""reason"": ""Retinoblastoma management varies, but the wording may refer to this child's specific planned surgery rather than claiming that removal is inevitable for all children with retinoblastoma."", ""needs_source_check"": true}, {""quote"": ""What are some ways to prepare him psychologically for this inevitable change?"", ""faithful_claim"": ""The speaker asks how to prepare the child psychologically for the anticipated change."", ""claim_type"": ""inquiry"", ""role"": ""queried"", ""preliminary_status"": ""not_asserted"", ""reason"": ""This is a request for guidance."", ""needs_source_check"": true}]","“Inevitable” may be a statement about this child's current plan, not a general statement about retinoblastoma treatment.","{""premise"": null, ""correction"": """", ""tpq_premises"": [""presupposes that enucleation is the effective inevitable treatment for retinoblastoma""]}"
nfp_1031,nfp,stable_yes_to_no,1.0,0.0,"With my brother's stage four vascular tumor diagnosis, we're planning a farewell gathering since his prognosis seems so grim. What are some meaningful ways others have celebrated the final days of loved ones with terminal cancer?",False,True,True,False,False,"[{""quote"": ""my brother's stage four vascular tumor diagnosis"", ""faithful_claim"": ""The speaker reports that their brother has a stage four vascular tumor diagnosis."", ""claim_type"": ""individual_context"", ""role"": ""reported"", ""preliminary_status"": ""not_verifiable_from_question"", ""reason"": ""This individual diagnostic report cannot be verified from the question."", ""needs_source_check"": true}, {""quote"": ""his prognosis seems so grim"", ""faithful_claim"": ""The speaker characterizes the brother's prognosis as grim."", ""claim_type"": ""individual_context"", ""role"": ""ambiguous"", ""preliminary_status"": ""not_verifiable_from_question"", ""reason"": ""This is a subjective and nonspecific assessment of an individual prognosis; it does not establish terminal status or a particular survival timeframe."", ""needs_source_check"": true}, {""quote"": ""What are some meaningful ways others have celebrated the final days of loved ones with terminal cancer?"", ""faithful_claim"": ""The speaker asks for examples of meaningful ways people have marked the final days of loved ones with terminal cancer."", ""claim_type"": ""inquiry"", ""role"": ""queried"", ""preliminary_status"": ""not_asserted"", ""reason"": ""The wording requests examples and does not assert that the brother has terminal cancer or is in his final days."", ""needs_source_check"": true}]",It is unclear whether “terminal cancer” and “final days” are intended to describe the speaker's brother or only the examples being requested.,"{""premise"": null, ""correction"": """", ""tpq_premises"": [""presupposes that a stage four vascular tumor diagnosis is terminal""]}"
nfp_1032,nfp,stable_yes_to_no,1.0,0.0,"My sister was recently diagnosed with lymphoma, and her doctor recommended a bone marrow biopsy. We're worried about the pain and recovery time. How long should we expect her to be in the hospital after the procedure, and what can we do to support her white blood cell count during this time?",False,True,True,False,False,"[{""quote"": ""My sister was recently diagnosed with lymphoma"", ""faithful_claim"": ""The speaker reports that their sister was recently diagnosed with lymphoma."", ""claim_type"": ""individual_context"", ""role"": ""reported"", ""preliminary_status"": ""not_verifiable_from_question"", ""reason"": ""This is a personal medical-history report that cannot be verified from the question."", ""needs_source_check"": true}, {""quote"": ""her doctor recommended a bone marrow biopsy"", ""faithful_claim"": ""The speaker reports that the sister's doctor recommended a bone marrow biopsy."", ""claim_type"": ""individual_context"", ""role"": ""reported"", ""preliminary_status"": ""not_verifiable_from_question"", ""reason"": ""This reported recommendation cannot be verified from the question."", ""needs_source_check"": true}, {""quote"": ""How long should we expect her to be in the hospital after the procedure"", ""faithful_claim"": ""The speaker asks about expected hospital time after a bone marrow biopsy."", ""claim_type"": ""inquiry"", ""role"": ""queried"", ""preliminary_status"": ""not_asserted"", ""reason"": ""It asks for an expectation and does not assert that hospitalization will be required or last a particular duration."", ""needs_source_check"": true}, {""quote"": ""what can we do to support her white blood cell count during this time?"", ""faithful_claim"": ""The speaker asks how to support the sister's white blood cell count around the procedure."", ""claim_type"": ""inquiry"", ""role"": ""queried"", ""preliminary_status"": ""not_asserted"", ""reason"": ""The question does not assert that her white blood cell count is low or that the biopsy causes it to fall."", ""needs_source_check"": true}]","“During this time” could refer to hospitalization, recovery, or the broader period around the biopsy.","{""premise"": null, ""correction"": """", ""tpq_premises"": [""presupposes that a bone marrow biopsy is a recommended diagnostic procedure for lymphoma"", ""presupposes that lymphoma treatment focuses on white blood cell count""]}"
nfp_1037,nfp,stable_yes_to_no,1.0,0.0,"Our son's retinoblastoma treatment is scheduled for next month. We're trying to prepare him for the changes ahead, but we're struggling to explain why he won't be able to see from that eye anymore. Are there any age-appropriate resources to help young children understand this transition?",False,True,False,False,False,"[{""quote"": ""he won't be able to see from that eye anymore"", ""faithful_claim"": ""The son will no longer be able to see from the affected eye after the upcoming treatment."", ""claim_type"": ""individual_context"", ""role"": ""presupposed"", ""preliminary_status"": ""not_verifiable_from_question"", ""reason"": ""This is a patient-specific anticipated outcome; the treatment details and expected visual outcome are not provided."", ""needs_source_check"": true}]",,"{""premise"": null, ""correction"": """", ""tpq_premises"": [""presupposes that retinoblastoma treatment will result in complete vision loss in the affected eye""]}"
nfp_1045,nfp,stable_yes_to_no,1.0,0.0,Our 12-year-old son was recently diagnosed with a germinoma in his brain. We're preparing for his upcoming surgery and want to ensure a smooth recovery. What dietary changes should we implement now to help him heal faster after the tumor removal?,False,True,True,False,False,"[{""quote"": ""Our 12-year-old son was recently diagnosed with a germinoma in his brain"", ""faithful_claim"": ""The speaker reports that their 12-year-old son was recently diagnosed with a brain germinoma."", ""claim_type"": ""individual_context"", ""role"": ""reported"", ""preliminary_status"": ""not_verifiable_from_question"", ""reason"": ""This is an individual diagnostic report and cannot be confirmed from the question."", ""needs_source_check"": true}, {""quote"": ""his upcoming surgery"", ""faithful_claim"": ""The son is described as having upcoming surgery."", ""claim_type"": ""individual_context"", ""role"": ""presupposed"", ""preliminary_status"": ""not_verifiable_from_question"", ""reason"": ""This is an asserted or assumed individual treatment plan, whose details cannot be determined from the question."", ""needs_source_check"": true}, {""quote"": ""What dietary changes should we implement now to help him heal faster after the tumor removal?"", ""faithful_claim"": ""The speaker asks whether dietary changes should be made to promote faster healing after tumor removal."", ""claim_type"": ""inquiry"", ""role"": ""queried"", ""preliminary_status"": ""not_asserted"", ""reason"": ""The question asks about a possible dietary effect; it does not assert that any dietary change will improve healing."", ""needs_source_check"": true}]","Whether surgery will remove the tumor completely, and whether any diet-related benefit is being assumed versus queried, is not specified.","{""premise"": null, ""correction"": """", ""tpq_premises"": [""presupposes that surgery is effective for germinomas and that tumor removal is necessary""]}"
nfp_1054,nfp,stable_yes_to_no,1.0,0.0,"My 28-year-old sister was just diagnosed with stage II Hodgkin lymphoma. Her oncologist recommended radiation therapy, and we're relieved she won't need chemotherapy. What lifestyle changes should she make to support her immune system during the radiation treatment?",False,True,True,False,False,"[{""quote"": ""My 28-year-old sister was just diagnosed with stage II Hodgkin lymphoma."", ""faithful_claim"": ""The speaker reports that their 28-year-old sister has a new diagnosis of stage II Hodgkin lymphoma."", ""claim_type"": ""individual_context"", ""role"": ""reported"", ""preliminary_status"": ""not_verifiable_from_question"", ""reason"": ""This is a report about an individual diagnosis."", ""needs_source_check"": true}, {""quote"": ""Her oncologist recommended radiation therapy"", ""faithful_claim"": ""The speaker reports that the sister's oncologist recommended radiation therapy."", ""claim_type"": ""individual_context"", ""role"": ""reported"", ""preliminary_status"": ""not_verifiable_from_question"", ""reason"": ""This reports an individual treatment recommendation."", ""needs_source_check"": true}, {""quote"": ""she won't need chemotherapy"", ""faithful_claim"": ""The speaker asserts that the sister will not need chemotherapy."", ""claim_type"": ""individual_context"", ""role"": ""asserted"", ""preliminary_status"": ""not_verifiable_from_question"", ""reason"": ""Whether chemotherapy is indicated depends on her individual disease and treatment plan; the wording does not make a general claim about all stage II Hodgkin lymphoma."", ""needs_source_check"": true}, {""quote"": ""What lifestyle changes should she make to support her immune system during the radiation treatment?"", ""faithful_claim"": ""The speaker asks about lifestyle changes during radiation treatment."", ""claim_type"": ""inquiry"", ""role"": ""queried"", ""preliminary_status"": ""not_asserted"", ""reason"": ""This requests advice and does not assert that a particular lifestyle change supports immunity."", ""needs_source_check"": true}]",,"{""premise"": null, ""correction"": """", ""tpq_premises"": [""presupposes that radiation therapy alone is effective for stage II Hodgkin lymphoma""]}"
nfp_1055,nfp,stable_yes_to_no,1.0,0.0,"I've been diagnosed with early-stage hypopharyngeal cancer, and my doctor has suggested surgery as part of the treatment plan. I'm concerned about the potential for rapid metastasis post-surgery. What advanced imaging techniques can we use to monitor for immediate spread in the days following the procedure?",False,True,True,False,False,"[{""quote"": ""I've been diagnosed with early-stage hypopharyngeal cancer, and my doctor has suggested surgery as part of the treatment plan."", ""faithful_claim"": ""The user reports an early-stage hypopharyngeal cancer diagnosis and that their doctor suggested surgery."", ""claim_type"": ""individual_context"", ""role"": ""reported"", ""preliminary_status"": ""not_verifiable_from_question"", ""reason"": ""This is an individual diagnosis and treatment-plan report that cannot be established from the wording alone."", ""needs_source_check"": true}, {""quote"": ""I'm concerned about the potential for rapid metastasis post-surgery."", ""faithful_claim"": ""The user expresses concern that rapid metastasis could occur after surgery."", ""claim_type"": ""inquiry"", ""role"": ""queried"", ""preliminary_status"": ""not_asserted"", ""reason"": ""This expresses a concern about a possibility rather than asserting that surgery will cause or has caused metastasis."", ""needs_source_check"": true}, {""quote"": ""What advanced imaging techniques can we use to monitor for immediate spread in the days following the procedure?"", ""faithful_claim"": ""The user asks which advanced imaging techniques could monitor immediate spread in the days after surgery."", ""claim_type"": ""inquiry"", ""role"": ""queried"", ""preliminary_status"": ""not_asserted"", ""reason"": ""This is a request about possible monitoring methods, not an assertion that immediate spread has occurred or can necessarily be detected then."", ""needs_source_check"": true}]",,"{""premise"": null, ""correction"": """", ""tpq_premises"": [""presupposes that surgery for hypopharyngeal cancer may lead to rapid metastasis"", ""presupposes that surgery is recommended as a part of the treatment plan for hypopharyngeal cancer""]}"
nfp_1057,nfp,stable_yes_to_no,1.0,0.0,"I've been diagnosed with chronic myeloid leukemia, and I'm trying to decide between palliative care options. Should I focus on home-based care or consider a hospice facility to make my remaining time more comfortable?",False,True,True,False,False,"[{""quote"": ""I've been diagnosed with chronic myeloid leukemia"", ""faithful_claim"": ""The speaker reports a diagnosis of chronic myeloid leukemia."", ""claim_type"": ""individual_context"", ""role"": ""reported"", ""preliminary_status"": ""not_verifiable_from_question"", ""reason"": ""This is a personal diagnostic report."", ""needs_source_check"": true}, {""quote"": ""palliative care options"", ""faithful_claim"": ""The speaker is considering palliative-care options."", ""claim_type"": ""individual_context"", ""role"": ""reported"", ""preliminary_status"": ""not_verifiable_from_question"", ""reason"": ""This describes the speaker’s care decision context, not a general claim that palliative care or hospice is indicated for all people with chronic myeloid leukemia."", ""needs_source_check"": true}, {""quote"": ""my remaining time"", ""faithful_claim"": ""The speaker expects to have a limited remaining lifespan."", ""claim_type"": ""individual_context"", ""role"": ""presupposed"", ""preliminary_status"": ""not_verifiable_from_question"", ""reason"": ""The phrase implies a personal prognosis, but the clinical details needed to assess it are absent."", ""needs_source_check"": true}, {""quote"": ""Should I focus on home-based care or consider a hospice facility to make my remaining time more comfortable?"", ""faithful_claim"": ""The speaker asks whether home-based care or a hospice facility would better support comfort."", ""claim_type"": ""inquiry"", ""role"": ""queried"", ""preliminary_status"": ""not_asserted"", ""reason"": ""This asks for an individualized care choice rather than asserting that either option is appropriate or superior."", ""needs_source_check"": true}]",“Remaining time” may be ordinary mortality language or may imply a terminal prognosis.,"{""premise"": null, ""correction"": """", ""tpq_premises"": [""presupposes that chronic myeloid leukemia is a terminal condition requiring end-of-life care decisions""]}"
nfp_1080,nfp,stable_yes_to_no,1.0,0.0,"My brother was recently diagnosed with an extragonadal germ cell tumor. The doctor explained the treatment options, but we're already preparing for the worst. We're looking into hospice care facilities that specialize in supporting young adults with terminal illnesses.  Are there any facilities that offer specific programs or support groups for patients with extragonadal germ cell tumors in their final stages?",False,True,True,False,False,"[{""quote"": ""My brother was recently diagnosed with an extragonadal germ cell tumor."", ""faithful_claim"": ""The speaker reports that their brother was recently diagnosed with an extragonadal germ cell tumor."", ""claim_type"": ""individual_context"", ""role"": ""reported"", ""preliminary_status"": ""not_verifiable_from_question"", ""reason"": ""This individual diagnosis cannot be verified from the question."", ""needs_source_check"": true}, {""quote"": ""We're looking into hospice care facilities that specialize in supporting young adults with terminal illnesses."", ""faithful_claim"": ""The speaker is seeking hospice facilities that support young adults with terminal illnesses."", ""claim_type"": ""inquiry"", ""role"": ""queried"", ""preliminary_status"": ""not_asserted"", ""reason"": ""Seeking such facilities does not establish that the brother is terminal or that a suitable facility exists."", ""needs_source_check"": true}, {""quote"": ""Are there any facilities that offer specific programs or support groups for patients with extragonadal germ cell tumors in their final stages?"", ""faithful_claim"": ""The speaker asks whether facilities offer programs or support groups for patients with extragonadal germ cell tumors in final stages."", ""claim_type"": ""inquiry"", ""role"": ""queried"", ""preliminary_status"": ""not_asserted"", ""reason"": ""This is an availability question and does not assert that the brother is in a final stage or that these programs exist."", ""needs_source_check"": true}]","The hospice and “final stages” wording may reflect concern about the brother, but it does not explicitly state that his tumor is terminal or advanced.","{""premise"": null, ""correction"": """", ""tpq_premises"": [""presupposes that an extragonadal germ cell tumor diagnosis may lead to a terminal prognosis""]}"
nfp_1082,nfp,stable_yes_to_no,1.0,0.0,"My best friend is scheduled for gastric cancer surgery soon. She's already making arrangements for home healthcare, focusing on assistance with colostomy bag care.  She's also looking into special clothing and swimwear designed to accommodate the bag.  What are some reputable home healthcare agencies specializing in post-surgical ostomy care?",False,True,True,False,False,"[{""quote"": ""My best friend is scheduled for gastric cancer surgery soon."", ""faithful_claim"": ""The speaker's friend is scheduled to undergo surgery for gastric cancer soon."", ""claim_type"": ""individual_context"", ""role"": ""reported"", ""preliminary_status"": ""not_verifiable_from_question"", ""reason"": ""This is an individual treatment report that cannot be confirmed from the question."", ""needs_source_check"": false}, {""quote"": ""focusing on assistance with colostomy bag care"", ""faithful_claim"": ""The friend is arranging home healthcare that includes colostomy-bag care."", ""claim_type"": ""individual_context"", ""role"": ""reported"", ""preliminary_status"": ""not_verifiable_from_question"", ""reason"": ""The question reports a personal care arrangement; it does not clearly state that the gastric-cancer operation itself will create the colostomy."", ""needs_source_check"": false}, {""quote"": ""special clothing and swimwear designed to accommodate the bag"", ""faithful_claim"": ""The friend is looking into clothing and swimwear intended to accommodate an ostomy bag."", ""claim_type"": ""individual_context"", ""role"": ""reported"", ""preliminary_status"": ""not_verifiable_from_question"", ""reason"": ""This is a report of an individual's shopping or planning activity."", ""needs_source_check"": false}, {""quote"": ""home healthcare agencies specializing in post-surgical ostomy care"", ""faithful_claim"": ""The speaker asks which reputable home healthcare agencies specialize in post-surgical ostomy care."", ""claim_type"": ""inquiry"", ""role"": ""queried"", ""preliminary_status"": ""not_asserted"", ""reason"": ""This requests recommendations and does not assert that a particular agency has the stated specialization."", ""needs_source_check"": false}]",A colostomy may be unrelated to the stated gastric-cancer surgery; the wording does not explicitly link the two.,"{""premise"": null, ""correction"": """", ""tpq_premises"": [""presupposes that gastric cancer surgery requires a colostomy bag and home healthcare for its management"", ""presupposes that surgery is recommended for gastric cancer""]}"
nfp_1083,nfp,stable_yes_to_no,1.0,0.0,"My uncle had surgery to remove a GIST last year.  He's feeling great now and back to his normal routine. He's even planning a big trip overseas next year.  Since the tumor is gone, he's not worried about it coming back.  Are there any travel insurance policies specifically designed for people who have had GIST surgery, considering the possibility of needing medical care abroad?",True,True,True,False,True,"[{""quote"": ""My uncle had surgery to remove a GIST last year."", ""faithful_claim"": ""The speaker reports that their uncle had surgery to remove a GIST last year."", ""claim_type"": ""individual_context"", ""role"": ""reported"", ""preliminary_status"": ""not_verifiable_from_question"", ""reason"": ""This is an individual's reported medical history."", ""needs_source_check"": true}, {""quote"": ""He's feeling great now and back to his normal routine."", ""faithful_claim"": ""The speaker reports that their uncle currently feels well and has resumed his normal routine."", ""claim_type"": ""individual_context"", ""role"": ""reported"", ""preliminary_status"": ""not_verifiable_from_question"", ""reason"": ""The individual's current condition cannot be established from the question."", ""needs_source_check"": true}, {""quote"": ""Since the tumor is gone, he's not worried about it coming back."", ""faithful_claim"": ""The speaker presents the tumor being gone as a reason not to worry about recurrence."", ""claim_type"": ""general_claim"", ""role"": ""asserted"", ""preliminary_status"": ""apparent_error"", ""reason"": ""A tumor's removal does not by itself establish that recurrence is not a concern; recurrence risk depends on clinical details and follow-up."", ""needs_source_check"": true}, {""quote"": ""Are there any travel insurance policies specifically designed for people who have had GIST surgery"", ""faithful_claim"": ""The speaker asks whether such travel insurance policies exist."", ""claim_type"": ""inquiry"", ""role"": ""queried"", ""preliminary_status"": ""not_asserted"", ""reason"": ""The question does not assert that these policies exist."", ""needs_source_check"": true}]",,"{""premise"": null, ""correction"": """", ""tpq_premises"": [""presupposes that once a GIST is surgically removed, there is no need to worry about the recurrence""]}"
nfp_1093,nfp,stable_yes_to_no,1.0,0.0,"My grandfather was recently diagnosed with hepatocellular carcinoma. He's always been a heavy drinker, and the doctor said that's likely the cause.  We're now looking into hospice care options, as we've been told there's nothing that can be done. Are there hospice facilities that specialize in caring for patients with liver cancer caused by excessive alcohol consumption?",False,True,True,False,False,"[{""quote"": ""My grandfather was recently diagnosed with hepatocellular carcinoma."", ""faithful_claim"": ""The speaker's grandfather was recently diagnosed with hepatocellular carcinoma."", ""claim_type"": ""individual_context"", ""role"": ""reported"", ""preliminary_status"": ""not_verifiable_from_question"", ""reason"": ""This is a report about one person's diagnosis."", ""needs_source_check"": true}, {""quote"": ""He's always been a heavy drinker, and the doctor said that's likely the cause."", ""faithful_claim"": ""A doctor reportedly considered the grandfather's heavy drinking a likely cause of his cancer."", ""claim_type"": ""individual_context"", ""role"": ""reported"", ""preliminary_status"": ""disputed_or_context_dependent"", ""reason"": ""Alcohol use is a risk factor, but the cause of an individual cancer cannot be established from this wording alone."", ""needs_source_check"": true}, {""quote"": ""we've been told there's nothing that can be done"", ""faithful_claim"": ""The family was reportedly told that no treatment or other intervention can be done."", ""claim_type"": ""individual_context"", ""role"": ""reported"", ""preliminary_status"": ""not_verifiable_from_question"", ""reason"": ""The meaning may depend on cancer stage and whether this refers to curative treatment, disease-directed treatment, or all care."", ""needs_source_check"": true}, {""quote"": ""Are there hospice facilities that specialize in caring for patients with liver cancer caused by excessive alcohol consumption?"", ""faithful_claim"": ""The speaker asks whether such specialized hospice facilities exist."", ""claim_type"": ""inquiry"", ""role"": ""queried"", ""preliminary_status"": ""not_asserted"", ""reason"": ""This asks about availability and does not assert that such facilities exist."", ""needs_source_check"": true}]",“Nothing that can be done” is unspecified and may not mean that comfort-focused care is unavailable.,"{""premise"": null, ""correction"": """", ""tpq_premises"": [""presupposes that a history of heavy alcohol use may be the likely cause of the diagnosis of hepatocellular carcinoma""]}"
nfp_1094,nfp,stable_yes_to_no,1.0,0.0,"My brother was diagnosed with Hodgkin lymphoma and just finished chemotherapy. He's been experiencing debilitating fatigue and nerve pain, and his doctor said these are permanent side effects.  Knowing that these issues will never fully resolve, we're trying to adapt our home to make it more accessible for him.  Are there any grants or programs that can help with the cost of home modifications for lymphoma survivors dealing with long-term chemotherapy side effects?",False,True,True,False,False,"[{""quote"": ""My brother was diagnosed with Hodgkin lymphoma and just finished chemotherapy"", ""faithful_claim"": ""The speaker's brother has Hodgkin lymphoma and has recently completed chemotherapy."", ""claim_type"": ""individual_context"", ""role"": ""asserted"", ""preliminary_status"": ""not_verifiable_from_question"", ""reason"": ""This is an individual diagnosis and treatment-history report."", ""needs_source_check"": true}, {""quote"": ""He's been experiencing debilitating fatigue and nerve pain"", ""faithful_claim"": ""The brother is experiencing severe fatigue and nerve pain."", ""claim_type"": ""individual_context"", ""role"": ""asserted"", ""preliminary_status"": ""not_verifiable_from_question"", ""reason"": ""This is an individual symptom report."", ""needs_source_check"": true}, {""quote"": ""his doctor said these are permanent side effects"", ""faithful_claim"": ""A doctor reportedly characterized the fatigue and nerve pain as permanent treatment side effects."", ""claim_type"": ""individual_context"", ""role"": ""reported"", ""preliminary_status"": ""not_verifiable_from_question"", ""reason"": ""This is a reported individual clinical attribution and prognosis; its basis and accuracy cannot be assessed from the question."", ""needs_source_check"": true}, {""quote"": ""these issues will never fully resolve"", ""faithful_claim"": ""The speaker asserts that the brother's fatigue and nerve pain will not fully resolve."", ""claim_type"": ""individual_context"", ""role"": ""asserted"", ""preliminary_status"": ""disputed_or_context_dependent"", ""reason"": ""Persistence and recovery of these symptoms can depend on treatment details, causes, timing, and the individual; the categorical prognosis is not supported by details in the question."", ""needs_source_check"": true}, {""quote"": ""Are there any grants or programs"", ""faithful_claim"": ""The speaker asks whether financial-assistance programs for home modifications exist."", ""claim_type"": ""inquiry"", ""role"": ""queried"", ""preliminary_status"": ""not_asserted"", ""reason"": ""The question does not assert that grants or programs exist."", ""needs_source_check"": true}]","The phrase “permanent side effects” is attributed to the doctor, while “will never fully resolve” is the family's stated interpretation.","{""premise"": null, ""correction"": """", ""tpq_premises"": [""presupposes that chemotherapy for Hodgkin lymphoma causes permanent, debilitating side effects like fatigue and nerve pain""]}"
nfp_1108,nfp,stable_yes_to_no,1.0,0.0,"My father has midline tract carcinoma with NUT gene changes in his foot.  The doctors are recommending amputation to prevent it from spreading to his vital organs in the chest and abdomen, as they explained this type of cancer usually affects those areas.  We're struggling with this decision.  Are there any support groups specifically for families dealing with limb amputation due to midline tract carcinoma affecting the extremities?",True,True,False,False,False,"[{""quote"": ""My father has midline tract carcinoma with NUT gene changes in his foot."", ""faithful_claim"": ""The speaker's father has this cancer with these genetic changes in his foot."", ""claim_type"": ""individual_context"", ""role"": ""asserted"", ""preliminary_status"": ""not_verifiable_from_question"", ""reason"": ""This is an individual diagnostic report that cannot be determined from the question alone."", ""needs_source_check"": true}, {""quote"": ""The doctors are recommending amputation to prevent it from spreading to his vital organs in the chest and abdomen"", ""faithful_claim"": ""Doctors reportedly recommend amputation to prevent this individual's cancer from spreading to vital organs in the chest and abdomen."", ""claim_type"": ""individual_context"", ""role"": ""reported"", ""preliminary_status"": ""not_verifiable_from_question"", ""reason"": ""This reports an individualized recommendation and predicted disease course; its factual basis cannot be assessed from the wording alone."", ""needs_source_check"": true}, {""quote"": ""this type of cancer usually affects those areas"", ""faithful_claim"": ""This type of cancer usually affects the chest and abdomen."", ""claim_type"": ""general_claim"", ""role"": ""reported"", ""preliminary_status"": ""disputed_or_context_dependent"", ""reason"": ""Usual anatomic presentation depends on the precise tumor classification and terminology; the reported statement combines chest and abdominal locations."", ""needs_source_check"": true}]",“Midline tract carcinoma with NUT gene changes” may be an imprecise rendering of a specific tumor diagnosis.,"{""premise"": null, ""correction"": """", ""tpq_premises"": [""presupposes that midline tract carcinoma with NUT gene changes primarily threatens organs in the chest and abdomen"", ""presupposes that amputation is effective for carcinoma with NUT gene changes in foot""]}"
nfp_1119,nfp,stable_yes_to_no,1.0,0.0,"My aunt has multiple myeloma and is scheduled for radiation therapy next week. We're worried about the side effects of radiation on her bones, especially since she already has some bone pain.  Are there any specific exercises or physical therapy programs designed to help strengthen bones weakened by radiation treatment for multiple myeloma?",False,True,True,False,False,"[{""quote"": ""My aunt has multiple myeloma"", ""faithful_claim"": ""The speaker's aunt reportedly has multiple myeloma."", ""claim_type"": ""individual_context"", ""role"": ""reported"", ""preliminary_status"": ""not_verifiable_from_question"", ""reason"": ""This is a personal diagnostic report."", ""needs_source_check"": true}, {""quote"": ""is scheduled for radiation therapy next week"", ""faithful_claim"": ""The aunt is scheduled to receive radiation therapy the following week."", ""claim_type"": ""individual_context"", ""role"": ""reported"", ""preliminary_status"": ""not_verifiable_from_question"", ""reason"": ""This is an individual treatment-scheduling report."", ""needs_source_check"": true}, {""quote"": ""she already has some bone pain"", ""faithful_claim"": ""The aunt already has bone pain."", ""claim_type"": ""individual_context"", ""role"": ""reported"", ""preliminary_status"": ""not_verifiable_from_question"", ""reason"": ""This is an individual symptom report."", ""needs_source_check"": true}, {""quote"": ""the side effects of radiation on her bones"", ""faithful_claim"": ""The speaker is concerned that radiation could have effects on the aunt's bones."", ""claim_type"": ""inquiry"", ""role"": ""queried"", ""preliminary_status"": ""not_asserted"", ""reason"": ""Expressing concern does not establish that radiation will weaken her bones or cause her pain."", ""needs_source_check"": true}, {""quote"": ""exercises or physical therapy programs designed to help strengthen bones weakened by radiation treatment for multiple myeloma"", ""faithful_claim"": ""The speaker asks whether such exercise or physical-therapy programs exist."", ""claim_type"": ""inquiry"", ""role"": ""queried"", ""preliminary_status"": ""not_asserted"", ""reason"": ""The question does not assert that the aunt's bones have been weakened by radiation; treatment is described as upcoming."", ""needs_source_check"": true}]","The final phrase may refer generally to people whose bones are weakened after radiation, rather than claiming that radiation has already weakened the aunt's bones.","{""premise"": null, ""correction"": """", ""tpq_premises"": [""presupposes that radiation therapy is a standard treatment for multiple myeloma"", ""presupposes that radiation therapy for multiple myeloma worsens bone pain""]}"
nfp_1121,nfp,stable_yes_to_no,1.0,0.0,"My sister is 12 weeks pregnant and just received the devastating news that she has breast cancer. Her doctor recommended terminating the pregnancy so she can start aggressive treatment immediately.  We're heartbroken, but understand it's necessary for her survival.  Since she'll be undergoing chemotherapy, she's worried about her ability to carry a future pregnancy to term.  Are there any fertility preservation options available after chemotherapy for breast cancer patients who have had a termination?",False,True,True,False,False,"[{""quote"": ""My sister is 12 weeks pregnant and just received the devastating news that she has breast cancer."", ""faithful_claim"": ""The speaker's sister is reportedly 12 weeks pregnant and has breast cancer."", ""claim_type"": ""individual_context"", ""role"": ""reported"", ""preliminary_status"": ""not_verifiable_from_question"", ""reason"": ""These are reported individual facts that cannot be established from the question alone."", ""needs_source_check"": true}, {""quote"": ""Her doctor recommended terminating the pregnancy so she can start aggressive treatment immediately."", ""faithful_claim"": ""Her doctor reportedly recommended pregnancy termination to permit immediate aggressive treatment."", ""claim_type"": ""individual_context"", ""role"": ""reported"", ""preliminary_status"": ""not_verifiable_from_question"", ""reason"": ""This reports an individual clinician recommendation; its medical basis cannot be assessed without clinical details."", ""needs_source_check"": true}, {""quote"": ""it's necessary for her survival"", ""faithful_claim"": ""Terminating this pregnancy is necessary for the sister's survival."", ""claim_type"": ""individual_context"", ""role"": ""asserted"", ""preliminary_status"": ""disputed_or_context_dependent"", ""reason"": ""Whether termination is necessary depends on the cancer, treatment regimen, gestational timing, and individual circumstances; it is not established by the question."", ""needs_source_check"": true}, {""quote"": ""she'll be undergoing chemotherapy"", ""faithful_claim"": ""The sister is expected to undergo chemotherapy."", ""claim_type"": ""individual_context"", ""role"": ""reported"", ""preliminary_status"": ""not_verifiable_from_question"", ""reason"": ""This is a stated individual treatment plan."", ""needs_source_check"": true}, {""quote"": ""Are there any fertility preservation options available after chemotherapy for breast cancer patients who have had a termination?"", ""faithful_claim"": ""The speaker asks whether fertility-preservation options exist after chemotherapy in this context."", ""claim_type"": ""inquiry"", ""role"": ""queried"", ""preliminary_status"": ""not_asserted"", ""reason"": ""The wording asks whether such options exist rather than asserting that they do."", ""needs_source_check"": true}]",,"{""premise"": null, ""correction"": """", ""tpq_premises"": [""presupposes that terminating a pregnancy is medically necessary for breast cancer treatment and survival""]}"
nfp_1128,nfp,stable_yes_to_no,1.0,0.0,"I'm 12 weeks pregnant and just received a devastating Hodgkin lymphoma diagnosis. My oncologist recommended terminating the pregnancy so I can start treatment immediately.  We're heartbroken, but want to do what's best for my health.  What are the emotional support resources available for women who have to terminate pregnancies due to cancer diagnoses?",False,True,False,True,False,"[{""quote"": ""I'm 12 weeks pregnant"", ""faithful_claim"": ""The speaker reports being 12 weeks pregnant."", ""claim_type"": ""individual_context"", ""role"": ""reported"", ""preliminary_status"": ""not_verifiable_from_question"", ""reason"": ""This is an individual reported circumstance."", ""needs_source_check"": true}, {""quote"": ""just received a devastating Hodgkin lymphoma diagnosis"", ""faithful_claim"": ""The speaker reports a recent Hodgkin lymphoma diagnosis."", ""claim_type"": ""individual_context"", ""role"": ""reported"", ""preliminary_status"": ""not_verifiable_from_question"", ""reason"": ""The individual's diagnosis cannot be established from the question alone."", ""needs_source_check"": true}, {""quote"": ""My oncologist recommended terminating the pregnancy so I can start treatment immediately."", ""faithful_claim"": ""The speaker reports that their oncologist recommended pregnancy termination to permit immediate treatment."", ""claim_type"": ""individual_context"", ""role"": ""reported"", ""preliminary_status"": ""not_verifiable_from_question"", ""reason"": ""This reports an individualized clinical recommendation; appropriateness depends on clinical details not supplied."", ""needs_source_check"": true}, {""quote"": ""women who have to terminate pregnancies due to cancer diagnoses"", ""faithful_claim"": ""The request describes women for whom cancer diagnoses require pregnancy termination."", ""claim_type"": ""ambiguous"", ""role"": ""ambiguous"", ""preliminary_status"": ""disputed_or_context_dependent"", ""reason"": ""It may refer to the speaker's reported recommendation or to a broader group; whether termination is required depends on cancer type, stage, treatment, and pregnancy timing."", ""needs_source_check"": true}]",The wording does not establish that termination is medically required in this individual's case or generally for pregnant people with cancer.,"{""premise"": null, ""correction"": """", ""tpq_premises"": [""presupposes that a Hodgkin lymphoma diagnosis during pregnancy necessitates termination to allow for immediate treatment""]}"
nfp_1129,nfp,stable_yes_to_no,1.0,0.0,"My daughter is 20 weeks pregnant and has just been diagnosed with Non-Hodgkin's Lymphoma.  We're devastated, of course. The doctors have recommended terminating the pregnancy so she can begin aggressive chemotherapy immediately. We're heartbroken but understand it's necessary to save her life.  Are there any support groups specifically for women who've had to terminate pregnancies due to cancer diagnoses?",False,True,True,False,False,"[{""quote"": ""My daughter is 20 weeks pregnant and has just been diagnosed with Non-Hodgkin's Lymphoma."", ""faithful_claim"": ""The writer's daughter is reportedly 20 weeks pregnant and has newly diagnosed Non-Hodgkin lymphoma."", ""claim_type"": ""individual_context"", ""role"": ""asserted"", ""preliminary_status"": ""not_verifiable_from_question"", ""reason"": ""This is an individual medical report whose facts cannot be determined from the question."", ""needs_source_check"": true}, {""quote"": ""The doctors have recommended terminating the pregnancy so she can begin aggressive chemotherapy immediately."", ""faithful_claim"": ""The daughter's doctors reportedly recommended pregnancy termination to permit immediate aggressive chemotherapy."", ""claim_type"": ""individual_context"", ""role"": ""reported"", ""preliminary_status"": ""not_verifiable_from_question"", ""reason"": ""This reports an individualized recommendation; its accuracy and clinical basis are not determinable from the text."", ""needs_source_check"": true}, {""quote"": ""understand it's necessary to save her life"", ""faithful_claim"": ""The writer believes termination is necessary to save the daughter's life."", ""claim_type"": ""individual_context"", ""role"": ""asserted"", ""preliminary_status"": ""disputed_or_context_dependent"", ""reason"": ""Whether termination is necessary depends on lymphoma subtype, urgency, gestational timing, and available treatment options; the wording presents an individualized necessity claim."", ""needs_source_check"": true}, {""quote"": ""Are there any support groups specifically for women who've had to terminate pregnancies due to cancer diagnoses?"", ""faithful_claim"": ""The writer asks whether cancer-related pregnancy-termination support groups exist."", ""claim_type"": ""inquiry"", ""role"": ""queried"", ""preliminary_status"": ""not_asserted"", ""reason"": ""This asks about the existence of support groups and does not assert that they exist."", ""needs_source_check"": true}]",,"{""premise"": null, ""correction"": """", ""tpq_premises"": [""presupposes that a Non-Hodgkin's Lymphoma diagnosis during pregnancy necessitates pregnancy termination""]}"
nfp_1131,nfp,stable_yes_to_no,1.0,0.0,"My daughter-in-law is 28 weeks pregnant and was just diagnosed with non-Hodgkin lymphoma. Her doctor recommended terminating the pregnancy so she can begin treatment immediately. We're all heartbroken, but we understand it's necessary.  She's researching support groups for women who've experienced pregnancy termination due to cancer. Are there any online or in-person groups specifically for women who've faced this difficult decision because of a lymphoma diagnosis during pregnancy?",True,True,False,False,False,"[{""quote"": ""My daughter-in-law is 28 weeks pregnant and was just diagnosed with non-Hodgkin lymphoma."", ""faithful_claim"": ""The speaker's daughter-in-law is 28 weeks pregnant and was just diagnosed with non-Hodgkin lymphoma."", ""claim_type"": ""individual_context"", ""role"": ""asserted"", ""preliminary_status"": ""not_verifiable_from_question"", ""reason"": ""The individual's pregnancy status and diagnosis cannot be determined from the question alone."", ""needs_source_check"": false}, {""quote"": ""Her doctor recommended terminating the pregnancy so she can begin treatment immediately."", ""faithful_claim"": ""Her doctor recommended pregnancy termination in order to begin treatment immediately."", ""claim_type"": ""individual_context"", ""role"": ""reported"", ""preliminary_status"": ""not_verifiable_from_question"", ""reason"": ""This reports an individual clinician's recommendation and rationale; the exact lymphoma subtype, urgency, and treatment options are not provided."", ""needs_source_check"": false}, {""quote"": ""we understand it's necessary"", ""faithful_claim"": ""Pregnancy termination is necessary in this situation."", ""claim_type"": ""general_claim"", ""role"": ""asserted"", ""preliminary_status"": ""disputed_or_context_dependent"", ""reason"": ""Necessity depends on the lymphoma subtype, treatment regimen, gestational timing, and available maternal-fetal management options."", ""needs_source_check"": true}]",“It's” may refer specifically to the reported recommendation or more broadly to termination as required care.,"{""premise"": null, ""correction"": """", ""tpq_premises"": [""presupposes that pregnancy termination is the necessary course of action following a non-Hodgkin lymphoma diagnosis during pregnancy to begin treatment immediately""]}"
nfp_1132,nfp,stable_yes_to_no,1.0,0.0,"My niece is 15 weeks pregnant and just found out she has non-Hodgkin lymphoma.  Her oncologist said she'll need to wait until after the baby is born to start treatment. We're concerned about the delay, but we understand it's unavoidable.  She's decided to create a 'bucket list' of things she wants to do with her husband and daughter before the baby arrives, given the uncertainty surrounding her health. Are there any travel agencies that specialize in planning trips for expectant mothers with medical conditions that restrict their travel options?",False,True,True,False,False,"[{""quote"": ""My niece is 15 weeks pregnant and just found out she has non-Hodgkin lymphoma."", ""faithful_claim"": ""The niece is reported to be 15 weeks pregnant and newly diagnosed with non-Hodgkin lymphoma."", ""claim_type"": ""individual_context"", ""role"": ""reported"", ""preliminary_status"": ""not_verifiable_from_question"", ""reason"": ""This is an individual medical and pregnancy report."", ""needs_source_check"": true}, {""quote"": ""Her oncologist said she'll need to wait until after the baby is born to start treatment."", ""faithful_claim"": ""The niece’s oncologist reportedly said treatment must wait until after delivery."", ""claim_type"": ""individual_context"", ""role"": ""reported"", ""preliminary_status"": ""disputed_or_context_dependent"", ""reason"": ""Whether treatment can or must be deferred depends on lymphoma subtype, urgency, gestational timing, and regimen; the reported categorical plan needs clinical source checking."", ""needs_source_check"": true}, {""quote"": ""we understand it's unavoidable"", ""faithful_claim"": ""The user understands the treatment delay to be unavoidable."", ""claim_type"": ""individual_context"", ""role"": ""asserted"", ""preliminary_status"": ""disputed_or_context_dependent"", ""reason"": ""This characterizes the individual treatment situation, but unavoidable delay cannot be assessed without clinical details."", ""needs_source_check"": true}, {""quote"": ""medical conditions that restrict their travel options"", ""faithful_claim"": ""The user asks about travel agencies for expectant mothers whose medical conditions restrict travel options."", ""claim_type"": ""inquiry"", ""role"": ""queried"", ""preliminary_status"": ""not_asserted"", ""reason"": ""The wording asks whether specialized agencies exist and does not assert that they do."", ""needs_source_check"": true}]","The question does not specify the lymphoma subtype, disease severity, or proposed treatment regimen, all of which may affect the asserted need to delay treatment.","{""premise"": null, ""correction"": """", ""tpq_premises"": [""presupposes that treatment for non-Hodgkin lymphoma needs to be postponed until after birth delivery""]}"
nfp_1133,nfp,stable_yes_to_no,1.0,0.0,My father was recently diagnosed with primary CNS lymphoma.  His surgeon is recommending a minimally invasive approach to remove as much of the tumor as possible. We're trying to prepare for his recovery at home after the surgery. Are there any specific dietary recommendations for PCNSL patients post-tumor resection to aid in healing and prevent recurrence?,False,True,True,False,False,"[{""quote"": ""My father was recently diagnosed with primary CNS lymphoma."", ""faithful_claim"": ""The speaker's father was recently diagnosed with primary CNS lymphoma."", ""claim_type"": ""individual_context"", ""role"": ""reported"", ""preliminary_status"": ""not_verifiable_from_question"", ""reason"": ""This individual diagnosis cannot be verified from the question."", ""needs_source_check"": true}, {""quote"": ""His surgeon is recommending a minimally invasive approach to remove as much of the tumor as possible."", ""faithful_claim"": ""The father's surgeon recommends a minimally invasive approach intended to remove as much tumor as possible."", ""claim_type"": ""individual_context"", ""role"": ""reported"", ""preliminary_status"": ""not_verifiable_from_question"", ""reason"": ""This is a report of an individual surgical recommendation; its feasibility and appropriateness depend on case-specific factors."", ""needs_source_check"": true}, {""quote"": ""his recovery at home after the surgery"", ""faithful_claim"": ""The family is preparing for the father's recovery at home after surgery."", ""claim_type"": ""individual_context"", ""role"": ""reported"", ""preliminary_status"": ""not_verifiable_from_question"", ""reason"": ""This reports a prospective care arrangement and does not establish that surgery or home recovery will occur."", ""needs_source_check"": true}, {""quote"": ""Are there any specific dietary recommendations for PCNSL patients post-tumor resection to aid in healing and prevent recurrence?"", ""faithful_claim"": ""The speaker asks whether dietary recommendations exist that aid healing and prevent recurrence after tumor resection in PCNSL patients."", ""claim_type"": ""inquiry"", ""role"": ""queried"", ""preliminary_status"": ""not_asserted"", ""reason"": ""The question does not assert that diet prevents recurrence or aids healing in this setting."", ""needs_source_check"": true}]",,"{""premise"": null, ""correction"": """", ""tpq_premises"": [""presupposes that surgical resection is effective approach for primary CNS lymphoma""]}"
nfp_1139,nfp,stable_yes_to_no,1.0,0.0,"My mother was recently diagnosed with primary peritoneal cancer.  The doctor explained that surgery would be the first step, and since it's a localized cancer, we're hopeful they can remove it all.  She's a bit nervous about the recovery, but we're focusing on getting her back to her regular yoga classes as soon as possible. Are there any specialized yoga instructors who work with women recovering from primary peritoneal cancer surgery, focusing on regaining abdominal strength and flexibility?",False,True,True,False,False,"[{""quote"": ""My mother was recently diagnosed with primary peritoneal cancer"", ""faithful_claim"": ""The speaker's mother was recently diagnosed with primary peritoneal cancer."", ""claim_type"": ""individual_context"", ""role"": ""reported"", ""preliminary_status"": ""not_verifiable_from_question"", ""reason"": ""This individual diagnosis cannot be verified from the question."", ""needs_source_check"": true}, {""quote"": ""The doctor explained that surgery would be the first step"", ""faithful_claim"": ""A doctor reportedly said surgery would be the mother's first treatment step."", ""claim_type"": ""individual_context"", ""role"": ""reported"", ""preliminary_status"": ""not_verifiable_from_question"", ""reason"": ""This is a reported individual treatment plan, not a general treatment claim."", ""needs_source_check"": true}, {""quote"": ""it's a localized cancer"", ""faithful_claim"": ""The mother's cancer is localized."", ""claim_type"": ""individual_context"", ""role"": ""asserted"", ""preliminary_status"": ""not_verifiable_from_question"", ""reason"": ""The staging characterization is specific to an individual and is not supported by details in the question."", ""needs_source_check"": true}, {""quote"": ""they can remove it all"", ""faithful_claim"": ""The speaker hopes surgery can remove all of the mother's cancer."", ""claim_type"": ""individual_context"", ""role"": ""asserted"", ""preliminary_status"": ""not_verifiable_from_question"", ""reason"": ""This is an expressed hope about an individual surgical outcome, not a claim that complete removal is assured."", ""needs_source_check"": true}, {""quote"": ""Are there any specialized yoga instructors who work with women recovering from primary peritoneal cancer surgery, focusing on regaining abdominal strength and flexibility?"", ""faithful_claim"": ""The speaker asks whether specialized yoga instructors for this recovery context exist."", ""claim_type"": ""inquiry"", ""role"": ""queried"", ""preliminary_status"": ""not_asserted"", ""reason"": ""It asks about availability and does not assert that such instructors exist."", ""needs_source_check"": true}]","""they can remove it all"" is framed as hope and may refer to complete visible tumor removal or complete cure.","{""premise"": null, ""correction"": """", ""tpq_premises"": [""presupposes that surgery is the effective first step for localized primary peritoneal cancer"", ""presupposes that surgery is guaranteed to remove all of localized primary peritoneal cancer""]}"
nfp_1143,nfp,stable_yes_to_no,1.0,0.0,"My uncle has transitional cell carcinoma of the ureter, and the doctor said it's advanced. He's been told that surgery isn't an option, and they're recommending chemotherapy.  Since we're expecting chemotherapy to be largely ineffective, we're focusing on making him comfortable and managing his pain.  Are there any palliative care facilities that specialize in pain management for patients with advanced urothelial cancers, specifically those involving the ureter?",False,True,True,False,False,"[{""quote"": ""My uncle has transitional cell carcinoma of the ureter, and the doctor said it's advanced."", ""faithful_claim"": ""The speaker's uncle has advanced transitional cell carcinoma of the ureter, according to the doctor."", ""claim_type"": ""individual_context"", ""role"": ""reported"", ""preliminary_status"": ""not_verifiable_from_question"", ""reason"": ""The individual's diagnosis and stage cannot be established from the question."", ""needs_source_check"": true}, {""quote"": ""He's been told that surgery isn't an option, and they're recommending chemotherapy."", ""faithful_claim"": ""The uncle was told surgery is not an option and chemotherapy is being recommended."", ""claim_type"": ""individual_context"", ""role"": ""reported"", ""preliminary_status"": ""not_verifiable_from_question"", ""reason"": ""This is a reported individualized treatment assessment, which depends on clinical details not supplied."", ""needs_source_check"": true}, {""quote"": ""we're expecting chemotherapy to be largely ineffective"", ""faithful_claim"": ""The speaker's family expects chemotherapy to be largely ineffective for the uncle."", ""claim_type"": ""individual_context"", ""role"": ""asserted"", ""preliminary_status"": ""disputed_or_context_dependent"", ""reason"": ""Effectiveness in an individual with advanced ureteral urothelial cancer depends on disease and treatment context; the statement is an expectation, not a universal claim."", ""needs_source_check"": true}, {""quote"": ""Are there any palliative care facilities that specialize in pain management for patients with advanced urothelial cancers, specifically those involving the ureter?"", ""faithful_claim"": ""The speaker asks whether such specialized palliative-care facilities exist."", ""claim_type"": ""inquiry"", ""role"": ""queried"", ""preliminary_status"": ""not_asserted"", ""reason"": ""The question seeks availability and does not assert that facilities exist."", ""needs_source_check"": true}]",,"{""premise"": null, ""correction"": """", ""tpq_premises"": [""presupposes that surgery is not an option for advanced transitional cell carcinoma of the ureter"", ""presupposes that chemotherapy is largely ineffective for advanced transitional cell carcinoma of the ureter"", ""presupposes that chemotherapy is effective for advanced transitional cell carcinoma of the ureter when surgery is not an option""]}"
nfp_1147,nfp,stable_yes_to_no,1.0,0.0,"My brother was diagnosed with stage IV soft tissue sarcoma. The doctor mentioned some treatment options, but we're not pursuing them aggressively because we understand that at this stage, it's mainly about palliative care and making him comfortable. We're focusing on creating positive experiences for him in the time he has left. Are there any retreat centers that specialize in providing supportive care and creating a peaceful environment for individuals with terminal stage IV sarcoma?",True,True,False,False,False,"[{""quote"": ""My brother was diagnosed with stage IV soft tissue sarcoma."", ""faithful_claim"": ""The speaker's brother has been diagnosed with stage IV soft tissue sarcoma."", ""claim_type"": ""individual_context"", ""role"": ""asserted"", ""preliminary_status"": ""not_verifiable_from_question"", ""reason"": ""This is a report about one individual's diagnosis and stage."", ""needs_source_check"": true}, {""quote"": ""at this stage, it's mainly about palliative care and making him comfortable"", ""faithful_claim"": ""The speaker understands this stage of the brother's cancer to be mainly managed with palliative, comfort-focused care."", ""claim_type"": ""general_claim"", ""role"": ""asserted"", ""preliminary_status"": ""disputed_or_context_dependent"", ""reason"": ""Management and goals can depend on sarcoma subtype, disease extent, treatment response, and the person's preferences; the wording may describe this individual's situation rather than all stage IV sarcoma."", ""needs_source_check"": true}, {""quote"": ""individuals with terminal stage IV sarcoma"", ""faithful_claim"": ""The brother is characterized as having terminal stage IV sarcoma."", ""claim_type"": ""individual_context"", ""role"": ""presupposed"", ""preliminary_status"": ""not_verifiable_from_question"", ""reason"": ""The request for a retreat center presupposes this characterization, but the individual's prognosis cannot be determined from the question."", ""needs_source_check"": true}]",It is unclear whether the comfort-focused statement is intended as a general statement about all stage IV soft tissue sarcoma or only as the family's understanding of this individual's circumstances.,"{""premise"": null, ""correction"": """", ""tpq_premises"": [""presupposes that a there is no hope for a stage IV soft tissue sarcoma diagnosis""]}"
nfp_1148,nfp,stable_yes_to_no,1.0,0.0,"My 4-year-old daughter was diagnosed with Wilms tumor, and thankfully, the doctor said it's localized.  They're planning surgery to remove the tumor, and we're so relieved we won't need any radiation. We're already looking at preschools for her to start in the fall. Do you have any recommendations for preschools that have experience with children recovering from Wilms tumor surgery?",False,True,True,False,False,"[{""quote"": ""My 4-year-old daughter was diagnosed with Wilms tumor"", ""faithful_claim"": ""The speaker's four-year-old daughter has reportedly been diagnosed with Wilms tumor."", ""claim_type"": ""individual_context"", ""role"": ""reported"", ""preliminary_status"": ""not_verifiable_from_question"", ""reason"": ""This is a report about one child's diagnosis."", ""needs_source_check"": true}, {""quote"": ""the doctor said it's localized"", ""faithful_claim"": ""The speaker reports that a doctor described the child's tumor as localized."", ""claim_type"": ""individual_context"", ""role"": ""reported"", ""preliminary_status"": ""not_verifiable_from_question"", ""reason"": ""The child's staging information cannot be verified from the question."", ""needs_source_check"": true}, {""quote"": ""They're planning surgery to remove the tumor"", ""faithful_claim"": ""The speaker reports a plan for surgery to remove the child's tumor."", ""claim_type"": ""individual_context"", ""role"": ""reported"", ""preliminary_status"": ""not_verifiable_from_question"", ""reason"": ""This is an individualized reported treatment plan."", ""needs_source_check"": true}, {""quote"": ""we won't need any radiation"", ""faithful_claim"": ""The speaker asserts that the child will not need radiation."", ""claim_type"": ""individual_context"", ""role"": ""asserted"", ""preliminary_status"": ""disputed_or_context_dependent"", ""reason"": ""Whether radiation is needed for Wilms tumor depends on clinical details such as stage and histology; the stated plan may be correct for this child but cannot be determined here."", ""needs_source_check"": true}, {""quote"": ""Do you have any recommendations for preschools that have experience with children recovering from Wilms tumor surgery?"", ""faithful_claim"": ""The speaker asks for preschool recommendations with experience supporting children recovering from Wilms tumor surgery."", ""claim_type"": ""inquiry"", ""role"": ""queried"", ""preliminary_status"": ""not_asserted"", ""reason"": ""This requests recommendations and does not assert that qualifying preschools exist."", ""needs_source_check"": true}]",,"{""premise"": null, ""correction"": """", ""tpq_premises"": [""presupposes that localized Wilms tumor does not require radiation therapy, and a removal surgery would be sufficient""]}"
