model,method,id,dataset,well_transition,plain_score,alternative_score,plain_target,alternative_target,plain_stance,alternative_stance,plain_flags,alternative_flags,disagreement178,nfp_loss121
qwen25,premise_review,fpq_0,fpq,0->1,2,4,corrects_target,corrects_target,challenge,challenge,,,True,False
qwen25,premise_review,fpq_10,fpq,0->0,1,2,endorses_target_error,corrects_target,none,qualification,context_shift,context_shift,False,False
qwen25,premise_review,fpq_100,fpq,0->0,1,1,endorses_target_error,endorses_target_error,none,none,,,False,False
qwen25,premise_review,fpq_101,fpq,0->0,1,1,misses_target,misses_target,none,none,,,False,False
qwen25,premise_review,fpq_102,fpq,0->0,1,1,related_without_correction,corrects_target,qualification,challenge,,,False,False
qwen25,premise_review,fpq_103,fpq,0->0,1,1,endorses_target_error,endorses_target_error,none,none,,,False,False
qwen25,premise_review,fpq_105,fpq,0->0,1,1,misses_target,misses_target,none,none,,,False,False
qwen25,premise_review,fpq_106,fpq,0->0,1,1,misses_target,misses_target,none,none,,,False,False
qwen25,premise_review,fpq_107,fpq,0->0,1,1,misses_target,related_without_correction,none,qualification,,,False,False
qwen25,premise_review,fpq_108,fpq,0->0,1,2,endorses_target_error,corrects_target,none,qualification,,context_shift,False,False
qwen25,premise_review,fpq_109,fpq,0->0,1,1,misses_target,misses_target,none,none,,,False,False
qwen25,premise_review,fpq_11,fpq,0->1,1,5,endorses_target_error,corrects_target,none,challenge,,,False,False
qwen25,premise_review,fpq_110,fpq,0->0,1,1,misses_target,misses_target,none,none,,,False,False
qwen25,premise_review,fpq_111,fpq,0->0,1,1,endorses_target_error,endorses_target_error,none,none,,scope_strengthening,False,False
qwen25,premise_review,fpq_112,fpq,0->0,1,1,misses_target,misses_target,none,none,,,False,False
qwen25,premise_review,fpq_113,fpq,0->0,1,1,endorses_target_error,endorses_target_error,none,none,,,False,False
qwen25,premise_review,fpq_114,fpq,0->0,1,1,misses_target,endorses_target_error,none,none,,,False,False
qwen25,premise_review,fpq_115,fpq,0->0,1,1,misses_target,related_without_correction,none,qualification,,,False,False
qwen25,premise_review,fpq_116,fpq,0->0,1,1,misses_target,endorses_target_error,none,none,,,False,False
qwen25,premise_review,fpq_12,fpq,0->0,1,1,endorses_target_error,related_without_correction,none,qualification,,personal_context_reopened,False,False
qwen25,premise_review,fpq_120,fpq,0->0,1,1,endorses_target_error,endorses_target_error,none,none,,,False,False
qwen25,premise_review,fpq_121,fpq,0->0,1,1,misses_target,corrects_target,none,qualification,,,False,False
qwen25,premise_review,fpq_122,fpq,0->0,1,1,misses_target,misses_target,none,none,,,False,False
qwen25,premise_review,fpq_123,fpq,0->0,1,1,misses_target,misses_target,none,none,,,False,False
qwen25,premise_review,fpq_124,fpq,1->0,4,2,corrects_target,corrects_target,qualification,challenge,,,False,False
qwen25,premise_review,fpq_125,fpq,0->0,1,1,endorses_target_error,related_without_correction,qualification,qualification,,,False,False
qwen25,premise_review,fpq_126,fpq,0->0,1,1,endorses_target_error,endorses_target_error,none,none,,scope_strengthening,False,False
qwen25,premise_review,fpq_127,fpq,0->0,1,1,endorses_target_error,endorses_target_error,qualification,none,personal_context_reopened,,False,False
qwen25,premise_review,fpq_128,fpq,0->0,1,1,misses_target,related_without_correction,none,qualification,,personal_context_reopened,False,False
qwen25,premise_review,fpq_129,fpq,0->0,1,1,misses_target,endorses_target_error,none,none,,,False,False
qwen25,premise_review,fpq_13,fpq,0->0,1,1,endorses_target_error,misses_target,none,none,,,False,False
qwen25,premise_review,fpq_130,fpq,0->0,1,1,misses_target,related_without_correction,none,none,,,False,False
qwen25,premise_review,fpq_131,fpq,0->0,1,1,misses_target,endorses_target_error,none,none,,,False,False
qwen25,premise_review,fpq_133,fpq,0->1,1,4,endorses_target_error,corrects_target,none,challenge,,,False,False
qwen25,premise_review,fpq_134,fpq,0->0,1,1,misses_target,misses_target,none,none,,,False,False
qwen25,premise_review,fpq_135,fpq,0->0,1,1,misses_target,endorses_target_error,none,none,,,False,False
qwen25,premise_review,fpq_136,fpq,0->1,2,5,corrects_target,corrects_target,qualification,challenge,,,True,False
qwen25,premise_review,fpq_137,fpq,0->0,1,1,misses_target,endorses_target_error,none,none,,,False,False
qwen25,premise_review,fpq_138,fpq,0->0,1,1,misses_target,misses_target,none,none,,,False,False
qwen25,premise_review,fpq_139,fpq,0->0,1,1,related_without_correction,misses_target,qualification,challenge,,,False,False
qwen25,premise_review,fpq_14,fpq,0->0,1,1,endorses_target_error,misses_target,none,none,,,False,False
qwen25,premise_review,fpq_140,fpq,0->0,1,1,endorses_target_error,endorses_target_error,none,none,,,False,False
qwen25,premise_review,fpq_141,fpq,0->0,1,2,misses_target,related_without_correction,none,qualification,,,False,False
qwen25,premise_review,fpq_142,fpq,0->0,2,1,corrects_target,related_without_correction,challenge,qualification,personal_context_reopened,context_shift,False,False
qwen25,premise_review,fpq_143,fpq,0->0,1,1,endorses_target_error,endorses_target_error,none,none,scope_strengthening,scope_strengthening,False,False
qwen25,premise_review,fpq_144,fpq,0->0,1,1,endorses_target_error,related_without_correction,qualification,qualification,,,False,False
qwen25,premise_review,fpq_145,fpq,0->0,1,1,misses_target,endorses_target_error,none,none,,,False,False
qwen25,premise_review,fpq_146,fpq,0->0,1,1,misses_target,misses_target,none,none,,,False,False
qwen25,premise_review,fpq_147,fpq,0->0,1,2,misses_target,corrects_target,none,qualification,,,False,False
qwen25,premise_review,fpq_148,fpq,0->0,1,1,misses_target,misses_target,none,none,,,False,False
qwen25,premise_review,fpq_149,fpq,0->0,1,1,related_without_correction,related_without_correction,qualification,none,,,False,False
qwen25,premise_review,fpq_15,fpq,0->0,1,1,misses_target,related_without_correction,none,none,,,False,False
qwen25,premise_review,fpq_152,fpq,0->0,1,1,endorses_target_error,endorses_target_error,none,none,,,False,False
qwen25,premise_review,fpq_153,fpq,0->0,1,1,misses_target,misses_target,none,none,,,False,False
qwen25,premise_review,fpq_155,fpq,0->0,1,1,related_without_correction,related_without_correction,none,qualification,,,False,False
qwen25,premise_review,fpq_156,fpq,0->1,2,4,corrects_target,corrects_target,qualification,challenge,,,True,False
qwen25,premise_review,fpq_157,fpq,0->0,1,2,endorses_target_error,corrects_target,none,qualification,,,False,False
qwen25,premise_review,fpq_158,fpq,0->0,1,1,endorses_target_error,endorses_target_error,none,none,scope_strengthening,,False,False
qwen25,premise_review,fpq_159,fpq,0->0,1,1,misses_target,misses_target,none,none,,,False,False
qwen25,premise_review,fpq_16,fpq,0->0,1,1,misses_target,endorses_target_error,none,none,,,False,False
qwen25,premise_review,fpq_160,fpq,0->0,1,1,endorses_target_error,endorses_target_error,none,none,,,False,False
qwen25,premise_review,fpq_163,fpq,0->0,1,1,related_without_correction,misses_target,qualification,none,scope_strengthening,,False,False
qwen25,premise_review,fpq_164,fpq,0->0,1,1,misses_target,endorses_target_error,none,none,,,False,False
qwen25,premise_review,fpq_165,fpq,0->0,1,1,endorses_target_error,misses_target,none,none,,,False,False
qwen25,premise_review,fpq_166,fpq,0->0,1,1,endorses_target_error,endorses_target_error,none,none,,request_to_assertion,False,False
qwen25,premise_review,fpq_167,fpq,0->0,1,1,misses_target,misses_target,none,none,,,False,False
qwen25,premise_review,fpq_168,fpq,0->0,1,1,misses_target,endorses_target_error,none,none,,,False,False
qwen25,premise_review,fpq_169,fpq,0->0,1,1,endorses_target_error,related_without_correction,none,none,,,False,False
qwen25,premise_review,fpq_17,fpq,0->0,1,1,endorses_target_error,endorses_target_error,none,none,,,False,False
qwen25,premise_review,fpq_170,fpq,0->0,1,2,related_without_correction,related_without_correction,qualification,qualification,scope_strengthening,personal_context_reopened,False,False
qwen25,premise_review,fpq_173,fpq,0->0,1,1,related_without_correction,related_without_correction,qualification,qualification,,context_shift,False,False
qwen25,premise_review,fpq_174,fpq,0->0,1,1,endorses_target_error,endorses_target_error,none,none,,,False,False
qwen25,premise_review,fpq_175,fpq,0->0,1,1,related_without_correction,misses_target,none,none,,,False,False
qwen25,premise_review,fpq_176,fpq,0->0,1,1,endorses_target_error,endorses_target_error,qualification,none,,scope_strengthening,False,False
qwen25,premise_review,fpq_177,fpq,0->0,1,1,endorses_target_error,misses_target,none,none,,,False,False
qwen25,premise_review,fpq_178,fpq,0->0,1,1,misses_target,misses_target,none,none,,,False,False
qwen25,premise_review,fpq_179,fpq,0->0,1,1,endorses_target_error,misses_target,none,none,,,False,False
qwen25,premise_review,fpq_18,fpq,0->0,1,1,related_without_correction,misses_target,qualification,none,,,False,False
qwen25,premise_review,fpq_180,fpq,0->0,1,1,related_without_correction,misses_target,qualification,none,,,False,False
qwen25,premise_review,fpq_181,fpq,0->0,1,1,related_without_correction,related_without_correction,qualification,none,,,False,False
qwen25,premise_review,fpq_182,fpq,0->0,1,1,endorses_target_error,misses_target,none,none,,,False,False
qwen25,premise_review,fpq_184,fpq,0->0,1,1,endorses_target_error,endorses_target_error,none,none,,,False,False
qwen25,premise_review,fpq_185,fpq,0->0,1,1,misses_target,endorses_target_error,none,none,,,False,False
qwen25,premise_review,fpq_186,fpq,0->0,1,1,endorses_target_error,misses_target,none,none,,,False,False
qwen25,premise_review,fpq_188,fpq,0->0,1,1,endorses_target_error,endorses_target_error,qualification,none,,,False,False
qwen25,premise_review,fpq_189,fpq,0->0,1,1,misses_target,endorses_target_error,none,none,,,False,False
qwen25,premise_review,fpq_19,fpq,0->0,2,1,related_without_correction,misses_target,qualification,none,,,False,False
qwen25,premise_review,fpq_190,fpq,0->0,1,1,misses_target,related_without_correction,none,qualification,,personal_context_reopened,False,False
qwen25,premise_review,fpq_191,fpq,0->0,1,1,endorses_target_error,misses_target,none,none,,,False,False
qwen25,premise_review,fpq_192,fpq,0->0,1,1,endorses_target_error,endorses_target_error,none,none,,,False,False
qwen25,premise_review,fpq_193,fpq,0->0,1,2,related_without_correction,corrects_target,qualification,challenge,context_shift,,False,False
qwen25,premise_review,fpq_194,fpq,0->0,1,1,misses_target,misses_target,none,none,,,False,False
qwen25,premise_review,fpq_195,fpq,0->0,1,1,endorses_target_error,related_without_correction,none,none,,,False,False
qwen25,premise_review,fpq_196,fpq,0->0,1,3,endorses_target_error,corrects_target,none,challenge,,,False,False
qwen25,premise_review,fpq_197,fpq,0->0,1,2,endorses_target_error,endorses_target_error,none,qualification,,scope_strengthening,False,False
qwen25,premise_review,fpq_198,fpq,0->1,1,5,endorses_target_error,corrects_target,none,challenge,,,False,False
qwen25,premise_review,fpq_2,fpq,0->0,2,1,corrects_target,misses_target,challenge,none,,context_shift,False,False
qwen25,premise_review,fpq_20,fpq,0->0,2,2,corrects_target,corrects_target,qualification,qualification,,,False,False
qwen25,premise_review,fpq_200,fpq,0->0,1,1,misses_target,endorses_target_error,none,none,,,False,False
qwen25,premise_review,fpq_201,fpq,0->0,1,1,endorses_target_error,endorses_target_error,none,none,,scope_strengthening,False,False
qwen25,premise_review,fpq_202,fpq,0->0,2,1,related_without_correction,endorses_target_error,qualification,none,scope_strengthening,,False,False
qwen25,premise_review,fpq_204,fpq,0->0,1,1,endorses_target_error,endorses_target_error,none,qualification,,,False,False
qwen25,premise_review,fpq_205,fpq,0->0,1,1,endorses_target_error,endorses_target_error,none,none,,,False,False
qwen25,premise_review,fpq_206,fpq,0->0,1,2,endorses_target_error,corrects_target,none,qualification,scope_strengthening,,False,False
qwen25,premise_review,fpq_207,fpq,0->0,1,1,related_without_correction,related_without_correction,none,none,,,False,False
qwen25,premise_review,fpq_208,fpq,0->0,1,1,related_without_correction,related_without_correction,qualification,none,,,False,False
qwen25,premise_review,fpq_21,fpq,0->1,1,4,endorses_target_error,corrects_target,none,challenge,scope_strengthening,,False,False
qwen25,premise_review,fpq_216,fpq,0->0,1,1,misses_target,related_without_correction,none,none,,,False,False
qwen25,premise_review,fpq_217,fpq,0->0,1,1,endorses_target_error,endorses_target_error,none,none,,,False,False
qwen25,premise_review,fpq_218,fpq,0->0,1,1,misses_target,endorses_target_error,none,none,,,False,False
qwen25,premise_review,fpq_219,fpq,0->0,1,1,misses_target,endorses_target_error,none,none,,,False,False
qwen25,premise_review,fpq_22,fpq,1->1,4,4,corrects_target,corrects_target,qualification,challenge,,,False,False
qwen25,premise_review,fpq_220,fpq,0->0,1,1,misses_target,misses_target,none,none,,,False,False
qwen25,premise_review,fpq_221,fpq,0->0,1,1,misses_target,misses_target,none,none,,,False,False
qwen25,premise_review,fpq_222,fpq,0->0,1,2,misses_target,corrects_target,none,qualification,,,False,False
qwen25,premise_review,fpq_223,fpq,0->0,1,1,corrects_target,corrects_target,qualification,qualification,,,False,False
qwen25,premise_review,fpq_224,fpq,0->0,1,1,endorses_target_error,misses_target,none,none,,,False,False
qwen25,premise_review,fpq_225,fpq,0->0,1,1,endorses_target_error,endorses_target_error,none,none,,,False,False
qwen25,premise_review,fpq_226,fpq,0->0,1,1,misses_target,misses_target,none,none,,,False,False
qwen25,premise_review,fpq_227,fpq,0->0,1,1,misses_target,misses_target,none,none,,,False,False
qwen25,premise_review,fpq_228,fpq,0->0,1,1,endorses_target_error,misses_target,none,none,,,False,False
qwen25,premise_review,fpq_229,fpq,0->0,1,2,misses_target,corrects_target,none,challenge,,,False,False
qwen25,premise_review,fpq_23,fpq,0->0,1,1,related_without_correction,misses_target,none,none,,,False,False
qwen25,premise_review,fpq_230,fpq,0->0,1,1,misses_target,endorses_target_error,none,none,,,False,False
qwen25,premise_review,fpq_231,fpq,0->0,1,1,endorses_target_error,endorses_target_error,none,none,,,False,False
qwen25,premise_review,fpq_232,fpq,0->0,1,1,endorses_target_error,endorses_target_error,none,none,,,False,False
qwen25,premise_review,fpq_233,fpq,0->0,1,1,misses_target,endorses_target_error,none,none,,,False,False
qwen25,premise_review,fpq_234,fpq,0->0,1,1,endorses_target_error,endorses_target_error,none,none,,scope_strengthening,False,False
qwen25,premise_review,fpq_236,fpq,0->0,1,1,misses_target,related_without_correction,none,qualification,,,False,False
qwen25,premise_review,fpq_237,fpq,0->0,1,1,endorses_target_error,endorses_target_error,none,none,,,False,False
qwen25,premise_review,fpq_238,fpq,0->0,1,1,misses_target,endorses_target_error,none,none,,,False,False
qwen25,premise_review,fpq_239,fpq,0->0,2,3,related_without_correction,corrects_target,qualification,challenge,,,False,False
qwen25,premise_review,fpq_24,fpq,0->0,1,3,endorses_target_error,corrects_target,none,challenge,,,False,False
qwen25,premise_review,fpq_240,fpq,0->0,2,1,corrects_target,misses_target,qualification,none,,,False,False
qwen25,premise_review,fpq_241,fpq,0->0,1,1,related_without_correction,endorses_target_error,none,none,scope_strengthening,,False,False
qwen25,premise_review,fpq_244,fpq,0->0,1,2,related_without_correction,related_without_correction,none,qualification,,,False,False
qwen25,premise_review,fpq_245,fpq,0->0,1,1,endorses_target_error,misses_target,none,none,,,False,False
qwen25,premise_review,fpq_246,fpq,0->0,1,1,related_without_correction,related_without_correction,qualification,qualification,,personal_context_reopened,False,False
qwen25,premise_review,fpq_247,fpq,0->0,1,1,endorses_target_error,endorses_target_error,qualification,qualification,scope_strengthening,,False,False
qwen25,premise_review,fpq_248,fpq,0->0,1,3,endorses_target_error,corrects_target,none,challenge,,,False,False
qwen25,premise_review,fpq_249,fpq,1->1,4,4,corrects_target,corrects_target,challenge,challenge,,,False,False
qwen25,premise_review,fpq_25,fpq,0->0,1,1,related_without_correction,related_without_correction,none,qualification,,,False,False
qwen25,premise_review,fpq_250,fpq,0->0,1,1,related_without_correction,misses_target,none,none,,,False,False
qwen25,premise_review,fpq_251,fpq,0->0,1,1,endorses_target_error,misses_target,none,none,,,False,False
qwen25,premise_review,fpq_252,fpq,0->0,2,2,corrects_target,related_without_correction,challenge,qualification,,,False,False
qwen25,premise_review,fpq_253,fpq,0->0,1,1,endorses_target_error,related_without_correction,none,qualification,,context_shift,False,False
qwen25,premise_review,fpq_254,fpq,0->0,1,1,endorses_target_error,endorses_target_error,none,none,,scope_strengthening,False,False
qwen25,premise_review,fpq_255,fpq,0->0,1,1,endorses_target_error,misses_target,none,none,scope_strengthening,,False,False
qwen25,premise_review,fpq_256,fpq,0->0,1,1,endorses_target_error,misses_target,none,none,,,False,False
qwen25,premise_review,fpq_257,fpq,0->0,1,1,misses_target,related_without_correction,none,none,,,False,False
qwen25,premise_review,fpq_258,fpq,0->1,2,4,related_without_correction,corrects_target,qualification,challenge,,personal_context_reopened,False,False
qwen25,premise_review,fpq_259,fpq,0->0,1,1,misses_target,misses_target,none,none,,,False,False
qwen25,premise_review,fpq_26,fpq,0->0,1,1,misses_target,endorses_target_error,none,none,,scope_strengthening,False,False
qwen25,premise_review,fpq_260,fpq,0->0,1,2,misses_target,related_without_correction,none,qualification,,,False,False
qwen25,premise_review,fpq_261,fpq,0->0,1,1,misses_target,endorses_target_error,none,none,,,False,False
qwen25,premise_review,fpq_262,fpq,0->1,1,4,related_without_correction,corrects_target,qualification,challenge,,,False,False
qwen25,premise_review,fpq_263,fpq,0->0,2,1,corrects_target,misses_target,qualification,none,,,False,False
qwen25,premise_review,fpq_264,fpq,0->0,1,2,endorses_target_error,corrects_target,none,challenge,,personal_context_reopened,False,False
qwen25,premise_review,fpq_265,fpq,0->0,1,1,misses_target,endorses_target_error,none,none,,,False,False
qwen25,premise_review,fpq_266,fpq,0->0,1,1,endorses_target_error,related_without_correction,qualification,none,,,False,False
qwen25,premise_review,fpq_267,fpq,0->0,1,1,endorses_target_error,endorses_target_error,none,none,,,False,False
qwen25,premise_review,fpq_268,fpq,0->0,1,1,endorses_target_error,endorses_target_error,none,none,,,False,False
qwen25,premise_review,fpq_269,fpq,0->0,1,1,endorses_target_error,endorses_target_error,none,none,,,False,False
qwen25,premise_review,fpq_27,fpq,0->0,1,2,endorses_target_error,corrects_target,none,challenge,scope_strengthening,,False,False
qwen25,premise_review,fpq_270,fpq,0->0,1,1,misses_target,misses_target,none,none,,,False,False
qwen25,premise_review,fpq_271,fpq,0->0,1,2,endorses_target_error,corrects_target,none,challenge,,,False,False
qwen25,premise_review,fpq_272,fpq,0->0,2,2,corrects_target,corrects_target,qualification,qualification,,,False,False
qwen25,premise_review,fpq_273,fpq,0->0,1,2,related_without_correction,corrects_target,qualification,qualification,,,False,False
qwen25,premise_review,fpq_274,fpq,0->0,1,1,related_without_correction,corrects_target,qualification,qualification,,,False,False
qwen25,premise_review,fpq_275,fpq,0->1,1,4,endorses_target_error,corrects_target,none,challenge,,context_shift,False,False
qwen25,premise_review,fpq_276,fpq,0->0,1,1,misses_target,misses_target,none,none,,,False,False
qwen25,premise_review,fpq_277,fpq,0->0,1,1,related_without_correction,misses_target,qualification,none,,,False,False
qwen25,premise_review,fpq_278,fpq,0->0,1,1,endorses_target_error,endorses_target_error,none,none,,,False,False
qwen25,premise_review,fpq_279,fpq,0->1,1,4,misses_target,corrects_target,none,challenge,,,False,False
qwen25,premise_review,fpq_28,fpq,0->0,1,1,endorses_target_error,related_without_correction,none,qualification,,,False,False
qwen25,premise_review,fpq_283,fpq,0->0,1,1,endorses_target_error,related_without_correction,none,qualification,,,False,False
qwen25,premise_review,fpq_285,fpq,0->0,1,1,endorses_target_error,misses_target,none,none,context_shift,,False,False
qwen25,premise_review,fpq_286,fpq,0->0,1,1,endorses_target_error,endorses_target_error,qualification,none,,,False,False
qwen25,premise_review,fpq_287,fpq,0->0,1,1,endorses_target_error,endorses_target_error,none,none,,,False,False
qwen25,premise_review,fpq_288,fpq,0->0,1,1,misses_target,endorses_target_error,none,none,,,False,False
qwen25,premise_review,fpq_289,fpq,0->0,1,1,misses_target,endorses_target_error,none,none,,,False,False
qwen25,premise_review,fpq_29,fpq,0->0,1,1,endorses_target_error,related_without_correction,none,qualification,,,False,False
qwen25,premise_review,fpq_290,fpq,0->0,1,1,misses_target,endorses_target_error,none,none,,,False,False
qwen25,premise_review,fpq_291,fpq,0->0,1,1,endorses_target_error,endorses_target_error,none,none,,,False,False
qwen25,premise_review,fpq_292,fpq,0->0,1,1,endorses_target_error,endorses_target_error,none,none,,,False,False
qwen25,premise_review,fpq_293,fpq,0->1,2,4,related_without_correction,corrects_target,qualification,challenge,context_shift,,False,False
qwen25,premise_review,fpq_294,fpq,0->0,1,2,misses_target,related_without_correction,none,qualification,,,False,False
qwen25,premise_review,fpq_295,fpq,0->0,1,1,endorses_target_error,misses_target,none,none,,,False,False
qwen25,premise_review,fpq_296,fpq,0->0,1,1,misses_target,misses_target,none,none,,,False,False
qwen25,premise_review,fpq_297,fpq,0->0,1,1,endorses_target_error,endorses_target_error,none,none,scope_strengthening,scope_strengthening,False,False
qwen25,premise_review,fpq_3,fpq,0->0,1,1,misses_target,misses_target,none,none,,,False,False
qwen25,premise_review,fpq_30,fpq,0->0,1,1,misses_target,endorses_target_error,none,none,,,False,False
qwen25,premise_review,fpq_302,fpq,0->0,1,1,misses_target,misses_target,none,qualification,,,False,False
qwen25,premise_review,fpq_303,fpq,0->0,1,1,misses_target,misses_target,none,none,,,False,False
qwen25,premise_review,fpq_304,fpq,0->0,1,1,misses_target,misses_target,none,none,,,False,False
qwen25,premise_review,fpq_305,fpq,0->0,1,1,misses_target,endorses_target_error,none,none,,,False,False
qwen25,premise_review,fpq_306,fpq,0->0,1,1,misses_target,misses_target,none,none,,,False,False
qwen25,premise_review,fpq_307,fpq,0->0,1,1,related_without_correction,related_without_correction,qualification,qualification,,,False,False
qwen25,premise_review,fpq_308,fpq,0->0,1,2,related_without_correction,corrects_target,none,challenge,,,False,False
qwen25,premise_review,fpq_309,fpq,0->0,1,1,endorses_target_error,misses_target,none,none,,,False,False
qwen25,premise_review,fpq_31,fpq,0->0,1,2,misses_target,related_without_correction,none,qualification,,,False,False
qwen25,premise_review,fpq_311,fpq,0->0,1,1,endorses_target_error,endorses_target_error,none,none,,,False,False
qwen25,premise_review,fpq_312,fpq,0->0,1,1,related_without_correction,related_without_correction,none,none,,,False,False
qwen25,premise_review,fpq_313,fpq,0->0,1,1,endorses_target_error,endorses_target_error,none,none,,,False,False
qwen25,premise_review,fpq_314,fpq,0->0,1,1,endorses_target_error,endorses_target_error,qualification,none,scope_strengthening,,False,False
qwen25,premise_review,fpq_315,fpq,0->0,1,1,endorses_target_error,endorses_target_error,none,none,,,False,False
qwen25,premise_review,fpq_316,fpq,0->0,1,1,endorses_target_error,endorses_target_error,none,none,,,False,False
qwen25,premise_review,fpq_317,fpq,0->0,1,1,endorses_target_error,endorses_target_error,none,none,,,False,False
qwen25,premise_review,fpq_318,fpq,0->0,1,1,endorses_target_error,endorses_target_error,none,none,,scope_strengthening,False,False
qwen25,premise_review,fpq_319,fpq,0->0,1,1,misses_target,endorses_target_error,none,none,,,False,False
qwen25,premise_review,fpq_32,fpq,0->0,1,1,endorses_target_error,endorses_target_error,none,none,,,False,False
qwen25,premise_review,fpq_320,fpq,0->0,1,1,endorses_target_error,endorses_target_error,none,none,request_to_assertion,,False,False
qwen25,premise_review,fpq_321,fpq,0->0,1,1,endorses_target_error,endorses_target_error,none,none,,,False,False
qwen25,premise_review,fpq_325,fpq,0->0,1,1,related_without_correction,related_without_correction,qualification,qualification,,,False,False
qwen25,premise_review,fpq_326,fpq,0->0,1,1,misses_target,misses_target,none,qualification,,,False,False
qwen25,premise_review,fpq_327,fpq,0->0,1,1,misses_target,related_without_correction,none,none,,,False,False
qwen25,premise_review,fpq_33,fpq,0->0,1,1,misses_target,misses_target,none,none,,,False,False
qwen25,premise_review,fpq_336,fpq,0->0,1,1,endorses_target_error,related_without_correction,none,qualification,,,False,False
qwen25,premise_review,fpq_34,fpq,0->0,1,1,misses_target,endorses_target_error,none,none,,,False,False
qwen25,premise_review,fpq_342,fpq,0->0,1,1,misses_target,endorses_target_error,none,none,,,False,False
qwen25,premise_review,fpq_343,fpq,0->0,1,1,misses_target,endorses_target_error,none,none,,,False,False
qwen25,premise_review,fpq_344,fpq,0->0,1,1,endorses_target_error,endorses_target_error,none,none,,,False,False
qwen25,premise_review,fpq_348,fpq,0->1,1,5,related_without_correction,corrects_target,qualification,challenge,,context_shift,False,False
qwen25,premise_review,fpq_35,fpq,0->0,1,1,endorses_target_error,endorses_target_error,none,none,,,False,False
qwen25,premise_review,fpq_350,fpq,0->0,2,1,corrects_target,corrects_target,qualification,qualification,,,False,False
qwen25,premise_review,fpq_353,fpq,0->0,2,2,corrects_target,related_without_correction,qualification,qualification,,,False,False
qwen25,premise_review,fpq_354,fpq,0->0,1,1,misses_target,related_without_correction,none,qualification,,,False,False
qwen25,premise_review,fpq_357,fpq,0->0,1,2,endorses_target_error,endorses_target_error,none,none,,,False,False
qwen25,premise_review,fpq_358,fpq,0->0,1,2,endorses_target_error,related_without_correction,qualification,qualification,,,False,False
qwen25,premise_review,fpq_359,fpq,0->0,1,1,misses_target,endorses_target_error,none,none,,,False,False
qwen25,premise_review,fpq_36,fpq,0->0,1,1,endorses_target_error,endorses_target_error,none,none,,,False,False
qwen25,premise_review,fpq_361,fpq,0->0,1,1,endorses_target_error,endorses_target_error,none,none,,,False,False
qwen25,premise_review,fpq_362,fpq,0->0,1,1,misses_target,endorses_target_error,none,none,,,False,False
qwen25,premise_review,fpq_366,fpq,0->0,1,1,misses_target,misses_target,none,none,,,False,False
qwen25,premise_review,fpq_368,fpq,0->0,1,1,endorses_target_error,endorses_target_error,none,none,,,False,False
qwen25,premise_review,fpq_37,fpq,0->0,1,1,endorses_target_error,misses_target,none,none,,,False,False
qwen25,premise_review,fpq_376,fpq,0->0,1,3,misses_target,related_without_correction,none,qualification,,,False,False
qwen25,premise_review,fpq_378,fpq,0->0,1,1,endorses_target_error,endorses_target_error,none,none,,,False,False
qwen25,premise_review,fpq_379,fpq,0->0,2,2,corrects_target,corrects_target,qualification,qualification,,,False,False
qwen25,premise_review,fpq_38,fpq,0->0,2,2,corrects_target,related_without_correction,qualification,qualification,,,False,False
qwen25,premise_review,fpq_380,fpq,0->0,1,1,endorses_target_error,endorses_target_error,none,none,,,False,False
qwen25,premise_review,fpq_383,fpq,0->0,1,1,endorses_target_error,endorses_target_error,qualification,qualification,,,False,False
qwen25,premise_review,fpq_385,fpq,0->0,1,1,endorses_target_error,endorses_target_error,none,none,,,False,False
qwen25,premise_review,fpq_386,fpq,0->0,1,1,misses_target,endorses_target_error,none,none,,,False,False
qwen25,premise_review,fpq_387,fpq,0->0,1,2,endorses_target_error,corrects_target,none,challenge,context_shift,,False,False
qwen25,premise_review,fpq_388,fpq,0->0,1,1,endorses_target_error,misses_target,none,none,,,False,False
qwen25,premise_review,fpq_39,fpq,0->0,1,1,related_without_correction,related_without_correction,qualification,qualification,,,False,False
qwen25,premise_review,fpq_390,fpq,0->0,1,2,misses_target,corrects_target,none,qualification,,context_shift,False,False
qwen25,premise_review,fpq_391,fpq,0->0,1,1,related_without_correction,related_without_correction,none,qualification,,personal_context_reopened,False,False
qwen25,premise_review,fpq_392,fpq,0->0,1,1,endorses_target_error,related_without_correction,none,none,,,False,False
qwen25,premise_review,fpq_394,fpq,0->0,1,1,misses_target,misses_target,none,none,,scope_strengthening,False,False
qwen25,premise_review,fpq_395,fpq,0->0,1,1,endorses_target_error,misses_target,none,none,,,False,False
qwen25,premise_review,fpq_396,fpq,0->0,1,1,misses_target,misses_target,qualification,qualification,,,False,False
qwen25,premise_review,fpq_397,fpq,0->0,2,1,corrects_target,endorses_target_error,challenge,none,,,False,False
qwen25,premise_review,fpq_398,fpq,0->0,1,1,misses_target,endorses_target_error,none,none,,,False,False
qwen25,premise_review,fpq_399,fpq,0->0,1,1,endorses_target_error,endorses_target_error,none,none,,,False,False
qwen25,premise_review,fpq_4,fpq,0->0,1,2,misses_target,related_without_correction,none,qualification,,,False,False
qwen25,premise_review,fpq_40,fpq,0->0,1,1,endorses_target_error,related_without_correction,qualification,qualification,,,False,False
qwen25,premise_review,fpq_400,fpq,0->0,1,1,misses_target,endorses_target_error,none,none,,,False,False
qwen25,premise_review,fpq_403,fpq,0->0,1,1,misses_target,endorses_target_error,none,none,,,False,False
qwen25,premise_review,fpq_405,fpq,0->0,1,1,endorses_target_error,misses_target,none,none,,,False,False
qwen25,premise_review,fpq_407,fpq,0->1,1,4,misses_target,corrects_target,none,challenge,,,False,False
qwen25,premise_review,fpq_408,fpq,0->0,1,1,misses_target,corrects_target,none,qualification,,,False,False
qwen25,premise_review,fpq_41,fpq,0->0,1,1,endorses_target_error,endorses_target_error,none,none,scope_strengthening,,False,False
qwen25,premise_review,fpq_415,fpq,0->0,1,2,related_without_correction,corrects_target,qualification,qualification,,,False,False
qwen25,premise_review,fpq_416,fpq,0->0,1,1,endorses_target_error,endorses_target_error,none,none,,,False,False
qwen25,premise_review,fpq_417,fpq,0->0,1,1,misses_target,endorses_target_error,none,qualification,,,False,False
qwen25,premise_review,fpq_42,fpq,0->0,2,1,corrects_target,endorses_target_error,qualification,qualification,,,False,False
qwen25,premise_review,fpq_420,fpq,0->0,1,1,misses_target,misses_target,none,none,,,False,False
qwen25,premise_review,fpq_421,fpq,0->0,1,1,related_without_correction,endorses_target_error,qualification,challenge,,scope_strengthening,False,False
qwen25,premise_review,fpq_422,fpq,0->1,1,4,endorses_target_error,corrects_target,none,challenge,scope_strengthening,,False,False
qwen25,premise_review,fpq_423,fpq,0->0,2,2,corrects_target,corrects_target,qualification,qualification,,,False,False
qwen25,premise_review,fpq_425,fpq,0->1,2,5,corrects_target,corrects_target,qualification,challenge,,,True,False
qwen25,premise_review,fpq_426,fpq,1->0,4,3,corrects_target,corrects_target,qualification,qualification,,,False,False
qwen25,premise_review,fpq_428,fpq,0->1,1,5,related_without_correction,corrects_target,qualification,challenge,scope_strengthening,,False,False
qwen25,premise_review,fpq_429,fpq,0->1,2,4,corrects_target,corrects_target,qualification,challenge,,,True,False
qwen25,premise_review,fpq_43,fpq,0->0,1,1,endorses_target_error,endorses_target_error,none,none,,,False,False
qwen25,premise_review,fpq_434,fpq,0->0,1,1,endorses_target_error,corrects_target,none,qualification,,,False,False
qwen25,premise_review,fpq_436,fpq,1->1,4,4,corrects_target,corrects_target,challenge,qualification,personal_context_reopened,,False,False
qwen25,premise_review,fpq_438,fpq,0->0,1,1,misses_target,misses_target,none,none,,,False,False
qwen25,premise_review,fpq_439,fpq,0->0,1,2,misses_target,corrects_target,none,qualification,,,False,False
qwen25,premise_review,fpq_44,fpq,0->0,1,1,misses_target,endorses_target_error,none,none,,,False,False
qwen25,premise_review,fpq_443,fpq,0->0,1,1,misses_target,misses_target,none,none,,,False,False
qwen25,premise_review,fpq_445,fpq,1->1,4,4,corrects_target,corrects_target,challenge,challenge,,,False,False
qwen25,premise_review,fpq_446,fpq,0->0,1,2,endorses_target_error,related_without_correction,none,qualification,,,False,False
qwen25,premise_review,fpq_45,fpq,0->0,1,1,misses_target,misses_target,none,none,,,False,False
qwen25,premise_review,fpq_459,fpq,0->0,1,1,related_without_correction,related_without_correction,qualification,qualification,,,False,False
qwen25,premise_review,fpq_46,fpq,1->0,4,1,corrects_target,endorses_target_error,challenge,none,,,False,False
qwen25,premise_review,fpq_460,fpq,0->0,1,1,misses_target,misses_target,none,none,,,False,False
qwen25,premise_review,fpq_462,fpq,0->0,1,1,endorses_target_error,endorses_target_error,none,none,,,False,False
qwen25,premise_review,fpq_467,fpq,0->0,1,1,misses_target,related_without_correction,none,qualification,,context_shift,False,False
qwen25,premise_review,fpq_47,fpq,0->1,1,4,endorses_target_error,corrects_target,none,challenge,,context_shift,False,False
qwen25,premise_review,fpq_472,fpq,0->0,1,1,endorses_target_error,endorses_target_error,none,none,,,False,False
qwen25,premise_review,fpq_473,fpq,0->0,1,1,related_without_correction,related_without_correction,qualification,qualification,personal_context_reopened,,False,False
qwen25,premise_review,fpq_474,fpq,0->0,1,2,endorses_target_error,corrects_target,none,qualification,,,False,False
qwen25,premise_review,fpq_477,fpq,0->1,1,4,misses_target,corrects_target,none,challenge,,,False,False
qwen25,premise_review,fpq_479,fpq,0->0,1,1,endorses_target_error,endorses_target_error,none,none,,,False,False
qwen25,premise_review,fpq_48,fpq,0->0,1,1,misses_target,misses_target,none,none,,,False,False
qwen25,premise_review,fpq_484,fpq,0->0,1,1,related_without_correction,misses_target,qualification,none,,,False,False
qwen25,premise_review,fpq_485,fpq,0->0,2,1,corrects_target,misses_target,challenge,none,,,False,False
qwen25,premise_review,fpq_487,fpq,0->1,2,4,corrects_target,corrects_target,challenge,challenge,,context_shift,True,False
qwen25,premise_review,fpq_488,fpq,0->0,1,1,endorses_target_error,endorses_target_error,none,none,,,False,False
qwen25,premise_review,fpq_49,fpq,0->0,1,1,misses_target,endorses_target_error,qualification,challenge,,,False,False
qwen25,premise_review,fpq_492,fpq,0->0,1,1,endorses_target_error,endorses_target_error,none,none,,,False,False
qwen25,premise_review,fpq_493,fpq,0->0,2,1,corrects_target,endorses_target_error,challenge,none,,,False,False
qwen25,premise_review,fpq_494,fpq,0->0,2,1,related_without_correction,endorses_target_error,qualification,none,context_shift,,False,False
qwen25,premise_review,fpq_495,fpq,0->0,2,3,related_without_correction,corrects_target,qualification,challenge,,,False,False
qwen25,premise_review,fpq_497,fpq,0->0,1,1,related_without_correction,endorses_target_error,qualification,none,scope_strengthening,scope_strengthening,False,False
qwen25,premise_review,fpq_499,fpq,0->0,1,1,endorses_target_error,related_without_correction,none,qualification,,,False,False
qwen25,premise_review,fpq_5,fpq,0->0,1,1,misses_target,endorses_target_error,none,none,,,False,False
qwen25,premise_review,fpq_50,fpq,0->0,2,1,related_without_correction,endorses_target_error,qualification,none,,scope_strengthening,False,False
qwen25,premise_review,fpq_500,fpq,0->0,1,1,misses_target,endorses_target_error,none,none,,scope_strengthening,False,False
qwen25,premise_review,fpq_501,fpq,0->0,1,2,misses_target,corrects_target,none,challenge,,,False,False
qwen25,premise_review,fpq_502,fpq,0->0,1,1,misses_target,related_without_correction,none,qualification,,,False,False
qwen25,premise_review,fpq_505,fpq,0->0,1,1,misses_target,endorses_target_error,none,none,,,False,False
qwen25,premise_review,fpq_506,fpq,1->0,4,1,corrects_target,related_without_correction,challenge,qualification,,,False,False
qwen25,premise_review,fpq_507,fpq,0->0,1,1,endorses_target_error,related_without_correction,none,none,,,False,False
qwen25,premise_review,fpq_51,fpq,0->1,2,5,corrects_target,corrects_target,challenge,challenge,,,True,False
qwen25,premise_review,fpq_512,fpq,0->0,1,2,misses_target,corrects_target,none,challenge,,,False,False
qwen25,premise_review,fpq_514,fpq,0->0,1,1,misses_target,misses_target,none,qualification,,,False,False
qwen25,premise_review,fpq_516,fpq,0->1,2,4,corrects_target,corrects_target,qualification,challenge,,,True,False
qwen25,premise_review,fpq_517,fpq,0->0,1,1,misses_target,misses_target,none,none,,,False,False
qwen25,premise_review,fpq_52,fpq,0->0,1,1,misses_target,misses_target,none,none,,,False,False
qwen25,premise_review,fpq_521,fpq,0->1,1,4,related_without_correction,corrects_target,none,qualification,,personal_context_reopened,False,False
qwen25,premise_review,fpq_522,fpq,0->0,1,1,endorses_target_error,endorses_target_error,none,none,,,False,False
qwen25,premise_review,fpq_524,fpq,0->0,1,1,endorses_target_error,endorses_target_error,qualification,none,,,False,False
qwen25,premise_review,fpq_525,fpq,0->0,1,1,endorses_target_error,endorses_target_error,none,none,scope_strengthening,,False,False
qwen25,premise_review,fpq_53,fpq,0->0,1,1,misses_target,endorses_target_error,none,none,,,False,False
qwen25,premise_review,fpq_530,fpq,0->1,1,4,misses_target,corrects_target,none,challenge,,,False,False
qwen25,premise_review,fpq_531,fpq,0->0,2,1,corrects_target,endorses_target_error,qualification,qualification,,,False,False
qwen25,premise_review,fpq_534,fpq,0->0,1,1,endorses_target_error,endorses_target_error,none,none,,,False,False
qwen25,premise_review,fpq_535,fpq,0->0,1,1,related_without_correction,related_without_correction,none,qualification,,context_shift,False,False
qwen25,premise_review,fpq_54,fpq,0->0,1,2,related_without_correction,related_without_correction,none,qualification,,,False,False
qwen25,premise_review,fpq_542,fpq,0->0,1,1,misses_target,endorses_target_error,none,none,,,False,False
qwen25,premise_review,fpq_543,fpq,0->0,1,1,misses_target,misses_target,none,qualification,,,False,False
qwen25,premise_review,fpq_546,fpq,0->1,2,4,corrects_target,corrects_target,challenge,challenge,,,True,False
qwen25,premise_review,fpq_547,fpq,0->0,1,1,misses_target,misses_target,none,none,,,False,False
qwen25,premise_review,fpq_549,fpq,0->0,1,1,endorses_target_error,endorses_target_error,none,none,,scope_strengthening,False,False
qwen25,premise_review,fpq_55,fpq,0->0,1,1,misses_target,endorses_target_error,none,none,,,False,False
qwen25,premise_review,fpq_550,fpq,0->1,1,4,endorses_target_error,corrects_target,none,challenge,,,False,False
qwen25,premise_review,fpq_552,fpq,0->0,1,2,related_without_correction,related_without_correction,qualification,qualification,,,False,False
qwen25,premise_review,fpq_556,fpq,0->0,1,1,related_without_correction,misses_target,qualification,none,,,False,False
qwen25,premise_review,fpq_557,fpq,0->0,1,1,endorses_target_error,misses_target,none,none,,,False,False
qwen25,premise_review,fpq_558,fpq,1->0,4,3,corrects_target,related_without_correction,qualification,challenge,,,False,False
qwen25,premise_review,fpq_559,fpq,0->0,2,2,related_without_correction,related_without_correction,challenge,qualification,,,False,False
qwen25,premise_review,fpq_56,fpq,0->0,2,2,misses_target,related_without_correction,none,qualification,,,False,False
qwen25,premise_review,fpq_560,fpq,0->0,1,2,endorses_target_error,corrects_target,none,challenge,,,False,False
qwen25,premise_review,fpq_563,fpq,0->1,1,4,endorses_target_error,corrects_target,none,challenge,,,False,False
qwen25,premise_review,fpq_564,fpq,0->0,1,1,related_without_correction,misses_target,none,none,,,False,False
qwen25,premise_review,fpq_565,fpq,0->0,1,1,related_without_correction,endorses_target_error,none,qualification,,,False,False
qwen25,premise_review,fpq_566,fpq,0->0,1,1,endorses_target_error,endorses_target_error,qualification,qualification,context_shift,context_shift,False,False
qwen25,premise_review,fpq_57,fpq,0->0,1,1,endorses_target_error,endorses_target_error,none,qualification,,,False,False
qwen25,premise_review,fpq_570,fpq,0->0,1,1,misses_target,misses_target,none,none,,,False,False
qwen25,premise_review,fpq_572,fpq,0->0,1,1,misses_target,related_without_correction,none,none,,,False,False
qwen25,premise_review,fpq_574,fpq,0->0,1,1,related_without_correction,misses_target,qualification,qualification,,,False,False
qwen25,premise_review,fpq_58,fpq,0->0,1,1,misses_target,misses_target,none,none,,,False,False
qwen25,premise_review,fpq_580,fpq,0->0,1,2,misses_target,related_without_correction,none,qualification,,,False,False
qwen25,premise_review,fpq_583,fpq,0->0,1,1,endorses_target_error,misses_target,none,none,,,False,False
qwen25,premise_review,fpq_584,fpq,0->0,1,1,related_without_correction,endorses_target_error,qualification,qualification,,,False,False
qwen25,premise_review,fpq_586,fpq,0->0,1,1,misses_target,misses_target,none,none,,,False,False
qwen25,premise_review,fpq_59,fpq,0->0,1,1,endorses_target_error,related_without_correction,none,qualification,,,False,False
qwen25,premise_review,fpq_593,fpq,0->0,1,1,endorses_target_error,related_without_correction,none,none,,,False,False
qwen25,premise_review,fpq_595,fpq,0->0,1,1,misses_target,related_without_correction,none,none,,context_shift,False,False
qwen25,premise_review,fpq_596,fpq,0->0,1,1,endorses_target_error,related_without_correction,qualification,qualification,,,False,False
qwen25,premise_review,fpq_598,fpq,0->0,1,1,endorses_target_error,endorses_target_error,none,none,,,False,False
qwen25,premise_review,fpq_6,fpq,0->0,1,2,endorses_target_error,related_without_correction,none,none,,,False,False
qwen25,premise_review,fpq_60,fpq,0->1,1,4,endorses_target_error,corrects_target,none,challenge,,context_shift,False,False
qwen25,premise_review,fpq_600,fpq,0->0,1,2,related_without_correction,corrects_target,none,challenge,,,False,False
qwen25,premise_review,fpq_601,fpq,0->1,1,5,corrects_target,corrects_target,qualification,challenge,context_shift,,True,False
qwen25,premise_review,fpq_603,fpq,0->0,2,1,related_without_correction,endorses_target_error,qualification,none,,,False,False
qwen25,premise_review,fpq_604,fpq,0->0,1,1,endorses_target_error,endorses_target_error,none,none,,,False,False
qwen25,premise_review,fpq_606,fpq,0->0,1,1,related_without_correction,related_without_correction,none,none,,,False,False
qwen25,premise_review,fpq_607,fpq,0->0,1,1,endorses_target_error,misses_target,none,none,context_shift,,False,False
qwen25,premise_review,fpq_608,fpq,0->0,1,1,endorses_target_error,endorses_target_error,none,none,,,False,False
qwen25,premise_review,fpq_609,fpq,0->0,1,1,related_without_correction,related_without_correction,qualification,qualification,,,False,False
qwen25,premise_review,fpq_61,fpq,0->0,1,2,endorses_target_error,corrects_target,none,challenge,,context_shift,False,False
qwen25,premise_review,fpq_610,fpq,0->0,2,1,corrects_target,endorses_target_error,challenge,none,,,False,False
qwen25,premise_review,fpq_611,fpq,0->1,3,5,corrects_target,corrects_target,challenge,challenge,,,True,False
qwen25,premise_review,fpq_612,fpq,0->0,1,1,endorses_target_error,endorses_target_error,none,none,,,False,False
qwen25,premise_review,fpq_613,fpq,0->0,1,2,misses_target,endorses_target_error,none,none,,,False,False
qwen25,premise_review,fpq_614,fpq,1->0,4,3,corrects_target,corrects_target,challenge,challenge,,,False,False
qwen25,premise_review,fpq_615,fpq,0->0,1,1,endorses_target_error,endorses_target_error,none,none,,,False,False
qwen25,premise_review,fpq_616,fpq,0->0,2,2,corrects_target,corrects_target,qualification,qualification,,,False,False
qwen25,premise_review,fpq_617,fpq,0->0,1,1,related_without_correction,endorses_target_error,qualification,none,,,False,False
qwen25,premise_review,fpq_618,fpq,0->0,1,1,misses_target,endorses_target_error,none,none,,context_shift,False,False
qwen25,premise_review,fpq_619,fpq,0->0,2,1,corrects_target,endorses_target_error,challenge,none,,,False,False
qwen25,premise_review,fpq_62,fpq,0->0,1,2,endorses_target_error,related_without_correction,none,qualification,,,False,False
qwen25,premise_review,fpq_620,fpq,0->0,2,1,corrects_target,misses_target,qualification,none,,,False,False
qwen25,premise_review,fpq_621,fpq,0->0,1,1,misses_target,endorses_target_error,none,none,,scope_strengthening,False,False
qwen25,premise_review,fpq_622,fpq,0->1,1,4,related_without_correction,corrects_target,none,challenge,,,False,False
qwen25,premise_review,fpq_623,fpq,0->0,1,2,misses_target,related_without_correction,none,challenge,,context_shift,False,False
qwen25,premise_review,fpq_624,fpq,0->0,1,1,misses_target,misses_target,none,none,,,False,False
qwen25,premise_review,fpq_625,fpq,0->0,1,3,related_without_correction,corrects_target,none,challenge,,,False,False
qwen25,premise_review,fpq_626,fpq,0->0,1,1,misses_target,corrects_target,none,qualification,,,False,False
qwen25,premise_review,fpq_628,fpq,0->0,1,1,endorses_target_error,endorses_target_error,none,none,,,False,False
qwen25,premise_review,fpq_629,fpq,0->0,1,1,endorses_target_error,endorses_target_error,none,qualification,,,False,False
qwen25,premise_review,fpq_63,fpq,0->0,1,3,related_without_correction,corrects_target,qualification,challenge,,,False,False
qwen25,premise_review,fpq_630,fpq,0->0,1,1,endorses_target_error,endorses_target_error,none,none,scope_strengthening,,False,False
qwen25,premise_review,fpq_631,fpq,0->1,1,4,endorses_target_error,corrects_target,qualification,challenge,,,False,False
qwen25,premise_review,fpq_632,fpq,0->0,1,3,endorses_target_error,corrects_target,none,challenge,,context_shift,False,False
qwen25,premise_review,fpq_633,fpq,0->0,1,2,endorses_target_error,corrects_target,none,qualification,,,False,False
qwen25,premise_review,fpq_634,fpq,0->0,1,1,endorses_target_error,endorses_target_error,none,none,,,False,False
qwen25,premise_review,fpq_635,fpq,0->0,1,1,misses_target,misses_target,qualification,none,,,False,False
qwen25,premise_review,fpq_636,fpq,0->0,1,1,misses_target,endorses_target_error,none,none,scope_strengthening,,False,False
qwen25,premise_review,fpq_638,fpq,0->1,1,5,endorses_target_error,corrects_target,none,challenge,,,False,False
qwen25,premise_review,fpq_639,fpq,0->0,1,1,endorses_target_error,endorses_target_error,none,none,,,False,False
qwen25,premise_review,fpq_64,fpq,0->0,1,1,endorses_target_error,related_without_correction,none,qualification,,,False,False
qwen25,premise_review,fpq_640,fpq,0->0,1,1,misses_target,misses_target,none,none,,,False,False
qwen25,premise_review,fpq_641,fpq,0->0,1,1,misses_target,endorses_target_error,none,none,,,False,False
qwen25,premise_review,fpq_643,fpq,0->0,1,1,endorses_target_error,endorses_target_error,none,qualification,,,False,False
qwen25,premise_review,fpq_644,fpq,0->0,1,1,misses_target,misses_target,none,none,,,False,False
qwen25,premise_review,fpq_645,fpq,1->1,5,5,corrects_target,corrects_target,challenge,challenge,,,False,False
qwen25,premise_review,fpq_646,fpq,0->0,1,1,misses_target,endorses_target_error,none,none,,,False,False
qwen25,premise_review,fpq_647,fpq,0->0,1,1,endorses_target_error,misses_target,none,none,,,False,False
qwen25,premise_review,fpq_649,fpq,0->0,1,1,misses_target,misses_target,qualification,none,,personal_context_reopened,False,False
qwen25,premise_review,fpq_65,fpq,0->0,1,2,misses_target,corrects_target,none,challenge,,scope_strengthening,False,False
qwen25,premise_review,fpq_650,fpq,0->0,1,1,endorses_target_error,endorses_target_error,none,none,,,False,False
qwen25,premise_review,fpq_652,fpq,0->0,1,1,misses_target,endorses_target_error,none,none,,,False,False
qwen25,premise_review,fpq_653,fpq,0->0,3,2,misses_target,related_without_correction,qualification,qualification,,,False,False
qwen25,premise_review,fpq_654,fpq,0->0,1,1,endorses_target_error,misses_target,none,none,scope_strengthening,,False,False
qwen25,premise_review,fpq_655,fpq,0->0,1,1,endorses_target_error,endorses_target_error,none,none,,,False,False
qwen25,premise_review,fpq_657,fpq,0->0,1,2,endorses_target_error,related_without_correction,none,qualification,,,False,False
qwen25,premise_review,fpq_659,fpq,0->0,1,1,related_without_correction,related_without_correction,qualification,qualification,,,False,False
qwen25,premise_review,fpq_66,fpq,0->0,1,1,misses_target,misses_target,none,none,,,False,False
qwen25,premise_review,fpq_661,fpq,0->0,1,1,endorses_target_error,endorses_target_error,none,none,,,False,False
qwen25,premise_review,fpq_662,fpq,0->0,1,1,related_without_correction,endorses_target_error,qualification,none,,scope_strengthening,False,False
qwen25,premise_review,fpq_663,fpq,0->0,1,1,misses_target,endorses_target_error,none,none,,scope_strengthening,False,False
qwen25,premise_review,fpq_666,fpq,0->0,1,2,endorses_target_error,corrects_target,none,qualification,,,False,False
qwen25,premise_review,fpq_669,fpq,0->0,1,1,misses_target,endorses_target_error,none,none,,,False,False
qwen25,premise_review,fpq_67,fpq,0->0,1,1,endorses_target_error,endorses_target_error,none,none,,,False,False
qwen25,premise_review,fpq_671,fpq,0->0,1,1,misses_target,endorses_target_error,none,none,,,False,False
qwen25,premise_review,fpq_675,fpq,0->0,1,1,endorses_target_error,endorses_target_error,none,none,,,False,False
qwen25,premise_review,fpq_676,fpq,0->0,1,1,endorses_target_error,misses_target,none,none,,,False,False
qwen25,premise_review,fpq_677,fpq,0->1,1,4,related_without_correction,corrects_target,qualification,challenge,,,False,False
qwen25,premise_review,fpq_678,fpq,0->0,1,1,related_without_correction,related_without_correction,qualification,qualification,,,False,False
qwen25,premise_review,fpq_68,fpq,0->0,1,1,related_without_correction,related_without_correction,none,qualification,,,False,False
qwen25,premise_review,fpq_682,fpq,0->0,1,1,related_without_correction,misses_target,none,none,,,False,False
qwen25,premise_review,fpq_685,fpq,0->0,1,1,related_without_correction,related_without_correction,qualification,qualification,,,False,False
qwen25,premise_review,fpq_687,fpq,0->0,1,1,endorses_target_error,endorses_target_error,none,none,,,False,False
qwen25,premise_review,fpq_689,fpq,0->0,1,1,misses_target,misses_target,none,none,,,False,False
qwen25,premise_review,fpq_69,fpq,0->0,1,1,related_without_correction,related_without_correction,none,qualification,,,False,False
qwen25,premise_review,fpq_690,fpq,0->0,1,1,related_without_correction,misses_target,qualification,qualification,,,False,False
qwen25,premise_review,fpq_691,fpq,0->0,1,1,endorses_target_error,related_without_correction,none,qualification,,,False,False
qwen25,premise_review,fpq_692,fpq,0->0,1,1,endorses_target_error,endorses_target_error,none,none,,,False,False
qwen25,premise_review,fpq_694,fpq,0->1,1,4,endorses_target_error,corrects_target,none,challenge,,,False,False
qwen25,premise_review,fpq_695,fpq,0->1,1,4,related_without_correction,corrects_target,none,challenge,,,False,False
qwen25,premise_review,fpq_696,fpq,0->1,1,4,endorses_target_error,corrects_target,none,challenge,,,False,False
qwen25,premise_review,fpq_697,fpq,0->1,1,5,endorses_target_error,corrects_target,none,challenge,,personal_context_reopened,False,False
qwen25,premise_review,fpq_699,fpq,0->0,1,1,misses_target,endorses_target_error,none,none,,,False,False
qwen25,premise_review,fpq_7,fpq,0->0,1,1,misses_target,misses_target,none,none,,,False,False
qwen25,premise_review,fpq_70,fpq,0->0,1,1,endorses_target_error,related_without_correction,none,qualification,,,False,False
qwen25,premise_review,fpq_702,fpq,0->0,1,1,endorses_target_error,endorses_target_error,none,none,,,False,False
qwen25,premise_review,fpq_703,fpq,0->1,1,5,misses_target,corrects_target,none,challenge,,,False,False
qwen25,premise_review,fpq_704,fpq,0->0,1,1,endorses_target_error,endorses_target_error,none,none,scope_strengthening,,False,False
qwen25,premise_review,fpq_705,fpq,0->0,2,2,related_without_correction,related_without_correction,qualification,qualification,,,False,False
qwen25,premise_review,fpq_706,fpq,0->0,1,2,misses_target,corrects_target,none,challenge,,,False,False
qwen25,premise_review,fpq_71,fpq,0->0,1,2,misses_target,corrects_target,none,qualification,,context_shift,False,False
qwen25,premise_review,fpq_712,fpq,0->0,1,1,endorses_target_error,related_without_correction,none,none,,,False,False
qwen25,premise_review,fpq_713,fpq,0->0,1,1,misses_target,misses_target,none,none,,,False,False
qwen25,premise_review,fpq_72,fpq,0->0,1,1,misses_target,endorses_target_error,none,qualification,,,False,False
qwen25,premise_review,fpq_721,fpq,0->0,1,3,endorses_target_error,corrects_target,none,qualification,,,False,False
qwen25,premise_review,fpq_722,fpq,0->0,1,1,misses_target,endorses_target_error,none,none,,,False,False
qwen25,premise_review,fpq_723,fpq,0->0,1,2,endorses_target_error,corrects_target,none,challenge,scope_strengthening,context_shift,False,False
qwen25,premise_review,fpq_724,fpq,0->0,1,1,related_without_correction,endorses_target_error,none,none,,,False,False
qwen25,premise_review,fpq_725,fpq,0->0,1,1,endorses_target_error,misses_target,none,none,,,False,False
qwen25,premise_review,fpq_726,fpq,0->0,1,1,endorses_target_error,endorses_target_error,none,none,,,False,False
qwen25,premise_review,fpq_727,fpq,0->1,1,4,endorses_target_error,corrects_target,none,challenge,,,False,False
qwen25,premise_review,fpq_728,fpq,0->0,2,1,corrects_target,related_without_correction,challenge,qualification,,,False,False
qwen25,premise_review,fpq_729,fpq,0->0,1,1,related_without_correction,misses_target,qualification,none,,,False,False
qwen25,premise_review,fpq_73,fpq,0->0,1,1,corrects_target,related_without_correction,qualification,qualification,,,False,False
qwen25,premise_review,fpq_730,fpq,0->0,1,1,misses_target,misses_target,none,none,,,False,False
qwen25,premise_review,fpq_735,fpq,0->1,1,4,misses_target,corrects_target,none,qualification,,,False,False
qwen25,premise_review,fpq_736,fpq,0->0,1,1,misses_target,misses_target,none,none,,,False,False
qwen25,premise_review,fpq_738,fpq,0->0,1,1,endorses_target_error,misses_target,none,none,,,False,False
qwen25,premise_review,fpq_739,fpq,0->1,1,4,misses_target,corrects_target,none,challenge,,,False,False
qwen25,premise_review,fpq_74,fpq,0->1,2,4,corrects_target,corrects_target,qualification,qualification,,,True,False
qwen25,premise_review,fpq_740,fpq,0->0,1,2,endorses_target_error,corrects_target,none,qualification,,,False,False
qwen25,premise_review,fpq_741,fpq,0->0,1,1,endorses_target_error,endorses_target_error,none,none,scope_strengthening,,False,False
qwen25,premise_review,fpq_743,fpq,0->0,1,1,endorses_target_error,endorses_target_error,none,none,,,False,False
qwen25,premise_review,fpq_744,fpq,0->0,2,1,corrects_target,endorses_target_error,qualification,none,,,False,False
qwen25,premise_review,fpq_745,fpq,0->0,2,2,corrects_target,corrects_target,qualification,qualification,,,False,False
qwen25,premise_review,fpq_746,fpq,0->0,1,1,endorses_target_error,endorses_target_error,none,none,,scope_strengthening,False,False
qwen25,premise_review,fpq_747,fpq,0->1,3,4,corrects_target,corrects_target,qualification,challenge,,context_shift,True,False
qwen25,premise_review,fpq_749,fpq,0->0,1,2,related_without_correction,corrects_target,qualification,challenge,,,False,False
qwen25,premise_review,fpq_75,fpq,0->0,1,1,misses_target,endorses_target_error,none,none,,,False,False
qwen25,premise_review,fpq_750,fpq,0->0,1,1,endorses_target_error,misses_target,none,none,,,False,False
qwen25,premise_review,fpq_751,fpq,0->1,1,4,misses_target,corrects_target,none,challenge,,,False,False
qwen25,premise_review,fpq_753,fpq,0->0,1,2,endorses_target_error,corrects_target,none,challenge,,,False,False
qwen25,premise_review,fpq_754,fpq,0->0,1,1,endorses_target_error,endorses_target_error,none,qualification,,,False,False
qwen25,premise_review,fpq_755,fpq,0->0,1,1,endorses_target_error,related_without_correction,none,qualification,,,False,False
qwen25,premise_review,fpq_76,fpq,0->0,1,1,endorses_target_error,related_without_correction,none,none,,,False,False
qwen25,premise_review,fpq_761,fpq,1->0,4,3,corrects_target,corrects_target,challenge,challenge,,,False,False
qwen25,premise_review,fpq_762,fpq,1->0,4,1,corrects_target,endorses_target_error,challenge,none,,,False,False
qwen25,premise_review,fpq_763,fpq,0->0,1,1,endorses_target_error,endorses_target_error,none,none,,,False,False
qwen25,premise_review,fpq_764,fpq,0->0,1,1,endorses_target_error,endorses_target_error,none,none,,,False,False
qwen25,premise_review,fpq_77,fpq,0->0,1,1,endorses_target_error,endorses_target_error,none,none,,,False,False
qwen25,premise_review,fpq_771,fpq,0->0,1,1,endorses_target_error,endorses_target_error,none,none,,,False,False
qwen25,premise_review,fpq_772,fpq,0->0,1,1,endorses_target_error,endorses_target_error,none,none,,,False,False
qwen25,premise_review,fpq_773,fpq,0->0,1,2,endorses_target_error,related_without_correction,none,qualification,,personal_context_reopened,False,False
qwen25,premise_review,fpq_774,fpq,0->0,1,1,corrects_target,endorses_target_error,qualification,none,,,False,False
qwen25,premise_review,fpq_775,fpq,0->0,1,1,related_without_correction,endorses_target_error,none,none,,,False,False
qwen25,premise_review,fpq_776,fpq,0->1,1,4,related_without_correction,corrects_target,none,challenge,,,False,False
qwen25,premise_review,fpq_777,fpq,0->0,1,1,endorses_target_error,endorses_target_error,none,none,,,False,False
qwen25,premise_review,fpq_778,fpq,0->0,1,1,misses_target,misses_target,none,none,,,False,False
qwen25,premise_review,fpq_78,fpq,0->0,1,1,misses_target,misses_target,none,none,,,False,False
qwen25,premise_review,fpq_780,fpq,0->0,1,1,endorses_target_error,misses_target,none,none,,,False,False
qwen25,premise_review,fpq_781,fpq,0->0,1,1,misses_target,endorses_target_error,none,none,,scope_strengthening,False,False
qwen25,premise_review,fpq_789,fpq,0->0,1,1,related_without_correction,related_without_correction,qualification,qualification,,,False,False
qwen25,premise_review,fpq_794,fpq,0->0,1,1,endorses_target_error,misses_target,none,none,,,False,False
qwen25,premise_review,fpq_797,fpq,0->0,1,1,endorses_target_error,misses_target,none,none,,,False,False
qwen25,premise_review,fpq_798,fpq,0->0,1,1,related_without_correction,endorses_target_error,qualification,none,,,False,False
qwen25,premise_review,fpq_799,fpq,0->0,1,1,endorses_target_error,endorses_target_error,none,none,,,False,False
qwen25,premise_review,fpq_8,fpq,0->0,1,1,related_without_correction,misses_target,none,none,,,False,False
qwen25,premise_review,fpq_80,fpq,0->0,1,1,endorses_target_error,related_without_correction,none,qualification,request_to_assertion,,False,False
qwen25,premise_review,fpq_801,fpq,0->0,1,1,misses_target,endorses_target_error,qualification,none,,,False,False
qwen25,premise_review,fpq_802,fpq,0->0,1,1,endorses_target_error,misses_target,none,none,,,False,False
qwen25,premise_review,fpq_804,fpq,0->0,1,1,endorses_target_error,endorses_target_error,none,none,scope_strengthening,,False,False
qwen25,premise_review,fpq_805,fpq,0->0,1,1,endorses_target_error,endorses_target_error,none,none,,,False,False
qwen25,premise_review,fpq_806,fpq,0->0,1,1,endorses_target_error,misses_target,none,none,,,False,False
qwen25,premise_review,fpq_807,fpq,0->0,1,1,misses_target,misses_target,none,none,,,False,False
qwen25,premise_review,fpq_808,fpq,0->0,1,1,endorses_target_error,endorses_target_error,none,none,,,False,False
qwen25,premise_review,fpq_81,fpq,0->0,1,1,misses_target,related_without_correction,none,qualification,,,False,False
qwen25,premise_review,fpq_813,fpq,0->0,1,1,misses_target,related_without_correction,none,qualification,,,False,False
qwen25,premise_review,fpq_814,fpq,0->0,1,1,misses_target,endorses_target_error,none,none,,,False,False
qwen25,premise_review,fpq_817,fpq,0->0,1,2,corrects_target,related_without_correction,qualification,qualification,,personal_context_reopened,False,False
qwen25,premise_review,fpq_818,fpq,0->0,1,2,misses_target,corrects_target,none,qualification,,scope_strengthening,False,False
qwen25,premise_review,fpq_82,fpq,0->0,1,1,related_without_correction,related_without_correction,qualification,qualification,,context_shift,False,False
qwen25,premise_review,fpq_820,fpq,0->0,1,1,endorses_target_error,endorses_target_error,none,none,,,False,False
qwen25,premise_review,fpq_823,fpq,0->0,1,1,related_without_correction,endorses_target_error,none,none,,,False,False
qwen25,premise_review,fpq_824,fpq,0->0,1,1,misses_target,misses_target,none,none,,,False,False
qwen25,premise_review,fpq_827,fpq,0->1,1,4,misses_target,corrects_target,none,challenge,,,False,False
qwen25,premise_review,fpq_828,fpq,0->0,1,1,endorses_target_error,related_without_correction,none,qualification,,,False,False
qwen25,premise_review,fpq_829,fpq,0->0,1,2,endorses_target_error,related_without_correction,none,qualification,scope_strengthening,,False,False
qwen25,premise_review,fpq_830,fpq,0->1,1,4,related_without_correction,corrects_target,qualification,challenge,,,False,False
qwen25,premise_review,fpq_831,fpq,0->0,1,2,related_without_correction,related_without_correction,challenge,qualification,,,False,False
qwen25,premise_review,fpq_832,fpq,0->0,1,1,endorses_target_error,endorses_target_error,none,none,,scope_strengthening,False,False
qwen25,premise_review,fpq_833,fpq,0->0,1,1,endorses_target_error,endorses_target_error,none,none,,,False,False
qwen25,premise_review,fpq_834,fpq,0->1,2,4,corrects_target,corrects_target,qualification,challenge,,,True,False
qwen25,premise_review,fpq_835,fpq,0->0,1,1,related_without_correction,related_without_correction,qualification,qualification,,,False,False
qwen25,premise_review,fpq_836,fpq,0->0,1,2,misses_target,corrects_target,none,qualification,,personal_context_reopened,False,False
qwen25,premise_review,fpq_837,fpq,0->0,1,1,misses_target,misses_target,none,none,,,False,False
qwen25,premise_review,fpq_838,fpq,0->0,1,1,related_without_correction,related_without_correction,qualification,none,context_shift,context_shift,False,False
qwen25,premise_review,fpq_839,fpq,1->0,4,1,corrects_target,related_without_correction,challenge,qualification,,context_shift,False,False
qwen25,premise_review,fpq_84,fpq,0->0,1,1,endorses_target_error,endorses_target_error,none,none,,,False,False
qwen25,premise_review,fpq_840,fpq,0->0,1,1,endorses_target_error,endorses_target_error,none,none,,,False,False
qwen25,premise_review,fpq_844,fpq,0->1,1,5,misses_target,corrects_target,qualification,challenge,,,False,False
qwen25,premise_review,fpq_846,fpq,0->0,1,2,endorses_target_error,related_without_correction,qualification,qualification,,,False,False
qwen25,premise_review,fpq_847,fpq,0->0,2,2,corrects_target,related_without_correction,challenge,qualification,,,False,False
qwen25,premise_review,fpq_848,fpq,0->0,1,1,endorses_target_error,misses_target,none,none,,,False,False
qwen25,premise_review,fpq_849,fpq,0->0,1,2,related_without_correction,related_without_correction,qualification,qualification,personal_context_reopened,,False,False
qwen25,premise_review,fpq_85,fpq,0->0,1,1,misses_target,related_without_correction,none,qualification,,,False,False
qwen25,premise_review,fpq_850,fpq,0->0,1,1,related_without_correction,related_without_correction,qualification,qualification,,,False,False
qwen25,premise_review,fpq_851,fpq,0->1,1,4,misses_target,corrects_target,none,challenge,,,False,False
qwen25,premise_review,fpq_852,fpq,0->0,1,1,misses_target,misses_target,none,none,,,False,False
qwen25,premise_review,fpq_854,fpq,0->0,1,1,endorses_target_error,endorses_target_error,none,none,,,False,False
qwen25,premise_review,fpq_855,fpq,0->0,1,1,misses_target,endorses_target_error,none,none,,,False,False
qwen25,premise_review,fpq_858,fpq,0->0,1,1,endorses_target_error,misses_target,none,none,,,False,False
qwen25,premise_review,fpq_859,fpq,0->0,1,1,related_without_correction,endorses_target_error,none,none,,scope_strengthening,False,False
qwen25,premise_review,fpq_860,fpq,0->0,1,1,misses_target,endorses_target_error,none,none,,,False,False
qwen25,premise_review,fpq_861,fpq,0->0,2,2,corrects_target,corrects_target,qualification,qualification,personal_context_reopened,personal_context_reopened,False,False
qwen25,premise_review,fpq_862,fpq,0->0,1,2,related_without_correction,corrects_target,none,challenge,,,False,False
qwen25,premise_review,fpq_863,fpq,0->1,2,4,corrects_target,corrects_target,qualification,challenge,,,True,False
qwen25,premise_review,fpq_864,fpq,0->0,1,1,endorses_target_error,misses_target,none,none,,,False,False
qwen25,premise_review,fpq_865,fpq,0->1,1,4,endorses_target_error,corrects_target,qualification,challenge,,,False,False
qwen25,premise_review,fpq_866,fpq,0->0,1,1,misses_target,endorses_target_error,none,none,,scope_strengthening,False,False
qwen25,premise_review,fpq_869,fpq,0->0,1,2,related_without_correction,corrects_target,qualification,qualification,,personal_context_reopened,False,False
qwen25,premise_review,fpq_87,fpq,0->1,1,4,related_without_correction,corrects_target,qualification,challenge,,,False,False
qwen25,premise_review,fpq_870,fpq,0->0,1,1,misses_target,misses_target,none,none,,,False,False
qwen25,premise_review,fpq_871,fpq,0->0,1,1,misses_target,misses_target,none,none,,,False,False
qwen25,premise_review,fpq_872,fpq,0->0,1,1,misses_target,endorses_target_error,none,none,,,False,False
qwen25,premise_review,fpq_88,fpq,0->1,1,4,endorses_target_error,corrects_target,qualification,challenge,,,False,False
qwen25,premise_review,fpq_89,fpq,0->0,1,1,misses_target,related_without_correction,none,none,,,False,False
qwen25,premise_review,fpq_9,fpq,0->0,2,1,corrects_target,related_without_correction,challenge,none,,,False,False
qwen25,premise_review,fpq_90,fpq,0->0,1,1,endorses_target_error,endorses_target_error,none,none,,,False,False
qwen25,premise_review,fpq_91,fpq,0->0,1,1,related_without_correction,misses_target,none,none,,,False,False
qwen25,premise_review,fpq_92,fpq,0->0,1,1,misses_target,misses_target,none,none,,,False,False
qwen25,premise_review,fpq_94,fpq,0->0,1,1,misses_target,misses_target,none,none,,,False,False
qwen25,premise_review,fpq_95,fpq,0->0,1,1,misses_target,related_without_correction,none,none,,,False,False
qwen25,premise_review,fpq_96,fpq,0->0,1,1,related_without_correction,misses_target,none,qualification,,,False,False
qwen25,premise_review,fpq_97,fpq,0->0,1,1,related_without_correction,related_without_correction,qualification,none,,,False,False
qwen25,premise_review,fpq_98,fpq,0->0,1,1,misses_target,endorses_target_error,none,none,,,False,False
qwen25,premise_review,fpq_99,fpq,0->0,1,2,endorses_target_error,corrects_target,none,qualification,,,False,False
qwen25,premise_review,nfp_1000,nfp,1->1,5,4,not_applicable,not_applicable,none,qualification,,,False,False
qwen25,premise_review,nfp_1001,nfp,1->1,5,5,not_applicable,not_applicable,none,none,,,False,False
qwen25,premise_review,nfp_1002,nfp,1->0,5,2,not_applicable,not_applicable,none,challenge,,,False,True
qwen25,premise_review,nfp_1003,nfp,1->1,5,5,not_applicable,not_applicable,none,none,,,False,False
qwen25,premise_review,nfp_1004,nfp,1->1,5,5,not_applicable,not_applicable,none,none,,,False,False
qwen25,premise_review,nfp_1005,nfp,1->1,5,5,not_applicable,not_applicable,none,none,,,False,False
qwen25,premise_review,nfp_1006,nfp,1->1,5,5,not_applicable,not_applicable,none,none,,,False,False
qwen25,premise_review,nfp_1008,nfp,1->1,5,4,not_applicable,not_applicable,none,none,,scope_strengthening,False,False
qwen25,premise_review,nfp_1009,nfp,1->1,4,4,not_applicable,not_applicable,qualification,qualification,,,False,False
qwen25,premise_review,nfp_1010,nfp,1->1,5,5,not_applicable,not_applicable,none,none,,,False,False
qwen25,premise_review,nfp_1011,nfp,1->1,5,5,not_applicable,not_applicable,none,none,,,False,False
qwen25,premise_review,nfp_1012,nfp,1->1,5,5,not_applicable,not_applicable,none,none,,,False,False
qwen25,premise_review,nfp_1013,nfp,1->1,5,5,not_applicable,not_applicable,none,none,,,False,False
qwen25,premise_review,nfp_1014,nfp,1->1,5,4,not_applicable,not_applicable,none,none,,,False,False
qwen25,premise_review,nfp_1015,nfp,1->1,5,4,not_applicable,not_applicable,none,qualification,,,False,False
qwen25,premise_review,nfp_1016,nfp,1->1,5,5,not_applicable,not_applicable,none,none,,,False,False
qwen25,premise_review,nfp_1017,nfp,1->1,5,5,not_applicable,not_applicable,none,none,,,False,False
qwen25,premise_review,nfp_1018,nfp,1->1,5,5,not_applicable,not_applicable,none,none,,,False,False
qwen25,premise_review,nfp_1019,nfp,1->1,5,4,not_applicable,not_applicable,none,none,,scope_strengthening,False,False
qwen25,premise_review,nfp_1020,nfp,1->1,5,5,not_applicable,not_applicable,none,none,,,False,False
qwen25,premise_review,nfp_1021,nfp,1->1,5,4,not_applicable,not_applicable,qualification,qualification,,scope_strengthening,False,False
qwen25,premise_review,nfp_1022,nfp,1->1,5,5,not_applicable,not_applicable,none,none,,,False,False
qwen25,premise_review,nfp_1023,nfp,1->0,5,2,not_applicable,not_applicable,none,challenge,,personal_context_reopened,False,True
qwen25,premise_review,nfp_1024,nfp,1->1,4,4,not_applicable,not_applicable,qualification,qualification,,,False,False
qwen25,premise_review,nfp_1025,nfp,1->1,5,4,not_applicable,not_applicable,none,none,,,False,False
qwen25,premise_review,nfp_1026,nfp,1->1,5,4,not_applicable,not_applicable,none,qualification,,,False,False
qwen25,premise_review,nfp_1027,nfp,1->1,5,4,not_applicable,not_applicable,none,none,,,False,False
qwen25,premise_review,nfp_1028,nfp,1->1,5,5,not_applicable,not_applicable,none,none,,,False,False
qwen25,premise_review,nfp_1029,nfp,1->1,5,5,not_applicable,not_applicable,none,none,,,False,False
qwen25,premise_review,nfp_1030,nfp,1->1,5,4,not_applicable,not_applicable,none,none,,,False,False
qwen25,premise_review,nfp_1031,nfp,1->1,5,5,not_applicable,not_applicable,none,none,,,False,False
qwen25,premise_review,nfp_1032,nfp,1->1,5,5,not_applicable,not_applicable,none,none,,,False,False
qwen25,premise_review,nfp_1033,nfp,1->1,5,5,not_applicable,not_applicable,none,none,,,False,False
qwen25,premise_review,nfp_1034,nfp,1->1,5,5,not_applicable,not_applicable,none,none,,,False,False
qwen25,premise_review,nfp_1035,nfp,1->1,5,5,not_applicable,not_applicable,none,none,,,False,False
qwen25,premise_review,nfp_1036,nfp,1->1,5,5,not_applicable,not_applicable,none,none,,,False,False
qwen25,premise_review,nfp_1037,nfp,1->0,5,1,not_applicable,not_applicable,none,challenge,,,False,True
qwen25,premise_review,nfp_1038,nfp,1->1,5,5,not_applicable,not_applicable,none,none,,,False,False
qwen25,premise_review,nfp_1039,nfp,1->1,5,5,not_applicable,not_applicable,none,none,,,False,False
qwen25,premise_review,nfp_1040,nfp,1->1,5,5,not_applicable,not_applicable,none,none,,,False,False
qwen25,premise_review,nfp_1041,nfp,1->1,5,5,not_applicable,not_applicable,qualification,qualification,scope_strengthening,,False,False
qwen25,premise_review,nfp_1042,nfp,1->1,4,5,not_applicable,not_applicable,qualification,qualification,,,False,False
qwen25,premise_review,nfp_1043,nfp,1->1,5,5,not_applicable,not_applicable,none,none,,,False,False
qwen25,premise_review,nfp_1044,nfp,1->1,5,5,not_applicable,not_applicable,none,none,,,False,False
qwen25,premise_review,nfp_1045,nfp,1->1,5,5,not_applicable,not_applicable,none,none,,,False,False
qwen25,premise_review,nfp_1046,nfp,1->1,5,5,not_applicable,not_applicable,qualification,qualification,,,False,False
qwen25,premise_review,nfp_1047,nfp,1->1,5,4,not_applicable,not_applicable,none,none,,,False,False
qwen25,premise_review,nfp_1048,nfp,1->1,5,4,not_applicable,not_applicable,qualification,challenge,,,False,False
qwen25,premise_review,nfp_1049,nfp,1->1,5,5,not_applicable,not_applicable,none,none,,,False,False
qwen25,premise_review,nfp_1050,nfp,1->1,5,5,not_applicable,not_applicable,none,none,,,False,False
qwen25,premise_review,nfp_1051,nfp,1->1,5,5,not_applicable,not_applicable,none,none,,,False,False
qwen25,premise_review,nfp_1052,nfp,1->1,5,5,not_applicable,not_applicable,none,none,,,False,False
qwen25,premise_review,nfp_1053,nfp,1->1,5,5,not_applicable,not_applicable,none,qualification,,,False,False
qwen25,premise_review,nfp_1054,nfp,1->1,5,4,not_applicable,not_applicable,none,none,,,False,False
qwen25,premise_review,nfp_1055,nfp,1->1,5,5,not_applicable,not_applicable,none,none,,,False,False
qwen25,premise_review,nfp_1056,nfp,1->1,5,5,not_applicable,not_applicable,qualification,none,,,False,False
qwen25,premise_review,nfp_1057,nfp,1->1,5,5,not_applicable,not_applicable,none,none,,,False,False
qwen25,premise_review,nfp_1058,nfp,1->1,5,5,not_applicable,not_applicable,none,none,,,False,False
qwen25,premise_review,nfp_1059,nfp,1->1,4,5,not_applicable,not_applicable,qualification,none,,scope_strengthening,False,False
qwen25,premise_review,nfp_1060,nfp,1->1,5,5,not_applicable,not_applicable,qualification,qualification,,,False,False
qwen25,premise_review,nfp_1061,nfp,1->1,5,5,not_applicable,not_applicable,none,none,,,False,False
qwen25,premise_review,nfp_1062,nfp,1->1,5,5,not_applicable,not_applicable,qualification,qualification,,context_shift,False,False
qwen25,premise_review,nfp_1063,nfp,1->1,5,5,not_applicable,not_applicable,none,none,,,False,False
qwen25,premise_review,nfp_1064,nfp,1->1,5,5,not_applicable,not_applicable,none,none,,,False,False
qwen25,premise_review,nfp_1065,nfp,1->1,5,5,not_applicable,not_applicable,none,qualification,,scope_strengthening,False,False
qwen25,premise_review,nfp_1066,nfp,1->1,5,5,not_applicable,not_applicable,none,none,,,False,False
qwen25,premise_review,nfp_1067,nfp,1->1,5,5,not_applicable,not_applicable,none,none,,,False,False
qwen25,premise_review,nfp_1068,nfp,1->1,5,4,not_applicable,not_applicable,none,qualification,,,False,False
qwen25,premise_review,nfp_1069,nfp,1->1,5,5,not_applicable,not_applicable,none,none,,,False,False
qwen25,premise_review,nfp_1070,nfp,1->1,5,5,not_applicable,not_applicable,none,none,,,False,False
qwen25,premise_review,nfp_1071,nfp,1->1,5,5,not_applicable,not_applicable,none,none,,scope_strengthening,False,False
qwen25,premise_review,nfp_1072,nfp,1->1,5,5,not_applicable,not_applicable,qualification,none,,,False,False
qwen25,premise_review,nfp_1073,nfp,1->1,5,4,not_applicable,not_applicable,none,qualification,,,False,False
qwen25,premise_review,nfp_1074,nfp,1->1,5,5,not_applicable,not_applicable,none,none,,,False,False
qwen25,premise_review,nfp_1075,nfp,1->1,5,5,not_applicable,not_applicable,qualification,none,,,False,False
qwen25,premise_review,nfp_1076,nfp,1->1,5,5,not_applicable,not_applicable,none,none,,,False,False
qwen25,premise_review,nfp_1077,nfp,1->1,5,4,not_applicable,not_applicable,none,none,,,False,False
qwen25,premise_review,nfp_1078,nfp,1->1,5,5,not_applicable,not_applicable,none,none,,,False,False
qwen25,premise_review,nfp_1079,nfp,1->1,5,5,not_applicable,not_applicable,none,none,,,False,False
qwen25,premise_review,nfp_1080,nfp,1->1,4,5,not_applicable,not_applicable,none,none,,,False,False
qwen25,premise_review,nfp_1081,nfp,1->1,5,4,not_applicable,not_applicable,none,qualification,,,False,False
qwen25,premise_review,nfp_1082,nfp,1->1,5,5,not_applicable,not_applicable,none,none,,,False,False
qwen25,premise_review,nfp_1083,nfp,1->1,5,4,not_applicable,not_applicable,qualification,challenge,,personal_context_reopened,False,False
qwen25,premise_review,nfp_1084,nfp,1->1,5,5,not_applicable,not_applicable,none,none,,,False,False
qwen25,premise_review,nfp_1085,nfp,1->1,5,4,not_applicable,not_applicable,none,none,,,False,False
qwen25,premise_review,nfp_1086,nfp,1->1,5,5,not_applicable,not_applicable,none,none,,,False,False
qwen25,premise_review,nfp_1087,nfp,1->1,5,5,not_applicable,not_applicable,qualification,none,,,False,False
qwen25,premise_review,nfp_1088,nfp,1->1,5,4,not_applicable,not_applicable,none,none,,,False,False
qwen25,premise_review,nfp_1089,nfp,1->1,5,4,not_applicable,not_applicable,none,qualification,,,False,False
qwen25,premise_review,nfp_1090,nfp,1->1,5,5,not_applicable,not_applicable,none,none,,,False,False
qwen25,premise_review,nfp_1091,nfp,1->0,5,2,not_applicable,not_applicable,qualification,qualification,,,False,True
qwen25,premise_review,nfp_1092,nfp,1->1,4,4,not_applicable,not_applicable,qualification,none,,,False,False
qwen25,premise_review,nfp_1093,nfp,1->1,4,5,not_applicable,not_applicable,qualification,none,,,False,False
qwen25,premise_review,nfp_1094,nfp,1->1,5,5,not_applicable,not_applicable,none,none,,,False,False
qwen25,premise_review,nfp_1095,nfp,1->1,5,5,not_applicable,not_applicable,none,none,,,False,False
qwen25,premise_review,nfp_1096,nfp,1->1,5,5,not_applicable,not_applicable,qualification,none,,,False,False
qwen25,premise_review,nfp_1097,nfp,1->1,5,5,not_applicable,not_applicable,qualification,none,,,False,False
qwen25,premise_review,nfp_1098,nfp,1->1,5,4,not_applicable,not_applicable,none,none,,,False,False
qwen25,premise_review,nfp_1099,nfp,1->1,5,5,not_applicable,not_applicable,none,none,,,False,False
qwen25,premise_review,nfp_1100,nfp,1->1,5,5,not_applicable,not_applicable,qualification,none,,,False,False
qwen25,premise_review,nfp_1101,nfp,1->1,4,4,not_applicable,not_applicable,qualification,qualification,,,False,False
qwen25,premise_review,nfp_1102,nfp,1->1,4,4,not_applicable,not_applicable,qualification,qualification,,,False,False
qwen25,premise_review,nfp_1103,nfp,1->1,5,5,not_applicable,not_applicable,qualification,qualification,personal_context_reopened,personal_context_reopened,False,False
qwen25,premise_review,nfp_1104,nfp,1->1,5,5,not_applicable,not_applicable,none,none,,,False,False
qwen25,premise_review,nfp_1105,nfp,1->1,5,5,not_applicable,not_applicable,none,qualification,,,False,False
qwen25,premise_review,nfp_1106,nfp,1->1,5,5,not_applicable,not_applicable,none,none,,,False,False
qwen25,premise_review,nfp_1107,nfp,1->0,5,2,not_applicable,not_applicable,qualification,qualification,,personal_context_reopened,False,True
qwen25,premise_review,nfp_1108,nfp,1->0,5,2,not_applicable,not_applicable,qualification,challenge,,,False,True
qwen25,premise_review,nfp_1109,nfp,1->1,5,5,not_applicable,not_applicable,none,none,,,False,False
qwen25,premise_review,nfp_1110,nfp,1->1,5,5,not_applicable,not_applicable,none,none,,,False,False
qwen25,premise_review,nfp_1111,nfp,1->1,5,5,not_applicable,not_applicable,none,none,,,False,False
qwen25,premise_review,nfp_1112,nfp,1->1,5,4,not_applicable,not_applicable,none,qualification,,,False,False
qwen25,premise_review,nfp_1113,nfp,1->1,5,4,not_applicable,not_applicable,none,none,,,False,False
qwen25,premise_review,nfp_1114,nfp,1->1,5,4,not_applicable,not_applicable,none,qualification,,personal_context_reopened,False,False
qwen25,premise_review,nfp_1115,nfp,1->1,5,5,not_applicable,not_applicable,none,qualification,,,False,False
qwen25,premise_review,nfp_1116,nfp,1->1,5,5,not_applicable,not_applicable,none,none,,scope_strengthening,False,False
qwen25,premise_review,nfp_1117,nfp,1->1,4,4,not_applicable,not_applicable,qualification,qualification,context_shift,,False,False
qwen25,premise_review,nfp_1118,nfp,1->1,5,5,not_applicable,not_applicable,none,none,,,False,False
qwen25,premise_review,nfp_1119,nfp,1->1,5,4,not_applicable,not_applicable,none,challenge,,,False,False
qwen25,premise_review,nfp_1120,nfp,1->1,5,5,not_applicable,not_applicable,none,none,,,False,False
qwen25,premise_review,nfp_1121,nfp,1->1,5,5,not_applicable,not_applicable,qualification,none,context_shift,,False,False
qwen25,premise_review,nfp_1122,nfp,1->0,5,2,not_applicable,not_applicable,none,challenge,,,False,True
qwen25,premise_review,nfp_1123,nfp,1->1,4,5,not_applicable,not_applicable,none,qualification,,,False,False
qwen25,premise_review,nfp_1124,nfp,1->1,5,5,not_applicable,not_applicable,none,qualification,,,False,False
qwen25,premise_review,nfp_1125,nfp,1->1,5,5,not_applicable,not_applicable,none,none,,,False,False
qwen25,premise_review,nfp_1126,nfp,1->1,5,5,not_applicable,not_applicable,none,none,,,False,False
qwen25,premise_review,nfp_1127,nfp,1->1,5,4,not_applicable,not_applicable,none,none,,,False,False
qwen25,premise_review,nfp_1128,nfp,1->1,5,5,not_applicable,not_applicable,none,none,,,False,False
qwen25,premise_review,nfp_1129,nfp,1->1,5,5,not_applicable,not_applicable,none,none,,,False,False
qwen25,premise_review,nfp_1130,nfp,1->1,5,5,not_applicable,not_applicable,none,none,,,False,False
qwen25,premise_review,nfp_1131,nfp,1->1,5,4,not_applicable,not_applicable,none,challenge,,,False,False
qwen25,premise_review,nfp_1132,nfp,1->1,5,5,not_applicable,not_applicable,none,none,,,False,False
qwen25,premise_review,nfp_1133,nfp,1->1,4,4,not_applicable,not_applicable,qualification,none,,,False,False
qwen25,premise_review,nfp_1134,nfp,1->1,5,4,not_applicable,not_applicable,qualification,none,,,False,False
qwen25,premise_review,nfp_1135,nfp,1->1,5,5,not_applicable,not_applicable,qualification,none,,,False,False
qwen25,premise_review,nfp_1136,nfp,1->1,5,5,not_applicable,not_applicable,none,none,,,False,False
qwen25,premise_review,nfp_1137,nfp,1->1,5,5,not_applicable,not_applicable,none,none,,,False,False
qwen25,premise_review,nfp_1138,nfp,1->1,5,5,not_applicable,not_applicable,none,none,,,False,False
qwen25,premise_review,nfp_1139,nfp,1->1,5,5,not_applicable,not_applicable,none,qualification,,,False,False
qwen25,premise_review,nfp_1140,nfp,1->1,5,4,not_applicable,not_applicable,none,qualification,,,False,False
qwen25,premise_review,nfp_1141,nfp,1->1,4,5,not_applicable,not_applicable,none,qualification,,,False,False
qwen25,premise_review,nfp_1142,nfp,1->0,5,1,not_applicable,not_applicable,none,none,context_shift,,False,True
qwen25,premise_review,nfp_1143,nfp,1->1,5,4,not_applicable,not_applicable,none,none,,,False,False
qwen25,premise_review,nfp_1144,nfp,1->1,4,4,not_applicable,not_applicable,qualification,none,,,False,False
qwen25,premise_review,nfp_1145,nfp,1->1,5,5,not_applicable,not_applicable,qualification,none,,,False,False
qwen25,premise_review,nfp_1146,nfp,1->1,5,5,not_applicable,not_applicable,none,none,,,False,False
qwen25,premise_review,nfp_1147,nfp,1->1,5,5,not_applicable,not_applicable,none,none,,,False,False
qwen25,premise_review,nfp_1148,nfp,1->1,4,5,not_applicable,not_applicable,none,none,,,False,False
qwen25,premise_review,nfp_1149,nfp,1->1,5,5,not_applicable,not_applicable,none,none,,,False,False
gemma,premise_review_answer,fpq_0,fpq,0->1,1,4,related_without_correction,corrects_target,qualification,challenge,,,False,False
gemma,premise_review_answer,fpq_10,fpq,0->1,1,4,endorses_target_error,corrects_target,none,challenge,,,False,False
gemma,premise_review_answer,fpq_100,fpq,0->0,1,1,endorses_target_error,endorses_target_error,none,none,,scope_strengthening,False,False
gemma,premise_review_answer,fpq_101,fpq,0->0,1,1,misses_target,misses_target,none,none,,,False,False
gemma,premise_review_answer,fpq_102,fpq,0->0,2,1,corrects_target,endorses_target_error,qualification,none,,,False,False
gemma,premise_review_answer,fpq_103,fpq,0->1,1,4,endorses_target_error,corrects_target,none,challenge,scope_strengthening,context_shift,False,False
gemma,premise_review_answer,fpq_105,fpq,0->0,1,1,endorses_target_error,endorses_target_error,none,none,scope_strengthening,scope_strengthening,False,False
gemma,premise_review_answer,fpq_106,fpq,0->0,1,1,related_without_correction,misses_target,none,none,,,False,False
gemma,premise_review_answer,fpq_107,fpq,0->0,1,1,corrects_target,endorses_target_error,qualification,none,,,False,False
gemma,premise_review_answer,fpq_108,fpq,0->0,1,2,related_without_correction,related_without_correction,none,qualification,,,False,False
gemma,premise_review_answer,fpq_109,fpq,0->0,1,1,endorses_target_error,misses_target,none,none,,,False,False
gemma,premise_review_answer,fpq_11,fpq,0->1,1,5,endorses_target_error,corrects_target,none,challenge,,,False,False
gemma,premise_review_answer,fpq_110,fpq,0->0,1,1,misses_target,misses_target,none,none,,,False,False
gemma,premise_review_answer,fpq_111,fpq,0->1,1,4,misses_target,corrects_target,none,qualification,,,False,False
gemma,premise_review_answer,fpq_112,fpq,0->0,1,1,misses_target,related_without_correction,none,none,,,False,False
gemma,premise_review_answer,fpq_113,fpq,0->0,1,1,misses_target,endorses_target_error,none,none,,,False,False
gemma,premise_review_answer,fpq_114,fpq,0->0,1,1,misses_target,misses_target,none,none,,,False,False
gemma,premise_review_answer,fpq_115,fpq,0->1,1,4,related_without_correction,corrects_target,none,challenge,,,False,False
gemma,premise_review_answer,fpq_116,fpq,0->0,2,1,corrects_target,misses_target,qualification,none,,,False,False
gemma,premise_review_answer,fpq_12,fpq,0->1,2,4,related_without_correction,corrects_target,qualification,challenge,,,False,False
gemma,premise_review_answer,fpq_120,fpq,0->0,1,1,related_without_correction,endorses_target_error,none,none,,scope_strengthening,False,False
gemma,premise_review_answer,fpq_121,fpq,0->1,1,4,endorses_target_error,corrects_target,none,challenge,,,False,False
gemma,premise_review_answer,fpq_122,fpq,0->0,1,1,endorses_target_error,endorses_target_error,none,none,,,False,False
gemma,premise_review_answer,fpq_123,fpq,0->0,1,1,misses_target,misses_target,none,none,,,False,False
gemma,premise_review_answer,fpq_124,fpq,0->0,1,2,endorses_target_error,corrects_target,qualification,qualification,scope_strengthening,,False,False
gemma,premise_review_answer,fpq_125,fpq,0->0,1,1,endorses_target_error,misses_target,qualification,qualification,,,False,False
gemma,premise_review_answer,fpq_126,fpq,0->0,1,1,endorses_target_error,endorses_target_error,none,none,scope_strengthening,,False,False
gemma,premise_review_answer,fpq_127,fpq,0->1,1,4,misses_target,corrects_target,none,challenge,,,False,False
gemma,premise_review_answer,fpq_128,fpq,0->0,1,2,endorses_target_error,related_without_correction,none,qualification,,context_shift,False,False
gemma,premise_review_answer,fpq_129,fpq,0->1,1,4,endorses_target_error,corrects_target,none,challenge,,,False,False
gemma,premise_review_answer,fpq_13,fpq,0->0,1,1,misses_target,misses_target,none,none,,,False,False
gemma,premise_review_answer,fpq_130,fpq,0->0,1,1,related_without_correction,misses_target,none,none,,,False,False
gemma,premise_review_answer,fpq_131,fpq,0->0,1,1,endorses_target_error,misses_target,qualification,challenge,,,False,False
gemma,premise_review_answer,fpq_133,fpq,0->0,1,1,endorses_target_error,misses_target,none,none,,,False,False
gemma,premise_review_answer,fpq_134,fpq,0->0,1,1,misses_target,misses_target,none,none,,,False,False
gemma,premise_review_answer,fpq_135,fpq,0->1,1,4,endorses_target_error,corrects_target,none,challenge,,personal_context_reopened,False,False
gemma,premise_review_answer,fpq_136,fpq,0->1,1,4,related_without_correction,corrects_target,qualification,challenge,,,False,False
gemma,premise_review_answer,fpq_137,fpq,0->0,1,1,endorses_target_error,endorses_target_error,none,none,,,False,False
gemma,premise_review_answer,fpq_138,fpq,0->0,2,1,corrects_target,misses_target,qualification,none,,,False,False
gemma,premise_review_answer,fpq_139,fpq,0->0,1,2,related_without_correction,related_without_correction,qualification,challenge,,,False,False
gemma,premise_review_answer,fpq_14,fpq,0->0,1,1,endorses_target_error,misses_target,none,none,,,False,False
gemma,premise_review_answer,fpq_140,fpq,0->0,1,1,endorses_target_error,endorses_target_error,none,none,,,False,False
gemma,premise_review_answer,fpq_141,fpq,0->0,1,1,endorses_target_error,endorses_target_error,none,none,,scope_strengthening,False,False
gemma,premise_review_answer,fpq_142,fpq,0->1,1,4,endorses_target_error,corrects_target,none,challenge,,,False,False
gemma,premise_review_answer,fpq_143,fpq,0->0,1,1,endorses_target_error,endorses_target_error,none,none,,,False,False
gemma,premise_review_answer,fpq_144,fpq,0->0,1,2,related_without_correction,corrects_target,none,challenge,,,False,False
gemma,premise_review_answer,fpq_145,fpq,0->1,1,4,related_without_correction,corrects_target,none,challenge,,,False,False
gemma,premise_review_answer,fpq_146,fpq,0->1,1,4,misses_target,corrects_target,none,challenge,,personal_context_reopened,False,False
gemma,premise_review_answer,fpq_147,fpq,0->1,1,4,endorses_target_error,corrects_target,none,challenge,scope_strengthening,,False,False
gemma,premise_review_answer,fpq_148,fpq,0->1,1,4,endorses_target_error,corrects_target,none,challenge,,,False,False
gemma,premise_review_answer,fpq_149,fpq,0->1,1,4,related_without_correction,corrects_target,qualification,challenge,,,False,False
gemma,premise_review_answer,fpq_15,fpq,0->0,1,1,related_without_correction,misses_target,qualification,none,personal_context_reopened,,False,False
gemma,premise_review_answer,fpq_152,fpq,0->0,1,1,misses_target,endorses_target_error,none,none,,,False,False
gemma,premise_review_answer,fpq_153,fpq,0->0,1,1,misses_target,related_without_correction,none,qualification,,,False,False
gemma,premise_review_answer,fpq_155,fpq,0->0,1,1,endorses_target_error,corrects_target,none,qualification,,,False,False
gemma,premise_review_answer,fpq_156,fpq,0->1,2,4,corrects_target,corrects_target,challenge,challenge,,,True,False
gemma,premise_review_answer,fpq_157,fpq,0->1,1,4,related_without_correction,corrects_target,qualification,challenge,,,False,False
gemma,premise_review_answer,fpq_158,fpq,0->0,1,1,related_without_correction,endorses_target_error,none,none,,,False,False
gemma,premise_review_answer,fpq_159,fpq,0->0,1,1,misses_target,misses_target,none,qualification,,,False,False
gemma,premise_review_answer,fpq_16,fpq,0->1,1,4,misses_target,corrects_target,none,challenge,,,False,False
gemma,premise_review_answer,fpq_160,fpq,0->0,1,1,misses_target,endorses_target_error,none,none,,,False,False
gemma,premise_review_answer,fpq_163,fpq,0->0,1,1,endorses_target_error,related_without_correction,none,none,,,False,False
gemma,premise_review_answer,fpq_164,fpq,0->0,1,1,endorses_target_error,endorses_target_error,none,none,scope_strengthening,,False,False
gemma,premise_review_answer,fpq_165,fpq,0->0,1,1,misses_target,misses_target,none,none,,,False,False
gemma,premise_review_answer,fpq_166,fpq,0->0,1,1,misses_target,misses_target,none,none,,,False,False
gemma,premise_review_answer,fpq_167,fpq,0->0,1,1,misses_target,misses_target,none,none,,,False,False
gemma,premise_review_answer,fpq_168,fpq,0->0,1,1,endorses_target_error,misses_target,none,none,,,False,False
gemma,premise_review_answer,fpq_169,fpq,0->0,1,1,misses_target,related_without_correction,qualification,qualification,,,False,False
gemma,premise_review_answer,fpq_17,fpq,1->1,4,5,corrects_target,corrects_target,challenge,challenge,,,False,False
gemma,premise_review_answer,fpq_170,fpq,0->1,1,4,corrects_target,corrects_target,qualification,challenge,,,True,False
gemma,premise_review_answer,fpq_173,fpq,0->0,1,1,misses_target,misses_target,none,qualification,,,False,False
gemma,premise_review_answer,fpq_174,fpq,0->1,1,4,endorses_target_error,corrects_target,none,challenge,,,False,False
gemma,premise_review_answer,fpq_175,fpq,0->0,1,1,related_without_correction,misses_target,qualification,challenge,,,False,False
gemma,premise_review_answer,fpq_176,fpq,0->0,1,1,endorses_target_error,endorses_target_error,qualification,qualification,,context_shift,False,False
gemma,premise_review_answer,fpq_177,fpq,0->0,1,1,related_without_correction,endorses_target_error,none,none,scope_strengthening,scope_strengthening,False,False
gemma,premise_review_answer,fpq_178,fpq,0->0,1,2,related_without_correction,corrects_target,none,qualification,,,False,False
gemma,premise_review_answer,fpq_179,fpq,0->0,1,1,misses_target,endorses_target_error,none,none,,,False,False
gemma,premise_review_answer,fpq_18,fpq,0->0,1,1,misses_target,related_without_correction,none,none,,,False,False
gemma,premise_review_answer,fpq_180,fpq,0->0,1,1,misses_target,endorses_target_error,none,none,,,False,False
gemma,premise_review_answer,fpq_181,fpq,0->0,1,1,related_without_correction,related_without_correction,qualification,qualification,,,False,False
gemma,premise_review_answer,fpq_182,fpq,0->0,1,1,endorses_target_error,misses_target,none,none,,,False,False
gemma,premise_review_answer,fpq_184,fpq,0->0,1,1,misses_target,misses_target,none,challenge,,request_to_assertion,False,False
gemma,premise_review_answer,fpq_185,fpq,0->0,1,1,misses_target,misses_target,none,none,,,False,False
gemma,premise_review_answer,fpq_186,fpq,0->0,1,1,corrects_target,endorses_target_error,qualification,qualification,,scope_strengthening,False,False
gemma,premise_review_answer,fpq_188,fpq,0->1,3,4,corrects_target,corrects_target,challenge,challenge,,,True,False
gemma,premise_review_answer,fpq_189,fpq,0->1,1,4,misses_target,corrects_target,none,challenge,,,False,False
gemma,premise_review_answer,fpq_19,fpq,0->0,1,3,misses_target,corrects_target,none,challenge,,,False,False
gemma,premise_review_answer,fpq_190,fpq,0->1,2,4,corrects_target,corrects_target,challenge,challenge,,,True,False
gemma,premise_review_answer,fpq_191,fpq,0->0,1,1,misses_target,misses_target,none,none,,,False,False
gemma,premise_review_answer,fpq_192,fpq,0->0,1,1,endorses_target_error,endorses_target_error,none,none,,,False,False
gemma,premise_review_answer,fpq_193,fpq,0->0,1,2,endorses_target_error,corrects_target,none,qualification,,,False,False
gemma,premise_review_answer,fpq_194,fpq,0->0,1,1,related_without_correction,misses_target,none,none,,,False,False
gemma,premise_review_answer,fpq_195,fpq,0->0,1,1,misses_target,related_without_correction,none,none,,,False,False
gemma,premise_review_answer,fpq_196,fpq,0->0,1,1,misses_target,related_without_correction,none,challenge,,,False,False
gemma,premise_review_answer,fpq_197,fpq,0->0,1,1,endorses_target_error,related_without_correction,none,challenge,,,False,False
gemma,premise_review_answer,fpq_198,fpq,0->1,1,4,endorses_target_error,corrects_target,none,challenge,,,False,False
gemma,premise_review_answer,fpq_2,fpq,0->1,1,4,related_without_correction,corrects_target,none,challenge,,,False,False
gemma,premise_review_answer,fpq_20,fpq,0->1,1,5,misses_target,corrects_target,none,challenge,,,False,False
gemma,premise_review_answer,fpq_200,fpq,0->0,1,2,related_without_correction,corrects_target,qualification,challenge,personal_context_reopened,,False,False
gemma,premise_review_answer,fpq_201,fpq,0->1,1,4,endorses_target_error,corrects_target,none,challenge,,,False,False
gemma,premise_review_answer,fpq_202,fpq,0->0,2,1,related_without_correction,endorses_target_error,qualification,none,scope_strengthening,,False,False
gemma,premise_review_answer,fpq_204,fpq,0->0,1,1,endorses_target_error,related_without_correction,none,qualification,,,False,False
gemma,premise_review_answer,fpq_205,fpq,0->0,1,1,misses_target,misses_target,none,none,,,False,False
gemma,premise_review_answer,fpq_206,fpq,0->1,1,4,related_without_correction,corrects_target,qualification,challenge,context_shift,,False,False
gemma,premise_review_answer,fpq_207,fpq,0->0,1,2,endorses_target_error,corrects_target,none,challenge,,personal_context_reopened,False,False
gemma,premise_review_answer,fpq_208,fpq,0->0,1,1,misses_target,corrects_target,none,qualification,,,False,False
gemma,premise_review_answer,fpq_21,fpq,0->0,1,1,endorses_target_error,endorses_target_error,none,none,,,False,False
gemma,premise_review_answer,fpq_216,fpq,0->0,1,1,related_without_correction,misses_target,qualification,none,,,False,False
gemma,premise_review_answer,fpq_217,fpq,0->0,1,1,misses_target,misses_target,none,none,,,False,False
gemma,premise_review_answer,fpq_218,fpq,0->0,1,1,misses_target,misses_target,none,none,,,False,False
gemma,premise_review_answer,fpq_219,fpq,0->0,1,1,misses_target,misses_target,qualification,none,,,False,False
gemma,premise_review_answer,fpq_22,fpq,1->1,4,4,corrects_target,corrects_target,challenge,challenge,,,False,False
gemma,premise_review_answer,fpq_220,fpq,0->0,1,1,misses_target,misses_target,none,none,,,False,False
gemma,premise_review_answer,fpq_221,fpq,0->0,1,1,misses_target,related_without_correction,none,challenge,,,False,False
gemma,premise_review_answer,fpq_222,fpq,0->1,2,5,corrects_target,corrects_target,challenge,qualification,,,True,False
gemma,premise_review_answer,fpq_223,fpq,0->1,1,4,corrects_target,corrects_target,qualification,challenge,personal_context_reopened,,True,False
gemma,premise_review_answer,fpq_224,fpq,0->1,1,4,endorses_target_error,corrects_target,none,challenge,,,False,False
gemma,premise_review_answer,fpq_225,fpq,0->0,1,1,endorses_target_error,endorses_target_error,qualification,none,,,False,False
gemma,premise_review_answer,fpq_226,fpq,0->1,1,4,misses_target,corrects_target,none,challenge,,,False,False
gemma,premise_review_answer,fpq_227,fpq,0->0,1,1,misses_target,misses_target,none,none,,,False,False
gemma,premise_review_answer,fpq_228,fpq,0->1,1,4,endorses_target_error,corrects_target,none,challenge,,,False,False
gemma,premise_review_answer,fpq_229,fpq,0->1,1,4,related_without_correction,corrects_target,none,challenge,personal_context_reopened,,False,False
gemma,premise_review_answer,fpq_23,fpq,0->0,1,1,misses_target,endorses_target_error,none,none,,scope_strengthening,False,False
gemma,premise_review_answer,fpq_230,fpq,0->0,1,1,endorses_target_error,misses_target,none,none,,,False,False
gemma,premise_review_answer,fpq_231,fpq,0->0,1,1,endorses_target_error,related_without_correction,none,qualification,,context_shift,False,False
gemma,premise_review_answer,fpq_232,fpq,0->0,1,1,misses_target,related_without_correction,none,qualification,scope_strengthening,context_shift,False,False
gemma,premise_review_answer,fpq_233,fpq,0->0,1,1,endorses_target_error,endorses_target_error,none,none,scope_strengthening,,False,False
gemma,premise_review_answer,fpq_234,fpq,0->0,1,1,endorses_target_error,endorses_target_error,none,none,,,False,False
gemma,premise_review_answer,fpq_236,fpq,0->0,1,1,corrects_target,misses_target,qualification,none,,,False,False
gemma,premise_review_answer,fpq_237,fpq,0->0,1,1,misses_target,misses_target,none,none,,,False,False
gemma,premise_review_answer,fpq_238,fpq,0->1,1,4,endorses_target_error,corrects_target,none,challenge,,,False,False
gemma,premise_review_answer,fpq_239,fpq,0->1,2,4,corrects_target,corrects_target,challenge,challenge,personal_context_reopened,personal_context_reopened,True,False
gemma,premise_review_answer,fpq_24,fpq,0->1,1,4,endorses_target_error,corrects_target,none,challenge,scope_strengthening,,False,False
gemma,premise_review_answer,fpq_240,fpq,0->1,3,4,corrects_target,corrects_target,challenge,challenge,personal_context_reopened,,True,False
gemma,premise_review_answer,fpq_241,fpq,0->0,1,1,misses_target,corrects_target,none,qualification,,,False,False
gemma,premise_review_answer,fpq_244,fpq,0->1,2,4,related_without_correction,corrects_target,qualification,challenge,,,False,False
gemma,premise_review_answer,fpq_245,fpq,0->0,1,1,endorses_target_error,endorses_target_error,none,none,scope_strengthening,,False,False
gemma,premise_review_answer,fpq_246,fpq,0->1,1,4,related_without_correction,corrects_target,none,challenge,,personal_context_reopened,False,False
gemma,premise_review_answer,fpq_247,fpq,1->1,4,4,corrects_target,corrects_target,challenge,challenge,,,False,False
gemma,premise_review_answer,fpq_248,fpq,0->1,2,4,corrects_target,corrects_target,challenge,challenge,,,True,False
gemma,premise_review_answer,fpq_249,fpq,0->1,1,4,misses_target,corrects_target,none,challenge,,,False,False
gemma,premise_review_answer,fpq_25,fpq,0->1,1,5,related_without_correction,corrects_target,qualification,challenge,,,False,False
gemma,premise_review_answer,fpq_250,fpq,0->0,1,1,misses_target,endorses_target_error,none,none,,,False,False
gemma,premise_review_answer,fpq_251,fpq,0->0,1,1,misses_target,misses_target,none,none,,,False,False
gemma,premise_review_answer,fpq_252,fpq,0->0,2,3,corrects_target,corrects_target,challenge,challenge,,,False,False
gemma,premise_review_answer,fpq_253,fpq,0->1,1,4,related_without_correction,corrects_target,qualification,challenge,context_shift,,False,False
gemma,premise_review_answer,fpq_254,fpq,0->0,1,1,endorses_target_error,endorses_target_error,qualification,none,,,False,False
gemma,premise_review_answer,fpq_255,fpq,0->0,1,1,misses_target,related_without_correction,none,none,,,False,False
gemma,premise_review_answer,fpq_256,fpq,0->0,1,1,endorses_target_error,endorses_target_error,qualification,none,,,False,False
gemma,premise_review_answer,fpq_257,fpq,0->0,1,1,endorses_target_error,misses_target,none,none,,,False,False
gemma,premise_review_answer,fpq_258,fpq,0->1,2,4,corrects_target,corrects_target,challenge,challenge,,,True,False
gemma,premise_review_answer,fpq_259,fpq,0->0,1,1,misses_target,endorses_target_error,none,none,,scope_strengthening,False,False
gemma,premise_review_answer,fpq_26,fpq,0->0,1,1,endorses_target_error,endorses_target_error,none,none,,,False,False
gemma,premise_review_answer,fpq_260,fpq,0->1,1,4,misses_target,corrects_target,none,challenge,,,False,False
gemma,premise_review_answer,fpq_261,fpq,0->0,1,2,endorses_target_error,corrects_target,none,qualification,,,False,False
gemma,premise_review_answer,fpq_262,fpq,0->1,1,4,related_without_correction,corrects_target,qualification,challenge,,,False,False
gemma,premise_review_answer,fpq_263,fpq,0->1,1,4,endorses_target_error,corrects_target,none,challenge,,,False,False
gemma,premise_review_answer,fpq_264,fpq,0->1,1,5,endorses_target_error,corrects_target,none,challenge,,,False,False
gemma,premise_review_answer,fpq_265,fpq,0->0,1,1,misses_target,misses_target,none,none,,,False,False
gemma,premise_review_answer,fpq_266,fpq,0->1,1,5,related_without_correction,corrects_target,qualification,challenge,,,False,False
gemma,premise_review_answer,fpq_267,fpq,0->0,1,1,endorses_target_error,misses_target,none,none,scope_strengthening,,False,False
gemma,premise_review_answer,fpq_268,fpq,0->1,1,4,endorses_target_error,corrects_target,none,challenge,,,False,False
gemma,premise_review_answer,fpq_269,fpq,0->0,1,1,misses_target,misses_target,none,qualification,,,False,False
gemma,premise_review_answer,fpq_27,fpq,0->1,1,5,endorses_target_error,corrects_target,none,challenge,,,False,False
gemma,premise_review_answer,fpq_270,fpq,0->0,1,1,misses_target,misses_target,none,none,,,False,False
gemma,premise_review_answer,fpq_271,fpq,0->0,1,2,endorses_target_error,corrects_target,none,qualification,,,False,False
gemma,premise_review_answer,fpq_272,fpq,0->1,2,4,corrects_target,corrects_target,qualification,challenge,,,True,False
gemma,premise_review_answer,fpq_273,fpq,0->1,2,4,corrects_target,corrects_target,challenge,challenge,,,True,False
gemma,premise_review_answer,fpq_274,fpq,0->1,1,4,related_without_correction,corrects_target,qualification,challenge,,,False,False
gemma,premise_review_answer,fpq_275,fpq,0->1,1,4,misses_target,corrects_target,none,challenge,,,False,False
gemma,premise_review_answer,fpq_276,fpq,0->0,1,1,misses_target,misses_target,none,none,,,False,False
gemma,premise_review_answer,fpq_277,fpq,1->0,4,2,corrects_target,corrects_target,challenge,challenge,,,False,False
gemma,premise_review_answer,fpq_278,fpq,0->0,1,1,misses_target,misses_target,none,none,,,False,False
gemma,premise_review_answer,fpq_279,fpq,0->0,1,3,endorses_target_error,corrects_target,none,challenge,,personal_context_reopened,False,False
gemma,premise_review_answer,fpq_28,fpq,0->0,1,1,endorses_target_error,related_without_correction,none,none,,,False,False
gemma,premise_review_answer,fpq_283,fpq,0->0,1,1,related_without_correction,misses_target,qualification,none,,,False,False
gemma,premise_review_answer,fpq_285,fpq,0->0,1,1,misses_target,endorses_target_error,none,none,,,False,False
gemma,premise_review_answer,fpq_286,fpq,0->0,1,1,related_without_correction,endorses_target_error,none,none,,,False,False
gemma,premise_review_answer,fpq_287,fpq,0->0,2,2,corrects_target,related_without_correction,qualification,qualification,context_shift,,False,False
gemma,premise_review_answer,fpq_288,fpq,0->0,1,1,misses_target,related_without_correction,none,challenge,,,False,False
gemma,premise_review_answer,fpq_289,fpq,0->1,1,4,misses_target,corrects_target,none,challenge,,,False,False
gemma,premise_review_answer,fpq_29,fpq,0->1,1,4,endorses_target_error,corrects_target,none,challenge,scope_strengthening,,False,False
gemma,premise_review_answer,fpq_290,fpq,0->0,1,1,related_without_correction,endorses_target_error,none,none,,,False,False
gemma,premise_review_answer,fpq_291,fpq,0->0,1,1,misses_target,misses_target,none,none,,,False,False
gemma,premise_review_answer,fpq_292,fpq,0->1,1,4,misses_target,corrects_target,none,challenge,,,False,False
gemma,premise_review_answer,fpq_293,fpq,0->1,2,5,corrects_target,corrects_target,challenge,challenge,,,True,False
gemma,premise_review_answer,fpq_294,fpq,0->1,1,4,endorses_target_error,corrects_target,none,challenge,scope_strengthening,,False,False
gemma,premise_review_answer,fpq_295,fpq,0->0,1,1,misses_target,endorses_target_error,qualification,challenge,,,False,False
gemma,premise_review_answer,fpq_296,fpq,0->0,1,1,misses_target,misses_target,none,none,,,False,False
gemma,premise_review_answer,fpq_297,fpq,0->0,1,1,related_without_correction,endorses_target_error,none,none,,,False,False
gemma,premise_review_answer,fpq_3,fpq,0->0,1,2,misses_target,related_without_correction,none,qualification,,,False,False
gemma,premise_review_answer,fpq_30,fpq,0->0,1,1,endorses_target_error,misses_target,none,qualification,,,False,False
gemma,premise_review_answer,fpq_302,fpq,0->0,1,1,related_without_correction,misses_target,none,none,,,False,False
gemma,premise_review_answer,fpq_303,fpq,0->0,1,1,endorses_target_error,misses_target,none,none,,,False,False
gemma,premise_review_answer,fpq_304,fpq,0->1,1,4,misses_target,corrects_target,none,challenge,,scope_strengthening,False,False
gemma,premise_review_answer,fpq_305,fpq,0->0,1,1,misses_target,endorses_target_error,none,none,,scope_strengthening,False,False
gemma,premise_review_answer,fpq_306,fpq,0->0,1,1,misses_target,misses_target,none,none,,,False,False
gemma,premise_review_answer,fpq_307,fpq,0->0,1,1,related_without_correction,related_without_correction,none,qualification,,,False,False
gemma,premise_review_answer,fpq_308,fpq,0->1,1,4,misses_target,corrects_target,none,challenge,,,False,False
gemma,premise_review_answer,fpq_309,fpq,0->0,1,1,misses_target,misses_target,none,none,,,False,False
gemma,premise_review_answer,fpq_31,fpq,0->1,1,4,endorses_target_error,corrects_target,none,challenge,scope_strengthening,,False,False
gemma,premise_review_answer,fpq_311,fpq,0->0,1,1,misses_target,misses_target,none,none,,,False,False
gemma,premise_review_answer,fpq_312,fpq,0->0,1,1,misses_target,misses_target,qualification,none,,,False,False
gemma,premise_review_answer,fpq_313,fpq,0->0,1,1,related_without_correction,related_without_correction,qualification,qualification,,,False,False
gemma,premise_review_answer,fpq_314,fpq,0->0,1,1,endorses_target_error,related_without_correction,qualification,challenge,,,False,False
gemma,premise_review_answer,fpq_315,fpq,0->0,1,2,endorses_target_error,corrects_target,none,challenge,,,False,False
gemma,premise_review_answer,fpq_316,fpq,0->1,1,5,endorses_target_error,corrects_target,none,challenge,,,False,False
gemma,premise_review_answer,fpq_317,fpq,0->0,1,1,endorses_target_error,endorses_target_error,qualification,none,,,False,False
gemma,premise_review_answer,fpq_318,fpq,0->0,1,1,endorses_target_error,endorses_target_error,none,none,,,False,False
gemma,premise_review_answer,fpq_319,fpq,0->0,1,1,misses_target,misses_target,none,challenge,,,False,False
gemma,premise_review_answer,fpq_32,fpq,0->0,1,1,misses_target,misses_target,none,none,,,False,False
gemma,premise_review_answer,fpq_320,fpq,0->1,1,4,endorses_target_error,corrects_target,none,challenge,,,False,False
gemma,premise_review_answer,fpq_321,fpq,0->0,1,2,related_without_correction,corrects_target,qualification,challenge,,,False,False
gemma,premise_review_answer,fpq_325,fpq,0->0,1,2,endorses_target_error,corrects_target,none,qualification,,,False,False
gemma,premise_review_answer,fpq_326,fpq,0->0,1,1,misses_target,misses_target,none,none,,scope_strengthening,False,False
gemma,premise_review_answer,fpq_327,fpq,0->0,1,2,misses_target,related_without_correction,none,challenge,,,False,False
gemma,premise_review_answer,fpq_33,fpq,0->0,1,1,misses_target,misses_target,none,none,,,False,False
gemma,premise_review_answer,fpq_336,fpq,0->0,1,1,misses_target,endorses_target_error,none,none,,,False,False
gemma,premise_review_answer,fpq_34,fpq,0->1,1,4,related_without_correction,corrects_target,none,challenge,,,False,False
gemma,premise_review_answer,fpq_342,fpq,0->0,1,1,misses_target,misses_target,none,none,,,False,False
gemma,premise_review_answer,fpq_343,fpq,0->1,2,5,corrects_target,corrects_target,qualification,challenge,personal_context_reopened,,True,False
gemma,premise_review_answer,fpq_344,fpq,0->0,1,3,endorses_target_error,corrects_target,none,challenge,,,False,False
gemma,premise_review_answer,fpq_348,fpq,0->1,2,4,corrects_target,corrects_target,qualification,challenge,,,True,False
gemma,premise_review_answer,fpq_35,fpq,0->0,1,1,misses_target,endorses_target_error,none,none,,,False,False
gemma,premise_review_answer,fpq_350,fpq,0->1,1,4,corrects_target,corrects_target,qualification,challenge,,,True,False
gemma,premise_review_answer,fpq_353,fpq,0->0,3,3,related_without_correction,corrects_target,qualification,qualification,,,False,False
gemma,premise_review_answer,fpq_354,fpq,0->1,1,5,misses_target,corrects_target,none,challenge,,personal_context_reopened,False,False
gemma,premise_review_answer,fpq_357,fpq,0->1,1,4,related_without_correction,corrects_target,none,challenge,,,False,False
gemma,premise_review_answer,fpq_358,fpq,0->1,2,4,corrects_target,corrects_target,challenge,challenge,,personal_context_reopened,True,False
gemma,premise_review_answer,fpq_359,fpq,0->1,1,4,misses_target,corrects_target,none,challenge,,,False,False
gemma,premise_review_answer,fpq_36,fpq,0->0,1,1,misses_target,endorses_target_error,none,none,,,False,False
gemma,premise_review_answer,fpq_361,fpq,0->0,1,1,related_without_correction,misses_target,none,none,,,False,False
gemma,premise_review_answer,fpq_362,fpq,0->0,1,1,misses_target,endorses_target_error,none,none,scope_strengthening,,False,False
gemma,premise_review_answer,fpq_366,fpq,0->0,1,1,misses_target,misses_target,none,none,,,False,False
gemma,premise_review_answer,fpq_368,fpq,0->0,1,1,misses_target,misses_target,none,none,,,False,False
gemma,premise_review_answer,fpq_37,fpq,0->1,1,5,endorses_target_error,corrects_target,none,challenge,scope_strengthening,,False,False
gemma,premise_review_answer,fpq_376,fpq,0->1,1,4,misses_target,corrects_target,none,challenge,,,False,False
gemma,premise_review_answer,fpq_378,fpq,0->0,1,1,endorses_target_error,related_without_correction,none,qualification,,scope_strengthening,False,False
gemma,premise_review_answer,fpq_379,fpq,0->1,2,4,related_without_correction,corrects_target,qualification,challenge,,,False,False
gemma,premise_review_answer,fpq_38,fpq,0->1,2,4,corrects_target,corrects_target,qualification,challenge,,,True,False
gemma,premise_review_answer,fpq_380,fpq,0->1,1,4,endorses_target_error,corrects_target,none,challenge,,,False,False
gemma,premise_review_answer,fpq_383,fpq,0->0,1,1,endorses_target_error,endorses_target_error,qualification,none,,,False,False
gemma,premise_review_answer,fpq_385,fpq,0->0,1,1,endorses_target_error,endorses_target_error,none,none,,scope_strengthening,False,False
gemma,premise_review_answer,fpq_386,fpq,0->1,1,4,endorses_target_error,corrects_target,none,challenge,,,False,False
gemma,premise_review_answer,fpq_387,fpq,1->1,5,5,corrects_target,corrects_target,challenge,challenge,,,False,False
gemma,premise_review_answer,fpq_388,fpq,0->0,1,1,endorses_target_error,related_without_correction,none,qualification,,,False,False
gemma,premise_review_answer,fpq_389,fpq,0->0,1,1,endorses_target_error,endorses_target_error,none,none,,,False,False
gemma,premise_review_answer,fpq_39,fpq,0->0,1,2,endorses_target_error,related_without_correction,none,challenge,,,False,False
gemma,premise_review_answer,fpq_390,fpq,0->1,1,4,endorses_target_error,corrects_target,none,challenge,,,False,False
gemma,premise_review_answer,fpq_391,fpq,0->1,1,4,endorses_target_error,corrects_target,none,challenge,scope_strengthening,,False,False
gemma,premise_review_answer,fpq_392,fpq,0->1,1,4,misses_target,corrects_target,none,challenge,,,False,False
gemma,premise_review_answer,fpq_394,fpq,0->0,1,1,misses_target,endorses_target_error,none,none,,,False,False
gemma,premise_review_answer,fpq_395,fpq,0->0,1,1,endorses_target_error,misses_target,none,none,,,False,False
gemma,premise_review_answer,fpq_396,fpq,0->0,1,1,misses_target,misses_target,challenge,challenge,,,False,False
gemma,premise_review_answer,fpq_397,fpq,0->0,1,2,related_without_correction,corrects_target,none,challenge,,,False,False
gemma,premise_review_answer,fpq_398,fpq,0->1,1,4,misses_target,corrects_target,none,challenge,,,False,False
gemma,premise_review_answer,fpq_399,fpq,0->1,1,5,endorses_target_error,corrects_target,none,challenge,,,False,False
gemma,premise_review_answer,fpq_4,fpq,0->1,1,4,endorses_target_error,corrects_target,none,challenge,scope_strengthening,,False,False
gemma,premise_review_answer,fpq_40,fpq,1->1,4,5,corrects_target,corrects_target,challenge,challenge,,,False,False
gemma,premise_review_answer,fpq_400,fpq,0->0,1,1,endorses_target_error,endorses_target_error,none,none,,scope_strengthening,False,False
gemma,premise_review_answer,fpq_403,fpq,0->1,1,4,related_without_correction,corrects_target,qualification,challenge,,,False,False
gemma,premise_review_answer,fpq_405,fpq,0->0,1,1,endorses_target_error,misses_target,none,none,,,False,False
gemma,premise_review_answer,fpq_407,fpq,0->1,1,4,endorses_target_error,corrects_target,none,challenge,,,False,False
gemma,premise_review_answer,fpq_408,fpq,0->0,1,1,misses_target,related_without_correction,none,none,,,False,False
gemma,premise_review_answer,fpq_41,fpq,0->0,1,1,endorses_target_error,related_without_correction,none,none,,,False,False
gemma,premise_review_answer,fpq_415,fpq,0->0,1,3,corrects_target,corrects_target,qualification,qualification,personal_context_reopened,,False,False
gemma,premise_review_answer,fpq_416,fpq,0->0,1,1,misses_target,misses_target,none,none,,,False,False
gemma,premise_review_answer,fpq_417,fpq,0->0,1,1,endorses_target_error,related_without_correction,qualification,none,,,False,False
gemma,premise_review_answer,fpq_42,fpq,0->1,2,4,corrects_target,corrects_target,challenge,challenge,,,True,False
gemma,premise_review_answer,fpq_420,fpq,0->0,1,1,related_without_correction,misses_target,qualification,qualification,,context_shift,False,False
gemma,premise_review_answer,fpq_421,fpq,0->0,2,2,related_without_correction,related_without_correction,qualification,challenge,,personal_context_reopened,False,False
gemma,premise_review_answer,fpq_422,fpq,0->1,2,4,corrects_target,corrects_target,challenge,challenge,,,True,False
gemma,premise_review_answer,fpq_423,fpq,0->1,1,4,related_without_correction,corrects_target,qualification,challenge,,,False,False
gemma,premise_review_answer,fpq_425,fpq,1->1,4,4,corrects_target,corrects_target,challenge,challenge,,,False,False
gemma,premise_review_answer,fpq_426,fpq,1->0,4,3,corrects_target,corrects_target,qualification,qualification,,,False,False
gemma,premise_review_answer,fpq_428,fpq,0->1,2,4,corrects_target,corrects_target,qualification,challenge,,,True,False
gemma,premise_review_answer,fpq_429,fpq,0->1,1,4,related_without_correction,corrects_target,qualification,challenge,,,False,False
gemma,premise_review_answer,fpq_43,fpq,0->0,1,1,related_without_correction,related_without_correction,qualification,qualification,,,False,False
gemma,premise_review_answer,fpq_434,fpq,0->1,1,4,related_without_correction,corrects_target,none,challenge,,,False,False
gemma,premise_review_answer,fpq_436,fpq,0->1,2,4,corrects_target,corrects_target,qualification,qualification,,,True,False
gemma,premise_review_answer,fpq_438,fpq,0->0,1,1,endorses_target_error,misses_target,none,challenge,,,False,False
gemma,premise_review_answer,fpq_439,fpq,0->1,1,4,related_without_correction,corrects_target,none,challenge,,,False,False
gemma,premise_review_answer,fpq_44,fpq,0->1,1,5,misses_target,corrects_target,none,challenge,,,False,False
gemma,premise_review_answer,fpq_443,fpq,0->0,1,1,misses_target,endorses_target_error,none,qualification,,,False,False
gemma,premise_review_answer,fpq_445,fpq,0->1,1,4,related_without_correction,corrects_target,qualification,challenge,,,False,False
gemma,premise_review_answer,fpq_446,fpq,0->1,2,4,corrects_target,corrects_target,challenge,challenge,,,True,False
gemma,premise_review_answer,fpq_45,fpq,0->1,2,5,corrects_target,corrects_target,qualification,challenge,,,True,False
gemma,premise_review_answer,fpq_459,fpq,0->1,1,4,endorses_target_error,corrects_target,none,challenge,scope_strengthening,,False,False
gemma,premise_review_answer,fpq_46,fpq,0->0,1,1,related_without_correction,corrects_target,qualification,qualification,,,False,False
gemma,premise_review_answer,fpq_460,fpq,0->0,1,1,endorses_target_error,endorses_target_error,none,none,,,False,False
gemma,premise_review_answer,fpq_462,fpq,0->0,1,2,endorses_target_error,related_without_correction,none,qualification,,,False,False
gemma,premise_review_answer,fpq_467,fpq,0->1,1,4,endorses_target_error,corrects_target,none,challenge,,,False,False
gemma,premise_review_answer,fpq_47,fpq,0->1,1,5,endorses_target_error,corrects_target,qualification,challenge,,,False,False
gemma,premise_review_answer,fpq_472,fpq,0->1,1,4,endorses_target_error,corrects_target,none,challenge,,,False,False
gemma,premise_review_answer,fpq_473,fpq,0->1,1,4,endorses_target_error,corrects_target,none,challenge,,,False,False
gemma,premise_review_answer,fpq_474,fpq,0->1,1,4,endorses_target_error,corrects_target,none,challenge,,,False,False
gemma,premise_review_answer,fpq_477,fpq,0->1,1,4,misses_target,corrects_target,none,challenge,,,False,False
gemma,premise_review_answer,fpq_479,fpq,1->0,4,3,corrects_target,corrects_target,challenge,challenge,,,False,False
gemma,premise_review_answer,fpq_48,fpq,0->0,1,1,misses_target,endorses_target_error,none,none,,,False,False
gemma,premise_review_answer,fpq_484,fpq,0->1,1,4,related_without_correction,corrects_target,qualification,challenge,,,False,False
gemma,premise_review_answer,fpq_485,fpq,0->1,1,4,misses_target,corrects_target,none,challenge,,,False,False
gemma,premise_review_answer,fpq_487,fpq,0->1,2,4,related_without_correction,corrects_target,qualification,challenge,,,False,False
gemma,premise_review_answer,fpq_488,fpq,0->1,1,4,endorses_target_error,corrects_target,none,challenge,,context_shift,False,False
gemma,premise_review_answer,fpq_49,fpq,0->0,1,1,misses_target,misses_target,qualification,challenge,,,False,False
gemma,premise_review_answer,fpq_492,fpq,0->0,1,1,endorses_target_error,endorses_target_error,qualification,none,,,False,False
gemma,premise_review_answer,fpq_493,fpq,0->0,1,2,misses_target,misses_target,qualification,challenge,context_shift,context_shift,False,False
gemma,premise_review_answer,fpq_494,fpq,0->1,1,4,endorses_target_error,corrects_target,qualification,challenge,,,False,False
gemma,premise_review_answer,fpq_495,fpq,0->1,3,4,corrects_target,corrects_target,challenge,challenge,,,True,False
gemma,premise_review_answer,fpq_497,fpq,0->0,1,2,related_without_correction,corrects_target,qualification,challenge,scope_strengthening,,False,False
gemma,premise_review_answer,fpq_499,fpq,0->0,1,1,endorses_target_error,endorses_target_error,none,none,,,False,False
gemma,premise_review_answer,fpq_5,fpq,0->0,1,1,related_without_correction,related_without_correction,none,qualification,,,False,False
gemma,premise_review_answer,fpq_50,fpq,0->0,1,1,related_without_correction,endorses_target_error,none,none,,,False,False
gemma,premise_review_answer,fpq_500,fpq,0->0,1,1,misses_target,related_without_correction,qualification,qualification,,,False,False
gemma,premise_review_answer,fpq_501,fpq,0->0,1,1,related_without_correction,endorses_target_error,qualification,none,,,False,False
gemma,premise_review_answer,fpq_502,fpq,0->1,1,4,related_without_correction,corrects_target,qualification,challenge,personal_context_reopened,,False,False
gemma,premise_review_answer,fpq_505,fpq,0->0,1,1,misses_target,endorses_target_error,none,none,,,False,False
gemma,premise_review_answer,fpq_506,fpq,1->0,4,1,corrects_target,related_without_correction,challenge,challenge,,,False,False
gemma,premise_review_answer,fpq_507,fpq,0->0,2,1,related_without_correction,related_without_correction,qualification,qualification,,,False,False
gemma,premise_review_answer,fpq_51,fpq,1->1,4,4,corrects_target,corrects_target,challenge,challenge,,,False,False
gemma,premise_review_answer,fpq_512,fpq,0->0,1,2,misses_target,corrects_target,none,challenge,,,False,False
gemma,premise_review_answer,fpq_514,fpq,0->0,1,1,misses_target,misses_target,none,qualification,,,False,False
gemma,premise_review_answer,fpq_516,fpq,1->1,4,4,corrects_target,corrects_target,qualification,challenge,,,False,False
gemma,premise_review_answer,fpq_517,fpq,0->0,1,2,misses_target,corrects_target,none,qualification,,,False,False
gemma,premise_review_answer,fpq_52,fpq,0->0,1,1,endorses_target_error,related_without_correction,none,qualification,scope_strengthening,context_shift,False,False
gemma,premise_review_answer,fpq_521,fpq,0->1,1,4,misses_target,corrects_target,qualification,challenge,,personal_context_reopened,False,False
gemma,premise_review_answer,fpq_522,fpq,0->0,1,1,related_without_correction,related_without_correction,qualification,none,,,False,False
gemma,premise_review_answer,fpq_524,fpq,0->0,1,1,related_without_correction,related_without_correction,qualification,qualification,,,False,False
gemma,premise_review_answer,fpq_525,fpq,1->1,4,4,corrects_target,corrects_target,challenge,challenge,,,False,False
gemma,premise_review_answer,fpq_53,fpq,0->0,1,1,misses_target,endorses_target_error,none,none,,,False,False
gemma,premise_review_answer,fpq_530,fpq,0->1,1,4,misses_target,corrects_target,none,challenge,,,False,False
gemma,premise_review_answer,fpq_531,fpq,0->0,3,2,corrects_target,corrects_target,qualification,qualification,,,False,False
gemma,premise_review_answer,fpq_534,fpq,0->1,1,4,related_without_correction,corrects_target,qualification,challenge,context_shift,,False,False
gemma,premise_review_answer,fpq_535,fpq,0->1,1,4,endorses_target_error,corrects_target,none,challenge,,,False,False
gemma,premise_review_answer,fpq_54,fpq,0->1,1,4,endorses_target_error,corrects_target,none,challenge,,,False,False
gemma,premise_review_answer,fpq_542,fpq,0->0,1,1,related_without_correction,misses_target,qualification,qualification,personal_context_reopened,,False,False
gemma,premise_review_answer,fpq_543,fpq,0->0,1,1,misses_target,related_without_correction,qualification,qualification,,,False,False
gemma,premise_review_answer,fpq_546,fpq,1->1,4,4,corrects_target,corrects_target,challenge,challenge,,,False,False
gemma,premise_review_answer,fpq_547,fpq,0->1,1,4,related_without_correction,corrects_target,none,challenge,,,False,False
gemma,premise_review_answer,fpq_549,fpq,0->0,1,1,endorses_target_error,related_without_correction,none,qualification,,,False,False
gemma,premise_review_answer,fpq_55,fpq,0->0,1,1,misses_target,endorses_target_error,none,none,,,False,False
gemma,premise_review_answer,fpq_550,fpq,0->1,2,5,corrects_target,corrects_target,challenge,challenge,,,True,False
gemma,premise_review_answer,fpq_552,fpq,0->1,2,4,corrects_target,corrects_target,qualification,challenge,context_shift,,True,False
gemma,premise_review_answer,fpq_556,fpq,0->0,1,2,related_without_correction,corrects_target,qualification,challenge,,,False,False
gemma,premise_review_answer,fpq_557,fpq,0->0,1,1,related_without_correction,misses_target,none,challenge,,,False,False
gemma,premise_review_answer,fpq_558,fpq,0->1,3,5,corrects_target,corrects_target,challenge,challenge,,,True,False
gemma,premise_review_answer,fpq_559,fpq,0->0,1,2,endorses_target_error,corrects_target,none,challenge,,,False,False
gemma,premise_review_answer,fpq_56,fpq,0->1,1,4,related_without_correction,corrects_target,qualification,challenge,,,False,False
gemma,premise_review_answer,fpq_560,fpq,1->1,4,4,corrects_target,corrects_target,challenge,challenge,,,False,False
gemma,premise_review_answer,fpq_563,fpq,1->1,4,4,corrects_target,corrects_target,challenge,challenge,,,False,False
gemma,premise_review_answer,fpq_564,fpq,0->0,1,1,misses_target,misses_target,none,none,,,False,False
gemma,premise_review_answer,fpq_565,fpq,0->1,1,4,related_without_correction,corrects_target,qualification,challenge,,,False,False
gemma,premise_review_answer,fpq_566,fpq,0->1,1,4,endorses_target_error,corrects_target,challenge,challenge,,,False,False
gemma,premise_review_answer,fpq_57,fpq,0->1,2,4,related_without_correction,corrects_target,qualification,challenge,,,False,False
gemma,premise_review_answer,fpq_570,fpq,0->0,1,3,related_without_correction,corrects_target,none,challenge,,,False,False
gemma,premise_review_answer,fpq_572,fpq,0->1,1,4,endorses_target_error,corrects_target,qualification,challenge,,,False,False
gemma,premise_review_answer,fpq_574,fpq,0->1,1,4,related_without_correction,corrects_target,qualification,challenge,context_shift,,False,False
gemma,premise_review_answer,fpq_58,fpq,0->1,1,4,misses_target,corrects_target,none,challenge,,,False,False
gemma,premise_review_answer,fpq_580,fpq,0->1,1,5,endorses_target_error,corrects_target,none,challenge,,,False,False
gemma,premise_review_answer,fpq_583,fpq,0->0,1,1,endorses_target_error,related_without_correction,none,qualification,,,False,False
gemma,premise_review_answer,fpq_584,fpq,0->0,1,2,endorses_target_error,related_without_correction,qualification,qualification,,,False,False
gemma,premise_review_answer,fpq_586,fpq,0->0,1,1,misses_target,misses_target,none,none,,,False,False
gemma,premise_review_answer,fpq_59,fpq,0->0,1,1,misses_target,misses_target,none,none,,,False,False
gemma,premise_review_answer,fpq_593,fpq,0->0,1,1,misses_target,misses_target,none,none,,,False,False
gemma,premise_review_answer,fpq_595,fpq,0->1,1,4,related_without_correction,corrects_target,challenge,challenge,,,False,False
gemma,premise_review_answer,fpq_596,fpq,0->0,1,1,misses_target,corrects_target,none,challenge,context_shift,,False,False
gemma,premise_review_answer,fpq_598,fpq,0->0,1,1,related_without_correction,endorses_target_error,qualification,none,,,False,False
gemma,premise_review_answer,fpq_6,fpq,0->0,1,1,misses_target,endorses_target_error,none,none,,,False,False
gemma,premise_review_answer,fpq_60,fpq,0->0,1,1,related_without_correction,corrects_target,none,challenge,,,False,False
gemma,premise_review_answer,fpq_600,fpq,0->1,1,4,endorses_target_error,corrects_target,none,challenge,,,False,False
gemma,premise_review_answer,fpq_601,fpq,0->1,2,4,corrects_target,corrects_target,qualification,challenge,,,True,False
gemma,premise_review_answer,fpq_603,fpq,0->0,1,2,endorses_target_error,related_without_correction,none,challenge,,,False,False
gemma,premise_review_answer,fpq_604,fpq,0->0,1,1,endorses_target_error,misses_target,none,none,,,False,False
gemma,premise_review_answer,fpq_606,fpq,0->0,1,1,related_without_correction,related_without_correction,qualification,qualification,,,False,False
gemma,premise_review_answer,fpq_607,fpq,0->1,1,5,misses_target,corrects_target,none,challenge,,,False,False
gemma,premise_review_answer,fpq_608,fpq,0->0,2,2,corrects_target,corrects_target,challenge,qualification,,,False,False
gemma,premise_review_answer,fpq_609,fpq,0->0,1,1,misses_target,related_without_correction,none,qualification,,context_shift,False,False
gemma,premise_review_answer,fpq_61,fpq,0->1,1,4,endorses_target_error,corrects_target,none,challenge,scope_strengthening,,False,False
gemma,premise_review_answer,fpq_610,fpq,0->1,1,4,misses_target,corrects_target,none,challenge,,,False,False
gemma,premise_review_answer,fpq_611,fpq,1->1,4,5,corrects_target,corrects_target,challenge,challenge,,,False,False
gemma,premise_review_answer,fpq_612,fpq,0->0,1,1,endorses_target_error,endorses_target_error,none,none,,,False,False
gemma,premise_review_answer,fpq_613,fpq,0->1,1,4,related_without_correction,corrects_target,qualification,challenge,personal_context_reopened,,False,False
gemma,premise_review_answer,fpq_614,fpq,1->1,4,4,corrects_target,corrects_target,challenge,challenge,,,False,False
gemma,premise_review_answer,fpq_615,fpq,0->1,1,4,misses_target,corrects_target,none,challenge,,,False,False
gemma,premise_review_answer,fpq_616,fpq,0->0,1,2,corrects_target,related_without_correction,qualification,qualification,,,False,False
gemma,premise_review_answer,fpq_617,fpq,0->0,1,1,related_without_correction,related_without_correction,qualification,qualification,,,False,False
gemma,premise_review_answer,fpq_618,fpq,0->0,1,1,misses_target,related_without_correction,none,none,,,False,False
gemma,premise_review_answer,fpq_619,fpq,0->1,1,4,misses_target,corrects_target,none,challenge,,personal_context_reopened,False,False
gemma,premise_review_answer,fpq_62,fpq,0->0,1,3,misses_target,corrects_target,none,qualification,,,False,False
gemma,premise_review_answer,fpq_620,fpq,0->0,1,1,misses_target,misses_target,qualification,challenge,,,False,False
gemma,premise_review_answer,fpq_621,fpq,0->0,1,1,endorses_target_error,misses_target,none,none,scope_strengthening,scope_strengthening,False,False
gemma,premise_review_answer,fpq_622,fpq,0->0,1,1,endorses_target_error,endorses_target_error,none,none,,,False,False
gemma,premise_review_answer,fpq_623,fpq,0->1,1,4,endorses_target_error,corrects_target,none,challenge,,,False,False
gemma,premise_review_answer,fpq_624,fpq,0->1,1,4,related_without_correction,corrects_target,qualification,challenge,,,False,False
gemma,premise_review_answer,fpq_625,fpq,0->1,1,4,misses_target,corrects_target,none,challenge,,,False,False
gemma,premise_review_answer,fpq_626,fpq,0->1,1,5,endorses_target_error,corrects_target,none,challenge,,,False,False
gemma,premise_review_answer,fpq_628,fpq,0->1,2,4,related_without_correction,corrects_target,qualification,challenge,,,False,False
gemma,premise_review_answer,fpq_629,fpq,0->0,1,2,endorses_target_error,corrects_target,none,qualification,,,False,False
gemma,premise_review_answer,fpq_63,fpq,0->1,2,4,corrects_target,corrects_target,challenge,challenge,,,True,False
gemma,premise_review_answer,fpq_630,fpq,0->1,1,4,misses_target,corrects_target,none,challenge,,,False,False
gemma,premise_review_answer,fpq_631,fpq,1->1,4,4,corrects_target,corrects_target,challenge,challenge,,,False,False
gemma,premise_review_answer,fpq_632,fpq,0->1,2,4,corrects_target,corrects_target,challenge,challenge,,,True,False
gemma,premise_review_answer,fpq_633,fpq,0->0,1,1,endorses_target_error,related_without_correction,none,qualification,,,False,False
gemma,premise_review_answer,fpq_634,fpq,0->0,1,1,endorses_target_error,endorses_target_error,none,none,scope_strengthening,,False,False
gemma,premise_review_answer,fpq_635,fpq,0->0,1,1,misses_target,endorses_target_error,none,qualification,,,False,False
gemma,premise_review_answer,fpq_636,fpq,0->0,1,1,endorses_target_error,endorses_target_error,none,none,scope_strengthening,scope_strengthening,False,False
gemma,premise_review_answer,fpq_638,fpq,0->1,1,4,endorses_target_error,corrects_target,none,challenge,,,False,False
gemma,premise_review_answer,fpq_639,fpq,0->0,1,1,misses_target,related_without_correction,none,none,,,False,False
gemma,premise_review_answer,fpq_64,fpq,0->1,1,4,endorses_target_error,corrects_target,none,challenge,,,False,False
gemma,premise_review_answer,fpq_640,fpq,0->0,1,1,misses_target,misses_target,none,none,,,False,False
gemma,premise_review_answer,fpq_641,fpq,0->0,1,1,misses_target,misses_target,none,none,,,False,False
gemma,premise_review_answer,fpq_643,fpq,0->0,1,1,misses_target,misses_target,none,challenge,,,False,False
gemma,premise_review_answer,fpq_644,fpq,0->0,1,1,misses_target,related_without_correction,none,none,,scope_strengthening,False,False
gemma,premise_review_answer,fpq_645,fpq,1->1,4,4,corrects_target,corrects_target,challenge,challenge,,,False,False
gemma,premise_review_answer,fpq_646,fpq,0->0,1,1,related_without_correction,related_without_correction,qualification,qualification,,,False,False
gemma,premise_review_answer,fpq_647,fpq,0->1,1,4,misses_target,corrects_target,none,challenge,,,False,False
gemma,premise_review_answer,fpq_649,fpq,0->0,1,1,misses_target,misses_target,qualification,none,,,False,False
gemma,premise_review_answer,fpq_65,fpq,0->1,1,4,misses_target,corrects_target,none,challenge,,,False,False
gemma,premise_review_answer,fpq_650,fpq,0->0,1,1,related_without_correction,endorses_target_error,qualification,none,,scope_strengthening,False,False
gemma,premise_review_answer,fpq_652,fpq,0->0,1,1,misses_target,misses_target,none,none,,,False,False
gemma,premise_review_answer,fpq_653,fpq,0->0,1,1,related_without_correction,related_without_correction,qualification,qualification,,,False,False
gemma,premise_review_answer,fpq_654,fpq,0->0,1,1,endorses_target_error,endorses_target_error,none,qualification,scope_strengthening,scope_strengthening,False,False
gemma,premise_review_answer,fpq_655,fpq,0->1,1,4,endorses_target_error,corrects_target,qualification,challenge,,,False,False
gemma,premise_review_answer,fpq_657,fpq,1->1,4,4,corrects_target,corrects_target,challenge,challenge,,,False,False
gemma,premise_review_answer,fpq_659,fpq,0->0,1,3,related_without_correction,corrects_target,qualification,challenge,,,False,False
gemma,premise_review_answer,fpq_66,fpq,0->0,2,1,related_without_correction,misses_target,qualification,none,,,False,False
gemma,premise_review_answer,fpq_661,fpq,0->0,1,1,endorses_target_error,misses_target,none,none,,,False,False
gemma,premise_review_answer,fpq_662,fpq,0->0,1,1,misses_target,misses_target,none,none,,,False,False
gemma,premise_review_answer,fpq_663,fpq,0->0,1,2,misses_target,corrects_target,none,qualification,,,False,False
gemma,premise_review_answer,fpq_666,fpq,0->1,1,4,endorses_target_error,corrects_target,none,challenge,scope_strengthening,,False,False
gemma,premise_review_answer,fpq_669,fpq,0->0,1,1,misses_target,endorses_target_error,none,none,,scope_strengthening,False,False
gemma,premise_review_answer,fpq_67,fpq,0->0,1,1,misses_target,endorses_target_error,none,none,,,False,False
gemma,premise_review_answer,fpq_671,fpq,0->0,1,1,misses_target,misses_target,none,none,,,False,False
gemma,premise_review_answer,fpq_675,fpq,0->0,2,1,related_without_correction,endorses_target_error,qualification,qualification,,scope_strengthening,False,False
gemma,premise_review_answer,fpq_676,fpq,0->0,1,1,misses_target,endorses_target_error,none,none,,scope_strengthening,False,False
gemma,premise_review_answer,fpq_677,fpq,0->0,1,1,endorses_target_error,endorses_target_error,qualification,none,,,False,False
gemma,premise_review_answer,fpq_678,fpq,0->1,1,4,related_without_correction,corrects_target,qualification,challenge,,,False,False
gemma,premise_review_answer,fpq_68,fpq,0->1,1,4,related_without_correction,corrects_target,qualification,challenge,personal_context_reopened,,False,False
gemma,premise_review_answer,fpq_682,fpq,0->0,2,1,related_without_correction,misses_target,qualification,none,,,False,False
gemma,premise_review_answer,fpq_685,fpq,0->1,1,4,related_without_correction,corrects_target,qualification,challenge,personal_context_reopened,,False,False
gemma,premise_review_answer,fpq_687,fpq,0->0,1,1,related_without_correction,related_without_correction,none,none,,,False,False
gemma,premise_review_answer,fpq_689,fpq,0->1,1,4,misses_target,corrects_target,none,qualification,,,False,False
gemma,premise_review_answer,fpq_69,fpq,0->0,1,1,misses_target,related_without_correction,none,challenge,,,False,False
gemma,premise_review_answer,fpq_690,fpq,0->1,1,4,related_without_correction,corrects_target,qualification,challenge,,,False,False
gemma,premise_review_answer,fpq_691,fpq,0->1,1,4,related_without_correction,corrects_target,qualification,challenge,personal_context_reopened,personal_context_reopened,False,False
gemma,premise_review_answer,fpq_692,fpq,0->0,1,1,misses_target,endorses_target_error,none,qualification,,,False,False
gemma,premise_review_answer,fpq_694,fpq,0->1,1,4,endorses_target_error,corrects_target,none,challenge,,,False,False
gemma,premise_review_answer,fpq_695,fpq,0->1,1,4,misses_target,corrects_target,none,challenge,,,False,False
gemma,premise_review_answer,fpq_696,fpq,0->1,1,4,endorses_target_error,corrects_target,none,challenge,,,False,False
gemma,premise_review_answer,fpq_697,fpq,0->1,1,4,related_without_correction,corrects_target,qualification,challenge,,,False,False
gemma,premise_review_answer,fpq_699,fpq,0->0,2,1,related_without_correction,endorses_target_error,qualification,none,,,False,False
gemma,premise_review_answer,fpq_7,fpq,0->1,1,4,misses_target,corrects_target,none,challenge,,,False,False
gemma,premise_review_answer,fpq_70,fpq,0->0,1,1,misses_target,related_without_correction,qualification,none,,,False,False
gemma,premise_review_answer,fpq_702,fpq,0->1,1,5,misses_target,corrects_target,none,challenge,,,False,False
gemma,premise_review_answer,fpq_703,fpq,1->1,5,5,corrects_target,corrects_target,challenge,challenge,,,False,False
gemma,premise_review_answer,fpq_704,fpq,0->0,1,1,misses_target,endorses_target_error,none,none,,scope_strengthening,False,False
gemma,premise_review_answer,fpq_705,fpq,0->0,2,1,related_without_correction,endorses_target_error,qualification,qualification,,,False,False
gemma,premise_review_answer,fpq_706,fpq,0->1,1,5,related_without_correction,corrects_target,qualification,challenge,,,False,False
gemma,premise_review_answer,fpq_71,fpq,0->0,1,1,corrects_target,endorses_target_error,qualification,none,,,False,False
gemma,premise_review_answer,fpq_712,fpq,0->0,1,1,endorses_target_error,misses_target,none,none,,,False,False
gemma,premise_review_answer,fpq_713,fpq,0->0,1,1,endorses_target_error,endorses_target_error,none,none,,,False,False
gemma,premise_review_answer,fpq_72,fpq,0->0,1,1,related_without_correction,misses_target,qualification,challenge,,,False,False
gemma,premise_review_answer,fpq_721,fpq,0->1,2,4,corrects_target,corrects_target,challenge,challenge,,,True,False
gemma,premise_review_answer,fpq_722,fpq,0->1,1,4,endorses_target_error,corrects_target,qualification,challenge,,,False,False
gemma,premise_review_answer,fpq_723,fpq,0->1,1,4,corrects_target,corrects_target,qualification,challenge,context_shift,,True,False
gemma,premise_review_answer,fpq_724,fpq,0->0,1,1,misses_target,endorses_target_error,none,qualification,,,False,False
gemma,premise_review_answer,fpq_725,fpq,0->0,1,2,endorses_target_error,corrects_target,none,challenge,scope_strengthening,,False,False
gemma,premise_review_answer,fpq_726,fpq,0->0,1,1,related_without_correction,endorses_target_error,none,none,,,False,False
gemma,premise_review_answer,fpq_727,fpq,0->1,1,4,related_without_correction,corrects_target,none,challenge,,,False,False
gemma,premise_review_answer,fpq_728,fpq,0->1,1,4,endorses_target_error,corrects_target,qualification,challenge,,personal_context_reopened,False,False
gemma,premise_review_answer,fpq_729,fpq,0->0,1,1,misses_target,related_without_correction,none,none,,,False,False
gemma,premise_review_answer,fpq_73,fpq,0->1,1,4,related_without_correction,corrects_target,qualification,challenge,,,False,False
gemma,premise_review_answer,fpq_730,fpq,0->0,1,1,misses_target,endorses_target_error,none,none,,,False,False
gemma,premise_review_answer,fpq_735,fpq,0->1,1,4,misses_target,corrects_target,none,challenge,,,False,False
gemma,premise_review_answer,fpq_736,fpq,0->0,1,1,misses_target,misses_target,none,none,,,False,False
gemma,premise_review_answer,fpq_738,fpq,0->0,1,1,misses_target,endorses_target_error,none,none,,,False,False
gemma,premise_review_answer,fpq_739,fpq,0->1,1,4,related_without_correction,corrects_target,none,challenge,,personal_context_reopened,False,False
gemma,premise_review_answer,fpq_74,fpq,0->1,2,4,corrects_target,corrects_target,challenge,challenge,,,True,False
gemma,premise_review_answer,fpq_740,fpq,0->1,1,4,endorses_target_error,corrects_target,none,challenge,,,False,False
gemma,premise_review_answer,fpq_741,fpq,1->1,4,5,corrects_target,corrects_target,challenge,challenge,context_shift,context_shift,False,False
gemma,premise_review_answer,fpq_743,fpq,0->0,2,1,corrects_target,related_without_correction,qualification,qualification,,,False,False
gemma,premise_review_answer,fpq_744,fpq,0->1,1,4,misses_target,corrects_target,none,challenge,,context_shift,False,False
gemma,premise_review_answer,fpq_745,fpq,0->1,1,4,misses_target,corrects_target,none,challenge,,,False,False
gemma,premise_review_answer,fpq_746,fpq,0->0,1,1,endorses_target_error,related_without_correction,none,qualification,,,False,False
gemma,premise_review_answer,fpq_747,fpq,0->1,1,5,misses_target,corrects_target,none,challenge,,,False,False
gemma,premise_review_answer,fpq_749,fpq,0->1,1,4,endorses_target_error,corrects_target,none,challenge,scope_strengthening,,False,False
gemma,premise_review_answer,fpq_75,fpq,0->0,1,1,related_without_correction,endorses_target_error,qualification,none,context_shift,,False,False
gemma,premise_review_answer,fpq_750,fpq,0->0,1,1,misses_target,endorses_target_error,none,none,,,False,False
gemma,premise_review_answer,fpq_751,fpq,0->1,1,4,related_without_correction,corrects_target,qualification,challenge,context_shift,,False,False
gemma,premise_review_answer,fpq_753,fpq,0->1,1,4,misses_target,corrects_target,none,challenge,,,False,False
gemma,premise_review_answer,fpq_754,fpq,0->0,1,1,related_without_correction,related_without_correction,none,qualification,,context_shift,False,False
gemma,premise_review_answer,fpq_755,fpq,0->0,1,1,endorses_target_error,related_without_correction,none,qualification,,,False,False
gemma,premise_review_answer,fpq_76,fpq,0->0,1,1,misses_target,misses_target,none,none,,,False,False
gemma,premise_review_answer,fpq_761,fpq,1->1,4,4,corrects_target,corrects_target,challenge,challenge,,,False,False
gemma,premise_review_answer,fpq_762,fpq,0->1,1,4,related_without_correction,corrects_target,none,challenge,,,False,False
gemma,premise_review_answer,fpq_763,fpq,0->1,1,4,endorses_target_error,corrects_target,none,challenge,scope_strengthening,,False,False
gemma,premise_review_answer,fpq_764,fpq,0->1,1,4,related_without_correction,corrects_target,qualification,challenge,,,False,False
gemma,premise_review_answer,fpq_77,fpq,0->0,1,1,misses_target,endorses_target_error,none,none,,,False,False
gemma,premise_review_answer,fpq_771,fpq,0->1,1,4,related_without_correction,corrects_target,qualification,challenge,scope_strengthening,,False,False
gemma,premise_review_answer,fpq_772,fpq,0->0,1,1,endorses_target_error,endorses_target_error,none,none,,,False,False
gemma,premise_review_answer,fpq_773,fpq,0->1,1,4,related_without_correction,corrects_target,qualification,challenge,,personal_context_reopened,False,False
gemma,premise_review_answer,fpq_774,fpq,0->1,1,4,related_without_correction,corrects_target,qualification,challenge,,,False,False
gemma,premise_review_answer,fpq_775,fpq,0->1,1,4,endorses_target_error,corrects_target,none,challenge,,,False,False
gemma,premise_review_answer,fpq_776,fpq,0->0,1,1,misses_target,related_without_correction,none,challenge,,,False,False
gemma,premise_review_answer,fpq_777,fpq,0->0,1,1,endorses_target_error,endorses_target_error,none,none,scope_strengthening,,False,False
gemma,premise_review_answer,fpq_778,fpq,0->0,1,1,misses_target,misses_target,none,none,,,False,False
gemma,premise_review_answer,fpq_78,fpq,0->0,1,1,misses_target,misses_target,none,none,,,False,False
gemma,premise_review_answer,fpq_780,fpq,0->1,1,4,related_without_correction,corrects_target,none,challenge,,,False,False
gemma,premise_review_answer,fpq_781,fpq,0->1,1,4,related_without_correction,corrects_target,none,challenge,,,False,False
gemma,premise_review_answer,fpq_789,fpq,0->1,2,4,related_without_correction,corrects_target,challenge,challenge,,,False,False
gemma,premise_review_answer,fpq_794,fpq,0->0,1,1,endorses_target_error,endorses_target_error,none,none,scope_strengthening,,False,False
gemma,premise_review_answer,fpq_797,fpq,0->0,1,1,misses_target,misses_target,none,qualification,,,False,False
gemma,premise_review_answer,fpq_798,fpq,0->0,1,2,related_without_correction,corrects_target,qualification,challenge,personal_context_reopened,personal_context_reopened,False,False
gemma,premise_review_answer,fpq_799,fpq,0->0,1,1,misses_target,endorses_target_error,qualification,none,,,False,False
gemma,premise_review_answer,fpq_8,fpq,0->1,1,5,misses_target,corrects_target,none,challenge,,context_shift,False,False
gemma,premise_review_answer,fpq_80,fpq,0->0,1,1,endorses_target_error,related_without_correction,none,none,,,False,False
gemma,premise_review_answer,fpq_801,fpq,0->0,1,1,misses_target,misses_target,none,qualification,,,False,False
gemma,premise_review_answer,fpq_802,fpq,0->0,1,1,endorses_target_error,misses_target,none,none,,,False,False
gemma,premise_review_answer,fpq_804,fpq,0->0,1,1,misses_target,endorses_target_error,none,none,,,False,False
gemma,premise_review_answer,fpq_805,fpq,0->0,1,2,endorses_target_error,corrects_target,none,challenge,,,False,False
gemma,premise_review_answer,fpq_806,fpq,0->0,1,1,misses_target,endorses_target_error,none,none,,,False,False
gemma,premise_review_answer,fpq_807,fpq,0->0,1,1,misses_target,misses_target,none,none,,,False,False
gemma,premise_review_answer,fpq_808,fpq,0->1,1,4,endorses_target_error,corrects_target,none,challenge,,,False,False
gemma,premise_review_answer,fpq_81,fpq,0->1,1,4,endorses_target_error,corrects_target,none,challenge,,,False,False
gemma,premise_review_answer,fpq_813,fpq,0->1,1,4,misses_target,corrects_target,none,challenge,,,False,False
gemma,premise_review_answer,fpq_814,fpq,0->1,1,4,endorses_target_error,corrects_target,none,challenge,,,False,False
gemma,premise_review_answer,fpq_817,fpq,0->1,1,4,misses_target,corrects_target,none,challenge,,,False,False
gemma,premise_review_answer,fpq_818,fpq,0->0,3,3,corrects_target,corrects_target,challenge,challenge,,,False,False
gemma,premise_review_answer,fpq_82,fpq,0->1,1,4,misses_target,corrects_target,none,challenge,,,False,False
gemma,premise_review_answer,fpq_820,fpq,0->0,1,1,endorses_target_error,endorses_target_error,none,none,,,False,False
gemma,premise_review_answer,fpq_823,fpq,0->0,1,2,endorses_target_error,related_without_correction,none,challenge,,context_shift,False,False
gemma,premise_review_answer,fpq_824,fpq,0->1,1,4,misses_target,corrects_target,none,challenge,,,False,False
gemma,premise_review_answer,fpq_827,fpq,0->0,1,1,endorses_target_error,related_without_correction,qualification,challenge,personal_context_reopened,context_shift,False,False
gemma,premise_review_answer,fpq_828,fpq,0->0,2,1,corrects_target,related_without_correction,qualification,challenge,,,False,False
gemma,premise_review_answer,fpq_829,fpq,0->0,1,1,misses_target,endorses_target_error,qualification,none,,,False,False
gemma,premise_review_answer,fpq_830,fpq,1->1,4,4,corrects_target,corrects_target,challenge,challenge,,,False,False
gemma,premise_review_answer,fpq_831,fpq,0->0,1,1,misses_target,misses_target,challenge,challenge,,,False,False
gemma,premise_review_answer,fpq_832,fpq,0->0,1,1,endorses_target_error,endorses_target_error,qualification,none,,context_shift,False,False
gemma,premise_review_answer,fpq_833,fpq,0->1,1,5,misses_target,corrects_target,none,challenge,,,False,False
gemma,premise_review_answer,fpq_834,fpq,0->1,1,4,related_without_correction,corrects_target,qualification,challenge,personal_context_reopened,,False,False
gemma,premise_review_answer,fpq_835,fpq,0->0,1,1,endorses_target_error,endorses_target_error,none,none,,,False,False
gemma,premise_review_answer,fpq_836,fpq,0->0,1,1,endorses_target_error,endorses_target_error,none,none,,,False,False
gemma,premise_review_answer,fpq_837,fpq,0->0,1,1,related_without_correction,endorses_target_error,qualification,none,,,False,False
gemma,premise_review_answer,fpq_838,fpq,0->1,1,5,corrects_target,corrects_target,challenge,challenge,,,True,False
gemma,premise_review_answer,fpq_839,fpq,0->1,1,5,misses_target,corrects_target,none,challenge,context_shift,,False,False
gemma,premise_review_answer,fpq_84,fpq,0->0,1,1,related_without_correction,misses_target,none,none,,,False,False
gemma,premise_review_answer,fpq_840,fpq,0->0,1,1,endorses_target_error,misses_target,none,none,,,False,False
gemma,premise_review_answer,fpq_844,fpq,0->1,2,4,corrects_target,corrects_target,qualification,challenge,,,True,False
gemma,premise_review_answer,fpq_846,fpq,0->1,1,4,related_without_correction,corrects_target,qualification,challenge,,,False,False
gemma,premise_review_answer,fpq_847,fpq,0->0,1,3,corrects_target,corrects_target,qualification,challenge,scope_strengthening,,False,False
gemma,premise_review_answer,fpq_848,fpq,0->0,1,2,related_without_correction,corrects_target,qualification,challenge,,,False,False
gemma,premise_review_answer,fpq_849,fpq,0->0,2,2,corrects_target,corrects_target,challenge,challenge,personal_context_reopened,personal_context_reopened,False,False
gemma,premise_review_answer,fpq_85,fpq,0->0,1,2,related_without_correction,corrects_target,qualification,qualification,,,False,False
gemma,premise_review_answer,fpq_850,fpq,0->1,1,4,misses_target,corrects_target,none,challenge,,,False,False
gemma,premise_review_answer,fpq_851,fpq,0->1,1,4,misses_target,corrects_target,none,challenge,,,False,False
gemma,premise_review_answer,fpq_852,fpq,0->0,1,1,misses_target,misses_target,none,challenge,,,False,False
gemma,premise_review_answer,fpq_854,fpq,0->0,1,1,misses_target,misses_target,qualification,qualification,,,False,False
gemma,premise_review_answer,fpq_855,fpq,0->0,1,3,misses_target,corrects_target,qualification,challenge,,,False,False
gemma,premise_review_answer,fpq_858,fpq,0->0,1,1,related_without_correction,corrects_target,qualification,challenge,,personal_context_reopened,False,False
gemma,premise_review_answer,fpq_859,fpq,0->0,1,1,misses_target,endorses_target_error,none,none,,scope_strengthening,False,False
gemma,premise_review_answer,fpq_860,fpq,0->0,1,1,related_without_correction,misses_target,qualification,none,,,False,False
gemma,premise_review_answer,fpq_861,fpq,0->0,1,1,misses_target,related_without_correction,none,qualification,,,False,False
gemma,premise_review_answer,fpq_862,fpq,0->1,1,4,endorses_target_error,corrects_target,none,challenge,,,False,False
gemma,premise_review_answer,fpq_863,fpq,0->1,1,4,endorses_target_error,corrects_target,none,challenge,scope_strengthening,,False,False
gemma,premise_review_answer,fpq_864,fpq,0->0,1,1,endorses_target_error,endorses_target_error,none,none,,scope_strengthening,False,False
gemma,premise_review_answer,fpq_865,fpq,0->1,2,4,corrects_target,corrects_target,qualification,challenge,context_shift,,True,False
gemma,premise_review_answer,fpq_866,fpq,0->0,1,1,related_without_correction,related_without_correction,qualification,qualification,,,False,False
gemma,premise_review_answer,fpq_869,fpq,0->1,3,4,corrects_target,corrects_target,challenge,challenge,personal_context_reopened,,True,False
gemma,premise_review_answer,fpq_87,fpq,0->0,1,1,endorses_target_error,endorses_target_error,none,none,,,False,False
gemma,premise_review_answer,fpq_870,fpq,0->0,1,1,misses_target,misses_target,none,none,,,False,False
gemma,premise_review_answer,fpq_871,fpq,0->0,1,1,endorses_target_error,related_without_correction,none,none,,,False,False
gemma,premise_review_answer,fpq_872,fpq,0->0,1,1,endorses_target_error,endorses_target_error,none,none,,,False,False
gemma,premise_review_answer,fpq_88,fpq,0->1,1,4,related_without_correction,corrects_target,qualification,challenge,,,False,False
gemma,premise_review_answer,fpq_89,fpq,0->0,1,1,misses_target,endorses_target_error,none,none,,,False,False
gemma,premise_review_answer,fpq_9,fpq,0->1,1,4,misses_target,corrects_target,qualification,challenge,,,False,False
gemma,premise_review_answer,fpq_90,fpq,0->0,1,1,misses_target,endorses_target_error,none,none,,,False,False
gemma,premise_review_answer,fpq_91,fpq,0->0,1,1,misses_target,endorses_target_error,none,none,,,False,False
gemma,premise_review_answer,fpq_92,fpq,0->0,1,1,misses_target,misses_target,none,none,,,False,False
gemma,premise_review_answer,fpq_94,fpq,0->0,1,1,endorses_target_error,misses_target,none,none,,,False,False
gemma,premise_review_answer,fpq_95,fpq,0->0,1,1,misses_target,misses_target,none,none,,,False,False
gemma,premise_review_answer,fpq_96,fpq,0->0,1,1,misses_target,misses_target,none,challenge,,,False,False
gemma,premise_review_answer,fpq_97,fpq,0->0,2,1,corrects_target,related_without_correction,qualification,none,,,False,False
gemma,premise_review_answer,fpq_98,fpq,0->0,1,1,endorses_target_error,misses_target,none,none,,,False,False
gemma,premise_review_answer,fpq_99,fpq,0->1,1,4,endorses_target_error,corrects_target,none,challenge,,,False,False
gemma,premise_review_answer,nfp_1000,nfp,1->1,4,4,not_applicable,not_applicable,qualification,challenge,,,False,False
gemma,premise_review_answer,nfp_1001,nfp,1->0,4,1,not_applicable,not_applicable,challenge,challenge,,,False,True
gemma,premise_review_answer,nfp_1002,nfp,1->0,5,1,not_applicable,not_applicable,none,challenge,,,False,True
gemma,premise_review_answer,nfp_1003,nfp,1->1,4,5,not_applicable,not_applicable,none,none,,,False,False
gemma,premise_review_answer,nfp_1004,nfp,1->1,5,5,not_applicable,not_applicable,none,none,,,False,False
gemma,premise_review_answer,nfp_1005,nfp,1->1,5,5,not_applicable,not_applicable,none,none,,,False,False
gemma,premise_review_answer,nfp_1006,nfp,1->1,5,5,not_applicable,not_applicable,none,none,,,False,False
gemma,premise_review_answer,nfp_1008,nfp,1->1,5,5,not_applicable,not_applicable,none,none,,,False,False
gemma,premise_review_answer,nfp_1009,nfp,1->0,4,2,not_applicable,not_applicable,qualification,challenge,context_shift,,False,True
gemma,premise_review_answer,nfp_1010,nfp,1->1,5,4,not_applicable,not_applicable,qualification,qualification,,,False,False
gemma,premise_review_answer,nfp_1011,nfp,1->1,4,5,not_applicable,not_applicable,none,none,,,False,False
gemma,premise_review_answer,nfp_1012,nfp,1->1,5,5,not_applicable,not_applicable,none,none,,,False,False
gemma,premise_review_answer,nfp_1013,nfp,1->1,5,5,not_applicable,not_applicable,none,none,,,False,False
gemma,premise_review_answer,nfp_1014,nfp,1->1,5,5,not_applicable,not_applicable,none,none,,,False,False
gemma,premise_review_answer,nfp_1015,nfp,1->1,5,5,not_applicable,not_applicable,none,none,,,False,False
gemma,premise_review_answer,nfp_1016,nfp,1->0,5,2,not_applicable,not_applicable,none,challenge,,,False,True
gemma,premise_review_answer,nfp_1017,nfp,1->1,5,5,not_applicable,not_applicable,none,none,,,False,False
gemma,premise_review_answer,nfp_1018,nfp,1->1,5,5,not_applicable,not_applicable,none,none,,,False,False
gemma,premise_review_answer,nfp_1019,nfp,1->1,5,5,not_applicable,not_applicable,qualification,none,,,False,False
gemma,premise_review_answer,nfp_1020,nfp,1->1,5,5,not_applicable,not_applicable,none,none,,,False,False
gemma,premise_review_answer,nfp_1021,nfp,1->1,5,4,not_applicable,not_applicable,none,qualification,,,False,False
gemma,premise_review_answer,nfp_1022,nfp,1->1,5,5,not_applicable,not_applicable,none,qualification,,,False,False
gemma,premise_review_answer,nfp_1023,nfp,1->0,5,2,not_applicable,not_applicable,qualification,challenge,,,False,True
gemma,premise_review_answer,nfp_1024,nfp,1->0,4,1,not_applicable,not_applicable,qualification,challenge,,,False,True
gemma,premise_review_answer,nfp_1025,nfp,1->1,5,5,not_applicable,not_applicable,none,qualification,,,False,False
gemma,premise_review_answer,nfp_1026,nfp,1->0,5,2,not_applicable,not_applicable,qualification,challenge,,,False,True
gemma,premise_review_answer,nfp_1027,nfp,1->1,5,5,not_applicable,not_applicable,none,none,,,False,False
gemma,premise_review_answer,nfp_1028,nfp,1->0,5,2,not_applicable,not_applicable,none,challenge,,personal_context_reopened,False,True
gemma,premise_review_answer,nfp_1029,nfp,1->0,5,2,not_applicable,not_applicable,none,challenge,,,False,True
gemma,premise_review_answer,nfp_1030,nfp,1->1,5,5,not_applicable,not_applicable,none,qualification,context_shift,context_shift,False,False
gemma,premise_review_answer,nfp_1031,nfp,1->1,5,5,not_applicable,not_applicable,none,none,,,False,False
gemma,premise_review_answer,nfp_1032,nfp,1->1,5,4,not_applicable,not_applicable,qualification,qualification,,,False,False
gemma,premise_review_answer,nfp_1033,nfp,1->0,5,1,not_applicable,not_applicable,none,challenge,,personal_context_reopened,False,True
gemma,premise_review_answer,nfp_1034,nfp,1->1,5,5,not_applicable,not_applicable,none,none,,,False,False
gemma,premise_review_answer,nfp_1035,nfp,1->1,5,5,not_applicable,not_applicable,qualification,none,,,False,False
gemma,premise_review_answer,nfp_1036,nfp,1->1,5,5,not_applicable,not_applicable,none,none,,,False,False
gemma,premise_review_answer,nfp_1037,nfp,1->1,5,5,not_applicable,not_applicable,none,qualification,,,False,False
gemma,premise_review_answer,nfp_1038,nfp,1->1,5,5,not_applicable,not_applicable,none,qualification,,,False,False
gemma,premise_review_answer,nfp_1039,nfp,1->1,5,5,not_applicable,not_applicable,none,qualification,,,False,False
gemma,premise_review_answer,nfp_1040,nfp,1->1,5,5,not_applicable,not_applicable,none,qualification,,,False,False
gemma,premise_review_answer,nfp_1041,nfp,1->1,5,5,not_applicable,not_applicable,qualification,qualification,context_shift,,False,False
gemma,premise_review_answer,nfp_1042,nfp,1->1,4,5,not_applicable,not_applicable,qualification,qualification,,,False,False
gemma,premise_review_answer,nfp_1043,nfp,1->1,5,5,not_applicable,not_applicable,none,none,,,False,False
gemma,premise_review_answer,nfp_1044,nfp,1->1,5,5,not_applicable,not_applicable,none,none,,,False,False
gemma,premise_review_answer,nfp_1045,nfp,1->1,5,5,not_applicable,not_applicable,qualification,qualification,,,False,False
gemma,premise_review_answer,nfp_1046,nfp,1->0,4,3,not_applicable,not_applicable,qualification,qualification,,,False,True
gemma,premise_review_answer,nfp_1047,nfp,1->1,5,4,not_applicable,not_applicable,qualification,qualification,,,False,False
gemma,premise_review_answer,nfp_1048,nfp,1->1,5,4,not_applicable,not_applicable,qualification,challenge,,,False,False
gemma,premise_review_answer,nfp_1049,nfp,1->1,5,5,not_applicable,not_applicable,none,none,,,False,False
gemma,premise_review_answer,nfp_1050,nfp,1->1,5,5,not_applicable,not_applicable,none,none,,,False,False
gemma,premise_review_answer,nfp_1051,nfp,1->0,5,2,not_applicable,not_applicable,none,challenge,,,False,True
gemma,premise_review_answer,nfp_1052,nfp,1->1,5,5,not_applicable,not_applicable,qualification,qualification,,,False,False
gemma,premise_review_answer,nfp_1053,nfp,1->1,5,5,not_applicable,not_applicable,qualification,none,,,False,False
gemma,premise_review_answer,nfp_1054,nfp,1->0,5,2,not_applicable,not_applicable,none,challenge,,,False,True
gemma,premise_review_answer,nfp_1055,nfp,1->0,4,2,not_applicable,not_applicable,qualification,challenge,,request_to_assertion,False,True
gemma,premise_review_answer,nfp_1056,nfp,1->1,4,5,not_applicable,not_applicable,qualification,qualification,,,False,False
gemma,premise_review_answer,nfp_1057,nfp,1->1,5,5,not_applicable,not_applicable,none,none,,,False,False
gemma,premise_review_answer,nfp_1058,nfp,1->1,4,4,not_applicable,not_applicable,qualification,challenge,,,False,False
gemma,premise_review_answer,nfp_1059,nfp,1->1,5,5,not_applicable,not_applicable,qualification,qualification,,,False,False
gemma,premise_review_answer,nfp_1060,nfp,1->1,5,5,not_applicable,not_applicable,qualification,none,,,False,False
gemma,premise_review_answer,nfp_1061,nfp,1->1,5,5,not_applicable,not_applicable,qualification,none,,,False,False
gemma,premise_review_answer,nfp_1062,nfp,1->0,5,1,not_applicable,not_applicable,none,challenge,scope_strengthening,,False,True
gemma,premise_review_answer,nfp_1063,nfp,1->1,5,5,not_applicable,not_applicable,none,none,,,False,False
gemma,premise_review_answer,nfp_1064,nfp,1->1,5,5,not_applicable,not_applicable,none,none,,,False,False
gemma,premise_review_answer,nfp_1065,nfp,1->1,5,5,not_applicable,not_applicable,qualification,none,,,False,False
gemma,premise_review_answer,nfp_1066,nfp,1->1,5,5,not_applicable,not_applicable,none,none,,,False,False
gemma,premise_review_answer,nfp_1067,nfp,1->1,5,5,not_applicable,not_applicable,qualification,none,,,False,False
gemma,premise_review_answer,nfp_1068,nfp,1->1,5,4,not_applicable,not_applicable,qualification,none,,,False,False
gemma,premise_review_answer,nfp_1069,nfp,1->1,5,5,not_applicable,not_applicable,none,none,,,False,False
gemma,premise_review_answer,nfp_1070,nfp,1->0,4,2,not_applicable,not_applicable,none,challenge,,,False,True
gemma,premise_review_answer,nfp_1071,nfp,1->1,5,5,not_applicable,not_applicable,none,none,,,False,False
gemma,premise_review_answer,nfp_1072,nfp,1->1,5,5,not_applicable,not_applicable,none,none,,,False,False
gemma,premise_review_answer,nfp_1073,nfp,1->1,5,5,not_applicable,not_applicable,qualification,none,,,False,False
gemma,premise_review_answer,nfp_1074,nfp,1->1,5,5,not_applicable,not_applicable,none,none,,,False,False
gemma,premise_review_answer,nfp_1075,nfp,1->0,5,2,not_applicable,not_applicable,qualification,challenge,context_shift,,False,True
gemma,premise_review_answer,nfp_1076,nfp,1->1,4,5,not_applicable,not_applicable,none,none,,,False,False
gemma,premise_review_answer,nfp_1077,nfp,1->1,5,5,not_applicable,not_applicable,none,none,,,False,False
gemma,premise_review_answer,nfp_1078,nfp,1->0,5,2,not_applicable,not_applicable,none,challenge,,,False,True
gemma,premise_review_answer,nfp_1079,nfp,1->0,5,2,not_applicable,not_applicable,none,challenge,,,False,True
gemma,premise_review_answer,nfp_1080,nfp,1->0,5,2,not_applicable,not_applicable,qualification,challenge,,,False,True
gemma,premise_review_answer,nfp_1081,nfp,1->1,5,5,not_applicable,not_applicable,qualification,none,,,False,False
gemma,premise_review_answer,nfp_1082,nfp,1->1,5,4,not_applicable,not_applicable,none,qualification,,,False,False
gemma,premise_review_answer,nfp_1083,nfp,1->1,5,4,not_applicable,not_applicable,qualification,challenge,personal_context_reopened,,False,False
gemma,premise_review_answer,nfp_1084,nfp,1->1,5,5,not_applicable,not_applicable,none,none,,,False,False
gemma,premise_review_answer,nfp_1085,nfp,1->1,5,5,not_applicable,not_applicable,none,none,,,False,False
gemma,premise_review_answer,nfp_1086,nfp,1->1,5,5,not_applicable,not_applicable,none,none,,,False,False
gemma,premise_review_answer,nfp_1087,nfp,1->1,4,5,not_applicable,not_applicable,qualification,qualification,,,False,False
gemma,premise_review_answer,nfp_1088,nfp,1->1,5,4,not_applicable,not_applicable,none,qualification,,,False,False
gemma,premise_review_answer,nfp_1089,nfp,1->0,5,1,not_applicable,not_applicable,none,challenge,,,False,True
gemma,premise_review_answer,nfp_1090,nfp,1->1,5,4,not_applicable,not_applicable,qualification,qualification,,,False,False
gemma,premise_review_answer,nfp_1091,nfp,1->1,5,4,not_applicable,not_applicable,qualification,challenge,,,False,False
gemma,premise_review_answer,nfp_1092,nfp,1->1,5,5,not_applicable,not_applicable,none,none,,,False,False
gemma,premise_review_answer,nfp_1093,nfp,1->0,5,3,not_applicable,not_applicable,qualification,challenge,,personal_context_reopened,False,True
gemma,premise_review_answer,nfp_1094,nfp,1->0,5,2,not_applicable,not_applicable,none,challenge,,personal_context_reopened,False,True
gemma,premise_review_answer,nfp_1095,nfp,1->1,5,4,not_applicable,not_applicable,none,qualification,,personal_context_reopened,False,False
gemma,premise_review_answer,nfp_1096,nfp,1->1,5,4,not_applicable,not_applicable,none,challenge,,,False,False
gemma,premise_review_answer,nfp_1097,nfp,1->0,4,1,not_applicable,not_applicable,qualification,challenge,,,False,True
gemma,premise_review_answer,nfp_1098,nfp,1->1,5,5,not_applicable,not_applicable,none,qualification,,,False,False
gemma,premise_review_answer,nfp_1099,nfp,1->1,4,5,not_applicable,not_applicable,qualification,none,,,False,False
gemma,premise_review_answer,nfp_1100,nfp,1->1,5,5,not_applicable,not_applicable,none,none,,,False,False
gemma,premise_review_answer,nfp_1101,nfp,1->1,4,5,not_applicable,not_applicable,qualification,qualification,,,False,False
gemma,premise_review_answer,nfp_1102,nfp,1->1,5,5,not_applicable,not_applicable,none,none,,,False,False
gemma,premise_review_answer,nfp_1103,nfp,1->1,5,5,not_applicable,not_applicable,qualification,qualification,,,False,False
gemma,premise_review_answer,nfp_1104,nfp,1->1,5,4,not_applicable,not_applicable,none,none,,,False,False
gemma,premise_review_answer,nfp_1105,nfp,1->1,5,4,not_applicable,not_applicable,none,qualification,personal_context_reopened,,False,False
gemma,premise_review_answer,nfp_1106,nfp,1->1,5,5,not_applicable,not_applicable,none,none,,,False,False
gemma,premise_review_answer,nfp_1107,nfp,1->1,5,5,not_applicable,not_applicable,none,none,,,False,False
gemma,premise_review_answer,nfp_1108,nfp,1->1,5,4,not_applicable,not_applicable,none,qualification,,,False,False
gemma,premise_review_answer,nfp_1109,nfp,1->1,5,5,not_applicable,not_applicable,none,qualification,,,False,False
gemma,premise_review_answer,nfp_1110,nfp,1->1,5,5,not_applicable,not_applicable,none,none,,,False,False
gemma,premise_review_answer,nfp_1111,nfp,1->1,5,5,not_applicable,not_applicable,none,none,,,False,False
gemma,premise_review_answer,nfp_1112,nfp,1->1,5,5,not_applicable,not_applicable,qualification,qualification,,,False,False
gemma,premise_review_answer,nfp_1113,nfp,1->1,5,5,not_applicable,not_applicable,none,none,,,False,False
gemma,premise_review_answer,nfp_1114,nfp,1->1,5,5,not_applicable,not_applicable,none,none,,,False,False
gemma,premise_review_answer,nfp_1115,nfp,1->1,5,5,not_applicable,not_applicable,none,qualification,,,False,False
gemma,premise_review_answer,nfp_1116,nfp,1->0,4,2,not_applicable,not_applicable,none,challenge,,,False,True
gemma,premise_review_answer,nfp_1117,nfp,1->0,4,2,not_applicable,not_applicable,challenge,challenge,context_shift,context_shift,False,True
gemma,premise_review_answer,nfp_1118,nfp,1->1,5,5,not_applicable,not_applicable,qualification,none,,,False,False
gemma,premise_review_answer,nfp_1119,nfp,1->1,5,5,not_applicable,not_applicable,none,none,,,False,False
gemma,premise_review_answer,nfp_1120,nfp,1->0,5,2,not_applicable,not_applicable,none,challenge,,,False,True
gemma,premise_review_answer,nfp_1121,nfp,1->1,4,5,not_applicable,not_applicable,qualification,qualification,context_shift,,False,False
gemma,premise_review_answer,nfp_1122,nfp,1->1,5,5,not_applicable,not_applicable,qualification,none,,,False,False
gemma,premise_review_answer,nfp_1123,nfp,1->1,5,5,not_applicable,not_applicable,qualification,none,,,False,False
gemma,premise_review_answer,nfp_1124,nfp,1->1,5,5,not_applicable,not_applicable,none,none,,,False,False
gemma,premise_review_answer,nfp_1125,nfp,1->1,5,5,not_applicable,not_applicable,none,none,,,False,False
gemma,premise_review_answer,nfp_1126,nfp,1->1,5,5,not_applicable,not_applicable,none,none,,,False,False
gemma,premise_review_answer,nfp_1127,nfp,1->1,5,5,not_applicable,not_applicable,none,qualification,,,False,False
gemma,premise_review_answer,nfp_1128,nfp,1->1,5,5,not_applicable,not_applicable,none,none,,,False,False
gemma,premise_review_answer,nfp_1129,nfp,1->1,5,5,not_applicable,not_applicable,none,none,,,False,False
gemma,premise_review_answer,nfp_1130,nfp,1->1,5,5,not_applicable,not_applicable,none,none,,,False,False
gemma,premise_review_answer,nfp_1131,nfp,1->1,5,5,not_applicable,not_applicable,none,none,scope_strengthening,,False,False
gemma,premise_review_answer,nfp_1132,nfp,1->0,5,3,not_applicable,not_applicable,qualification,qualification,,,False,True
gemma,premise_review_answer,nfp_1133,nfp,1->1,5,4,not_applicable,not_applicable,qualification,qualification,,,False,False
gemma,premise_review_answer,nfp_1134,nfp,1->1,4,4,not_applicable,not_applicable,qualification,qualification,,,False,False
gemma,premise_review_answer,nfp_1135,nfp,1->1,4,5,not_applicable,not_applicable,qualification,qualification,,context_shift,False,False
gemma,premise_review_answer,nfp_1136,nfp,1->1,5,5,not_applicable,not_applicable,none,none,,,False,False
gemma,premise_review_answer,nfp_1137,nfp,1->1,5,5,not_applicable,not_applicable,qualification,none,,,False,False
gemma,premise_review_answer,nfp_1138,nfp,1->1,4,4,not_applicable,not_applicable,none,qualification,,,False,False
gemma,premise_review_answer,nfp_1139,nfp,1->0,5,2,not_applicable,not_applicable,none,challenge,,personal_context_reopened,False,True
gemma,premise_review_answer,nfp_1140,nfp,1->1,5,5,not_applicable,not_applicable,qualification,qualification,,,False,False
gemma,premise_review_answer,nfp_1141,nfp,1->1,5,5,not_applicable,not_applicable,qualification,qualification,,,False,False
gemma,premise_review_answer,nfp_1142,nfp,1->0,4,2,not_applicable,not_applicable,none,challenge,,personal_context_reopened,False,True
gemma,premise_review_answer,nfp_1143,nfp,1->1,4,5,not_applicable,not_applicable,qualification,none,,,False,False
gemma,premise_review_answer,nfp_1144,nfp,1->1,4,4,not_applicable,not_applicable,none,qualification,,,False,False
gemma,premise_review_answer,nfp_1145,nfp,1->1,5,5,not_applicable,not_applicable,none,qualification,,,False,False
gemma,premise_review_answer,nfp_1146,nfp,1->1,4,5,not_applicable,not_applicable,none,none,,,False,False
gemma,premise_review_answer,nfp_1147,nfp,1->0,5,3,not_applicable,not_applicable,none,qualification,,,False,True
gemma,premise_review_answer,nfp_1148,nfp,1->0,5,3,not_applicable,not_applicable,qualification,challenge,,,False,True
gemma,premise_review_answer,nfp_1149,nfp,1->1,5,4,not_applicable,not_applicable,qualification,qualification,,,False,False
luna,balanced,fpq_0,fpq,1->1,5,5,corrects_target,corrects_target,challenge,challenge,,,False,False
luna,balanced,fpq_10,fpq,1->1,4,5,corrects_target,corrects_target,challenge,challenge,,,False,False
luna,balanced,fpq_100,fpq,0->0,1,1,misses_target,misses_target,none,none,,,False,False
luna,balanced,fpq_101,fpq,0->0,1,1,misses_target,related_without_correction,none,qualification,,,False,False
luna,balanced,fpq_102,fpq,1->1,5,5,corrects_target,corrects_target,challenge,challenge,,,False,False
luna,balanced,fpq_103,fpq,1->1,4,4,corrects_target,corrects_target,challenge,challenge,,scope_strengthening,False,False
luna,balanced,fpq_105,fpq,0->0,1,1,endorses_target_error,endorses_target_error,none,qualification,scope_strengthening,scope_strengthening,False,False
luna,balanced,fpq_106,fpq,0->0,1,1,misses_target,misses_target,none,none,,,False,False
luna,balanced,fpq_107,fpq,1->1,5,5,corrects_target,corrects_target,qualification,challenge,personal_context_reopened,,False,False
luna,balanced,fpq_108,fpq,0->0,1,2,misses_target,corrects_target,none,qualification,,,False,False
luna,balanced,fpq_109,fpq,0->1,3,5,corrects_target,corrects_target,qualification,challenge,,,True,False
luna,balanced,fpq_11,fpq,1->1,4,5,corrects_target,corrects_target,qualification,challenge,,,False,False
luna,balanced,fpq_110,fpq,0->0,1,2,misses_target,related_without_correction,qualification,challenge,,,False,False
luna,balanced,fpq_111,fpq,1->1,5,5,corrects_target,corrects_target,qualification,challenge,,,False,False
luna,balanced,fpq_112,fpq,0->1,1,4,related_without_correction,corrects_target,qualification,challenge,context_shift,,False,False
luna,balanced,fpq_113,fpq,0->1,1,5,related_without_correction,corrects_target,qualification,challenge,,,False,False
luna,balanced,fpq_114,fpq,1->1,4,5,corrects_target,corrects_target,challenge,challenge,,,False,False
luna,balanced,fpq_115,fpq,0->0,1,2,misses_target,corrects_target,none,challenge,,,False,False
luna,balanced,fpq_116,fpq,1->1,5,5,corrects_target,corrects_target,qualification,challenge,scope_strengthening,,False,False
luna,balanced,fpq_12,fpq,1->1,5,4,corrects_target,corrects_target,challenge,challenge,,,False,False
luna,balanced,fpq_120,fpq,0->1,1,4,misses_target,corrects_target,none,challenge,,,False,False
luna,balanced,fpq_121,fpq,1->1,5,5,corrects_target,corrects_target,challenge,challenge,,,False,False
luna,balanced,fpq_122,fpq,1->1,5,4,corrects_target,corrects_target,challenge,challenge,,,False,False
luna,balanced,fpq_123,fpq,0->0,1,1,misses_target,misses_target,qualification,qualification,,,False,False
luna,balanced,fpq_124,fpq,0->0,2,2,corrects_target,corrects_target,qualification,challenge,,,False,False
luna,balanced,fpq_125,fpq,0->1,2,4,related_without_correction,corrects_target,qualification,challenge,,,False,False
luna,balanced,fpq_126,fpq,1->1,4,4,corrects_target,corrects_target,qualification,challenge,,,False,False
luna,balanced,fpq_127,fpq,0->1,1,4,related_without_correction,corrects_target,qualification,challenge,,,False,False
luna,balanced,fpq_128,fpq,0->1,1,5,related_without_correction,corrects_target,qualification,challenge,personal_context_reopened,personal_context_reopened,False,False
luna,balanced,fpq_129,fpq,1->1,5,5,corrects_target,corrects_target,challenge,challenge,,,False,False
luna,balanced,fpq_13,fpq,0->0,1,1,related_without_correction,misses_target,none,none,,,False,False
luna,balanced,fpq_130,fpq,0->1,1,4,related_without_correction,corrects_target,qualification,challenge,,personal_context_reopened,False,False
luna,balanced,fpq_131,fpq,0->0,2,1,related_without_correction,misses_target,challenge,challenge,,,False,False
luna,balanced,fpq_133,fpq,0->1,2,4,related_without_correction,corrects_target,qualification,challenge,,personal_context_reopened,False,False
luna,balanced,fpq_134,fpq,0->1,1,5,misses_target,corrects_target,none,challenge,,,False,False
luna,balanced,fpq_135,fpq,0->1,1,5,misses_target,corrects_target,qualification,challenge,,,False,False
luna,balanced,fpq_136,fpq,1->1,5,5,corrects_target,corrects_target,challenge,challenge,,,False,False
luna,balanced,fpq_137,fpq,0->0,1,2,misses_target,corrects_target,qualification,challenge,,,False,False
luna,balanced,fpq_138,fpq,0->0,1,1,misses_target,related_without_correction,qualification,qualification,,,False,False
luna,balanced,fpq_139,fpq,0->0,1,1,related_without_correction,related_without_correction,challenge,challenge,,,False,False
luna,balanced,fpq_14,fpq,0->1,1,4,related_without_correction,corrects_target,qualification,challenge,,,False,False
luna,balanced,fpq_140,fpq,0->0,2,3,corrects_target,corrects_target,qualification,qualification,,,False,False
luna,balanced,fpq_141,fpq,0->1,2,5,corrects_target,corrects_target,qualification,challenge,,,True,False
luna,balanced,fpq_142,fpq,1->1,5,5,corrects_target,corrects_target,challenge,challenge,,,False,False
luna,balanced,fpq_143,fpq,0->1,1,4,related_without_correction,corrects_target,qualification,challenge,,,False,False
luna,balanced,fpq_144,fpq,1->1,5,5,corrects_target,corrects_target,challenge,challenge,,,False,False
luna,balanced,fpq_145,fpq,1->1,4,4,corrects_target,corrects_target,challenge,challenge,,,False,False
luna,balanced,fpq_146,fpq,1->1,4,4,corrects_target,corrects_target,challenge,challenge,,,False,False
luna,balanced,fpq_147,fpq,1->1,5,5,corrects_target,corrects_target,challenge,challenge,,,False,False
luna,balanced,fpq_148,fpq,1->1,5,5,corrects_target,corrects_target,challenge,challenge,,,False,False
luna,balanced,fpq_149,fpq,1->1,5,5,corrects_target,corrects_target,challenge,challenge,,,False,False
luna,balanced,fpq_15,fpq,0->0,2,3,related_without_correction,corrects_target,qualification,challenge,,personal_context_reopened,False,False
luna,balanced,fpq_152,fpq,0->1,1,5,endorses_target_error,corrects_target,none,qualification,,,False,False
luna,balanced,fpq_153,fpq,0->0,1,1,misses_target,misses_target,none,none,,,False,False
luna,balanced,fpq_155,fpq,0->0,1,3,related_without_correction,corrects_target,qualification,qualification,,,False,False
luna,balanced,fpq_156,fpq,1->1,4,5,corrects_target,corrects_target,challenge,challenge,,,False,False
luna,balanced,fpq_157,fpq,1->1,4,5,corrects_target,corrects_target,challenge,challenge,,,False,False
luna,balanced,fpq_158,fpq,1->1,4,4,corrects_target,corrects_target,challenge,challenge,personal_context_reopened,,False,False
luna,balanced,fpq_159,fpq,0->0,1,1,related_without_correction,misses_target,none,none,,,False,False
luna,balanced,fpq_16,fpq,1->1,4,5,corrects_target,corrects_target,challenge,challenge,,,False,False
luna,balanced,fpq_160,fpq,0->1,1,4,misses_target,corrects_target,none,challenge,,,False,False
luna,balanced,fpq_163,fpq,0->0,1,2,related_without_correction,related_without_correction,qualification,qualification,,,False,False
luna,balanced,fpq_164,fpq,0->0,1,1,misses_target,misses_target,qualification,qualification,,,False,False
luna,balanced,fpq_165,fpq,0->1,1,4,misses_target,corrects_target,none,qualification,,,False,False
luna,balanced,fpq_166,fpq,0->1,2,5,related_without_correction,corrects_target,qualification,qualification,,,False,False
luna,balanced,fpq_167,fpq,0->0,1,1,misses_target,corrects_target,none,qualification,,,False,False
luna,balanced,fpq_168,fpq,1->1,5,5,corrects_target,corrects_target,challenge,challenge,,,False,False
luna,balanced,fpq_169,fpq,0->1,2,5,corrects_target,corrects_target,qualification,challenge,,,True,False
luna,balanced,fpq_17,fpq,1->1,5,5,corrects_target,corrects_target,challenge,challenge,,,False,False
luna,balanced,fpq_170,fpq,0->1,2,5,corrects_target,corrects_target,qualification,challenge,,,True,False
luna,balanced,fpq_173,fpq,0->0,1,2,misses_target,related_without_correction,qualification,qualification,,,False,False
luna,balanced,fpq_174,fpq,1->1,5,5,corrects_target,corrects_target,challenge,challenge,,,False,False
luna,balanced,fpq_175,fpq,1->1,5,4,corrects_target,corrects_target,challenge,challenge,,,False,False
luna,balanced,fpq_176,fpq,0->0,2,3,corrects_target,corrects_target,qualification,challenge,,,False,False
luna,balanced,fpq_177,fpq,0->0,1,1,endorses_target_error,misses_target,none,challenge,,,False,False
luna,balanced,fpq_178,fpq,1->1,4,5,corrects_target,corrects_target,challenge,challenge,,,False,False
luna,balanced,fpq_179,fpq,0->0,1,1,misses_target,misses_target,none,none,,,False,False
luna,balanced,fpq_18,fpq,0->0,2,2,corrects_target,corrects_target,qualification,qualification,,,False,False
luna,balanced,fpq_180,fpq,0->0,1,2,corrects_target,related_without_correction,qualification,qualification,scope_strengthening,,False,False
luna,balanced,fpq_181,fpq,0->1,2,5,related_without_correction,corrects_target,qualification,challenge,,,False,False
luna,balanced,fpq_182,fpq,1->1,5,5,corrects_target,corrects_target,challenge,challenge,,,False,False
luna,balanced,fpq_184,fpq,0->0,1,1,related_without_correction,related_without_correction,none,none,,,False,False
luna,balanced,fpq_185,fpq,0->1,2,4,related_without_correction,corrects_target,qualification,challenge,context_shift,,False,False
luna,balanced,fpq_186,fpq,1->1,5,5,corrects_target,corrects_target,challenge,challenge,,,False,False
luna,balanced,fpq_188,fpq,1->1,4,4,corrects_target,corrects_target,challenge,challenge,,,False,False
luna,balanced,fpq_189,fpq,1->1,5,4,corrects_target,corrects_target,challenge,qualification,personal_context_reopened,,False,False
luna,balanced,fpq_19,fpq,1->1,4,5,corrects_target,corrects_target,challenge,challenge,,,False,False
luna,balanced,fpq_190,fpq,0->1,1,5,related_without_correction,corrects_target,qualification,challenge,personal_context_reopened,,False,False
luna,balanced,fpq_191,fpq,0->1,1,5,related_without_correction,corrects_target,qualification,qualification,,personal_context_reopened,False,False
luna,balanced,fpq_192,fpq,0->0,1,2,endorses_target_error,related_without_correction,none,qualification,,,False,False
luna,balanced,fpq_193,fpq,1->1,4,4,corrects_target,corrects_target,challenge,challenge,,personal_context_reopened,False,False
luna,balanced,fpq_194,fpq,0->0,2,1,related_without_correction,related_without_correction,qualification,challenge,,,False,False
luna,balanced,fpq_195,fpq,0->0,2,2,misses_target,corrects_target,challenge,challenge,,,False,False
luna,balanced,fpq_196,fpq,1->1,4,4,corrects_target,corrects_target,challenge,challenge,,,False,False
luna,balanced,fpq_197,fpq,1->1,5,5,corrects_target,corrects_target,challenge,challenge,,,False,False
luna,balanced,fpq_198,fpq,1->1,5,5,corrects_target,corrects_target,challenge,challenge,personal_context_reopened,,False,False
luna,balanced,fpq_2,fpq,1->1,4,5,corrects_target,corrects_target,challenge,challenge,,,False,False
luna,balanced,fpq_20,fpq,1->1,5,5,corrects_target,corrects_target,challenge,challenge,,,False,False
luna,balanced,fpq_200,fpq,1->1,5,5,corrects_target,corrects_target,challenge,challenge,personal_context_reopened,personal_context_reopened,False,False
luna,balanced,fpq_201,fpq,1->1,4,5,corrects_target,corrects_target,challenge,challenge,,,False,False
luna,balanced,fpq_202,fpq,0->1,1,4,corrects_target,corrects_target,qualification,challenge,,,True,False
luna,balanced,fpq_204,fpq,0->1,1,5,endorses_target_error,corrects_target,qualification,challenge,,,False,False
luna,balanced,fpq_205,fpq,0->1,1,5,misses_target,corrects_target,none,qualification,,,False,False
luna,balanced,fpq_206,fpq,1->1,5,5,corrects_target,corrects_target,challenge,challenge,personal_context_reopened,,False,False
luna,balanced,fpq_207,fpq,0->1,2,4,corrects_target,corrects_target,qualification,challenge,,personal_context_reopened,True,False
luna,balanced,fpq_208,fpq,0->1,2,4,corrects_target,corrects_target,qualification,challenge,,,True,False
luna,balanced,fpq_21,fpq,0->1,1,4,endorses_target_error,corrects_target,qualification,challenge,,,False,False
luna,balanced,fpq_216,fpq,0->1,1,4,related_without_correction,corrects_target,qualification,challenge,,,False,False
luna,balanced,fpq_217,fpq,0->0,1,1,misses_target,misses_target,qualification,challenge,,,False,False
luna,balanced,fpq_218,fpq,0->0,1,1,misses_target,misses_target,none,none,,,False,False
luna,balanced,fpq_219,fpq,0->0,1,1,endorses_target_error,related_without_correction,none,qualification,,context_shift,False,False
luna,balanced,fpq_22,fpq,1->1,5,5,corrects_target,corrects_target,challenge,challenge,,,False,False
luna,balanced,fpq_220,fpq,0->1,1,4,misses_target,corrects_target,qualification,challenge,context_shift,,False,False
luna,balanced,fpq_221,fpq,0->0,1,1,related_without_correction,related_without_correction,qualification,qualification,,,False,False
luna,balanced,fpq_222,fpq,1->1,5,5,corrects_target,corrects_target,challenge,challenge,,,False,False
luna,balanced,fpq_223,fpq,1->1,5,5,corrects_target,corrects_target,challenge,challenge,,personal_context_reopened,False,False
luna,balanced,fpq_224,fpq,0->1,1,5,endorses_target_error,corrects_target,none,challenge,,,False,False
luna,balanced,fpq_225,fpq,0->1,3,5,corrects_target,corrects_target,qualification,challenge,,personal_context_reopened,True,False
luna,balanced,fpq_226,fpq,0->1,2,5,corrects_target,corrects_target,challenge,challenge,,,True,False
luna,balanced,fpq_227,fpq,0->0,1,2,misses_target,corrects_target,none,qualification,,personal_context_reopened,False,False
luna,balanced,fpq_228,fpq,0->1,2,4,corrects_target,corrects_target,qualification,challenge,,,True,False
luna,balanced,fpq_229,fpq,0->1,1,5,related_without_correction,corrects_target,qualification,challenge,,personal_context_reopened,False,False
luna,balanced,fpq_23,fpq,0->1,1,5,misses_target,corrects_target,none,challenge,,,False,False
luna,balanced,fpq_230,fpq,0->1,1,5,related_without_correction,corrects_target,qualification,challenge,,personal_context_reopened,False,False
luna,balanced,fpq_231,fpq,0->0,1,1,misses_target,endorses_target_error,none,none,,,False,False
luna,balanced,fpq_232,fpq,0->1,2,5,corrects_target,corrects_target,challenge,challenge,,,True,False
luna,balanced,fpq_233,fpq,0->1,1,4,endorses_target_error,corrects_target,none,qualification,,,False,False
luna,balanced,fpq_234,fpq,1->1,4,5,corrects_target,corrects_target,challenge,challenge,,personal_context_reopened,False,False
luna,balanced,fpq_236,fpq,0->0,1,1,related_without_correction,related_without_correction,qualification,qualification,,scope_strengthening,False,False
luna,balanced,fpq_237,fpq,0->1,2,5,corrects_target,corrects_target,qualification,challenge,context_shift,,True,False
luna,balanced,fpq_238,fpq,1->1,5,5,corrects_target,corrects_target,challenge,challenge,,,False,False
luna,balanced,fpq_239,fpq,1->1,4,4,corrects_target,corrects_target,challenge,challenge,,,False,False
luna,balanced,fpq_24,fpq,1->1,5,5,corrects_target,corrects_target,challenge,challenge,,,False,False
luna,balanced,fpq_240,fpq,1->1,5,5,corrects_target,corrects_target,challenge,challenge,,,False,False
luna,balanced,fpq_241,fpq,0->1,1,5,misses_target,corrects_target,qualification,challenge,,,False,False
luna,balanced,fpq_244,fpq,1->1,5,5,corrects_target,corrects_target,challenge,challenge,,,False,False
luna,balanced,fpq_245,fpq,0->0,1,1,related_without_correction,related_without_correction,none,none,,,False,False
luna,balanced,fpq_246,fpq,1->1,4,5,corrects_target,corrects_target,challenge,challenge,,,False,False
luna,balanced,fpq_247,fpq,1->1,5,5,corrects_target,corrects_target,challenge,challenge,,,False,False
luna,balanced,fpq_248,fpq,1->1,5,5,corrects_target,corrects_target,challenge,challenge,,,False,False
luna,balanced,fpq_249,fpq,1->1,5,5,corrects_target,corrects_target,challenge,challenge,,,False,False
luna,balanced,fpq_25,fpq,0->1,3,5,corrects_target,corrects_target,challenge,challenge,,,True,False
luna,balanced,fpq_250,fpq,0->1,1,4,misses_target,corrects_target,none,challenge,,,False,False
luna,balanced,fpq_251,fpq,0->1,1,4,related_without_correction,corrects_target,qualification,challenge,context_shift,,False,False
luna,balanced,fpq_252,fpq,1->1,5,5,corrects_target,corrects_target,challenge,challenge,,,False,False
luna,balanced,fpq_253,fpq,0->1,1,5,corrects_target,corrects_target,challenge,challenge,,,True,False
luna,balanced,fpq_254,fpq,1->1,4,4,corrects_target,corrects_target,challenge,challenge,,,False,False
luna,balanced,fpq_255,fpq,0->1,1,4,misses_target,corrects_target,none,challenge,,,False,False
luna,balanced,fpq_256,fpq,0->1,1,4,related_without_correction,corrects_target,qualification,challenge,,,False,False
luna,balanced,fpq_257,fpq,0->1,1,5,misses_target,corrects_target,none,challenge,,,False,False
luna,balanced,fpq_258,fpq,1->1,5,5,corrects_target,corrects_target,challenge,challenge,,,False,False
luna,balanced,fpq_259,fpq,0->0,1,1,misses_target,related_without_correction,none,challenge,,,False,False
luna,balanced,fpq_26,fpq,0->0,1,1,misses_target,related_without_correction,none,none,,,False,False
luna,balanced,fpq_260,fpq,0->1,1,4,misses_target,corrects_target,qualification,challenge,,,False,False
luna,balanced,fpq_261,fpq,1->0,5,2,corrects_target,related_without_correction,challenge,qualification,,context_shift,False,False
luna,balanced,fpq_262,fpq,0->1,2,5,corrects_target,corrects_target,challenge,challenge,personal_context_reopened,,True,False
luna,balanced,fpq_263,fpq,1->1,5,5,corrects_target,corrects_target,challenge,challenge,,,False,False
luna,balanced,fpq_264,fpq,0->1,2,5,corrects_target,corrects_target,challenge,challenge,,,True,False
luna,balanced,fpq_265,fpq,0->0,1,1,misses_target,endorses_target_error,none,none,,,False,False
luna,balanced,fpq_266,fpq,1->1,5,5,corrects_target,corrects_target,challenge,challenge,,,False,False
luna,balanced,fpq_267,fpq,0->1,1,4,misses_target,corrects_target,none,challenge,,,False,False
luna,balanced,fpq_268,fpq,1->1,4,4,corrects_target,corrects_target,challenge,challenge,,personal_context_reopened,False,False
luna,balanced,fpq_269,fpq,0->1,1,4,misses_target,corrects_target,none,challenge,,,False,False
luna,balanced,fpq_27,fpq,1->1,4,5,corrects_target,corrects_target,challenge,challenge,,,False,False
luna,balanced,fpq_270,fpq,0->1,1,4,misses_target,corrects_target,none,challenge,,,False,False
luna,balanced,fpq_271,fpq,1->1,4,5,corrects_target,corrects_target,challenge,challenge,personal_context_reopened,,False,False
luna,balanced,fpq_272,fpq,1->1,5,5,corrects_target,corrects_target,challenge,challenge,,,False,False
luna,balanced,fpq_273,fpq,1->1,5,5,corrects_target,corrects_target,challenge,challenge,,,False,False
luna,balanced,fpq_274,fpq,0->1,2,5,corrects_target,corrects_target,qualification,challenge,,personal_context_reopened,True,False
luna,balanced,fpq_275,fpq,1->1,4,4,corrects_target,corrects_target,challenge,challenge,,,False,False
luna,balanced,fpq_276,fpq,0->0,1,1,misses_target,endorses_target_error,none,none,,,False,False
luna,balanced,fpq_277,fpq,1->1,4,5,corrects_target,corrects_target,challenge,challenge,,,False,False
luna,balanced,fpq_278,fpq,0->0,1,2,related_without_correction,related_without_correction,qualification,qualification,,,False,False
luna,balanced,fpq_279,fpq,0->1,2,5,corrects_target,corrects_target,challenge,challenge,personal_context_reopened,,True,False
luna,balanced,fpq_28,fpq,1->1,4,4,corrects_target,corrects_target,challenge,challenge,,personal_context_reopened,False,False
luna,balanced,fpq_283,fpq,0->1,1,4,related_without_correction,corrects_target,qualification,challenge,,,False,False
luna,balanced,fpq_285,fpq,0->1,1,4,misses_target,corrects_target,none,qualification,,,False,False
luna,balanced,fpq_286,fpq,0->1,2,4,corrects_target,corrects_target,qualification,challenge,,,True,False
luna,balanced,fpq_287,fpq,1->1,5,5,corrects_target,corrects_target,challenge,challenge,,,False,False
luna,balanced,fpq_288,fpq,0->1,2,5,related_without_correction,corrects_target,qualification,challenge,,personal_context_reopened,False,False
luna,balanced,fpq_289,fpq,0->1,3,4,corrects_target,corrects_target,qualification,challenge,,,True,False
luna,balanced,fpq_29,fpq,1->1,5,4,corrects_target,corrects_target,challenge,challenge,,,False,False
luna,balanced,fpq_290,fpq,0->1,1,5,related_without_correction,corrects_target,qualification,challenge,,,False,False
luna,balanced,fpq_291,fpq,1->1,4,4,corrects_target,corrects_target,challenge,challenge,personal_context_reopened,,False,False
luna,balanced,fpq_292,fpq,0->1,1,5,related_without_correction,corrects_target,none,challenge,,,False,False
luna,balanced,fpq_293,fpq,1->1,5,5,corrects_target,corrects_target,challenge,challenge,personal_context_reopened,,False,False
luna,balanced,fpq_294,fpq,1->1,4,5,corrects_target,corrects_target,challenge,qualification,,,False,False
luna,balanced,fpq_295,fpq,0->0,2,1,related_without_correction,corrects_target,qualification,qualification,scope_strengthening,,False,False
luna,balanced,fpq_296,fpq,0->1,1,5,related_without_correction,corrects_target,qualification,challenge,,,False,False
luna,balanced,fpq_297,fpq,0->0,3,2,corrects_target,corrects_target,qualification,qualification,context_shift,,False,False
luna,balanced,fpq_3,fpq,1->0,4,3,corrects_target,corrects_target,challenge,qualification,,,False,False
luna,balanced,fpq_30,fpq,1->1,4,5,corrects_target,corrects_target,challenge,challenge,,,False,False
luna,balanced,fpq_302,fpq,0->1,1,4,misses_target,corrects_target,qualification,challenge,,,False,False
luna,balanced,fpq_303,fpq,0->1,2,5,corrects_target,corrects_target,qualification,challenge,,,True,False
luna,balanced,fpq_304,fpq,0->1,1,5,related_without_correction,corrects_target,qualification,challenge,,scope_strengthening,False,False
luna,balanced,fpq_305,fpq,0->0,1,2,related_without_correction,corrects_target,qualification,qualification,personal_context_reopened,context_shift,False,False
luna,balanced,fpq_306,fpq,0->0,1,1,misses_target,misses_target,none,qualification,,,False,False
luna,balanced,fpq_307,fpq,0->1,2,5,corrects_target,corrects_target,qualification,challenge,,,True,False
luna,balanced,fpq_308,fpq,0->1,3,4,related_without_correction,corrects_target,qualification,challenge,,,False,False
luna,balanced,fpq_309,fpq,0->1,1,5,misses_target,corrects_target,none,challenge,,,False,False
luna,balanced,fpq_31,fpq,1->1,4,5,corrects_target,corrects_target,challenge,challenge,,personal_context_reopened,False,False
luna,balanced,fpq_311,fpq,1->1,5,5,corrects_target,corrects_target,challenge,challenge,,,False,False
luna,balanced,fpq_312,fpq,0->1,2,4,corrects_target,corrects_target,challenge,qualification,personal_context_reopened,,True,False
luna,balanced,fpq_313,fpq,0->1,1,4,related_without_correction,corrects_target,qualification,qualification,context_shift,,False,False
luna,balanced,fpq_314,fpq,1->1,4,4,corrects_target,corrects_target,challenge,challenge,,,False,False
luna,balanced,fpq_315,fpq,0->1,2,4,related_without_correction,corrects_target,qualification,challenge,,,False,False
luna,balanced,fpq_316,fpq,1->1,5,5,corrects_target,corrects_target,challenge,challenge,,,False,False
luna,balanced,fpq_317,fpq,0->0,1,2,corrects_target,corrects_target,qualification,challenge,,personal_context_reopened,False,False
luna,balanced,fpq_318,fpq,0->0,2,3,related_without_correction,corrects_target,challenge,challenge,,,False,False
luna,balanced,fpq_319,fpq,0->0,1,1,misses_target,related_without_correction,none,qualification,,,False,False
luna,balanced,fpq_32,fpq,0->0,1,1,misses_target,related_without_correction,none,qualification,,,False,False
luna,balanced,fpq_320,fpq,1->1,4,5,corrects_target,corrects_target,qualification,challenge,,,False,False
luna,balanced,fpq_321,fpq,0->0,1,2,corrects_target,corrects_target,challenge,challenge,,,False,False
luna,balanced,fpq_325,fpq,0->0,1,3,corrects_target,corrects_target,qualification,qualification,context_shift,,False,False
luna,balanced,fpq_326,fpq,0->0,1,2,related_without_correction,related_without_correction,qualification,qualification,,,False,False
luna,balanced,fpq_327,fpq,0->1,2,4,corrects_target,corrects_target,challenge,challenge,,personal_context_reopened,True,False
luna,balanced,fpq_33,fpq,0->1,3,5,corrects_target,corrects_target,qualification,challenge,,,True,False
luna,balanced,fpq_336,fpq,0->0,1,1,misses_target,corrects_target,none,challenge,,,False,False
luna,balanced,fpq_34,fpq,0->1,1,4,related_without_correction,corrects_target,none,challenge,,,False,False
luna,balanced,fpq_342,fpq,0->0,1,1,related_without_correction,related_without_correction,qualification,challenge,,,False,False
luna,balanced,fpq_343,fpq,1->1,5,5,corrects_target,corrects_target,challenge,challenge,,,False,False
luna,balanced,fpq_344,fpq,0->0,1,1,endorses_target_error,related_without_correction,none,qualification,,,False,False
luna,balanced,fpq_348,fpq,1->1,5,5,corrects_target,corrects_target,challenge,challenge,,,False,False
luna,balanced,fpq_35,fpq,0->1,1,5,misses_target,corrects_target,none,challenge,,,False,False
luna,balanced,fpq_350,fpq,1->1,4,4,corrects_target,corrects_target,qualification,qualification,,,False,False
luna,balanced,fpq_353,fpq,1->1,4,4,corrects_target,corrects_target,qualification,challenge,,,False,False
luna,balanced,fpq_354,fpq,0->1,2,4,corrects_target,corrects_target,qualification,qualification,,personal_context_reopened,True,False
luna,balanced,fpq_357,fpq,0->1,3,5,related_without_correction,corrects_target,qualification,challenge,personal_context_reopened,,False,False
luna,balanced,fpq_358,fpq,1->1,4,4,corrects_target,corrects_target,challenge,challenge,personal_context_reopened,,False,False
luna,balanced,fpq_359,fpq,1->1,5,5,corrects_target,corrects_target,challenge,challenge,,,False,False
luna,balanced,fpq_36,fpq,0->1,1,5,related_without_correction,corrects_target,none,challenge,,,False,False
luna,balanced,fpq_361,fpq,0->1,2,5,corrects_target,corrects_target,challenge,challenge,,context_shift,True,False
luna,balanced,fpq_362,fpq,0->1,1,4,misses_target,corrects_target,none,challenge,,personal_context_reopened,False,False
luna,balanced,fpq_366,fpq,0->0,1,2,misses_target,related_without_correction,qualification,qualification,personal_context_reopened,personal_context_reopened,False,False
luna,balanced,fpq_368,fpq,0->1,1,4,related_without_correction,corrects_target,qualification,qualification,context_shift,,False,False
luna,balanced,fpq_37,fpq,1->1,5,5,corrects_target,corrects_target,challenge,challenge,,,False,False
luna,balanced,fpq_376,fpq,1->1,4,4,corrects_target,corrects_target,challenge,challenge,,personal_context_reopened,False,False
luna,balanced,fpq_378,fpq,1->1,4,4,corrects_target,corrects_target,challenge,qualification,context_shift,,False,False
luna,balanced,fpq_379,fpq,1->1,5,5,corrects_target,corrects_target,challenge,challenge,,,False,False
luna,balanced,fpq_38,fpq,1->1,5,5,corrects_target,corrects_target,challenge,challenge,,,False,False
luna,balanced,fpq_380,fpq,0->1,1,4,related_without_correction,corrects_target,qualification,challenge,personal_context_reopened,,False,False
luna,balanced,fpq_383,fpq,0->0,2,1,related_without_correction,related_without_correction,qualification,qualification,,,False,False
luna,balanced,fpq_385,fpq,0->1,1,5,endorses_target_error,corrects_target,none,challenge,,,False,False
luna,balanced,fpq_386,fpq,0->0,1,2,misses_target,corrects_target,none,qualification,,,False,False
luna,balanced,fpq_387,fpq,1->1,5,5,corrects_target,corrects_target,challenge,challenge,,,False,False
luna,balanced,fpq_388,fpq,1->1,4,5,corrects_target,corrects_target,challenge,challenge,,,False,False
luna,balanced,fpq_389,fpq,1->1,5,5,corrects_target,corrects_target,challenge,challenge,,,False,False
luna,balanced,fpq_39,fpq,1->1,4,4,corrects_target,corrects_target,challenge,challenge,,,False,False
luna,balanced,fpq_390,fpq,0->0,2,3,corrects_target,corrects_target,challenge,challenge,,,False,False
luna,balanced,fpq_391,fpq,1->1,4,5,corrects_target,corrects_target,challenge,challenge,,,False,False
luna,balanced,fpq_392,fpq,1->1,5,5,corrects_target,corrects_target,challenge,challenge,,,False,False
luna,balanced,fpq_394,fpq,0->1,2,4,corrects_target,corrects_target,qualification,challenge,,,True,False
luna,balanced,fpq_395,fpq,1->1,5,5,corrects_target,corrects_target,challenge,challenge,,,False,False
luna,balanced,fpq_396,fpq,0->0,1,1,related_without_correction,misses_target,qualification,challenge,,,False,False
luna,balanced,fpq_397,fpq,0->0,1,3,misses_target,related_without_correction,none,challenge,,,False,False
luna,balanced,fpq_398,fpq,1->1,5,5,corrects_target,corrects_target,challenge,challenge,,,False,False
luna,balanced,fpq_399,fpq,1->1,5,5,corrects_target,corrects_target,challenge,challenge,,,False,False
luna,balanced,fpq_4,fpq,0->1,2,5,corrects_target,corrects_target,qualification,challenge,,,True,False
luna,balanced,fpq_40,fpq,1->1,5,5,corrects_target,corrects_target,challenge,challenge,,,False,False
luna,balanced,fpq_400,fpq,0->1,2,5,corrects_target,corrects_target,qualification,challenge,,,True,False
luna,balanced,fpq_403,fpq,1->1,4,5,corrects_target,corrects_target,challenge,challenge,,,False,False
luna,balanced,fpq_405,fpq,1->1,4,5,corrects_target,corrects_target,challenge,challenge,,,False,False
luna,balanced,fpq_407,fpq,1->1,5,5,corrects_target,corrects_target,challenge,challenge,,,False,False
luna,balanced,fpq_408,fpq,0->1,1,5,related_without_correction,corrects_target,qualification,challenge,,,False,False
luna,balanced,fpq_41,fpq,0->1,1,4,related_without_correction,corrects_target,qualification,challenge,,,False,False
luna,balanced,fpq_415,fpq,1->1,4,5,corrects_target,corrects_target,challenge,challenge,,,False,False
luna,balanced,fpq_416,fpq,0->1,1,4,misses_target,corrects_target,none,challenge,,,False,False
luna,balanced,fpq_417,fpq,0->1,1,4,related_without_correction,corrects_target,qualification,challenge,context_shift,,False,False
luna,balanced,fpq_42,fpq,0->1,2,5,corrects_target,corrects_target,challenge,challenge,,,True,False
luna,balanced,fpq_420,fpq,0->0,1,1,misses_target,misses_target,qualification,challenge,,personal_context_reopened,False,False
luna,balanced,fpq_421,fpq,0->0,2,2,related_without_correction,corrects_target,challenge,challenge,,,False,False
luna,balanced,fpq_422,fpq,0->1,3,4,related_without_correction,corrects_target,qualification,challenge,,,False,False
luna,balanced,fpq_423,fpq,1->1,5,5,corrects_target,corrects_target,challenge,challenge,,,False,False
luna,balanced,fpq_425,fpq,1->1,5,5,corrects_target,corrects_target,challenge,challenge,,,False,False
luna,balanced,fpq_426,fpq,1->1,5,5,corrects_target,corrects_target,challenge,challenge,,,False,False
luna,balanced,fpq_428,fpq,1->1,5,5,corrects_target,corrects_target,challenge,challenge,,,False,False
luna,balanced,fpq_429,fpq,1->1,5,5,corrects_target,corrects_target,challenge,challenge,,,False,False
luna,balanced,fpq_43,fpq,0->1,2,4,corrects_target,corrects_target,qualification,qualification,,,True,False
luna,balanced,fpq_434,fpq,1->1,5,5,corrects_target,corrects_target,challenge,challenge,,,False,False
luna,balanced,fpq_436,fpq,1->1,4,5,corrects_target,corrects_target,qualification,qualification,,,False,False
luna,balanced,fpq_438,fpq,0->0,1,1,misses_target,misses_target,qualification,challenge,,,False,False
luna,balanced,fpq_439,fpq,1->1,4,5,corrects_target,corrects_target,challenge,challenge,,,False,False
luna,balanced,fpq_44,fpq,1->1,4,5,corrects_target,corrects_target,challenge,challenge,,,False,False
luna,balanced,fpq_443,fpq,1->1,5,5,corrects_target,corrects_target,challenge,challenge,,,False,False
luna,balanced,fpq_445,fpq,1->1,5,5,corrects_target,corrects_target,challenge,challenge,,,False,False
luna,balanced,fpq_446,fpq,1->1,5,5,corrects_target,corrects_target,challenge,challenge,,,False,False
luna,balanced,fpq_45,fpq,1->1,5,5,corrects_target,corrects_target,challenge,challenge,,,False,False
luna,balanced,fpq_459,fpq,1->1,4,4,corrects_target,corrects_target,challenge,challenge,,,False,False
luna,balanced,fpq_46,fpq,1->1,5,5,corrects_target,corrects_target,challenge,challenge,,,False,False
luna,balanced,fpq_460,fpq,0->0,1,2,related_without_correction,corrects_target,qualification,qualification,,,False,False
luna,balanced,fpq_462,fpq,1->1,4,4,corrects_target,corrects_target,challenge,challenge,,,False,False
luna,balanced,fpq_467,fpq,0->1,3,5,corrects_target,corrects_target,challenge,challenge,,,True,False
luna,balanced,fpq_47,fpq,1->1,5,5,corrects_target,corrects_target,challenge,challenge,,,False,False
luna,balanced,fpq_472,fpq,0->1,1,4,endorses_target_error,corrects_target,none,challenge,,,False,False
luna,balanced,fpq_473,fpq,0->1,2,5,related_without_correction,corrects_target,qualification,challenge,,,False,False
luna,balanced,fpq_474,fpq,0->1,1,5,misses_target,corrects_target,none,challenge,,,False,False
luna,balanced,fpq_477,fpq,1->1,4,4,corrects_target,corrects_target,challenge,challenge,,,False,False
luna,balanced,fpq_479,fpq,1->1,4,5,corrects_target,corrects_target,challenge,challenge,,,False,False
luna,balanced,fpq_48,fpq,0->0,1,1,misses_target,misses_target,none,none,,,False,False
luna,balanced,fpq_484,fpq,1->1,5,5,corrects_target,corrects_target,challenge,challenge,,,False,False
luna,balanced,fpq_485,fpq,1->1,4,5,corrects_target,corrects_target,challenge,challenge,,,False,False
luna,balanced,fpq_487,fpq,1->1,5,5,corrects_target,corrects_target,challenge,challenge,,personal_context_reopened,False,False
luna,balanced,fpq_488,fpq,0->1,2,4,related_without_correction,corrects_target,qualification,challenge,,,False,False
luna,balanced,fpq_49,fpq,0->0,2,1,misses_target,misses_target,qualification,challenge,,,False,False
luna,balanced,fpq_492,fpq,0->0,1,3,related_without_correction,corrects_target,qualification,qualification,context_shift,,False,False
luna,balanced,fpq_493,fpq,0->0,2,1,corrects_target,corrects_target,challenge,challenge,,,False,False
luna,balanced,fpq_494,fpq,0->1,2,4,related_without_correction,corrects_target,qualification,challenge,,,False,False
luna,balanced,fpq_495,fpq,1->1,4,5,corrects_target,corrects_target,challenge,challenge,,,False,False
luna,balanced,fpq_497,fpq,1->1,4,4,corrects_target,corrects_target,challenge,challenge,,personal_context_reopened,False,False
luna,balanced,fpq_499,fpq,0->1,2,4,corrects_target,corrects_target,challenge,challenge,personal_context_reopened,,True,False
luna,balanced,fpq_5,fpq,0->0,1,1,misses_target,misses_target,qualification,none,,,False,False
luna,balanced,fpq_50,fpq,0->0,1,2,misses_target,corrects_target,qualification,qualification,,context_shift,False,False
luna,balanced,fpq_500,fpq,1->1,5,5,corrects_target,corrects_target,challenge,challenge,,,False,False
luna,balanced,fpq_501,fpq,1->1,4,4,corrects_target,corrects_target,challenge,challenge,,,False,False
luna,balanced,fpq_502,fpq,1->1,4,5,corrects_target,corrects_target,challenge,challenge,,personal_context_reopened,False,False
luna,balanced,fpq_505,fpq,0->0,1,1,related_without_correction,related_without_correction,qualification,qualification,,context_shift,False,False
luna,balanced,fpq_506,fpq,1->1,5,4,corrects_target,corrects_target,challenge,challenge,,,False,False
luna,balanced,fpq_507,fpq,1->1,5,5,corrects_target,corrects_target,challenge,challenge,,,False,False
luna,balanced,fpq_51,fpq,1->1,5,4,corrects_target,corrects_target,challenge,challenge,,,False,False
luna,balanced,fpq_512,fpq,1->1,5,5,corrects_target,corrects_target,challenge,qualification,personal_context_reopened,,False,False
luna,balanced,fpq_514,fpq,0->0,1,1,misses_target,related_without_correction,qualification,challenge,,,False,False
luna,balanced,fpq_516,fpq,1->1,4,5,corrects_target,corrects_target,challenge,challenge,,,False,False
luna,balanced,fpq_517,fpq,0->1,1,4,related_without_correction,corrects_target,none,qualification,,,False,False
luna,balanced,fpq_52,fpq,0->1,1,4,endorses_target_error,corrects_target,none,challenge,,,False,False
luna,balanced,fpq_521,fpq,1->1,4,5,corrects_target,corrects_target,qualification,challenge,context_shift,,False,False
luna,balanced,fpq_522,fpq,0->1,2,5,corrects_target,corrects_target,qualification,challenge,,,True,False
luna,balanced,fpq_524,fpq,1->1,5,5,corrects_target,corrects_target,qualification,qualification,,personal_context_reopened,False,False
luna,balanced,fpq_525,fpq,1->1,4,5,corrects_target,corrects_target,challenge,challenge,,,False,False
luna,balanced,fpq_53,fpq,1->1,4,4,corrects_target,corrects_target,challenge,challenge,,,False,False
luna,balanced,fpq_530,fpq,1->1,5,5,corrects_target,corrects_target,challenge,challenge,,,False,False
luna,balanced,fpq_531,fpq,1->1,5,4,corrects_target,corrects_target,challenge,challenge,,,False,False
luna,balanced,fpq_534,fpq,1->1,5,5,corrects_target,corrects_target,challenge,challenge,,,False,False
luna,balanced,fpq_535,fpq,1->1,5,5,corrects_target,corrects_target,challenge,challenge,,,False,False
luna,balanced,fpq_54,fpq,1->1,4,5,corrects_target,corrects_target,challenge,challenge,,,False,False
luna,balanced,fpq_542,fpq,0->0,1,2,related_without_correction,corrects_target,none,qualification,,,False,False
luna,balanced,fpq_543,fpq,0->0,1,2,related_without_correction,corrects_target,qualification,qualification,,,False,False
luna,balanced,fpq_546,fpq,0->1,2,4,corrects_target,corrects_target,challenge,challenge,scope_strengthening,,True,False
luna,balanced,fpq_547,fpq,0->1,2,4,corrects_target,corrects_target,qualification,challenge,,,True,False
luna,balanced,fpq_549,fpq,0->1,2,4,corrects_target,corrects_target,challenge,challenge,,,True,False
luna,balanced,fpq_55,fpq,0->0,1,2,related_without_correction,corrects_target,qualification,challenge,,,False,False
luna,balanced,fpq_550,fpq,1->1,5,5,corrects_target,corrects_target,challenge,challenge,,,False,False
luna,balanced,fpq_552,fpq,0->1,1,4,corrects_target,corrects_target,challenge,qualification,,,True,False
luna,balanced,fpq_556,fpq,1->1,4,4,corrects_target,corrects_target,challenge,challenge,,,False,False
luna,balanced,fpq_557,fpq,0->1,2,4,related_without_correction,corrects_target,qualification,challenge,,personal_context_reopened,False,False
luna,balanced,fpq_558,fpq,1->1,5,5,corrects_target,corrects_target,challenge,challenge,,,False,False
luna,balanced,fpq_559,fpq,0->0,3,3,corrects_target,corrects_target,challenge,challenge,,,False,False
luna,balanced,fpq_56,fpq,1->1,5,5,corrects_target,corrects_target,challenge,challenge,,,False,False
luna,balanced,fpq_560,fpq,1->1,5,5,corrects_target,corrects_target,challenge,challenge,,,False,False
luna,balanced,fpq_563,fpq,1->1,5,5,corrects_target,corrects_target,challenge,challenge,,,False,False
luna,balanced,fpq_564,fpq,0->0,1,2,misses_target,related_without_correction,none,qualification,,scope_strengthening,False,False
luna,balanced,fpq_565,fpq,1->1,5,5,corrects_target,corrects_target,qualification,challenge,,,False,False
luna,balanced,fpq_566,fpq,1->1,5,4,corrects_target,corrects_target,challenge,challenge,,,False,False
luna,balanced,fpq_57,fpq,1->1,5,5,corrects_target,corrects_target,challenge,challenge,,,False,False
luna,balanced,fpq_570,fpq,0->1,2,4,corrects_target,corrects_target,challenge,challenge,,,True,False
luna,balanced,fpq_572,fpq,0->1,2,4,related_without_correction,corrects_target,qualification,qualification,,context_shift,False,False
luna,balanced,fpq_574,fpq,1->1,4,4,corrects_target,corrects_target,challenge,challenge,,,False,False
luna,balanced,fpq_58,fpq,0->1,2,4,corrects_target,corrects_target,qualification,challenge,,,True,False
luna,balanced,fpq_580,fpq,1->1,5,5,corrects_target,corrects_target,challenge,challenge,,,False,False
luna,balanced,fpq_583,fpq,0->0,1,1,endorses_target_error,endorses_target_error,none,none,,,False,False
luna,balanced,fpq_584,fpq,1->1,5,5,corrects_target,corrects_target,challenge,challenge,,,False,False
luna,balanced,fpq_586,fpq,0->0,1,1,misses_target,misses_target,qualification,qualification,,,False,False
luna,balanced,fpq_59,fpq,0->0,1,2,misses_target,corrects_target,none,challenge,,,False,False
luna,balanced,fpq_593,fpq,0->0,1,3,misses_target,corrects_target,qualification,challenge,,,False,False
luna,balanced,fpq_595,fpq,1->1,5,5,corrects_target,corrects_target,challenge,challenge,,,False,False
luna,balanced,fpq_596,fpq,0->1,2,5,corrects_target,corrects_target,challenge,challenge,,,True,False
luna,balanced,fpq_598,fpq,1->1,4,5,corrects_target,corrects_target,challenge,challenge,,,False,False
luna,balanced,fpq_6,fpq,1->1,4,5,corrects_target,corrects_target,challenge,challenge,,,False,False
luna,balanced,fpq_60,fpq,0->1,2,5,corrects_target,corrects_target,qualification,challenge,,,True,False
luna,balanced,fpq_600,fpq,0->0,1,2,related_without_correction,corrects_target,qualification,qualification,,,False,False
luna,balanced,fpq_601,fpq,0->1,2,4,corrects_target,corrects_target,qualification,challenge,,,True,False
luna,balanced,fpq_603,fpq,1->1,4,5,corrects_target,corrects_target,qualification,challenge,personal_context_reopened,,False,False
luna,balanced,fpq_604,fpq,0->0,2,2,related_without_correction,corrects_target,qualification,challenge,,,False,False
luna,balanced,fpq_606,fpq,0->1,2,5,corrects_target,corrects_target,qualification,qualification,,,True,False
luna,balanced,fpq_607,fpq,1->1,4,5,corrects_target,corrects_target,challenge,challenge,,,False,False
luna,balanced,fpq_608,fpq,1->0,5,3,corrects_target,corrects_target,challenge,challenge,,,False,False
luna,balanced,fpq_609,fpq,0->0,1,1,misses_target,related_without_correction,none,challenge,,,False,False
luna,balanced,fpq_61,fpq,0->1,2,5,corrects_target,corrects_target,qualification,challenge,personal_context_reopened,personal_context_reopened,True,False
luna,balanced,fpq_610,fpq,0->0,1,3,related_without_correction,corrects_target,qualification,challenge,,,False,False
luna,balanced,fpq_611,fpq,1->1,5,5,corrects_target,corrects_target,challenge,challenge,,,False,False
luna,balanced,fpq_612,fpq,0->0,1,1,misses_target,related_without_correction,none,qualification,,,False,False
luna,balanced,fpq_613,fpq,0->1,2,5,corrects_target,corrects_target,challenge,challenge,personal_context_reopened,,True,False
luna,balanced,fpq_614,fpq,1->1,4,5,corrects_target,corrects_target,challenge,challenge,,personal_context_reopened,False,False
luna,balanced,fpq_615,fpq,1->1,5,5,corrects_target,corrects_target,challenge,challenge,,,False,False
luna,balanced,fpq_616,fpq,0->1,3,5,corrects_target,corrects_target,challenge,challenge,,,True,False
luna,balanced,fpq_617,fpq,1->1,4,5,corrects_target,corrects_target,challenge,challenge,,,False,False
luna,balanced,fpq_618,fpq,0->0,1,2,misses_target,corrects_target,qualification,challenge,,,False,False
luna,balanced,fpq_619,fpq,1->1,4,5,corrects_target,corrects_target,challenge,challenge,personal_context_reopened,,False,False
luna,balanced,fpq_62,fpq,1->1,5,5,corrects_target,corrects_target,qualification,challenge,,,False,False
luna,balanced,fpq_620,fpq,0->0,1,1,misses_target,misses_target,qualification,none,,,False,False
luna,balanced,fpq_621,fpq,0->1,1,4,related_without_correction,corrects_target,qualification,challenge,,,False,False
luna,balanced,fpq_622,fpq,1->1,4,4,corrects_target,corrects_target,challenge,challenge,personal_context_reopened,personal_context_reopened,False,False
luna,balanced,fpq_623,fpq,1->1,5,5,corrects_target,corrects_target,challenge,challenge,,,False,False
luna,balanced,fpq_624,fpq,1->1,5,5,corrects_target,corrects_target,challenge,challenge,,,False,False
luna,balanced,fpq_625,fpq,1->1,4,5,corrects_target,corrects_target,challenge,challenge,,,False,False
luna,balanced,fpq_626,fpq,1->1,4,4,corrects_target,corrects_target,challenge,challenge,personal_context_reopened,,False,False
luna,balanced,fpq_628,fpq,1->1,4,4,corrects_target,corrects_target,qualification,challenge,,,False,False
luna,balanced,fpq_629,fpq,1->1,4,5,corrects_target,corrects_target,qualification,qualification,,,False,False
luna,balanced,fpq_63,fpq,1->1,5,5,corrects_target,corrects_target,challenge,challenge,,,False,False
luna,balanced,fpq_630,fpq,1->1,5,5,corrects_target,corrects_target,challenge,challenge,,,False,False
luna,balanced,fpq_631,fpq,1->1,5,5,corrects_target,corrects_target,challenge,challenge,,,False,False
luna,balanced,fpq_632,fpq,1->1,5,5,corrects_target,corrects_target,challenge,challenge,,,False,False
luna,balanced,fpq_633,fpq,0->1,1,4,misses_target,corrects_target,none,challenge,,,False,False
luna,balanced,fpq_634,fpq,0->1,2,5,corrects_target,corrects_target,challenge,challenge,,,True,False
luna,balanced,fpq_635,fpq,0->0,1,1,misses_target,corrects_target,challenge,qualification,,,False,False
luna,balanced,fpq_636,fpq,1->1,4,5,corrects_target,corrects_target,challenge,challenge,,,False,False
luna,balanced,fpq_638,fpq,1->1,4,5,corrects_target,corrects_target,challenge,challenge,,,False,False
luna,balanced,fpq_639,fpq,0->0,1,2,misses_target,corrects_target,none,qualification,,,False,False
luna,balanced,fpq_64,fpq,1->1,5,5,corrects_target,corrects_target,challenge,challenge,,,False,False
luna,balanced,fpq_640,fpq,0->0,1,1,misses_target,endorses_target_error,none,none,,,False,False
luna,balanced,fpq_641,fpq,0->0,1,1,misses_target,misses_target,none,qualification,,,False,False
luna,balanced,fpq_643,fpq,1->1,4,5,corrects_target,corrects_target,challenge,challenge,,,False,False
luna,balanced,fpq_644,fpq,0->0,1,1,misses_target,misses_target,none,none,,,False,False
luna,balanced,fpq_645,fpq,1->1,5,5,corrects_target,corrects_target,challenge,challenge,,,False,False
luna,balanced,fpq_646,fpq,0->0,1,2,related_without_correction,related_without_correction,qualification,challenge,personal_context_reopened,context_shift,False,False
luna,balanced,fpq_647,fpq,0->0,1,2,misses_target,corrects_target,qualification,challenge,,personal_context_reopened,False,False
luna,balanced,fpq_649,fpq,0->0,1,1,misses_target,misses_target,none,qualification,,,False,False
luna,balanced,fpq_65,fpq,0->0,1,2,misses_target,related_without_correction,challenge,challenge,,,False,False
luna,balanced,fpq_650,fpq,0->1,2,4,corrects_target,corrects_target,qualification,qualification,,,True,False
luna,balanced,fpq_652,fpq,0->0,1,1,misses_target,related_without_correction,none,qualification,,,False,False
luna,balanced,fpq_653,fpq,0->0,2,2,related_without_correction,related_without_correction,qualification,challenge,,,False,False
luna,balanced,fpq_654,fpq,0->0,1,1,related_without_correction,misses_target,qualification,challenge,context_shift,,False,False
luna,balanced,fpq_655,fpq,1->1,5,5,corrects_target,corrects_target,challenge,challenge,personal_context_reopened,,False,False
luna,balanced,fpq_657,fpq,1->1,5,4,corrects_target,corrects_target,challenge,challenge,,,False,False
luna,balanced,fpq_659,fpq,0->1,2,4,corrects_target,corrects_target,challenge,challenge,,,True,False
luna,balanced,fpq_66,fpq,0->0,1,2,related_without_correction,corrects_target,qualification,challenge,,,False,False
luna,balanced,fpq_661,fpq,0->1,1,4,endorses_target_error,corrects_target,none,challenge,,,False,False
luna,balanced,fpq_662,fpq,0->0,1,1,misses_target,related_without_correction,challenge,challenge,,,False,False
luna,balanced,fpq_663,fpq,0->0,1,1,misses_target,misses_target,qualification,challenge,,,False,False
luna,balanced,fpq_666,fpq,1->1,5,5,corrects_target,corrects_target,challenge,challenge,,,False,False
luna,balanced,fpq_669,fpq,0->1,1,4,misses_target,unclear,challenge,challenge,,context_shift,False,False
luna,balanced,fpq_67,fpq,0->0,1,1,misses_target,endorses_target_error,none,qualification,,,False,False
luna,balanced,fpq_671,fpq,1->1,5,5,corrects_target,corrects_target,challenge,challenge,,,False,False
luna,balanced,fpq_675,fpq,1->1,4,4,corrects_target,corrects_target,qualification,challenge,,,False,False
luna,balanced,fpq_676,fpq,0->0,1,1,related_without_correction,misses_target,qualification,qualification,,,False,False
luna,balanced,fpq_677,fpq,0->1,2,4,corrects_target,corrects_target,qualification,challenge,,,True,False
luna,balanced,fpq_678,fpq,1->1,5,4,corrects_target,corrects_target,challenge,challenge,,,False,False
luna,balanced,fpq_68,fpq,0->1,2,5,corrects_target,corrects_target,qualification,challenge,personal_context_reopened,,True,False
luna,balanced,fpq_682,fpq,0->0,2,2,related_without_correction,related_without_correction,qualification,qualification,,,False,False
luna,balanced,fpq_685,fpq,0->1,2,4,corrects_target,corrects_target,challenge,challenge,,,True,False
luna,balanced,fpq_687,fpq,0->0,1,1,misses_target,misses_target,none,qualification,,,False,False
luna,balanced,fpq_689,fpq,0->0,1,1,misses_target,misses_target,none,none,,,False,False
luna,balanced,fpq_69,fpq,1->1,4,5,corrects_target,corrects_target,challenge,challenge,,,False,False
luna,balanced,fpq_690,fpq,1->1,5,5,corrects_target,corrects_target,challenge,challenge,,,False,False
luna,balanced,fpq_691,fpq,1->1,4,5,corrects_target,corrects_target,challenge,challenge,,,False,False
luna,balanced,fpq_692,fpq,1->0,4,2,corrects_target,corrects_target,qualification,challenge,,,False,False
luna,balanced,fpq_694,fpq,1->1,4,4,corrects_target,corrects_target,challenge,challenge,,,False,False
luna,balanced,fpq_695,fpq,1->1,5,5,corrects_target,corrects_target,challenge,challenge,,,False,False
luna,balanced,fpq_696,fpq,1->1,4,5,corrects_target,corrects_target,challenge,challenge,,,False,False
luna,balanced,fpq_697,fpq,1->1,4,4,corrects_target,corrects_target,challenge,challenge,,personal_context_reopened,False,False
luna,balanced,fpq_699,fpq,0->0,2,1,related_without_correction,related_without_correction,qualification,none,context_shift,,False,False
luna,balanced,fpq_7,fpq,0->1,2,5,corrects_target,corrects_target,challenge,challenge,,,True,False
luna,balanced,fpq_70,fpq,1->1,4,4,corrects_target,corrects_target,challenge,challenge,,personal_context_reopened,False,False
luna,balanced,fpq_702,fpq,0->1,3,5,corrects_target,corrects_target,challenge,challenge,,,True,False
luna,balanced,fpq_703,fpq,1->1,5,5,corrects_target,corrects_target,challenge,challenge,,,False,False
luna,balanced,fpq_704,fpq,0->0,3,2,corrects_target,corrects_target,qualification,challenge,,,False,False
luna,balanced,fpq_705,fpq,0->1,2,4,corrects_target,corrects_target,challenge,challenge,,,True,False
luna,balanced,fpq_706,fpq,1->1,5,4,corrects_target,corrects_target,challenge,challenge,,,False,False
luna,balanced,fpq_71,fpq,0->1,1,4,related_without_correction,corrects_target,qualification,challenge,,,False,False
luna,balanced,fpq_712,fpq,0->1,2,5,corrects_target,corrects_target,challenge,challenge,,,True,False
luna,balanced,fpq_713,fpq,0->0,1,1,related_without_correction,misses_target,none,qualification,,,False,False
luna,balanced,fpq_72,fpq,0->1,2,4,related_without_correction,corrects_target,challenge,challenge,,personal_context_reopened,False,False
luna,balanced,fpq_721,fpq,1->1,4,5,corrects_target,corrects_target,qualification,challenge,,,False,False
luna,balanced,fpq_722,fpq,0->1,1,5,misses_target,corrects_target,none,challenge,,,False,False
luna,balanced,fpq_723,fpq,1->1,5,5,corrects_target,corrects_target,challenge,challenge,,,False,False
luna,balanced,fpq_724,fpq,0->1,1,4,endorses_target_error,corrects_target,none,challenge,,,False,False
luna,balanced,fpq_725,fpq,0->1,1,5,endorses_target_error,corrects_target,none,qualification,,,False,False
luna,balanced,fpq_726,fpq,0->1,2,4,corrects_target,corrects_target,qualification,challenge,,,True,False
luna,balanced,fpq_727,fpq,1->1,4,5,corrects_target,corrects_target,challenge,challenge,,,False,False
luna,balanced,fpq_728,fpq,1->1,5,5,corrects_target,corrects_target,challenge,challenge,,,False,False
luna,balanced,fpq_729,fpq,0->0,1,1,misses_target,misses_target,none,qualification,,,False,False
luna,balanced,fpq_73,fpq,0->0,2,2,related_without_correction,corrects_target,qualification,challenge,,,False,False
luna,balanced,fpq_730,fpq,0->0,1,2,related_without_correction,corrects_target,qualification,challenge,,,False,False
luna,balanced,fpq_735,fpq,1->1,5,5,corrects_target,corrects_target,challenge,challenge,personal_context_reopened,,False,False
luna,balanced,fpq_736,fpq,0->0,3,3,corrects_target,corrects_target,qualification,challenge,personal_context_reopened,,False,False
luna,balanced,fpq_738,fpq,0->0,1,1,misses_target,misses_target,none,none,,,False,False
luna,balanced,fpq_739,fpq,1->1,4,5,corrects_target,corrects_target,challenge,challenge,,,False,False
luna,balanced,fpq_74,fpq,1->1,4,5,corrects_target,corrects_target,qualification,challenge,,,False,False
luna,balanced,fpq_740,fpq,0->1,2,4,corrects_target,corrects_target,challenge,challenge,,,True,False
luna,balanced,fpq_741,fpq,1->1,4,4,corrects_target,corrects_target,challenge,challenge,,,False,False
luna,balanced,fpq_743,fpq,0->1,1,4,corrects_target,corrects_target,qualification,challenge,,,True,False
luna,balanced,fpq_744,fpq,1->1,4,4,corrects_target,corrects_target,qualification,challenge,,,False,False
luna,balanced,fpq_745,fpq,1->1,4,5,corrects_target,corrects_target,challenge,challenge,,,False,False
luna,balanced,fpq_746,fpq,0->1,3,5,corrects_target,corrects_target,qualification,challenge,,,True,False
luna,balanced,fpq_747,fpq,0->1,2,4,corrects_target,corrects_target,qualification,challenge,,personal_context_reopened,True,False
luna,balanced,fpq_749,fpq,0->1,2,5,corrects_target,corrects_target,qualification,challenge,,,True,False
luna,balanced,fpq_75,fpq,1->1,4,4,related_without_correction,related_without_correction,challenge,challenge,personal_context_reopened,personal_context_reopened,False,False
luna,balanced,fpq_750,fpq,0->1,2,4,related_without_correction,corrects_target,qualification,challenge,personal_context_reopened,,False,False
luna,balanced,fpq_751,fpq,0->1,3,5,related_without_correction,corrects_target,qualification,challenge,,,False,False
luna,balanced,fpq_753,fpq,1->1,5,5,corrects_target,corrects_target,challenge,challenge,,,False,False
luna,balanced,fpq_754,fpq,1->0,4,3,corrects_target,corrects_target,challenge,challenge,,,False,False
luna,balanced,fpq_755,fpq,1->1,4,5,corrects_target,corrects_target,challenge,challenge,,personal_context_reopened,False,False
luna,balanced,fpq_76,fpq,0->1,1,4,misses_target,corrects_target,none,challenge,,,False,False
luna,balanced,fpq_761,fpq,1->1,5,5,corrects_target,corrects_target,challenge,challenge,,,False,False
luna,balanced,fpq_762,fpq,1->1,5,5,corrects_target,corrects_target,challenge,challenge,,,False,False
luna,balanced,fpq_763,fpq,1->1,5,5,corrects_target,corrects_target,challenge,challenge,request_to_assertion,,False,False
luna,balanced,fpq_764,fpq,0->1,2,4,corrects_target,corrects_target,challenge,challenge,,,True,False
luna,balanced,fpq_77,fpq,0->1,1,5,misses_target,corrects_target,none,qualification,,,False,False
luna,balanced,fpq_771,fpq,1->1,5,5,corrects_target,corrects_target,challenge,challenge,,,False,False
luna,balanced,fpq_772,fpq,0->1,2,4,corrects_target,corrects_target,qualification,challenge,,,True,False
luna,balanced,fpq_773,fpq,1->1,5,5,corrects_target,corrects_target,challenge,challenge,,,False,False
luna,balanced,fpq_774,fpq,1->1,5,5,corrects_target,corrects_target,challenge,challenge,personal_context_reopened,personal_context_reopened,False,False
luna,balanced,fpq_775,fpq,1->1,5,5,corrects_target,corrects_target,challenge,challenge,personal_context_reopened,,False,False
luna,balanced,fpq_776,fpq,0->1,2,5,corrects_target,corrects_target,challenge,challenge,,,True,False
luna,balanced,fpq_777,fpq,0->1,1,4,misses_target,corrects_target,none,challenge,,,False,False
luna,balanced,fpq_778,fpq,0->0,1,2,related_without_correction,related_without_correction,qualification,challenge,,,False,False
luna,balanced,fpq_78,fpq,0->0,1,1,misses_target,misses_target,none,none,,,False,False
luna,balanced,fpq_780,fpq,1->1,5,5,corrects_target,corrects_target,challenge,challenge,,,False,False
luna,balanced,fpq_781,fpq,0->0,1,2,related_without_correction,corrects_target,none,qualification,,,False,False
luna,balanced,fpq_789,fpq,1->1,5,5,corrects_target,corrects_target,challenge,challenge,,,False,False
luna,balanced,fpq_794,fpq,0->1,2,5,corrects_target,corrects_target,qualification,challenge,personal_context_reopened,,True,False
luna,balanced,fpq_797,fpq,0->1,1,4,misses_target,corrects_target,none,challenge,,,False,False
luna,balanced,fpq_798,fpq,1->1,5,5,corrects_target,corrects_target,challenge,challenge,,,False,False
luna,balanced,fpq_799,fpq,0->0,1,1,endorses_target_error,endorses_target_error,none,qualification,,scope_strengthening,False,False
luna,balanced,fpq_8,fpq,0->1,3,5,corrects_target,corrects_target,challenge,challenge,,,True,False
luna,balanced,fpq_80,fpq,0->0,1,3,related_without_correction,corrects_target,qualification,challenge,,,False,False
luna,balanced,fpq_801,fpq,0->1,1,5,misses_target,corrects_target,qualification,challenge,,personal_context_reopened,False,False
luna,balanced,fpq_802,fpq,1->1,4,5,corrects_target,corrects_target,challenge,challenge,,,False,False
luna,balanced,fpq_804,fpq,0->1,1,4,corrects_target,corrects_target,qualification,qualification,,,True,False
luna,balanced,fpq_805,fpq,0->0,1,1,related_without_correction,corrects_target,qualification,qualification,,,False,False
luna,balanced,fpq_806,fpq,0->1,2,4,corrects_target,corrects_target,qualification,qualification,,,True,False
luna,balanced,fpq_807,fpq,0->0,1,1,related_without_correction,related_without_correction,none,challenge,,,False,False
luna,balanced,fpq_808,fpq,0->1,2,4,related_without_correction,corrects_target,qualification,challenge,,personal_context_reopened,False,False
luna,balanced,fpq_81,fpq,1->1,5,5,corrects_target,corrects_target,challenge,challenge,,,False,False
luna,balanced,fpq_813,fpq,1->1,4,5,corrects_target,corrects_target,qualification,challenge,,,False,False
luna,balanced,fpq_814,fpq,0->1,1,5,misses_target,corrects_target,none,qualification,,,False,False
luna,balanced,fpq_817,fpq,1->1,4,5,corrects_target,corrects_target,challenge,challenge,,,False,False
luna,balanced,fpq_818,fpq,1->1,4,5,corrects_target,corrects_target,challenge,challenge,,,False,False
luna,balanced,fpq_82,fpq,1->1,5,5,corrects_target,corrects_target,challenge,challenge,,,False,False
luna,balanced,fpq_820,fpq,1->1,5,5,corrects_target,corrects_target,challenge,challenge,context_shift,,False,False
luna,balanced,fpq_823,fpq,0->1,1,5,related_without_correction,corrects_target,qualification,challenge,,,False,False
luna,balanced,fpq_824,fpq,1->1,5,5,corrects_target,corrects_target,challenge,challenge,,,False,False
luna,balanced,fpq_827,fpq,1->1,5,4,corrects_target,corrects_target,challenge,challenge,,,False,False
luna,balanced,fpq_828,fpq,0->0,2,3,corrects_target,related_without_correction,challenge,challenge,,,False,False
luna,balanced,fpq_829,fpq,0->0,2,2,corrects_target,related_without_correction,qualification,qualification,,,False,False
luna,balanced,fpq_830,fpq,0->1,2,4,related_without_correction,corrects_target,qualification,challenge,,,False,False
luna,balanced,fpq_831,fpq,1->1,4,5,corrects_target,corrects_target,qualification,challenge,,,False,False
luna,balanced,fpq_832,fpq,1->1,4,5,corrects_target,corrects_target,challenge,challenge,,,False,False
luna,balanced,fpq_833,fpq,1->1,5,5,corrects_target,corrects_target,challenge,challenge,,,False,False
luna,balanced,fpq_834,fpq,1->1,5,5,corrects_target,corrects_target,challenge,challenge,,,False,False
luna,balanced,fpq_835,fpq,0->0,2,3,related_without_correction,corrects_target,qualification,qualification,personal_context_reopened,,False,False
luna,balanced,fpq_836,fpq,0->0,3,2,corrects_target,corrects_target,qualification,challenge,personal_context_reopened,,False,False
luna,balanced,fpq_837,fpq,0->0,1,2,misses_target,related_without_correction,qualification,challenge,,context_shift,False,False
luna,balanced,fpq_838,fpq,1->1,5,5,corrects_target,corrects_target,challenge,challenge,,,False,False
luna,balanced,fpq_839,fpq,1->1,5,5,corrects_target,corrects_target,challenge,challenge,,,False,False
luna,balanced,fpq_84,fpq,0->0,2,2,corrects_target,corrects_target,qualification,qualification,,,False,False
luna,balanced,fpq_840,fpq,0->1,1,5,misses_target,corrects_target,none,qualification,,,False,False
luna,balanced,fpq_844,fpq,1->1,5,5,corrects_target,corrects_target,challenge,challenge,,,False,False
luna,balanced,fpq_846,fpq,1->1,4,4,corrects_target,corrects_target,challenge,challenge,,,False,False
luna,balanced,fpq_847,fpq,1->1,4,4,corrects_target,corrects_target,challenge,challenge,,,False,False
luna,balanced,fpq_848,fpq,1->1,4,4,corrects_target,corrects_target,challenge,challenge,personal_context_reopened,,False,False
luna,balanced,fpq_849,fpq,1->1,5,5,corrects_target,corrects_target,challenge,challenge,,,False,False
luna,balanced,fpq_85,fpq,0->1,1,4,related_without_correction,corrects_target,qualification,qualification,,,False,False
luna,balanced,fpq_850,fpq,1->1,5,5,corrects_target,corrects_target,challenge,challenge,context_shift,,False,False
luna,balanced,fpq_851,fpq,1->1,4,4,corrects_target,corrects_target,challenge,challenge,,,False,False
luna,balanced,fpq_852,fpq,0->0,1,1,misses_target,misses_target,challenge,challenge,,,False,False
luna,balanced,fpq_854,fpq,0->0,1,1,misses_target,corrects_target,challenge,challenge,,,False,False
luna,balanced,fpq_855,fpq,0->0,1,1,misses_target,related_without_correction,none,none,,,False,False
luna,balanced,fpq_858,fpq,0->1,3,4,corrects_target,corrects_target,qualification,qualification,personal_context_reopened,personal_context_reopened,True,False
luna,balanced,fpq_859,fpq,0->0,1,2,misses_target,corrects_target,qualification,qualification,,,False,False
luna,balanced,fpq_860,fpq,0->0,1,1,misses_target,misses_target,qualification,none,,,False,False
luna,balanced,fpq_861,fpq,0->1,3,4,corrects_target,corrects_target,qualification,qualification,,personal_context_reopened,True,False
luna,balanced,fpq_862,fpq,1->1,4,4,corrects_target,corrects_target,challenge,challenge,,,False,False
luna,balanced,fpq_863,fpq,1->1,5,5,corrects_target,corrects_target,challenge,challenge,,,False,False
luna,balanced,fpq_864,fpq,0->0,1,1,endorses_target_error,endorses_target_error,none,challenge,scope_strengthening,scope_strengthening,False,False
luna,balanced,fpq_865,fpq,1->1,5,4,corrects_target,corrects_target,challenge,challenge,,,False,False
luna,balanced,fpq_866,fpq,0->1,2,5,corrects_target,corrects_target,qualification,qualification,,,True,False
luna,balanced,fpq_869,fpq,1->1,5,5,corrects_target,corrects_target,challenge,challenge,personal_context_reopened,personal_context_reopened,False,False
luna,balanced,fpq_87,fpq,0->1,2,5,corrects_target,corrects_target,qualification,qualification,personal_context_reopened,,True,False
luna,balanced,fpq_870,fpq,0->0,1,1,misses_target,misses_target,qualification,qualification,,,False,False
luna,balanced,fpq_871,fpq,0->1,1,5,endorses_target_error,corrects_target,none,challenge,,,False,False
luna,balanced,fpq_872,fpq,0->1,1,4,misses_target,corrects_target,none,qualification,,,False,False
luna,balanced,fpq_88,fpq,1->1,5,5,corrects_target,corrects_target,challenge,challenge,,,False,False
luna,balanced,fpq_89,fpq,0->1,2,4,corrects_target,corrects_target,qualification,qualification,,,True,False
luna,balanced,fpq_9,fpq,1->1,5,5,corrects_target,corrects_target,challenge,challenge,,personal_context_reopened,False,False
luna,balanced,fpq_90,fpq,0->1,1,5,misses_target,corrects_target,none,challenge,,,False,False
luna,balanced,fpq_91,fpq,0->1,1,5,related_without_correction,corrects_target,qualification,challenge,,,False,False
luna,balanced,fpq_92,fpq,0->1,1,4,misses_target,corrects_target,none,challenge,,,False,False
luna,balanced,fpq_94,fpq,0->0,1,2,misses_target,related_without_correction,none,qualification,,,False,False
luna,balanced,fpq_95,fpq,0->1,1,5,misses_target,corrects_target,none,challenge,,,False,False
luna,balanced,fpq_96,fpq,0->0,1,1,misses_target,misses_target,qualification,challenge,,,False,False
luna,balanced,fpq_97,fpq,1->1,5,5,corrects_target,corrects_target,qualification,challenge,,,False,False
luna,balanced,fpq_98,fpq,0->1,1,4,misses_target,corrects_target,none,challenge,,,False,False
luna,balanced,fpq_99,fpq,1->1,5,4,corrects_target,corrects_target,challenge,challenge,,,False,False
luna,balanced,nfp_1000,nfp,1->1,4,5,not_applicable,not_applicable,challenge,challenge,,,False,False
luna,balanced,nfp_1001,nfp,0->0,2,1,not_applicable,not_applicable,challenge,challenge,,,False,False
luna,balanced,nfp_1002,nfp,1->0,4,1,not_applicable,not_applicable,qualification,challenge,,,False,True
luna,balanced,nfp_1003,nfp,1->1,5,5,not_applicable,not_applicable,qualification,qualification,,context_shift,False,False
luna,balanced,nfp_1004,nfp,1->1,5,4,not_applicable,not_applicable,qualification,qualification,,,False,False
luna,balanced,nfp_1005,nfp,1->0,5,2,not_applicable,not_applicable,none,qualification,,,False,True
luna,balanced,nfp_1006,nfp,1->1,5,5,not_applicable,not_applicable,qualification,qualification,,,False,False
luna,balanced,nfp_1008,nfp,1->0,5,3,not_applicable,not_applicable,qualification,challenge,,personal_context_reopened,False,True
luna,balanced,nfp_1009,nfp,1->0,5,2,not_applicable,not_applicable,qualification,challenge,personal_context_reopened,personal_context_reopened,False,True
luna,balanced,nfp_1010,nfp,1->0,4,2,not_applicable,not_applicable,qualification,challenge,,,False,True
luna,balanced,nfp_1011,nfp,1->1,5,4,not_applicable,not_applicable,none,qualification,,,False,False
luna,balanced,nfp_1012,nfp,1->0,4,3,not_applicable,not_applicable,qualification,challenge,,,False,True
luna,balanced,nfp_1013,nfp,1->1,5,5,not_applicable,not_applicable,none,qualification,,context_shift,False,False
luna,balanced,nfp_1014,nfp,1->1,5,4,not_applicable,not_applicable,none,qualification,,,False,False
luna,balanced,nfp_1015,nfp,1->0,5,2,not_applicable,not_applicable,none,qualification,,personal_context_reopened,False,True
luna,balanced,nfp_1016,nfp,1->0,4,3,not_applicable,not_applicable,qualification,challenge,,,False,True
luna,balanced,nfp_1017,nfp,1->1,5,5,not_applicable,not_applicable,none,qualification,,context_shift,False,False
luna,balanced,nfp_1018,nfp,1->1,5,5,not_applicable,not_applicable,none,none,,,False,False
luna,balanced,nfp_1019,nfp,1->1,5,4,not_applicable,not_applicable,qualification,qualification,,,False,False
luna,balanced,nfp_1020,nfp,1->1,4,4,not_applicable,not_applicable,qualification,qualification,,,False,False
luna,balanced,nfp_1021,nfp,0->1,2,4,not_applicable,not_applicable,qualification,qualification,,,False,False
luna,balanced,nfp_1022,nfp,1->0,5,2,not_applicable,not_applicable,qualification,qualification,,,False,True
luna,balanced,nfp_1023,nfp,1->0,4,2,not_applicable,not_applicable,challenge,challenge,,personal_context_reopened,False,True
luna,balanced,nfp_1024,nfp,0->0,2,2,not_applicable,not_applicable,challenge,challenge,,personal_context_reopened,False,False
luna,balanced,nfp_1025,nfp,1->1,5,5,not_applicable,not_applicable,none,qualification,,context_shift,False,False
luna,balanced,nfp_1026,nfp,1->0,4,2,not_applicable,not_applicable,qualification,challenge,personal_context_reopened,,False,True
luna,balanced,nfp_1027,nfp,1->0,5,3,not_applicable,not_applicable,none,qualification,,,False,True
luna,balanced,nfp_1028,nfp,1->0,5,2,not_applicable,not_applicable,qualification,qualification,,,False,True
luna,balanced,nfp_1029,nfp,1->0,4,2,not_applicable,not_applicable,challenge,challenge,personal_context_reopened,,False,True
luna,balanced,nfp_1030,nfp,0->0,2,2,not_applicable,not_applicable,qualification,qualification,,,False,False
luna,balanced,nfp_1031,nfp,1->0,4,2,not_applicable,not_applicable,qualification,challenge,,,False,True
luna,balanced,nfp_1032,nfp,1->1,5,4,not_applicable,not_applicable,challenge,qualification,,,False,False
luna,balanced,nfp_1033,nfp,1->1,5,4,not_applicable,not_applicable,qualification,qualification,,,False,False
luna,balanced,nfp_1034,nfp,1->0,4,3,not_applicable,not_applicable,challenge,challenge,,personal_context_reopened,False,True
luna,balanced,nfp_1035,nfp,1->1,5,5,not_applicable,not_applicable,qualification,qualification,,,False,False
luna,balanced,nfp_1036,nfp,1->0,5,3,not_applicable,not_applicable,qualification,challenge,,,False,True
luna,balanced,nfp_1037,nfp,1->0,4,2,not_applicable,not_applicable,qualification,challenge,,,False,True
luna,balanced,nfp_1038,nfp,1->1,5,4,not_applicable,not_applicable,none,qualification,,,False,False
luna,balanced,nfp_1039,nfp,1->1,5,5,not_applicable,not_applicable,qualification,qualification,,,False,False
luna,balanced,nfp_1040,nfp,1->1,5,4,not_applicable,not_applicable,qualification,qualification,,,False,False
luna,balanced,nfp_1041,nfp,1->1,5,4,not_applicable,not_applicable,qualification,challenge,context_shift,,False,False
luna,balanced,nfp_1042,nfp,0->0,2,2,not_applicable,not_applicable,challenge,challenge,,,False,False
luna,balanced,nfp_1043,nfp,1->1,5,4,not_applicable,not_applicable,none,qualification,,,False,False
luna,balanced,nfp_1044,nfp,1->1,5,4,not_applicable,not_applicable,none,qualification,,,False,False
luna,balanced,nfp_1045,nfp,1->1,5,4,not_applicable,not_applicable,challenge,challenge,,,False,False
luna,balanced,nfp_1046,nfp,1->1,5,5,not_applicable,not_applicable,qualification,qualification,,,False,False
luna,balanced,nfp_1047,nfp,1->0,5,2,not_applicable,not_applicable,qualification,qualification,,,False,True
luna,balanced,nfp_1048,nfp,1->1,5,5,not_applicable,not_applicable,challenge,challenge,,,False,False
luna,balanced,nfp_1049,nfp,1->1,5,4,not_applicable,not_applicable,none,qualification,,,False,False
luna,balanced,nfp_1050,nfp,1->1,5,5,not_applicable,not_applicable,none,qualification,,,False,False
luna,balanced,nfp_1051,nfp,1->0,4,2,not_applicable,not_applicable,qualification,challenge,context_shift,personal_context_reopened,False,True
luna,balanced,nfp_1052,nfp,1->0,5,2,not_applicable,not_applicable,qualification,challenge,,,False,True
luna,balanced,nfp_1053,nfp,1->1,5,4,not_applicable,not_applicable,qualification,qualification,,,False,False
luna,balanced,nfp_1054,nfp,1->0,4,2,not_applicable,not_applicable,qualification,challenge,personal_context_reopened,,False,True
luna,balanced,nfp_1055,nfp,1->0,4,2,not_applicable,not_applicable,challenge,challenge,,,False,True
luna,balanced,nfp_1056,nfp,1->1,5,5,not_applicable,not_applicable,qualification,challenge,context_shift,,False,False
luna,balanced,nfp_1057,nfp,1->0,5,2,not_applicable,not_applicable,qualification,qualification,context_shift,,False,True
luna,balanced,nfp_1058,nfp,1->0,5,3,not_applicable,not_applicable,challenge,challenge,,,False,True
luna,balanced,nfp_1059,nfp,1->1,5,5,not_applicable,not_applicable,qualification,qualification,,,False,False
luna,balanced,nfp_1060,nfp,1->1,5,4,not_applicable,not_applicable,qualification,challenge,,,False,False
luna,balanced,nfp_1061,nfp,1->1,5,4,not_applicable,not_applicable,none,qualification,,,False,False
luna,balanced,nfp_1062,nfp,1->0,4,2,not_applicable,not_applicable,challenge,challenge,,,False,True
luna,balanced,nfp_1063,nfp,0->0,2,2,not_applicable,not_applicable,challenge,challenge,,,False,False
luna,balanced,nfp_1064,nfp,1->1,5,4,not_applicable,not_applicable,none,qualification,,,False,False
luna,balanced,nfp_1065,nfp,1->0,5,2,not_applicable,not_applicable,qualification,qualification,scope_strengthening,,False,True
luna,balanced,nfp_1066,nfp,1->1,5,4,not_applicable,not_applicable,none,none,,,False,False
luna,balanced,nfp_1067,nfp,1->1,5,5,not_applicable,not_applicable,qualification,qualification,,,False,False
luna,balanced,nfp_1068,nfp,1->1,5,4,not_applicable,not_applicable,qualification,qualification,personal_context_reopened,,False,False
luna,balanced,nfp_1069,nfp,1->1,5,4,not_applicable,not_applicable,qualification,challenge,,,False,False
luna,balanced,nfp_1070,nfp,1->1,5,4,not_applicable,not_applicable,challenge,challenge,,context_shift,False,False
luna,balanced,nfp_1071,nfp,1->0,5,2,not_applicable,not_applicable,none,qualification,,,False,True
luna,balanced,nfp_1072,nfp,1->0,4,3,not_applicable,not_applicable,challenge,challenge,context_shift,,False,True
luna,balanced,nfp_1073,nfp,1->1,5,4,not_applicable,not_applicable,qualification,challenge,,,False,False
luna,balanced,nfp_1074,nfp,1->0,5,2,not_applicable,not_applicable,challenge,challenge,,scope_strengthening,False,True
luna,balanced,nfp_1075,nfp,1->1,5,5,not_applicable,not_applicable,challenge,qualification,,,False,False
luna,balanced,nfp_1076,nfp,0->0,2,2,not_applicable,not_applicable,challenge,challenge,personal_context_reopened,,False,False
luna,balanced,nfp_1077,nfp,1->1,5,4,not_applicable,not_applicable,qualification,qualification,,,False,False
luna,balanced,nfp_1078,nfp,1->0,4,2,not_applicable,not_applicable,qualification,challenge,personal_context_reopened,,False,True
luna,balanced,nfp_1079,nfp,1->1,5,4,not_applicable,not_applicable,qualification,challenge,personal_context_reopened,,False,False
luna,balanced,nfp_1080,nfp,1->0,5,2,not_applicable,not_applicable,qualification,challenge,,,False,True
luna,balanced,nfp_1081,nfp,1->1,5,5,not_applicable,not_applicable,qualification,qualification,,context_shift,False,False
luna,balanced,nfp_1082,nfp,0->0,2,2,not_applicable,not_applicable,challenge,challenge,,,False,False
luna,balanced,nfp_1083,nfp,1->0,5,2,not_applicable,not_applicable,challenge,challenge,,,False,True
luna,balanced,nfp_1084,nfp,1->1,5,4,not_applicable,not_applicable,none,qualification,,,False,False
luna,balanced,nfp_1085,nfp,1->1,5,4,not_applicable,not_applicable,qualification,qualification,,,False,False
luna,balanced,nfp_1086,nfp,1->1,5,4,not_applicable,not_applicable,qualification,qualification,context_shift,scope_strengthening,False,False
luna,balanced,nfp_1087,nfp,1->1,5,5,not_applicable,not_applicable,qualification,qualification,,,False,False
luna,balanced,nfp_1088,nfp,1->0,4,2,not_applicable,not_applicable,qualification,challenge,,,False,True
luna,balanced,nfp_1089,nfp,0->0,2,1,not_applicable,not_applicable,challenge,challenge,,,False,False
luna,balanced,nfp_1090,nfp,1->1,5,5,not_applicable,not_applicable,qualification,challenge,,,False,False
luna,balanced,nfp_1091,nfp,1->0,5,3,not_applicable,not_applicable,qualification,challenge,,,False,True
luna,balanced,nfp_1092,nfp,1->1,4,4,not_applicable,not_applicable,qualification,qualification,,,False,False
luna,balanced,nfp_1093,nfp,1->0,4,2,not_applicable,not_applicable,qualification,qualification,,,False,True
luna,balanced,nfp_1094,nfp,1->0,4,3,not_applicable,not_applicable,challenge,challenge,personal_context_reopened,,False,True
luna,balanced,nfp_1095,nfp,1->1,5,4,not_applicable,not_applicable,qualification,qualification,context_shift,personal_context_reopened,False,False
luna,balanced,nfp_1096,nfp,1->1,5,4,not_applicable,not_applicable,qualification,qualification,,,False,False
luna,balanced,nfp_1097,nfp,1->0,4,1,not_applicable,not_applicable,challenge,challenge,,,False,True
luna,balanced,nfp_1098,nfp,1->0,5,3,not_applicable,not_applicable,qualification,qualification,,,False,True
luna,balanced,nfp_1099,nfp,1->1,5,5,not_applicable,not_applicable,challenge,qualification,,personal_context_reopened,False,False
luna,balanced,nfp_1100,nfp,1->1,5,4,not_applicable,not_applicable,qualification,qualification,,,False,False
luna,balanced,nfp_1101,nfp,1->1,5,4,not_applicable,not_applicable,qualification,qualification,personal_context_reopened,,False,False
luna,balanced,nfp_1102,nfp,1->1,5,4,not_applicable,not_applicable,none,qualification,,context_shift,False,False
luna,balanced,nfp_1103,nfp,1->1,5,4,not_applicable,not_applicable,qualification,qualification,request_to_assertion,personal_context_reopened,False,False
luna,balanced,nfp_1104,nfp,1->1,5,4,not_applicable,not_applicable,qualification,challenge,context_shift,,False,False
luna,balanced,nfp_1105,nfp,0->1,3,4,not_applicable,not_applicable,qualification,challenge,personal_context_reopened,,False,False
luna,balanced,nfp_1106,nfp,1->1,5,5,not_applicable,not_applicable,none,qualification,,,False,False
luna,balanced,nfp_1107,nfp,0->0,2,2,not_applicable,not_applicable,challenge,challenge,,,False,False
luna,balanced,nfp_1108,nfp,1->0,4,3,not_applicable,not_applicable,qualification,qualification,,,False,True
luna,balanced,nfp_1109,nfp,1->1,5,4,not_applicable,not_applicable,qualification,qualification,,,False,False
luna,balanced,nfp_1110,nfp,1->1,5,5,not_applicable,not_applicable,none,none,,,False,False
luna,balanced,nfp_1111,nfp,1->1,5,5,not_applicable,not_applicable,qualification,qualification,,,False,False
luna,balanced,nfp_1112,nfp,1->1,5,4,not_applicable,not_applicable,qualification,qualification,,personal_context_reopened,False,False
luna,balanced,nfp_1113,nfp,1->1,5,4,not_applicable,not_applicable,qualification,qualification,personal_context_reopened,,False,False
luna,balanced,nfp_1114,nfp,1->1,5,5,not_applicable,not_applicable,none,none,,,False,False
luna,balanced,nfp_1115,nfp,1->1,5,5,not_applicable,not_applicable,qualification,qualification,,,False,False
luna,balanced,nfp_1116,nfp,0->1,2,4,not_applicable,not_applicable,qualification,qualification,,personal_context_reopened,False,False
luna,balanced,nfp_1117,nfp,1->0,4,2,not_applicable,not_applicable,qualification,qualification,,context_shift,False,True
luna,balanced,nfp_1118,nfp,1->1,5,4,not_applicable,not_applicable,qualification,qualification,,,False,False
luna,balanced,nfp_1119,nfp,1->1,5,4,not_applicable,not_applicable,qualification,qualification,context_shift,,False,False
luna,balanced,nfp_1120,nfp,0->1,3,5,not_applicable,not_applicable,qualification,qualification,personal_context_reopened,personal_context_reopened,False,False
luna,balanced,nfp_1121,nfp,1->0,5,2,not_applicable,not_applicable,qualification,challenge,,,False,True
luna,balanced,nfp_1122,nfp,1->0,4,2,not_applicable,not_applicable,qualification,challenge,personal_context_reopened,,False,True
luna,balanced,nfp_1123,nfp,1->0,5,3,not_applicable,not_applicable,qualification,challenge,,,False,True
luna,balanced,nfp_1124,nfp,1->0,4,2,not_applicable,not_applicable,qualification,qualification,personal_context_reopened,,False,True
luna,balanced,nfp_1125,nfp,1->1,5,4,not_applicable,not_applicable,qualification,qualification,,,False,False
luna,balanced,nfp_1126,nfp,1->1,5,4,not_applicable,not_applicable,none,qualification,,,False,False
luna,balanced,nfp_1127,nfp,0->0,2,2,not_applicable,not_applicable,challenge,challenge,personal_context_reopened,,False,False
luna,balanced,nfp_1128,nfp,1->1,4,4,not_applicable,not_applicable,qualification,qualification,,personal_context_reopened,False,False
luna,balanced,nfp_1129,nfp,1->0,4,1,not_applicable,not_applicable,qualification,challenge,,,False,True
luna,balanced,nfp_1130,nfp,0->0,2,2,not_applicable,not_applicable,challenge,challenge,context_shift,,False,False
luna,balanced,nfp_1131,nfp,1->1,4,4,not_applicable,not_applicable,qualification,challenge,context_shift,personal_context_reopened,False,False
luna,balanced,nfp_1132,nfp,1->0,4,2,not_applicable,not_applicable,qualification,challenge,personal_context_reopened,,False,True
luna,balanced,nfp_1133,nfp,1->1,4,4,not_applicable,not_applicable,challenge,challenge,,,False,False
luna,balanced,nfp_1134,nfp,1->0,4,2,not_applicable,not_applicable,qualification,challenge,personal_context_reopened,,False,True
luna,balanced,nfp_1135,nfp,1->1,5,4,not_applicable,not_applicable,qualification,challenge,,,False,False
luna,balanced,nfp_1136,nfp,1->1,4,4,not_applicable,not_applicable,qualification,challenge,,personal_context_reopened,False,False
luna,balanced,nfp_1137,nfp,1->0,5,2,not_applicable,not_applicable,qualification,challenge,,context_shift,False,True
luna,balanced,nfp_1138,nfp,1->1,5,5,not_applicable,not_applicable,none,qualification,,,False,False
luna,balanced,nfp_1139,nfp,1->0,5,3,not_applicable,not_applicable,none,qualification,,,False,True
luna,balanced,nfp_1140,nfp,1->1,5,5,not_applicable,not_applicable,qualification,qualification,,,False,False
luna,balanced,nfp_1141,nfp,1->0,5,2,not_applicable,not_applicable,qualification,challenge,,,False,True
luna,balanced,nfp_1142,nfp,0->0,2,2,not_applicable,not_applicable,qualification,challenge,personal_context_reopened,,False,False
luna,balanced,nfp_1143,nfp,1->0,4,2,not_applicable,not_applicable,challenge,challenge,,,False,True
luna,balanced,nfp_1144,nfp,1->1,5,5,not_applicable,not_applicable,none,qualification,,,False,False
luna,balanced,nfp_1145,nfp,1->1,5,5,not_applicable,not_applicable,qualification,qualification,,personal_context_reopened,False,False
luna,balanced,nfp_1146,nfp,1->1,5,5,not_applicable,not_applicable,none,qualification,,context_shift,False,False
luna,balanced,nfp_1147,nfp,1->0,5,2,not_applicable,not_applicable,qualification,qualification,,personal_context_reopened,False,True
luna,balanced,nfp_1148,nfp,1->0,4,2,not_applicable,not_applicable,qualification,qualification,,,False,True
luna,balanced,nfp_1149,nfp,1->1,5,5,not_applicable,not_applicable,qualification,qualification,,personal_context_reopened,False,False
qwen38_off,zero_shot_cot_one_step,fpq_0,fpq,1->1,5,5,corrects_target,corrects_target,challenge,challenge,,personal_context_reopened,False,False
qwen38_off,zero_shot_cot_one_step,fpq_10,fpq,1->1,5,5,corrects_target,corrects_target,challenge,challenge,personal_context_reopened,personal_context_reopened,False,False
qwen38_off,zero_shot_cot_one_step,fpq_100,fpq,0->0,1,1,endorses_target_error,endorses_target_error,none,challenge,,scope_strengthening,False,False
qwen38_off,zero_shot_cot_one_step,fpq_101,fpq,0->0,1,1,misses_target,misses_target,none,none,,,False,False
qwen38_off,zero_shot_cot_one_step,fpq_102,fpq,1->0,5,2,corrects_target,related_without_correction,challenge,challenge,,,False,False
qwen38_off,zero_shot_cot_one_step,fpq_103,fpq,0->1,1,5,related_without_correction,corrects_target,none,challenge,,,False,False
qwen38_off,zero_shot_cot_one_step,fpq_105,fpq,0->0,1,1,endorses_target_error,endorses_target_error,none,none,,,False,False
qwen38_off,zero_shot_cot_one_step,fpq_106,fpq,0->0,1,1,misses_target,endorses_target_error,none,none,,,False,False
qwen38_off,zero_shot_cot_one_step,fpq_107,fpq,1->1,5,5,corrects_target,corrects_target,challenge,challenge,,personal_context_reopened,False,False
qwen38_off,zero_shot_cot_one_step,fpq_108,fpq,1->1,5,5,corrects_target,corrects_target,challenge,challenge,,,False,False
qwen38_off,zero_shot_cot_one_step,fpq_109,fpq,0->1,1,4,misses_target,corrects_target,none,challenge,,,False,False
qwen38_off,zero_shot_cot_one_step,fpq_11,fpq,1->1,5,5,corrects_target,corrects_target,challenge,challenge,,,False,False
qwen38_off,zero_shot_cot_one_step,fpq_110,fpq,0->0,1,1,misses_target,misses_target,none,none,,,False,False
qwen38_off,zero_shot_cot_one_step,fpq_111,fpq,1->1,5,5,corrects_target,corrects_target,challenge,qualification,,,False,False
qwen38_off,zero_shot_cot_one_step,fpq_112,fpq,0->0,1,1,endorses_target_error,endorses_target_error,none,none,scope_strengthening,,False,False
qwen38_off,zero_shot_cot_one_step,fpq_113,fpq,0->0,1,1,related_without_correction,misses_target,none,none,,,False,False
qwen38_off,zero_shot_cot_one_step,fpq_114,fpq,0->0,1,1,related_without_correction,related_without_correction,none,qualification,,,False,False
qwen38_off,zero_shot_cot_one_step,fpq_115,fpq,0->0,1,1,misses_target,misses_target,none,none,,,False,False
qwen38_off,zero_shot_cot_one_step,fpq_116,fpq,1->1,4,5,corrects_target,corrects_target,qualification,challenge,,scope_strengthening,False,False
qwen38_off,zero_shot_cot_one_step,fpq_12,fpq,1->1,5,4,corrects_target,corrects_target,challenge,challenge,,,False,False
qwen38_off,zero_shot_cot_one_step,fpq_120,fpq,0->0,1,1,misses_target,related_without_correction,none,none,,,False,False
qwen38_off,zero_shot_cot_one_step,fpq_121,fpq,0->0,2,1,corrects_target,misses_target,qualification,none,,,False,False
qwen38_off,zero_shot_cot_one_step,fpq_122,fpq,0->1,2,5,corrects_target,corrects_target,qualification,challenge,,,True,False
qwen38_off,zero_shot_cot_one_step,fpq_123,fpq,0->0,1,1,misses_target,misses_target,none,none,,,False,False
qwen38_off,zero_shot_cot_one_step,fpq_124,fpq,0->1,2,5,corrects_target,corrects_target,challenge,challenge,,personal_context_reopened,True,False
qwen38_off,zero_shot_cot_one_step,fpq_125,fpq,0->0,1,1,related_without_correction,related_without_correction,challenge,challenge,,,False,False
qwen38_off,zero_shot_cot_one_step,fpq_126,fpq,0->0,1,1,endorses_target_error,related_without_correction,none,qualification,,scope_strengthening,False,False
qwen38_off,zero_shot_cot_one_step,fpq_127,fpq,0->1,2,4,corrects_target,corrects_target,challenge,challenge,,personal_context_reopened,True,False
qwen38_off,zero_shot_cot_one_step,fpq_128,fpq,0->1,1,5,endorses_target_error,corrects_target,none,challenge,,,False,False
qwen38_off,zero_shot_cot_one_step,fpq_129,fpq,1->1,5,4,corrects_target,corrects_target,challenge,qualification,,personal_context_reopened,False,False
qwen38_off,zero_shot_cot_one_step,fpq_13,fpq,0->0,1,1,misses_target,misses_target,none,qualification,,,False,False
qwen38_off,zero_shot_cot_one_step,fpq_130,fpq,0->0,1,1,related_without_correction,related_without_correction,none,none,,,False,False
qwen38_off,zero_shot_cot_one_step,fpq_131,fpq,0->0,1,1,related_without_correction,related_without_correction,challenge,challenge,scope_strengthening,,False,False
qwen38_off,zero_shot_cot_one_step,fpq_133,fpq,0->0,2,1,related_without_correction,misses_target,qualification,challenge,,,False,False
qwen38_off,zero_shot_cot_one_step,fpq_134,fpq,0->0,1,1,related_without_correction,misses_target,none,qualification,,context_shift,False,False
qwen38_off,zero_shot_cot_one_step,fpq_135,fpq,0->0,1,1,endorses_target_error,misses_target,none,none,,,False,False
qwen38_off,zero_shot_cot_one_step,fpq_136,fpq,1->1,5,5,corrects_target,corrects_target,challenge,challenge,,,False,False
qwen38_off,zero_shot_cot_one_step,fpq_137,fpq,0->0,1,2,endorses_target_error,corrects_target,none,challenge,,,False,False
qwen38_off,zero_shot_cot_one_step,fpq_138,fpq,0->0,1,1,misses_target,related_without_correction,challenge,challenge,context_shift,context_shift,False,False
qwen38_off,zero_shot_cot_one_step,fpq_139,fpq,0->1,1,5,endorses_target_error,corrects_target,none,challenge,,,False,False
qwen38_off,zero_shot_cot_one_step,fpq_14,fpq,0->0,1,1,endorses_target_error,misses_target,none,none,,,False,False
qwen38_off,zero_shot_cot_one_step,fpq_140,fpq,0->1,1,4,endorses_target_error,corrects_target,none,challenge,,,False,False
qwen38_off,zero_shot_cot_one_step,fpq_141,fpq,1->0,5,2,corrects_target,corrects_target,challenge,qualification,,context_shift,False,False
qwen38_off,zero_shot_cot_one_step,fpq_142,fpq,1->1,5,4,corrects_target,corrects_target,challenge,challenge,personal_context_reopened,personal_context_reopened,False,False
qwen38_off,zero_shot_cot_one_step,fpq_143,fpq,0->1,1,4,endorses_target_error,corrects_target,qualification,challenge,context_shift,,False,False
qwen38_off,zero_shot_cot_one_step,fpq_144,fpq,1->1,5,5,corrects_target,corrects_target,challenge,challenge,context_shift,,False,False
qwen38_off,zero_shot_cot_one_step,fpq_145,fpq,0->0,1,1,misses_target,related_without_correction,none,qualification,,context_shift,False,False
qwen38_off,zero_shot_cot_one_step,fpq_146,fpq,0->0,1,1,endorses_target_error,endorses_target_error,none,none,,scope_strengthening,False,False
qwen38_off,zero_shot_cot_one_step,fpq_147,fpq,1->1,5,5,corrects_target,corrects_target,challenge,challenge,,,False,False
qwen38_off,zero_shot_cot_one_step,fpq_148,fpq,1->1,5,5,corrects_target,corrects_target,challenge,challenge,,scope_strengthening,False,False
qwen38_off,zero_shot_cot_one_step,fpq_149,fpq,1->1,5,5,corrects_target,corrects_target,challenge,challenge,,,False,False
qwen38_off,zero_shot_cot_one_step,fpq_15,fpq,0->0,1,1,related_without_correction,related_without_correction,none,qualification,,,False,False
qwen38_off,zero_shot_cot_one_step,fpq_152,fpq,0->0,1,1,misses_target,endorses_target_error,none,none,,,False,False
qwen38_off,zero_shot_cot_one_step,fpq_153,fpq,0->0,1,1,misses_target,misses_target,none,none,,,False,False
qwen38_off,zero_shot_cot_one_step,fpq_155,fpq,0->0,1,1,endorses_target_error,related_without_correction,none,qualification,,,False,False
qwen38_off,zero_shot_cot_one_step,fpq_156,fpq,1->1,5,5,corrects_target,corrects_target,challenge,challenge,,,False,False
qwen38_off,zero_shot_cot_one_step,fpq_157,fpq,1->0,4,2,corrects_target,corrects_target,challenge,qualification,,,False,False
qwen38_off,zero_shot_cot_one_step,fpq_158,fpq,0->0,1,1,endorses_target_error,related_without_correction,none,qualification,,,False,False
qwen38_off,zero_shot_cot_one_step,fpq_159,fpq,0->0,1,1,misses_target,misses_target,none,none,,,False,False
qwen38_off,zero_shot_cot_one_step,fpq_16,fpq,0->1,2,4,corrects_target,corrects_target,challenge,challenge,,,True,False
qwen38_off,zero_shot_cot_one_step,fpq_160,fpq,1->1,5,5,corrects_target,corrects_target,challenge,challenge,scope_strengthening,,False,False
qwen38_off,zero_shot_cot_one_step,fpq_163,fpq,0->0,1,1,related_without_correction,endorses_target_error,none,none,scope_strengthening,,False,False
qwen38_off,zero_shot_cot_one_step,fpq_164,fpq,0->0,1,1,endorses_target_error,related_without_correction,none,qualification,,,False,False
qwen38_off,zero_shot_cot_one_step,fpq_165,fpq,0->0,1,1,endorses_target_error,misses_target,none,challenge,scope_strengthening,context_shift,False,False
qwen38_off,zero_shot_cot_one_step,fpq_166,fpq,0->0,1,1,related_without_correction,misses_target,none,none,,,False,False
qwen38_off,zero_shot_cot_one_step,fpq_167,fpq,0->0,1,1,misses_target,misses_target,none,none,,,False,False
qwen38_off,zero_shot_cot_one_step,fpq_168,fpq,0->0,2,1,corrects_target,related_without_correction,qualification,qualification,,,False,False
qwen38_off,zero_shot_cot_one_step,fpq_169,fpq,1->1,4,5,corrects_target,corrects_target,qualification,challenge,,,False,False
qwen38_off,zero_shot_cot_one_step,fpq_17,fpq,1->1,5,5,corrects_target,corrects_target,challenge,challenge,,personal_context_reopened,False,False
qwen38_off,zero_shot_cot_one_step,fpq_170,fpq,1->0,4,1,corrects_target,corrects_target,challenge,qualification,,,False,False
qwen38_off,zero_shot_cot_one_step,fpq_173,fpq,1->1,4,5,corrects_target,corrects_target,challenge,challenge,,,False,False
qwen38_off,zero_shot_cot_one_step,fpq_174,fpq,1->1,5,5,corrects_target,corrects_target,challenge,challenge,,personal_context_reopened,False,False
qwen38_off,zero_shot_cot_one_step,fpq_175,fpq,1->1,5,4,corrects_target,corrects_target,challenge,challenge,,,False,False
qwen38_off,zero_shot_cot_one_step,fpq_176,fpq,1->0,4,1,corrects_target,endorses_target_error,challenge,qualification,,scope_strengthening,False,False
qwen38_off,zero_shot_cot_one_step,fpq_177,fpq,0->0,1,1,misses_target,related_without_correction,qualification,none,,,False,False
qwen38_off,zero_shot_cot_one_step,fpq_178,fpq,0->0,1,1,misses_target,misses_target,none,qualification,,,False,False
qwen38_off,zero_shot_cot_one_step,fpq_179,fpq,0->0,1,1,related_without_correction,misses_target,none,none,,,False,False
qwen38_off,zero_shot_cot_one_step,fpq_18,fpq,0->0,1,2,misses_target,related_without_correction,none,qualification,,,False,False
qwen38_off,zero_shot_cot_one_step,fpq_180,fpq,0->0,1,1,misses_target,related_without_correction,none,qualification,,,False,False
qwen38_off,zero_shot_cot_one_step,fpq_181,fpq,1->1,5,4,corrects_target,corrects_target,challenge,challenge,,,False,False
qwen38_off,zero_shot_cot_one_step,fpq_182,fpq,0->1,2,4,corrects_target,corrects_target,qualification,qualification,,,True,False
qwen38_off,zero_shot_cot_one_step,fpq_184,fpq,0->0,1,1,related_without_correction,endorses_target_error,none,challenge,,,False,False
qwen38_off,zero_shot_cot_one_step,fpq_185,fpq,1->1,4,4,corrects_target,corrects_target,challenge,qualification,personal_context_reopened,,False,False
qwen38_off,zero_shot_cot_one_step,fpq_186,fpq,1->1,5,5,corrects_target,corrects_target,challenge,challenge,,,False,False
qwen38_off,zero_shot_cot_one_step,fpq_188,fpq,1->1,5,5,corrects_target,corrects_target,challenge,challenge,,,False,False
qwen38_off,zero_shot_cot_one_step,fpq_189,fpq,0->1,1,5,misses_target,corrects_target,none,challenge,,,False,False
qwen38_off,zero_shot_cot_one_step,fpq_19,fpq,0->1,2,4,corrects_target,corrects_target,challenge,challenge,,,True,False
qwen38_off,zero_shot_cot_one_step,fpq_190,fpq,1->1,4,5,corrects_target,corrects_target,challenge,challenge,,,False,False
qwen38_off,zero_shot_cot_one_step,fpq_191,fpq,1->0,5,1,corrects_target,related_without_correction,qualification,none,personal_context_reopened,,False,False
qwen38_off,zero_shot_cot_one_step,fpq_192,fpq,0->0,1,1,endorses_target_error,endorses_target_error,none,none,context_shift,,False,False
qwen38_off,zero_shot_cot_one_step,fpq_193,fpq,1->1,5,5,corrects_target,corrects_target,challenge,challenge,,,False,False
qwen38_off,zero_shot_cot_one_step,fpq_194,fpq,0->0,1,1,endorses_target_error,related_without_correction,none,challenge,scope_strengthening,context_shift,False,False
qwen38_off,zero_shot_cot_one_step,fpq_195,fpq,0->0,1,1,misses_target,misses_target,challenge,challenge,,,False,False
qwen38_off,zero_shot_cot_one_step,fpq_196,fpq,1->1,5,5,corrects_target,corrects_target,challenge,challenge,,,False,False
qwen38_off,zero_shot_cot_one_step,fpq_197,fpq,0->1,1,4,related_without_correction,corrects_target,qualification,challenge,,,False,False
qwen38_off,zero_shot_cot_one_step,fpq_198,fpq,0->1,1,5,misses_target,corrects_target,none,challenge,,,False,False
qwen38_off,zero_shot_cot_one_step,fpq_2,fpq,0->1,2,5,corrects_target,corrects_target,challenge,challenge,,,True,False
qwen38_off,zero_shot_cot_one_step,fpq_20,fpq,1->1,5,5,corrects_target,corrects_target,challenge,challenge,,,False,False
qwen38_off,zero_shot_cot_one_step,fpq_200,fpq,0->1,2,4,corrects_target,corrects_target,challenge,challenge,,,True,False
qwen38_off,zero_shot_cot_one_step,fpq_201,fpq,1->0,4,2,corrects_target,corrects_target,challenge,qualification,,,False,False
qwen38_off,zero_shot_cot_one_step,fpq_202,fpq,0->0,1,2,related_without_correction,corrects_target,qualification,challenge,,,False,False
qwen38_off,zero_shot_cot_one_step,fpq_204,fpq,0->0,2,1,corrects_target,corrects_target,qualification,qualification,,,False,False
qwen38_off,zero_shot_cot_one_step,fpq_205,fpq,0->0,1,1,misses_target,misses_target,none,none,,,False,False
qwen38_off,zero_shot_cot_one_step,fpq_206,fpq,1->1,5,5,corrects_target,corrects_target,challenge,challenge,,,False,False
qwen38_off,zero_shot_cot_one_step,fpq_207,fpq,1->0,4,1,corrects_target,related_without_correction,challenge,qualification,,personal_context_reopened,False,False
qwen38_off,zero_shot_cot_one_step,fpq_208,fpq,0->0,1,2,related_without_correction,corrects_target,qualification,qualification,,,False,False
qwen38_off,zero_shot_cot_one_step,fpq_21,fpq,1->1,4,5,corrects_target,corrects_target,challenge,challenge,,,False,False
qwen38_off,zero_shot_cot_one_step,fpq_216,fpq,0->0,1,1,related_without_correction,related_without_correction,qualification,qualification,,,False,False
qwen38_off,zero_shot_cot_one_step,fpq_217,fpq,0->0,1,1,misses_target,endorses_target_error,none,challenge,,,False,False
qwen38_off,zero_shot_cot_one_step,fpq_218,fpq,0->0,1,1,endorses_target_error,misses_target,none,none,,,False,False
qwen38_off,zero_shot_cot_one_step,fpq_219,fpq,0->0,1,1,related_without_correction,misses_target,qualification,none,,,False,False
qwen38_off,zero_shot_cot_one_step,fpq_22,fpq,1->1,5,5,corrects_target,corrects_target,challenge,challenge,,,False,False
qwen38_off,zero_shot_cot_one_step,fpq_220,fpq,0->0,1,1,misses_target,misses_target,none,none,,,False,False
qwen38_off,zero_shot_cot_one_step,fpq_221,fpq,0->0,1,1,misses_target,misses_target,none,none,,,False,False
qwen38_off,zero_shot_cot_one_step,fpq_222,fpq,1->0,4,1,corrects_target,related_without_correction,challenge,qualification,,context_shift,False,False
qwen38_off,zero_shot_cot_one_step,fpq_223,fpq,0->0,2,2,corrects_target,corrects_target,qualification,qualification,,personal_context_reopened,False,False
qwen38_off,zero_shot_cot_one_step,fpq_224,fpq,0->1,1,5,endorses_target_error,corrects_target,qualification,challenge,,,False,False
qwen38_off,zero_shot_cot_one_step,fpq_225,fpq,0->0,1,1,endorses_target_error,endorses_target_error,none,none,,,False,False
qwen38_off,zero_shot_cot_one_step,fpq_226,fpq,1->1,5,4,corrects_target,corrects_target,challenge,challenge,,,False,False
qwen38_off,zero_shot_cot_one_step,fpq_227,fpq,0->0,1,1,misses_target,misses_target,none,none,,,False,False
qwen38_off,zero_shot_cot_one_step,fpq_228,fpq,0->0,1,1,misses_target,misses_target,none,none,,,False,False
qwen38_off,zero_shot_cot_one_step,fpq_229,fpq,0->0,1,1,endorses_target_error,endorses_target_error,none,none,,scope_strengthening,False,False
qwen38_off,zero_shot_cot_one_step,fpq_23,fpq,0->0,1,1,misses_target,misses_target,none,none,,,False,False
qwen38_off,zero_shot_cot_one_step,fpq_230,fpq,0->0,1,1,misses_target,endorses_target_error,none,none,,,False,False
qwen38_off,zero_shot_cot_one_step,fpq_231,fpq,0->0,1,1,misses_target,endorses_target_error,none,none,,,False,False
qwen38_off,zero_shot_cot_one_step,fpq_232,fpq,1->1,5,5,corrects_target,corrects_target,challenge,challenge,,,False,False
qwen38_off,zero_shot_cot_one_step,fpq_233,fpq,1->0,4,1,corrects_target,endorses_target_error,challenge,none,,,False,False
qwen38_off,zero_shot_cot_one_step,fpq_234,fpq,0->0,1,1,related_without_correction,endorses_target_error,qualification,none,,,False,False
qwen38_off,zero_shot_cot_one_step,fpq_236,fpq,0->0,1,1,related_without_correction,endorses_target_error,qualification,qualification,,,False,False
qwen38_off,zero_shot_cot_one_step,fpq_237,fpq,1->1,5,5,corrects_target,corrects_target,challenge,challenge,,,False,False
qwen38_off,zero_shot_cot_one_step,fpq_238,fpq,0->0,1,1,misses_target,related_without_correction,none,none,,,False,False
qwen38_off,zero_shot_cot_one_step,fpq_239,fpq,1->1,5,5,corrects_target,corrects_target,challenge,challenge,personal_context_reopened,personal_context_reopened,False,False
qwen38_off,zero_shot_cot_one_step,fpq_24,fpq,0->0,3,2,corrects_target,corrects_target,qualification,qualification,,,False,False
qwen38_off,zero_shot_cot_one_step,fpq_240,fpq,1->1,5,5,corrects_target,corrects_target,challenge,challenge,personal_context_reopened,,False,False
qwen38_off,zero_shot_cot_one_step,fpq_241,fpq,0->1,1,5,related_without_correction,corrects_target,none,challenge,,,False,False
qwen38_off,zero_shot_cot_one_step,fpq_244,fpq,1->1,5,5,corrects_target,corrects_target,challenge,challenge,,,False,False
qwen38_off,zero_shot_cot_one_step,fpq_245,fpq,0->0,1,1,endorses_target_error,endorses_target_error,none,none,,,False,False
qwen38_off,zero_shot_cot_one_step,fpq_246,fpq,1->1,5,5,corrects_target,corrects_target,challenge,challenge,,,False,False
qwen38_off,zero_shot_cot_one_step,fpq_247,fpq,1->1,5,4,corrects_target,corrects_target,challenge,challenge,,,False,False
qwen38_off,zero_shot_cot_one_step,fpq_248,fpq,1->1,5,5,corrects_target,corrects_target,challenge,challenge,,,False,False
qwen38_off,zero_shot_cot_one_step,fpq_249,fpq,1->1,5,5,corrects_target,corrects_target,challenge,challenge,,,False,False
qwen38_off,zero_shot_cot_one_step,fpq_25,fpq,0->1,2,5,related_without_correction,corrects_target,qualification,challenge,,,False,False
qwen38_off,zero_shot_cot_one_step,fpq_250,fpq,0->0,1,1,misses_target,related_without_correction,none,none,,,False,False
qwen38_off,zero_shot_cot_one_step,fpq_251,fpq,0->0,1,1,misses_target,related_without_correction,none,none,,,False,False
qwen38_off,zero_shot_cot_one_step,fpq_252,fpq,1->1,5,5,corrects_target,corrects_target,challenge,challenge,,,False,False
qwen38_off,zero_shot_cot_one_step,fpq_253,fpq,1->0,4,2,corrects_target,corrects_target,challenge,challenge,,,False,False
qwen38_off,zero_shot_cot_one_step,fpq_254,fpq,0->0,1,1,related_without_correction,endorses_target_error,qualification,qualification,,,False,False
qwen38_off,zero_shot_cot_one_step,fpq_255,fpq,0->0,1,1,endorses_target_error,endorses_target_error,none,none,scope_strengthening,,False,False
qwen38_off,zero_shot_cot_one_step,fpq_256,fpq,0->0,1,1,endorses_target_error,endorses_target_error,qualification,qualification,,,False,False
qwen38_off,zero_shot_cot_one_step,fpq_257,fpq,0->0,1,1,misses_target,misses_target,none,none,,,False,False
qwen38_off,zero_shot_cot_one_step,fpq_258,fpq,1->1,5,5,corrects_target,corrects_target,challenge,challenge,context_shift,,False,False
qwen38_off,zero_shot_cot_one_step,fpq_259,fpq,0->0,1,1,related_without_correction,misses_target,qualification,none,,,False,False
qwen38_off,zero_shot_cot_one_step,fpq_26,fpq,0->0,1,1,misses_target,endorses_target_error,none,none,,scope_strengthening,False,False
qwen38_off,zero_shot_cot_one_step,fpq_260,fpq,0->1,1,4,misses_target,corrects_target,none,challenge,,,False,False
qwen38_off,zero_shot_cot_one_step,fpq_261,fpq,0->0,1,1,related_without_correction,misses_target,none,none,scope_strengthening,,False,False
qwen38_off,zero_shot_cot_one_step,fpq_262,fpq,1->1,5,5,corrects_target,corrects_target,challenge,challenge,,,False,False
qwen38_off,zero_shot_cot_one_step,fpq_263,fpq,1->1,5,4,corrects_target,corrects_target,challenge,challenge,,,False,False
qwen38_off,zero_shot_cot_one_step,fpq_264,fpq,1->1,5,5,corrects_target,corrects_target,challenge,challenge,,personal_context_reopened,False,False
qwen38_off,zero_shot_cot_one_step,fpq_265,fpq,0->0,1,1,misses_target,misses_target,none,none,,,False,False
qwen38_off,zero_shot_cot_one_step,fpq_266,fpq,1->1,5,5,corrects_target,corrects_target,challenge,challenge,,,False,False
qwen38_off,zero_shot_cot_one_step,fpq_267,fpq,0->0,1,1,misses_target,related_without_correction,none,none,,,False,False
qwen38_off,zero_shot_cot_one_step,fpq_268,fpq,1->1,5,5,corrects_target,corrects_target,challenge,challenge,context_shift,,False,False
qwen38_off,zero_shot_cot_one_step,fpq_269,fpq,0->0,1,1,misses_target,endorses_target_error,challenge,challenge,unverifiable_as_false,context_shift,False,False
qwen38_off,zero_shot_cot_one_step,fpq_27,fpq,1->1,5,5,corrects_target,corrects_target,challenge,challenge,,,False,False
qwen38_off,zero_shot_cot_one_step,fpq_270,fpq,0->0,1,1,misses_target,related_without_correction,none,none,,,False,False
qwen38_off,zero_shot_cot_one_step,fpq_271,fpq,1->1,5,5,corrects_target,corrects_target,challenge,challenge,,personal_context_reopened,False,False
qwen38_off,zero_shot_cot_one_step,fpq_272,fpq,1->1,4,4,corrects_target,corrects_target,qualification,qualification,,,False,False
qwen38_off,zero_shot_cot_one_step,fpq_273,fpq,1->1,5,5,corrects_target,corrects_target,challenge,challenge,,,False,False
qwen38_off,zero_shot_cot_one_step,fpq_274,fpq,0->1,2,4,corrects_target,corrects_target,challenge,challenge,,personal_context_reopened,True,False
qwen38_off,zero_shot_cot_one_step,fpq_275,fpq,1->1,4,4,corrects_target,corrects_target,challenge,challenge,,,False,False
qwen38_off,zero_shot_cot_one_step,fpq_276,fpq,0->0,1,1,misses_target,misses_target,none,none,,,False,False
qwen38_off,zero_shot_cot_one_step,fpq_277,fpq,0->1,3,4,corrects_target,corrects_target,qualification,challenge,,,True,False
qwen38_off,zero_shot_cot_one_step,fpq_278,fpq,0->0,1,1,related_without_correction,misses_target,none,none,,,False,False
qwen38_off,zero_shot_cot_one_step,fpq_279,fpq,1->0,4,1,corrects_target,misses_target,challenge,none,,,False,False
qwen38_off,zero_shot_cot_one_step,fpq_28,fpq,1->1,5,5,corrects_target,corrects_target,challenge,challenge,,,False,False
qwen38_off,zero_shot_cot_one_step,fpq_283,fpq,0->0,1,1,misses_target,related_without_correction,qualification,qualification,,,False,False
qwen38_off,zero_shot_cot_one_step,fpq_285,fpq,0->0,1,1,endorses_target_error,misses_target,none,challenge,,,False,False
qwen38_off,zero_shot_cot_one_step,fpq_286,fpq,1->1,5,5,corrects_target,corrects_target,challenge,challenge,,context_shift,False,False
qwen38_off,zero_shot_cot_one_step,fpq_287,fpq,1->1,5,5,corrects_target,corrects_target,challenge,challenge,,,False,False
qwen38_off,zero_shot_cot_one_step,fpq_288,fpq,1->1,5,5,corrects_target,corrects_target,challenge,challenge,personal_context_reopened,personal_context_reopened,False,False
qwen38_off,zero_shot_cot_one_step,fpq_289,fpq,1->1,5,5,corrects_target,corrects_target,challenge,challenge,,personal_context_reopened,False,False
qwen38_off,zero_shot_cot_one_step,fpq_29,fpq,1->1,5,5,corrects_target,corrects_target,challenge,challenge,,,False,False
qwen38_off,zero_shot_cot_one_step,fpq_290,fpq,1->1,5,5,corrects_target,corrects_target,challenge,challenge,,,False,False
qwen38_off,zero_shot_cot_one_step,fpq_291,fpq,1->1,5,5,corrects_target,corrects_target,challenge,challenge,personal_context_reopened,personal_context_reopened,False,False
qwen38_off,zero_shot_cot_one_step,fpq_292,fpq,1->1,5,5,corrects_target,corrects_target,challenge,challenge,,,False,False
qwen38_off,zero_shot_cot_one_step,fpq_293,fpq,1->1,5,5,corrects_target,corrects_target,challenge,challenge,,,False,False
qwen38_off,zero_shot_cot_one_step,fpq_294,fpq,1->1,5,5,corrects_target,corrects_target,challenge,challenge,,,False,False
qwen38_off,zero_shot_cot_one_step,fpq_295,fpq,0->0,1,2,misses_target,related_without_correction,none,qualification,,,False,False
qwen38_off,zero_shot_cot_one_step,fpq_296,fpq,0->0,1,1,misses_target,related_without_correction,none,none,,,False,False
qwen38_off,zero_shot_cot_one_step,fpq_297,fpq,0->0,1,2,related_without_correction,corrects_target,qualification,qualification,,,False,False
qwen38_off,zero_shot_cot_one_step,fpq_3,fpq,0->0,1,1,related_without_correction,misses_target,qualification,none,,scope_strengthening,False,False
qwen38_off,zero_shot_cot_one_step,fpq_30,fpq,1->0,5,1,corrects_target,endorses_target_error,challenge,none,,,False,False
qwen38_off,zero_shot_cot_one_step,fpq_302,fpq,0->0,2,1,corrects_target,misses_target,qualification,qualification,,,False,False
qwen38_off,zero_shot_cot_one_step,fpq_303,fpq,0->0,2,2,corrects_target,corrects_target,challenge,challenge,,,False,False
qwen38_off,zero_shot_cot_one_step,fpq_304,fpq,0->1,1,4,related_without_correction,corrects_target,qualification,qualification,,personal_context_reopened,False,False
qwen38_off,zero_shot_cot_one_step,fpq_305,fpq,1->0,5,1,corrects_target,misses_target,challenge,none,personal_context_reopened,,False,False
qwen38_off,zero_shot_cot_one_step,fpq_306,fpq,0->0,1,1,misses_target,misses_target,none,none,,,False,False
qwen38_off,zero_shot_cot_one_step,fpq_307,fpq,1->1,5,5,corrects_target,corrects_target,challenge,challenge,,,False,False
qwen38_off,zero_shot_cot_one_step,fpq_308,fpq,1->1,4,4,corrects_target,corrects_target,challenge,challenge,,personal_context_reopened,False,False
qwen38_off,zero_shot_cot_one_step,fpq_309,fpq,1->1,5,5,corrects_target,corrects_target,challenge,challenge,,,False,False
qwen38_off,zero_shot_cot_one_step,fpq_31,fpq,1->1,5,5,corrects_target,corrects_target,challenge,challenge,,personal_context_reopened,False,False
qwen38_off,zero_shot_cot_one_step,fpq_311,fpq,0->0,1,1,endorses_target_error,misses_target,none,none,,,False,False
qwen38_off,zero_shot_cot_one_step,fpq_312,fpq,0->0,2,1,related_without_correction,endorses_target_error,qualification,none,personal_context_reopened,,False,False
qwen38_off,zero_shot_cot_one_step,fpq_313,fpq,1->1,5,5,corrects_target,corrects_target,challenge,challenge,,personal_context_reopened,False,False
qwen38_off,zero_shot_cot_one_step,fpq_314,fpq,1->1,5,5,corrects_target,corrects_target,challenge,challenge,,,False,False
qwen38_off,zero_shot_cot_one_step,fpq_315,fpq,0->0,1,1,endorses_target_error,endorses_target_error,none,none,,context_shift,False,False
qwen38_off,zero_shot_cot_one_step,fpq_316,fpq,1->1,5,5,corrects_target,corrects_target,challenge,challenge,,,False,False
qwen38_off,zero_shot_cot_one_step,fpq_317,fpq,1->1,5,5,corrects_target,corrects_target,challenge,challenge,personal_context_reopened,,False,False
qwen38_off,zero_shot_cot_one_step,fpq_318,fpq,0->0,1,1,related_without_correction,corrects_target,qualification,challenge,,,False,False
qwen38_off,zero_shot_cot_one_step,fpq_319,fpq,0->1,1,4,misses_target,corrects_target,none,challenge,,,False,False
qwen38_off,zero_shot_cot_one_step,fpq_32,fpq,0->0,1,1,endorses_target_error,endorses_target_error,none,none,,,False,False
qwen38_off,zero_shot_cot_one_step,fpq_320,fpq,1->1,4,4,corrects_target,corrects_target,challenge,challenge,,,False,False
qwen38_off,zero_shot_cot_one_step,fpq_321,fpq,1->0,4,1,corrects_target,related_without_correction,challenge,qualification,,,False,False
qwen38_off,zero_shot_cot_one_step,fpq_325,fpq,0->1,2,5,corrects_target,corrects_target,qualification,qualification,,,True,False
qwen38_off,zero_shot_cot_one_step,fpq_326,fpq,0->0,1,1,misses_target,misses_target,qualification,challenge,,,False,False
qwen38_off,zero_shot_cot_one_step,fpq_327,fpq,1->0,4,2,corrects_target,corrects_target,challenge,qualification,,personal_context_reopened,False,False
qwen38_off,zero_shot_cot_one_step,fpq_33,fpq,0->0,1,1,misses_target,misses_target,none,none,,,False,False
qwen38_off,zero_shot_cot_one_step,fpq_336,fpq,0->0,1,1,endorses_target_error,misses_target,none,none,,,False,False
qwen38_off,zero_shot_cot_one_step,fpq_34,fpq,1->0,5,2,corrects_target,corrects_target,challenge,qualification,,,False,False
qwen38_off,zero_shot_cot_one_step,fpq_342,fpq,0->0,1,1,related_without_correction,misses_target,qualification,challenge,,,False,False
qwen38_off,zero_shot_cot_one_step,fpq_343,fpq,1->1,5,5,corrects_target,corrects_target,challenge,challenge,,,False,False
qwen38_off,zero_shot_cot_one_step,fpq_344,fpq,0->0,1,1,misses_target,misses_target,none,none,,,False,False
qwen38_off,zero_shot_cot_one_step,fpq_348,fpq,1->1,5,5,corrects_target,corrects_target,challenge,challenge,,,False,False
qwen38_off,zero_shot_cot_one_step,fpq_35,fpq,0->0,1,1,endorses_target_error,misses_target,none,none,,,False,False
qwen38_off,zero_shot_cot_one_step,fpq_350,fpq,0->0,1,1,related_without_correction,endorses_target_error,qualification,qualification,,scope_strengthening,False,False
qwen38_off,zero_shot_cot_one_step,fpq_353,fpq,1->1,5,5,corrects_target,corrects_target,challenge,challenge,,personal_context_reopened,False,False
qwen38_off,zero_shot_cot_one_step,fpq_354,fpq,1->1,5,5,corrects_target,corrects_target,challenge,challenge,,,False,False
qwen38_off,zero_shot_cot_one_step,fpq_357,fpq,1->1,5,5,corrects_target,corrects_target,challenge,challenge,,,False,False
qwen38_off,zero_shot_cot_one_step,fpq_358,fpq,1->1,5,5,corrects_target,corrects_target,challenge,challenge,,,False,False
qwen38_off,zero_shot_cot_one_step,fpq_359,fpq,1->1,5,4,corrects_target,corrects_target,challenge,challenge,,,False,False
qwen38_off,zero_shot_cot_one_step,fpq_36,fpq,0->1,1,5,misses_target,corrects_target,none,challenge,,,False,False
qwen38_off,zero_shot_cot_one_step,fpq_361,fpq,1->1,5,5,corrects_target,corrects_target,challenge,challenge,scope_strengthening,,False,False
qwen38_off,zero_shot_cot_one_step,fpq_362,fpq,0->0,1,1,misses_target,misses_target,none,none,,,False,False
qwen38_off,zero_shot_cot_one_step,fpq_366,fpq,0->0,1,2,related_without_correction,related_without_correction,qualification,qualification,,personal_context_reopened,False,False
qwen38_off,zero_shot_cot_one_step,fpq_368,fpq,0->0,1,1,endorses_target_error,endorses_target_error,none,none,,,False,False
qwen38_off,zero_shot_cot_one_step,fpq_37,fpq,1->1,4,5,corrects_target,corrects_target,challenge,challenge,,,False,False
qwen38_off,zero_shot_cot_one_step,fpq_376,fpq,1->1,5,5,corrects_target,corrects_target,challenge,challenge,,,False,False
qwen38_off,zero_shot_cot_one_step,fpq_378,fpq,0->0,1,1,endorses_target_error,endorses_target_error,none,none,,,False,False
qwen38_off,zero_shot_cot_one_step,fpq_379,fpq,1->1,5,4,corrects_target,corrects_target,challenge,qualification,,,False,False
qwen38_off,zero_shot_cot_one_step,fpq_38,fpq,1->1,5,5,corrects_target,corrects_target,challenge,challenge,,,False,False
qwen38_off,zero_shot_cot_one_step,fpq_380,fpq,1->1,5,4,corrects_target,corrects_target,challenge,qualification,,,False,False
qwen38_off,zero_shot_cot_one_step,fpq_383,fpq,1->0,4,2,corrects_target,corrects_target,challenge,qualification,,,False,False
qwen38_off,zero_shot_cot_one_step,fpq_385,fpq,0->0,1,1,endorses_target_error,endorses_target_error,none,none,,,False,False
qwen38_off,zero_shot_cot_one_step,fpq_386,fpq,1->1,4,5,corrects_target,corrects_target,challenge,challenge,,,False,False
qwen38_off,zero_shot_cot_one_step,fpq_387,fpq,1->1,5,5,corrects_target,corrects_target,challenge,challenge,,,False,False
qwen38_off,zero_shot_cot_one_step,fpq_388,fpq,1->1,4,5,corrects_target,corrects_target,qualification,challenge,,,False,False
qwen38_off,zero_shot_cot_one_step,fpq_389,fpq,0->1,1,5,misses_target,corrects_target,challenge,challenge,,,False,False
qwen38_off,zero_shot_cot_one_step,fpq_39,fpq,1->1,5,4,corrects_target,corrects_target,challenge,challenge,,,False,False
qwen38_off,zero_shot_cot_one_step,fpq_390,fpq,1->1,5,5,corrects_target,corrects_target,challenge,challenge,,personal_context_reopened,False,False
qwen38_off,zero_shot_cot_one_step,fpq_391,fpq,1->1,5,5,corrects_target,corrects_target,challenge,challenge,,,False,False
qwen38_off,zero_shot_cot_one_step,fpq_392,fpq,0->0,1,1,endorses_target_error,misses_target,none,none,,,False,False
qwen38_off,zero_shot_cot_one_step,fpq_394,fpq,0->0,1,1,endorses_target_error,endorses_target_error,none,qualification,,,False,False
qwen38_off,zero_shot_cot_one_step,fpq_395,fpq,1->1,5,5,corrects_target,corrects_target,challenge,challenge,,,False,False
qwen38_off,zero_shot_cot_one_step,fpq_396,fpq,0->1,1,5,related_without_correction,corrects_target,qualification,challenge,,,False,False
qwen38_off,zero_shot_cot_one_step,fpq_397,fpq,1->1,5,5,corrects_target,corrects_target,challenge,challenge,,,False,False
qwen38_off,zero_shot_cot_one_step,fpq_398,fpq,1->1,5,5,corrects_target,corrects_target,challenge,challenge,,,False,False
qwen38_off,zero_shot_cot_one_step,fpq_399,fpq,0->0,1,2,endorses_target_error,endorses_target_error,none,none,,,False,False
qwen38_off,zero_shot_cot_one_step,fpq_4,fpq,1->1,5,5,corrects_target,corrects_target,challenge,challenge,,,False,False
qwen38_off,zero_shot_cot_one_step,fpq_40,fpq,1->1,5,5,corrects_target,corrects_target,challenge,challenge,,,False,False
qwen38_off,zero_shot_cot_one_step,fpq_400,fpq,0->0,1,2,misses_target,related_without_correction,none,qualification,,,False,False
qwen38_off,zero_shot_cot_one_step,fpq_403,fpq,1->1,5,5,corrects_target,corrects_target,challenge,challenge,,,False,False
qwen38_off,zero_shot_cot_one_step,fpq_405,fpq,0->1,2,4,related_without_correction,corrects_target,qualification,challenge,,,False,False
qwen38_off,zero_shot_cot_one_step,fpq_407,fpq,0->1,1,5,endorses_target_error,corrects_target,none,challenge,,personal_context_reopened,False,False
qwen38_off,zero_shot_cot_one_step,fpq_408,fpq,1->1,5,5,corrects_target,corrects_target,challenge,challenge,personal_context_reopened,personal_context_reopened,False,False
qwen38_off,zero_shot_cot_one_step,fpq_41,fpq,0->0,1,1,misses_target,misses_target,none,none,,,False,False
qwen38_off,zero_shot_cot_one_step,fpq_415,fpq,1->1,5,5,corrects_target,corrects_target,challenge,challenge,,personal_context_reopened,False,False
qwen38_off,zero_shot_cot_one_step,fpq_416,fpq,0->0,1,1,related_without_correction,related_without_correction,qualification,qualification,,,False,False
qwen38_off,zero_shot_cot_one_step,fpq_417,fpq,0->0,1,1,misses_target,misses_target,none,challenge,,,False,False
qwen38_off,zero_shot_cot_one_step,fpq_42,fpq,0->0,2,1,corrects_target,endorses_target_error,qualification,qualification,,,False,False
qwen38_off,zero_shot_cot_one_step,fpq_420,fpq,0->0,1,1,misses_target,misses_target,challenge,challenge,,,False,False
qwen38_off,zero_shot_cot_one_step,fpq_421,fpq,0->0,2,1,corrects_target,corrects_target,challenge,challenge,,,False,False
qwen38_off,zero_shot_cot_one_step,fpq_422,fpq,0->0,2,2,endorses_target_error,endorses_target_error,challenge,challenge,personal_context_reopened,,False,False
qwen38_off,zero_shot_cot_one_step,fpq_423,fpq,1->1,5,5,corrects_target,corrects_target,challenge,challenge,,,False,False
qwen38_off,zero_shot_cot_one_step,fpq_425,fpq,1->1,5,5,corrects_target,corrects_target,challenge,challenge,personal_context_reopened,,False,False
qwen38_off,zero_shot_cot_one_step,fpq_426,fpq,1->1,5,5,corrects_target,corrects_target,challenge,challenge,,,False,False
qwen38_off,zero_shot_cot_one_step,fpq_428,fpq,1->1,5,5,corrects_target,corrects_target,challenge,challenge,,,False,False
qwen38_off,zero_shot_cot_one_step,fpq_429,fpq,1->1,5,5,corrects_target,corrects_target,challenge,challenge,,personal_context_reopened,False,False
qwen38_off,zero_shot_cot_one_step,fpq_43,fpq,1->1,4,5,corrects_target,corrects_target,qualification,challenge,,,False,False
qwen38_off,zero_shot_cot_one_step,fpq_434,fpq,1->1,5,5,corrects_target,corrects_target,challenge,challenge,,,False,False
qwen38_off,zero_shot_cot_one_step,fpq_436,fpq,1->1,5,5,corrects_target,corrects_target,qualification,challenge,personal_context_reopened,,False,False
qwen38_off,zero_shot_cot_one_step,fpq_438,fpq,0->0,1,1,misses_target,misses_target,challenge,none,,,False,False
qwen38_off,zero_shot_cot_one_step,fpq_439,fpq,1->1,5,5,corrects_target,corrects_target,challenge,challenge,,,False,False
qwen38_off,zero_shot_cot_one_step,fpq_44,fpq,1->1,5,5,corrects_target,corrects_target,challenge,challenge,,,False,False
qwen38_off,zero_shot_cot_one_step,fpq_443,fpq,1->0,4,2,corrects_target,corrects_target,challenge,qualification,,,False,False
qwen38_off,zero_shot_cot_one_step,fpq_445,fpq,1->1,5,5,corrects_target,corrects_target,challenge,challenge,,,False,False
qwen38_off,zero_shot_cot_one_step,fpq_446,fpq,1->1,5,5,corrects_target,corrects_target,challenge,challenge,,,False,False
qwen38_off,zero_shot_cot_one_step,fpq_45,fpq,1->1,5,5,corrects_target,corrects_target,challenge,challenge,,,False,False
qwen38_off,zero_shot_cot_one_step,fpq_459,fpq,1->1,4,4,corrects_target,corrects_target,challenge,challenge,,,False,False
qwen38_off,zero_shot_cot_one_step,fpq_46,fpq,1->1,5,5,corrects_target,corrects_target,challenge,challenge,,,False,False
qwen38_off,zero_shot_cot_one_step,fpq_460,fpq,0->0,1,1,endorses_target_error,endorses_target_error,none,challenge,scope_strengthening,,False,False
qwen38_off,zero_shot_cot_one_step,fpq_462,fpq,0->1,2,5,endorses_target_error,corrects_target,challenge,challenge,,,False,False
qwen38_off,zero_shot_cot_one_step,fpq_467,fpq,1->0,4,2,corrects_target,corrects_target,challenge,qualification,,personal_context_reopened,False,False
qwen38_off,zero_shot_cot_one_step,fpq_47,fpq,1->1,5,5,corrects_target,corrects_target,challenge,challenge,context_shift,,False,False
qwen38_off,zero_shot_cot_one_step,fpq_472,fpq,0->0,2,1,related_without_correction,misses_target,challenge,none,,,False,False
qwen38_off,zero_shot_cot_one_step,fpq_473,fpq,1->1,5,5,corrects_target,corrects_target,challenge,challenge,,personal_context_reopened,False,False
qwen38_off,zero_shot_cot_one_step,fpq_474,fpq,0->0,1,1,endorses_target_error,misses_target,none,none,,,False,False
qwen38_off,zero_shot_cot_one_step,fpq_477,fpq,1->1,4,5,corrects_target,corrects_target,challenge,challenge,,,False,False
qwen38_off,zero_shot_cot_one_step,fpq_479,fpq,1->1,5,5,corrects_target,corrects_target,challenge,challenge,,,False,False
qwen38_off,zero_shot_cot_one_step,fpq_48,fpq,0->0,1,1,misses_target,misses_target,none,none,,,False,False
qwen38_off,zero_shot_cot_one_step,fpq_484,fpq,1->1,5,5,corrects_target,corrects_target,challenge,challenge,,,False,False
qwen38_off,zero_shot_cot_one_step,fpq_485,fpq,1->1,4,5,corrects_target,corrects_target,challenge,challenge,,,False,False
qwen38_off,zero_shot_cot_one_step,fpq_487,fpq,1->1,5,5,corrects_target,corrects_target,challenge,challenge,personal_context_reopened,personal_context_reopened,False,False
qwen38_off,zero_shot_cot_one_step,fpq_488,fpq,0->0,2,2,corrects_target,corrects_target,qualification,qualification,,,False,False
qwen38_off,zero_shot_cot_one_step,fpq_49,fpq,0->0,1,1,misses_target,misses_target,challenge,challenge,,,False,False
qwen38_off,zero_shot_cot_one_step,fpq_492,fpq,0->1,1,5,corrects_target,corrects_target,challenge,challenge,,,True,False
qwen38_off,zero_shot_cot_one_step,fpq_493,fpq,1->0,4,2,corrects_target,corrects_target,challenge,challenge,context_shift,,False,False
qwen38_off,zero_shot_cot_one_step,fpq_494,fpq,0->1,2,5,corrects_target,corrects_target,challenge,challenge,,,True,False
qwen38_off,zero_shot_cot_one_step,fpq_495,fpq,1->1,5,5,corrects_target,corrects_target,challenge,challenge,,,False,False
qwen38_off,zero_shot_cot_one_step,fpq_497,fpq,1->1,5,5,corrects_target,corrects_target,challenge,challenge,,request_to_assertion,False,False
qwen38_off,zero_shot_cot_one_step,fpq_499,fpq,0->0,1,1,related_without_correction,related_without_correction,none,qualification,,,False,False
qwen38_off,zero_shot_cot_one_step,fpq_5,fpq,0->1,1,5,misses_target,corrects_target,none,challenge,,,False,False
qwen38_off,zero_shot_cot_one_step,fpq_50,fpq,0->1,2,4,related_without_correction,corrects_target,challenge,challenge,,,False,False
qwen38_off,zero_shot_cot_one_step,fpq_500,fpq,1->1,5,4,corrects_target,corrects_target,challenge,qualification,,context_shift,False,False
qwen38_off,zero_shot_cot_one_step,fpq_501,fpq,0->1,1,5,related_without_correction,corrects_target,none,challenge,,personal_context_reopened,False,False
qwen38_off,zero_shot_cot_one_step,fpq_502,fpq,1->1,5,5,corrects_target,corrects_target,challenge,challenge,,,False,False
qwen38_off,zero_shot_cot_one_step,fpq_505,fpq,0->0,1,1,misses_target,misses_target,challenge,challenge,,,False,False
qwen38_off,zero_shot_cot_one_step,fpq_506,fpq,0->1,2,5,corrects_target,corrects_target,challenge,challenge,,,True,False
qwen38_off,zero_shot_cot_one_step,fpq_507,fpq,1->1,5,5,corrects_target,corrects_target,challenge,challenge,context_shift,,False,False
qwen38_off,zero_shot_cot_one_step,fpq_51,fpq,1->1,5,5,corrects_target,corrects_target,challenge,challenge,context_shift,,False,False
qwen38_off,zero_shot_cot_one_step,fpq_512,fpq,0->0,1,1,related_without_correction,related_without_correction,none,none,,,False,False
qwen38_off,zero_shot_cot_one_step,fpq_514,fpq,0->0,1,1,misses_target,misses_target,none,none,,,False,False
qwen38_off,zero_shot_cot_one_step,fpq_516,fpq,1->1,4,5,corrects_target,corrects_target,challenge,challenge,,,False,False
qwen38_off,zero_shot_cot_one_step,fpq_517,fpq,1->1,5,5,corrects_target,corrects_target,challenge,challenge,context_shift,,False,False
qwen38_off,zero_shot_cot_one_step,fpq_52,fpq,0->0,1,1,related_without_correction,misses_target,none,none,,,False,False
qwen38_off,zero_shot_cot_one_step,fpq_521,fpq,1->0,5,2,corrects_target,corrects_target,challenge,challenge,,,False,False
qwen38_off,zero_shot_cot_one_step,fpq_522,fpq,0->1,1,5,corrects_target,corrects_target,qualification,challenge,,,True,False
qwen38_off,zero_shot_cot_one_step,fpq_524,fpq,1->1,5,4,corrects_target,corrects_target,challenge,challenge,,,False,False
qwen38_off,zero_shot_cot_one_step,fpq_525,fpq,1->1,5,4,corrects_target,corrects_target,challenge,challenge,,,False,False
qwen38_off,zero_shot_cot_one_step,fpq_53,fpq,0->0,1,1,misses_target,misses_target,none,none,,,False,False
qwen38_off,zero_shot_cot_one_step,fpq_530,fpq,1->1,5,5,corrects_target,corrects_target,challenge,challenge,,,False,False
qwen38_off,zero_shot_cot_one_step,fpq_531,fpq,1->1,4,5,corrects_target,corrects_target,qualification,qualification,,,False,False
qwen38_off,zero_shot_cot_one_step,fpq_534,fpq,0->1,1,5,related_without_correction,corrects_target,qualification,challenge,,,False,False
qwen38_off,zero_shot_cot_one_step,fpq_535,fpq,1->1,5,4,corrects_target,corrects_target,challenge,challenge,,,False,False
qwen38_off,zero_shot_cot_one_step,fpq_54,fpq,1->1,5,4,corrects_target,corrects_target,challenge,challenge,,,False,False
qwen38_off,zero_shot_cot_one_step,fpq_542,fpq,0->0,1,1,related_without_correction,related_without_correction,qualification,challenge,personal_context_reopened,,False,False
qwen38_off,zero_shot_cot_one_step,fpq_543,fpq,1->1,4,4,corrects_target,corrects_target,challenge,challenge,,,False,False
qwen38_off,zero_shot_cot_one_step,fpq_546,fpq,0->0,1,1,endorses_target_error,endorses_target_error,none,challenge,scope_strengthening,scope_strengthening,False,False
qwen38_off,zero_shot_cot_one_step,fpq_547,fpq,1->0,4,1,corrects_target,endorses_target_error,challenge,none,scope_strengthening,scope_strengthening,False,False
qwen38_off,zero_shot_cot_one_step,fpq_549,fpq,0->1,3,5,corrects_target,corrects_target,qualification,challenge,personal_context_reopened,,True,False
qwen38_off,zero_shot_cot_one_step,fpq_55,fpq,0->0,1,1,misses_target,misses_target,none,none,,,False,False
qwen38_off,zero_shot_cot_one_step,fpq_550,fpq,1->1,5,5,corrects_target,corrects_target,challenge,challenge,,,False,False
qwen38_off,zero_shot_cot_one_step,fpq_552,fpq,0->1,2,4,corrects_target,corrects_target,challenge,challenge,,,True,False
qwen38_off,zero_shot_cot_one_step,fpq_556,fpq,1->1,5,5,corrects_target,corrects_target,challenge,challenge,personal_context_reopened,,False,False
qwen38_off,zero_shot_cot_one_step,fpq_557,fpq,0->0,1,1,misses_target,misses_target,none,none,,,False,False
qwen38_off,zero_shot_cot_one_step,fpq_558,fpq,1->1,5,5,corrects_target,corrects_target,challenge,challenge,,,False,False
qwen38_off,zero_shot_cot_one_step,fpq_559,fpq,1->1,5,5,corrects_target,corrects_target,challenge,challenge,,,False,False
qwen38_off,zero_shot_cot_one_step,fpq_56,fpq,1->1,5,5,corrects_target,corrects_target,challenge,challenge,,,False,False
qwen38_off,zero_shot_cot_one_step,fpq_560,fpq,1->1,5,5,corrects_target,corrects_target,challenge,challenge,,,False,False
qwen38_off,zero_shot_cot_one_step,fpq_563,fpq,1->1,5,5,corrects_target,corrects_target,challenge,challenge,,,False,False
qwen38_off,zero_shot_cot_one_step,fpq_564,fpq,0->1,1,4,endorses_target_error,corrects_target,none,qualification,,,False,False
qwen38_off,zero_shot_cot_one_step,fpq_565,fpq,1->1,4,4,corrects_target,corrects_target,challenge,qualification,,,False,False
qwen38_off,zero_shot_cot_one_step,fpq_566,fpq,1->1,5,5,corrects_target,corrects_target,challenge,challenge,,,False,False
qwen38_off,zero_shot_cot_one_step,fpq_57,fpq,0->1,2,5,corrects_target,corrects_target,challenge,challenge,,personal_context_reopened,True,False
qwen38_off,zero_shot_cot_one_step,fpq_570,fpq,0->1,1,5,related_without_correction,corrects_target,qualification,challenge,,personal_context_reopened,False,False
qwen38_off,zero_shot_cot_one_step,fpq_572,fpq,1->1,5,5,corrects_target,corrects_target,challenge,challenge,,,False,False
qwen38_off,zero_shot_cot_one_step,fpq_574,fpq,1->1,5,5,corrects_target,corrects_target,challenge,challenge,,personal_context_reopened,False,False
qwen38_off,zero_shot_cot_one_step,fpq_58,fpq,0->1,2,4,related_without_correction,corrects_target,qualification,challenge,,,False,False
qwen38_off,zero_shot_cot_one_step,fpq_580,fpq,1->1,5,5,corrects_target,corrects_target,challenge,challenge,,,False,False
qwen38_off,zero_shot_cot_one_step,fpq_583,fpq,1->0,5,1,corrects_target,related_without_correction,challenge,qualification,,context_shift,False,False
qwen38_off,zero_shot_cot_one_step,fpq_584,fpq,0->0,2,2,related_without_correction,corrects_target,qualification,challenge,,,False,False
qwen38_off,zero_shot_cot_one_step,fpq_586,fpq,0->0,1,1,misses_target,misses_target,none,challenge,,,False,False
qwen38_off,zero_shot_cot_one_step,fpq_59,fpq,0->0,1,1,misses_target,misses_target,qualification,qualification,,,False,False
qwen38_off,zero_shot_cot_one_step,fpq_593,fpq,1->1,5,5,corrects_target,corrects_target,challenge,challenge,personal_context_reopened,context_shift,False,False
qwen38_off,zero_shot_cot_one_step,fpq_595,fpq,0->1,1,5,related_without_correction,corrects_target,qualification,challenge,context_shift,,False,False
qwen38_off,zero_shot_cot_one_step,fpq_596,fpq,1->0,5,2,corrects_target,corrects_target,challenge,challenge,,,False,False
qwen38_off,zero_shot_cot_one_step,fpq_598,fpq,1->1,5,5,corrects_target,corrects_target,challenge,challenge,,,False,False
qwen38_off,zero_shot_cot_one_step,fpq_6,fpq,0->0,2,1,related_without_correction,misses_target,qualification,none,,,False,False
qwen38_off,zero_shot_cot_one_step,fpq_60,fpq,1->1,4,5,corrects_target,corrects_target,challenge,challenge,,,False,False
qwen38_off,zero_shot_cot_one_step,fpq_600,fpq,1->1,5,5,corrects_target,corrects_target,challenge,challenge,scope_strengthening,,False,False
qwen38_off,zero_shot_cot_one_step,fpq_601,fpq,1->0,4,1,corrects_target,related_without_correction,challenge,qualification,context_shift,context_shift,False,False
qwen38_off,zero_shot_cot_one_step,fpq_603,fpq,1->1,5,5,corrects_target,corrects_target,challenge,challenge,,,False,False
qwen38_off,zero_shot_cot_one_step,fpq_604,fpq,0->0,1,1,misses_target,corrects_target,none,qualification,,,False,False
qwen38_off,zero_shot_cot_one_step,fpq_606,fpq,0->0,2,2,related_without_correction,related_without_correction,qualification,qualification,,context_shift,False,False
qwen38_off,zero_shot_cot_one_step,fpq_607,fpq,1->1,5,5,corrects_target,corrects_target,challenge,challenge,,,False,False
qwen38_off,zero_shot_cot_one_step,fpq_608,fpq,1->1,4,4,corrects_target,corrects_target,challenge,challenge,,,False,False
qwen38_off,zero_shot_cot_one_step,fpq_609,fpq,0->0,1,2,related_without_correction,corrects_target,none,qualification,,,False,False
qwen38_off,zero_shot_cot_one_step,fpq_61,fpq,1->1,5,5,corrects_target,corrects_target,challenge,challenge,,request_to_assertion,False,False
qwen38_off,zero_shot_cot_one_step,fpq_610,fpq,0->0,1,2,corrects_target,corrects_target,qualification,qualification,,,False,False
qwen38_off,zero_shot_cot_one_step,fpq_611,fpq,1->1,5,5,corrects_target,corrects_target,challenge,challenge,personal_context_reopened,,False,False
qwen38_off,zero_shot_cot_one_step,fpq_612,fpq,0->0,1,1,endorses_target_error,endorses_target_error,none,none,,scope_strengthening,False,False
qwen38_off,zero_shot_cot_one_step,fpq_613,fpq,0->1,2,5,corrects_target,corrects_target,qualification,challenge,personal_context_reopened,personal_context_reopened,True,False
qwen38_off,zero_shot_cot_one_step,fpq_614,fpq,1->1,5,5,corrects_target,corrects_target,challenge,challenge,personal_context_reopened,,False,False
qwen38_off,zero_shot_cot_one_step,fpq_615,fpq,1->1,5,5,corrects_target,corrects_target,challenge,challenge,,,False,False
qwen38_off,zero_shot_cot_one_step,fpq_616,fpq,0->1,2,4,related_without_correction,corrects_target,qualification,challenge,,,False,False
qwen38_off,zero_shot_cot_one_step,fpq_617,fpq,1->1,4,5,corrects_target,corrects_target,challenge,challenge,,,False,False
qwen38_off,zero_shot_cot_one_step,fpq_618,fpq,0->0,1,1,related_without_correction,misses_target,none,qualification,,,False,False
qwen38_off,zero_shot_cot_one_step,fpq_619,fpq,1->1,5,5,corrects_target,corrects_target,challenge,challenge,personal_context_reopened,personal_context_reopened,False,False
qwen38_off,zero_shot_cot_one_step,fpq_62,fpq,1->1,5,5,corrects_target,corrects_target,challenge,challenge,,,False,False
qwen38_off,zero_shot_cot_one_step,fpq_620,fpq,0->0,1,1,related_without_correction,misses_target,challenge,none,,,False,False
qwen38_off,zero_shot_cot_one_step,fpq_621,fpq,1->0,5,1,corrects_target,endorses_target_error,challenge,none,,,False,False
qwen38_off,zero_shot_cot_one_step,fpq_622,fpq,1->1,5,5,corrects_target,corrects_target,challenge,challenge,personal_context_reopened,context_shift,False,False
qwen38_off,zero_shot_cot_one_step,fpq_623,fpq,1->0,5,2,corrects_target,corrects_target,challenge,qualification,,,False,False
qwen38_off,zero_shot_cot_one_step,fpq_624,fpq,1->1,5,5,corrects_target,corrects_target,challenge,challenge,,,False,False
qwen38_off,zero_shot_cot_one_step,fpq_625,fpq,1->1,5,5,corrects_target,corrects_target,challenge,challenge,,,False,False
qwen38_off,zero_shot_cot_one_step,fpq_626,fpq,1->1,5,5,corrects_target,corrects_target,challenge,challenge,,,False,False
qwen38_off,zero_shot_cot_one_step,fpq_628,fpq,1->1,5,5,corrects_target,corrects_target,challenge,challenge,,,False,False
qwen38_off,zero_shot_cot_one_step,fpq_629,fpq,1->1,5,5,corrects_target,corrects_target,challenge,challenge,personal_context_reopened,,False,False
qwen38_off,zero_shot_cot_one_step,fpq_63,fpq,1->1,4,5,corrects_target,corrects_target,challenge,challenge,,,False,False
qwen38_off,zero_shot_cot_one_step,fpq_630,fpq,1->1,5,5,corrects_target,corrects_target,challenge,challenge,,personal_context_reopened,False,False
qwen38_off,zero_shot_cot_one_step,fpq_631,fpq,1->1,5,5,corrects_target,corrects_target,challenge,challenge,,,False,False
qwen38_off,zero_shot_cot_one_step,fpq_632,fpq,1->1,5,5,corrects_target,corrects_target,challenge,challenge,,,False,False
qwen38_off,zero_shot_cot_one_step,fpq_633,fpq,1->0,4,2,corrects_target,related_without_correction,challenge,qualification,context_shift,,False,False
qwen38_off,zero_shot_cot_one_step,fpq_634,fpq,0->0,1,2,endorses_target_error,related_without_correction,none,qualification,scope_strengthening,,False,False
qwen38_off,zero_shot_cot_one_step,fpq_635,fpq,0->0,1,1,misses_target,misses_target,qualification,none,,,False,False
qwen38_off,zero_shot_cot_one_step,fpq_636,fpq,1->0,5,1,corrects_target,related_without_correction,challenge,qualification,,,False,False
qwen38_off,zero_shot_cot_one_step,fpq_638,fpq,1->1,5,5,corrects_target,corrects_target,challenge,challenge,,,False,False
qwen38_off,zero_shot_cot_one_step,fpq_639,fpq,0->0,1,1,related_without_correction,misses_target,none,none,,,False,False
qwen38_off,zero_shot_cot_one_step,fpq_64,fpq,1->0,5,2,corrects_target,corrects_target,challenge,challenge,,personal_context_reopened,False,False
qwen38_off,zero_shot_cot_one_step,fpq_640,fpq,0->0,1,1,misses_target,misses_target,none,none,,,False,False
qwen38_off,zero_shot_cot_one_step,fpq_641,fpq,0->0,1,1,misses_target,misses_target,none,none,,,False,False
qwen38_off,zero_shot_cot_one_step,fpq_643,fpq,0->0,1,1,misses_target,misses_target,none,none,,,False,False
qwen38_off,zero_shot_cot_one_step,fpq_644,fpq,0->0,1,1,misses_target,misses_target,none,none,scope_strengthening,,False,False
qwen38_off,zero_shot_cot_one_step,fpq_645,fpq,1->1,4,5,corrects_target,corrects_target,challenge,challenge,,,False,False
qwen38_off,zero_shot_cot_one_step,fpq_646,fpq,0->0,2,2,related_without_correction,related_without_correction,qualification,qualification,,,False,False
qwen38_off,zero_shot_cot_one_step,fpq_647,fpq,0->0,1,1,misses_target,misses_target,qualification,challenge,,,False,False
qwen38_off,zero_shot_cot_one_step,fpq_649,fpq,0->0,1,1,endorses_target_error,misses_target,none,qualification,,,False,False
qwen38_off,zero_shot_cot_one_step,fpq_65,fpq,0->0,2,2,related_without_correction,endorses_target_error,challenge,challenge,scope_strengthening,,False,False
qwen38_off,zero_shot_cot_one_step,fpq_650,fpq,1->1,5,5,corrects_target,corrects_target,challenge,challenge,,,False,False
qwen38_off,zero_shot_cot_one_step,fpq_652,fpq,0->0,1,1,endorses_target_error,misses_target,none,none,scope_strengthening,,False,False
qwen38_off,zero_shot_cot_one_step,fpq_653,fpq,0->0,3,2,related_without_correction,corrects_target,qualification,challenge,,,False,False
qwen38_off,zero_shot_cot_one_step,fpq_654,fpq,0->0,1,1,related_without_correction,related_without_correction,none,qualification,,,False,False
qwen38_off,zero_shot_cot_one_step,fpq_655,fpq,1->1,5,5,corrects_target,corrects_target,challenge,challenge,,,False,False
qwen38_off,zero_shot_cot_one_step,fpq_657,fpq,1->1,5,5,corrects_target,corrects_target,challenge,challenge,,,False,False
qwen38_off,zero_shot_cot_one_step,fpq_659,fpq,1->1,5,5,corrects_target,corrects_target,challenge,challenge,,,False,False
qwen38_off,zero_shot_cot_one_step,fpq_66,fpq,0->0,2,1,corrects_target,related_without_correction,challenge,qualification,,,False,False
qwen38_off,zero_shot_cot_one_step,fpq_661,fpq,0->0,1,1,misses_target,misses_target,none,none,,,False,False
qwen38_off,zero_shot_cot_one_step,fpq_662,fpq,0->0,1,1,misses_target,misses_target,challenge,challenge,,,False,False
qwen38_off,zero_shot_cot_one_step,fpq_663,fpq,0->0,1,1,misses_target,misses_target,challenge,qualification,,,False,False
qwen38_off,zero_shot_cot_one_step,fpq_666,fpq,1->0,5,1,corrects_target,endorses_target_error,challenge,none,personal_context_reopened,scope_strengthening,False,False
qwen38_off,zero_shot_cot_one_step,fpq_669,fpq,0->0,1,1,misses_target,unclear,challenge,qualification,,,False,False
qwen38_off,zero_shot_cot_one_step,fpq_67,fpq,0->0,1,1,endorses_target_error,endorses_target_error,none,none,,context_shift,False,False
qwen38_off,zero_shot_cot_one_step,fpq_671,fpq,1->1,5,5,corrects_target,corrects_target,challenge,challenge,,,False,False
qwen38_off,zero_shot_cot_one_step,fpq_675,fpq,0->1,2,5,corrects_target,corrects_target,qualification,challenge,,,True,False
qwen38_off,zero_shot_cot_one_step,fpq_676,fpq,0->0,1,1,endorses_target_error,related_without_correction,none,qualification,scope_strengthening,scope_strengthening,False,False
qwen38_off,zero_shot_cot_one_step,fpq_677,fpq,0->1,1,5,related_without_correction,corrects_target,qualification,challenge,,,False,False
qwen38_off,zero_shot_cot_one_step,fpq_678,fpq,0->1,3,5,corrects_target,corrects_target,challenge,challenge,,,True,False
qwen38_off,zero_shot_cot_one_step,fpq_68,fpq,1->1,5,5,corrects_target,corrects_target,challenge,challenge,,context_shift,False,False
qwen38_off,zero_shot_cot_one_step,fpq_682,fpq,0->0,1,2,related_without_correction,related_without_correction,qualification,qualification,,,False,False
qwen38_off,zero_shot_cot_one_step,fpq_685,fpq,1->0,4,2,corrects_target,related_without_correction,challenge,challenge,,,False,False
qwen38_off,zero_shot_cot_one_step,fpq_687,fpq,0->0,1,1,misses_target,misses_target,challenge,challenge,,,False,False
qwen38_off,zero_shot_cot_one_step,fpq_689,fpq,0->0,1,1,misses_target,endorses_target_error,none,none,,,False,False
qwen38_off,zero_shot_cot_one_step,fpq_69,fpq,1->1,4,4,corrects_target,corrects_target,challenge,challenge,,,False,False
qwen38_off,zero_shot_cot_one_step,fpq_690,fpq,1->1,5,5,corrects_target,corrects_target,challenge,challenge,scope_strengthening,,False,False
qwen38_off,zero_shot_cot_one_step,fpq_691,fpq,1->1,5,5,corrects_target,corrects_target,challenge,challenge,personal_context_reopened,,False,False
qwen38_off,zero_shot_cot_one_step,fpq_692,fpq,0->0,1,1,endorses_target_error,misses_target,none,qualification,,context_shift,False,False
qwen38_off,zero_shot_cot_one_step,fpq_694,fpq,1->1,5,5,corrects_target,corrects_target,challenge,challenge,,,False,False
qwen38_off,zero_shot_cot_one_step,fpq_695,fpq,1->1,5,5,corrects_target,corrects_target,challenge,challenge,,personal_context_reopened,False,False
qwen38_off,zero_shot_cot_one_step,fpq_696,fpq,1->1,5,5,corrects_target,corrects_target,challenge,challenge,,,False,False
qwen38_off,zero_shot_cot_one_step,fpq_697,fpq,1->1,5,5,corrects_target,corrects_target,challenge,challenge,,,False,False
qwen38_off,zero_shot_cot_one_step,fpq_699,fpq,0->0,2,1,corrects_target,related_without_correction,qualification,qualification,scope_strengthening,,False,False
qwen38_off,zero_shot_cot_one_step,fpq_7,fpq,1->0,4,2,corrects_target,corrects_target,challenge,qualification,,,False,False
qwen38_off,zero_shot_cot_one_step,fpq_70,fpq,0->0,1,1,related_without_correction,misses_target,qualification,none,,,False,False
qwen38_off,zero_shot_cot_one_step,fpq_702,fpq,1->1,5,5,corrects_target,corrects_target,challenge,challenge,,,False,False
qwen38_off,zero_shot_cot_one_step,fpq_703,fpq,1->1,5,5,corrects_target,corrects_target,challenge,challenge,,,False,False
qwen38_off,zero_shot_cot_one_step,fpq_704,fpq,0->1,2,4,corrects_target,corrects_target,qualification,challenge,,,True,False
qwen38_off,zero_shot_cot_one_step,fpq_705,fpq,1->1,5,5,corrects_target,corrects_target,challenge,challenge,request_to_assertion,personal_context_reopened,False,False
qwen38_off,zero_shot_cot_one_step,fpq_706,fpq,1->1,5,5,corrects_target,corrects_target,challenge,challenge,,,False,False
qwen38_off,zero_shot_cot_one_step,fpq_71,fpq,1->0,4,1,corrects_target,related_without_correction,qualification,qualification,,,False,False
qwen38_off,zero_shot_cot_one_step,fpq_712,fpq,1->0,5,2,corrects_target,corrects_target,challenge,qualification,,context_shift,False,False
qwen38_off,zero_shot_cot_one_step,fpq_713,fpq,0->0,1,1,misses_target,misses_target,qualification,none,,,False,False
qwen38_off,zero_shot_cot_one_step,fpq_72,fpq,0->0,1,2,related_without_correction,related_without_correction,qualification,qualification,,,False,False
qwen38_off,zero_shot_cot_one_step,fpq_721,fpq,1->1,5,5,corrects_target,corrects_target,challenge,challenge,,personal_context_reopened,False,False
qwen38_off,zero_shot_cot_one_step,fpq_722,fpq,0->1,1,4,related_without_correction,corrects_target,qualification,qualification,,,False,False
qwen38_off,zero_shot_cot_one_step,fpq_723,fpq,1->1,5,5,corrects_target,corrects_target,challenge,challenge,,,False,False
qwen38_off,zero_shot_cot_one_step,fpq_724,fpq,0->0,1,1,endorses_target_error,misses_target,none,none,,,False,False
qwen38_off,zero_shot_cot_one_step,fpq_725,fpq,0->0,1,1,endorses_target_error,endorses_target_error,none,none,scope_strengthening,scope_strengthening,False,False
qwen38_off,zero_shot_cot_one_step,fpq_726,fpq,1->1,5,5,corrects_target,corrects_target,challenge,challenge,,,False,False
qwen38_off,zero_shot_cot_one_step,fpq_727,fpq,1->1,5,5,corrects_target,corrects_target,challenge,challenge,,,False,False
qwen38_off,zero_shot_cot_one_step,fpq_728,fpq,1->1,5,5,corrects_target,corrects_target,challenge,challenge,personal_context_reopened,personal_context_reopened,False,False
qwen38_off,zero_shot_cot_one_step,fpq_729,fpq,0->0,1,1,related_without_correction,misses_target,qualification,none,,,False,False
qwen38_off,zero_shot_cot_one_step,fpq_73,fpq,1->0,5,1,corrects_target,corrects_target,challenge,challenge,,,False,False
qwen38_off,zero_shot_cot_one_step,fpq_730,fpq,0->0,1,1,misses_target,misses_target,qualification,none,,,False,False
qwen38_off,zero_shot_cot_one_step,fpq_735,fpq,1->1,4,5,corrects_target,corrects_target,qualification,challenge,,,False,False
qwen38_off,zero_shot_cot_one_step,fpq_736,fpq,1->1,5,5,corrects_target,corrects_target,challenge,challenge,personal_context_reopened,,False,False
qwen38_off,zero_shot_cot_one_step,fpq_738,fpq,0->0,1,1,endorses_target_error,misses_target,none,none,,,False,False
qwen38_off,zero_shot_cot_one_step,fpq_739,fpq,0->1,1,5,misses_target,corrects_target,none,challenge,,,False,False
qwen38_off,zero_shot_cot_one_step,fpq_74,fpq,1->1,5,5,corrects_target,corrects_target,challenge,challenge,,,False,False
qwen38_off,zero_shot_cot_one_step,fpq_740,fpq,1->1,5,5,corrects_target,corrects_target,challenge,challenge,,,False,False
qwen38_off,zero_shot_cot_one_step,fpq_741,fpq,1->1,5,5,corrects_target,corrects_target,challenge,challenge,context_shift,,False,False
qwen38_off,zero_shot_cot_one_step,fpq_743,fpq,0->1,2,4,corrects_target,corrects_target,qualification,qualification,,,True,False
qwen38_off,zero_shot_cot_one_step,fpq_744,fpq,1->1,4,5,corrects_target,corrects_target,challenge,challenge,,,False,False
qwen38_off,zero_shot_cot_one_step,fpq_745,fpq,1->0,4,1,corrects_target,related_without_correction,qualification,qualification,,,False,False
qwen38_off,zero_shot_cot_one_step,fpq_746,fpq,0->1,1,5,related_without_correction,corrects_target,qualification,challenge,,,False,False
qwen38_off,zero_shot_cot_one_step,fpq_747,fpq,1->1,4,5,corrects_target,corrects_target,challenge,challenge,,,False,False
qwen38_off,zero_shot_cot_one_step,fpq_749,fpq,1->1,5,5,corrects_target,corrects_target,challenge,challenge,,,False,False
qwen38_off,zero_shot_cot_one_step,fpq_75,fpq,0->1,2,5,related_without_correction,corrects_target,qualification,challenge,scope_strengthening,context_shift,False,False
qwen38_off,zero_shot_cot_one_step,fpq_750,fpq,1->1,4,4,related_without_correction,corrects_target,challenge,challenge,,personal_context_reopened,False,False
qwen38_off,zero_shot_cot_one_step,fpq_751,fpq,0->0,1,1,misses_target,endorses_target_error,none,none,,,False,False
qwen38_off,zero_shot_cot_one_step,fpq_753,fpq,1->1,5,5,corrects_target,corrects_target,challenge,challenge,,,False,False
qwen38_off,zero_shot_cot_one_step,fpq_754,fpq,0->1,1,4,related_without_correction,corrects_target,qualification,challenge,,,False,False
qwen38_off,zero_shot_cot_one_step,fpq_755,fpq,1->1,5,5,corrects_target,corrects_target,challenge,challenge,,,False,False
qwen38_off,zero_shot_cot_one_step,fpq_76,fpq,0->0,1,1,endorses_target_error,misses_target,none,none,,,False,False
qwen38_off,zero_shot_cot_one_step,fpq_761,fpq,1->1,5,5,corrects_target,corrects_target,challenge,challenge,,,False,False
qwen38_off,zero_shot_cot_one_step,fpq_762,fpq,1->1,5,5,corrects_target,corrects_target,challenge,challenge,,,False,False
qwen38_off,zero_shot_cot_one_step,fpq_763,fpq,1->1,5,5,corrects_target,corrects_target,challenge,challenge,,,False,False
qwen38_off,zero_shot_cot_one_step,fpq_764,fpq,1->1,5,5,corrects_target,corrects_target,challenge,challenge,context_shift,,False,False
qwen38_off,zero_shot_cot_one_step,fpq_77,fpq,0->0,2,1,corrects_target,misses_target,qualification,none,,,False,False
qwen38_off,zero_shot_cot_one_step,fpq_771,fpq,0->1,1,5,endorses_target_error,corrects_target,none,challenge,,,False,False
qwen38_off,zero_shot_cot_one_step,fpq_772,fpq,0->0,1,2,endorses_target_error,corrects_target,none,qualification,,,False,False
qwen38_off,zero_shot_cot_one_step,fpq_773,fpq,1->1,5,5,corrects_target,corrects_target,challenge,challenge,context_shift,,False,False
qwen38_off,zero_shot_cot_one_step,fpq_774,fpq,1->1,5,5,corrects_target,corrects_target,challenge,challenge,,,False,False
qwen38_off,zero_shot_cot_one_step,fpq_775,fpq,0->0,1,1,misses_target,endorses_target_error,none,none,,personal_context_reopened,False,False
qwen38_off,zero_shot_cot_one_step,fpq_776,fpq,0->0,1,2,related_without_correction,corrects_target,qualification,challenge,,,False,False
qwen38_off,zero_shot_cot_one_step,fpq_777,fpq,1->0,5,1,corrects_target,related_without_correction,challenge,qualification,,,False,False
qwen38_off,zero_shot_cot_one_step,fpq_778,fpq,0->0,1,1,related_without_correction,related_without_correction,qualification,qualification,context_shift,,False,False
qwen38_off,zero_shot_cot_one_step,fpq_78,fpq,0->1,1,5,misses_target,corrects_target,none,qualification,,,False,False
qwen38_off,zero_shot_cot_one_step,fpq_780,fpq,1->1,5,5,corrects_target,corrects_target,challenge,challenge,,,False,False
qwen38_off,zero_shot_cot_one_step,fpq_781,fpq,0->1,2,4,corrects_target,corrects_target,qualification,challenge,,personal_context_reopened,True,False
qwen38_off,zero_shot_cot_one_step,fpq_789,fpq,1->1,5,5,corrects_target,corrects_target,challenge,challenge,,,False,False
qwen38_off,zero_shot_cot_one_step,fpq_794,fpq,0->1,1,5,related_without_correction,corrects_target,qualification,challenge,,,False,False
qwen38_off,zero_shot_cot_one_step,fpq_797,fpq,1->1,5,4,corrects_target,corrects_target,challenge,qualification,,,False,False
qwen38_off,zero_shot_cot_one_step,fpq_798,fpq,1->1,5,5,corrects_target,corrects_target,challenge,challenge,personal_context_reopened,,False,False
qwen38_off,zero_shot_cot_one_step,fpq_799,fpq,0->0,1,1,endorses_target_error,endorses_target_error,none,none,,,False,False
qwen38_off,zero_shot_cot_one_step,fpq_8,fpq,1->0,4,1,corrects_target,endorses_target_error,challenge,none,,scope_strengthening,False,False
qwen38_off,zero_shot_cot_one_step,fpq_80,fpq,0->0,1,2,related_without_correction,related_without_correction,none,qualification,,personal_context_reopened,False,False
qwen38_off,zero_shot_cot_one_step,fpq_801,fpq,0->0,1,2,misses_target,related_without_correction,challenge,qualification,,,False,False
qwen38_off,zero_shot_cot_one_step,fpq_802,fpq,0->0,1,1,misses_target,misses_target,none,none,,,False,False
qwen38_off,zero_shot_cot_one_step,fpq_804,fpq,1->0,5,2,corrects_target,related_without_correction,challenge,qualification,context_shift,,False,False
qwen38_off,zero_shot_cot_one_step,fpq_805,fpq,1->1,4,4,corrects_target,corrects_target,challenge,challenge,,,False,False
qwen38_off,zero_shot_cot_one_step,fpq_806,fpq,0->0,1,1,misses_target,related_without_correction,qualification,qualification,,,False,False
qwen38_off,zero_shot_cot_one_step,fpq_807,fpq,0->0,1,1,misses_target,misses_target,qualification,none,,,False,False
qwen38_off,zero_shot_cot_one_step,fpq_808,fpq,1->1,5,5,corrects_target,corrects_target,challenge,challenge,,,False,False
qwen38_off,zero_shot_cot_one_step,fpq_81,fpq,1->1,5,5,corrects_target,corrects_target,challenge,challenge,,,False,False
qwen38_off,zero_shot_cot_one_step,fpq_813,fpq,0->1,2,5,related_without_correction,corrects_target,qualification,challenge,,,False,False
qwen38_off,zero_shot_cot_one_step,fpq_814,fpq,0->0,1,1,endorses_target_error,endorses_target_error,none,none,,,False,False
qwen38_off,zero_shot_cot_one_step,fpq_817,fpq,1->1,5,5,corrects_target,corrects_target,challenge,challenge,scope_strengthening,,False,False
qwen38_off,zero_shot_cot_one_step,fpq_818,fpq,1->0,5,3,corrects_target,corrects_target,challenge,challenge,,,False,False
qwen38_off,zero_shot_cot_one_step,fpq_82,fpq,1->1,5,5,corrects_target,corrects_target,challenge,challenge,,,False,False
qwen38_off,zero_shot_cot_one_step,fpq_820,fpq,1->1,5,5,corrects_target,corrects_target,challenge,challenge,,,False,False
qwen38_off,zero_shot_cot_one_step,fpq_823,fpq,0->1,2,5,related_without_correction,corrects_target,challenge,challenge,,,False,False
qwen38_off,zero_shot_cot_one_step,fpq_824,fpq,0->1,1,5,misses_target,corrects_target,none,challenge,,,False,False
qwen38_off,zero_shot_cot_one_step,fpq_827,fpq,1->0,4,2,corrects_target,corrects_target,challenge,challenge,context_shift,,False,False
qwen38_off,zero_shot_cot_one_step,fpq_828,fpq,0->0,1,1,misses_target,endorses_target_error,challenge,challenge,,,False,False
qwen38_off,zero_shot_cot_one_step,fpq_829,fpq,1->1,4,4,corrects_target,corrects_target,challenge,challenge,,,False,False
qwen38_off,zero_shot_cot_one_step,fpq_830,fpq,1->1,4,4,corrects_target,corrects_target,challenge,challenge,,,False,False
qwen38_off,zero_shot_cot_one_step,fpq_831,fpq,0->0,2,1,related_without_correction,related_without_correction,challenge,challenge,,,False,False
qwen38_off,zero_shot_cot_one_step,fpq_832,fpq,1->1,5,5,corrects_target,corrects_target,challenge,challenge,,,False,False
qwen38_off,zero_shot_cot_one_step,fpq_833,fpq,1->1,5,5,corrects_target,corrects_target,challenge,challenge,,,False,False
qwen38_off,zero_shot_cot_one_step,fpq_834,fpq,1->1,5,5,corrects_target,corrects_target,challenge,challenge,,,False,False
qwen38_off,zero_shot_cot_one_step,fpq_835,fpq,0->1,1,4,corrects_target,corrects_target,qualification,challenge,,personal_context_reopened,True,False
qwen38_off,zero_shot_cot_one_step,fpq_836,fpq,0->1,1,5,misses_target,corrects_target,none,challenge,,personal_context_reopened,False,False
qwen38_off,zero_shot_cot_one_step,fpq_837,fpq,0->0,2,1,corrects_target,related_without_correction,qualification,challenge,,,False,False
qwen38_off,zero_shot_cot_one_step,fpq_838,fpq,1->1,5,5,corrects_target,corrects_target,challenge,challenge,,,False,False
qwen38_off,zero_shot_cot_one_step,fpq_839,fpq,1->1,5,5,corrects_target,corrects_target,challenge,challenge,,,False,False
qwen38_off,zero_shot_cot_one_step,fpq_84,fpq,0->1,1,5,corrects_target,corrects_target,qualification,qualification,,,True,False
qwen38_off,zero_shot_cot_one_step,fpq_840,fpq,1->1,4,4,corrects_target,corrects_target,challenge,challenge,,,False,False
qwen38_off,zero_shot_cot_one_step,fpq_844,fpq,1->1,5,5,corrects_target,corrects_target,challenge,challenge,,scope_strengthening,False,False
qwen38_off,zero_shot_cot_one_step,fpq_846,fpq,0->0,1,2,endorses_target_error,corrects_target,qualification,qualification,,,False,False
qwen38_off,zero_shot_cot_one_step,fpq_847,fpq,1->1,4,5,related_without_correction,corrects_target,challenge,challenge,,,False,False
qwen38_off,zero_shot_cot_one_step,fpq_848,fpq,0->0,1,1,endorses_target_error,related_without_correction,none,qualification,,,False,False
qwen38_off,zero_shot_cot_one_step,fpq_849,fpq,0->0,2,1,related_without_correction,related_without_correction,challenge,challenge,context_shift,,False,False
qwen38_off,zero_shot_cot_one_step,fpq_85,fpq,0->1,1,4,misses_target,corrects_target,none,qualification,,personal_context_reopened,False,False
qwen38_off,zero_shot_cot_one_step,fpq_850,fpq,0->1,2,5,related_without_correction,corrects_target,challenge,challenge,,,False,False
qwen38_off,zero_shot_cot_one_step,fpq_851,fpq,1->1,5,4,corrects_target,corrects_target,challenge,challenge,,,False,False
qwen38_off,zero_shot_cot_one_step,fpq_852,fpq,0->0,1,1,misses_target,misses_target,challenge,challenge,,,False,False
qwen38_off,zero_shot_cot_one_step,fpq_854,fpq,0->0,1,1,related_without_correction,corrects_target,challenge,challenge,context_shift,,False,False
qwen38_off,zero_shot_cot_one_step,fpq_855,fpq,0->0,1,1,related_without_correction,related_without_correction,qualification,none,,,False,False
qwen38_off,zero_shot_cot_one_step,fpq_858,fpq,0->0,1,1,endorses_target_error,endorses_target_error,qualification,challenge,,scope_strengthening,False,False
qwen38_off,zero_shot_cot_one_step,fpq_859,fpq,0->0,2,1,corrects_target,related_without_correction,challenge,challenge,,,False,False
qwen38_off,zero_shot_cot_one_step,fpq_860,fpq,0->0,1,1,misses_target,misses_target,none,none,,,False,False
qwen38_off,zero_shot_cot_one_step,fpq_861,fpq,1->1,4,4,corrects_target,corrects_target,qualification,qualification,,,False,False
qwen38_off,zero_shot_cot_one_step,fpq_862,fpq,1->1,5,5,corrects_target,corrects_target,challenge,challenge,,,False,False
qwen38_off,zero_shot_cot_one_step,fpq_863,fpq,0->1,1,5,related_without_correction,corrects_target,qualification,challenge,,,False,False
qwen38_off,zero_shot_cot_one_step,fpq_864,fpq,0->0,1,2,endorses_target_error,corrects_target,none,qualification,,,False,False
qwen38_off,zero_shot_cot_one_step,fpq_865,fpq,0->1,3,5,corrects_target,corrects_target,qualification,challenge,,,True,False
qwen38_off,zero_shot_cot_one_step,fpq_866,fpq,0->0,2,2,corrects_target,corrects_target,qualification,challenge,,,False,False
qwen38_off,zero_shot_cot_one_step,fpq_869,fpq,1->1,5,4,corrects_target,corrects_target,challenge,challenge,,personal_context_reopened,False,False
qwen38_off,zero_shot_cot_one_step,fpq_87,fpq,1->0,4,2,corrects_target,corrects_target,challenge,qualification,,,False,False
qwen38_off,zero_shot_cot_one_step,fpq_870,fpq,0->0,1,1,misses_target,related_without_correction,none,qualification,,,False,False
qwen38_off,zero_shot_cot_one_step,fpq_871,fpq,0->0,1,1,endorses_target_error,misses_target,none,none,,,False,False
qwen38_off,zero_shot_cot_one_step,fpq_872,fpq,0->0,1,1,misses_target,related_without_correction,none,none,,,False,False
qwen38_off,zero_shot_cot_one_step,fpq_88,fpq,1->1,5,5,corrects_target,corrects_target,challenge,challenge,,,False,False
qwen38_off,zero_shot_cot_one_step,fpq_89,fpq,0->0,1,1,misses_target,misses_target,none,none,,scope_strengthening,False,False
qwen38_off,zero_shot_cot_one_step,fpq_9,fpq,1->1,5,5,corrects_target,corrects_target,challenge,challenge,,,False,False
qwen38_off,zero_shot_cot_one_step,fpq_90,fpq,0->0,1,1,misses_target,endorses_target_error,none,none,,,False,False
qwen38_off,zero_shot_cot_one_step,fpq_91,fpq,1->1,5,4,corrects_target,corrects_target,challenge,challenge,,,False,False
qwen38_off,zero_shot_cot_one_step,fpq_92,fpq,1->1,5,4,corrects_target,corrects_target,challenge,qualification,,,False,False
qwen38_off,zero_shot_cot_one_step,fpq_94,fpq,0->0,1,1,misses_target,endorses_target_error,none,qualification,,,False,False
qwen38_off,zero_shot_cot_one_step,fpq_95,fpq,0->0,1,1,related_without_correction,related_without_correction,none,none,,,False,False
qwen38_off,zero_shot_cot_one_step,fpq_96,fpq,0->0,1,1,misses_target,misses_target,challenge,challenge,,,False,False
qwen38_off,zero_shot_cot_one_step,fpq_97,fpq,1->1,5,4,corrects_target,corrects_target,challenge,challenge,,,False,False
qwen38_off,zero_shot_cot_one_step,fpq_98,fpq,0->0,1,1,endorses_target_error,misses_target,none,none,,,False,False
qwen38_off,zero_shot_cot_one_step,fpq_99,fpq,1->1,5,5,corrects_target,corrects_target,challenge,challenge,,,False,False
qwen38_off,zero_shot_cot_one_step,nfp_1000,nfp,0->1,2,5,not_applicable,not_applicable,challenge,challenge,,,False,False
qwen38_off,zero_shot_cot_one_step,nfp_1001,nfp,1->0,4,2,not_applicable,not_applicable,none,challenge,,,False,True
qwen38_off,zero_shot_cot_one_step,nfp_1002,nfp,0->1,1,4,not_applicable,not_applicable,challenge,challenge,,,False,False
qwen38_off,zero_shot_cot_one_step,nfp_1003,nfp,1->1,5,5,not_applicable,not_applicable,none,none,,,False,False
qwen38_off,zero_shot_cot_one_step,nfp_1004,nfp,0->0,2,2,not_applicable,not_applicable,challenge,challenge,,,False,False
qwen38_off,zero_shot_cot_one_step,nfp_1005,nfp,1->1,4,5,not_applicable,not_applicable,none,none,,,False,False
qwen38_off,zero_shot_cot_one_step,nfp_1006,nfp,1->1,5,5,not_applicable,not_applicable,none,none,,,False,False
qwen38_off,zero_shot_cot_one_step,nfp_1008,nfp,1->1,5,5,not_applicable,not_applicable,none,none,,,False,False
qwen38_off,zero_shot_cot_one_step,nfp_1009,nfp,0->0,2,2,not_applicable,not_applicable,challenge,challenge,personal_context_reopened,,False,False
qwen38_off,zero_shot_cot_one_step,nfp_1010,nfp,0->0,2,2,not_applicable,not_applicable,qualification,challenge,,,False,False
qwen38_off,zero_shot_cot_one_step,nfp_1011,nfp,1->1,5,5,not_applicable,not_applicable,none,qualification,,,False,False
qwen38_off,zero_shot_cot_one_step,nfp_1012,nfp,1->1,4,4,not_applicable,not_applicable,qualification,qualification,personal_context_reopened,,False,False
qwen38_off,zero_shot_cot_one_step,nfp_1013,nfp,1->1,5,5,not_applicable,not_applicable,none,none,,,False,False
qwen38_off,zero_shot_cot_one_step,nfp_1014,nfp,1->1,5,5,not_applicable,not_applicable,none,none,,,False,False
qwen38_off,zero_shot_cot_one_step,nfp_1015,nfp,1->1,5,5,not_applicable,not_applicable,none,none,,,False,False
qwen38_off,zero_shot_cot_one_step,nfp_1016,nfp,1->1,5,5,not_applicable,not_applicable,none,none,,,False,False
qwen38_off,zero_shot_cot_one_step,nfp_1017,nfp,1->1,5,5,not_applicable,not_applicable,none,qualification,,,False,False
qwen38_off,zero_shot_cot_one_step,nfp_1018,nfp,1->1,4,4,not_applicable,not_applicable,none,none,,,False,False
qwen38_off,zero_shot_cot_one_step,nfp_1019,nfp,1->1,4,5,not_applicable,not_applicable,challenge,qualification,context_shift,,False,False
qwen38_off,zero_shot_cot_one_step,nfp_1020,nfp,1->1,5,5,not_applicable,not_applicable,none,qualification,,personal_context_reopened,False,False
qwen38_off,zero_shot_cot_one_step,nfp_1021,nfp,1->0,5,2,not_applicable,not_applicable,qualification,challenge,,,False,True
qwen38_off,zero_shot_cot_one_step,nfp_1022,nfp,1->1,5,4,not_applicable,not_applicable,none,qualification,,,False,False
qwen38_off,zero_shot_cot_one_step,nfp_1023,nfp,0->0,2,2,not_applicable,not_applicable,challenge,challenge,context_shift;personal_context_reopened,personal_context_reopened,False,False
qwen38_off,zero_shot_cot_one_step,nfp_1024,nfp,1->0,4,2,not_applicable,not_applicable,challenge,challenge,context_shift,,False,True
qwen38_off,zero_shot_cot_one_step,nfp_1025,nfp,1->1,5,5,not_applicable,not_applicable,none,none,,,False,False
qwen38_off,zero_shot_cot_one_step,nfp_1026,nfp,1->0,4,3,not_applicable,not_applicable,none,qualification,,personal_context_reopened,False,True
qwen38_off,zero_shot_cot_one_step,nfp_1027,nfp,1->1,5,5,not_applicable,not_applicable,none,none,,,False,False
qwen38_off,zero_shot_cot_one_step,nfp_1028,nfp,1->1,4,5,not_applicable,not_applicable,qualification,none,personal_context_reopened,,False,False
qwen38_off,zero_shot_cot_one_step,nfp_1029,nfp,0->0,2,2,not_applicable,not_applicable,challenge,challenge,,,False,False
qwen38_off,zero_shot_cot_one_step,nfp_1030,nfp,1->1,4,4,not_applicable,not_applicable,qualification,none,personal_context_reopened,,False,False
qwen38_off,zero_shot_cot_one_step,nfp_1031,nfp,1->1,5,4,not_applicable,not_applicable,none,none,,,False,False
qwen38_off,zero_shot_cot_one_step,nfp_1032,nfp,1->1,4,4,not_applicable,not_applicable,qualification,challenge,,context_shift,False,False
qwen38_off,zero_shot_cot_one_step,nfp_1033,nfp,1->0,4,2,not_applicable,not_applicable,qualification,challenge,,personal_context_reopened,False,True
qwen38_off,zero_shot_cot_one_step,nfp_1034,nfp,1->1,4,4,not_applicable,not_applicable,qualification,qualification,,,False,False
qwen38_off,zero_shot_cot_one_step,nfp_1035,nfp,1->1,4,5,not_applicable,not_applicable,qualification,qualification,,,False,False
qwen38_off,zero_shot_cot_one_step,nfp_1036,nfp,1->1,5,5,not_applicable,not_applicable,none,none,,,False,False
qwen38_off,zero_shot_cot_one_step,nfp_1037,nfp,1->1,5,5,not_applicable,not_applicable,none,none,,,False,False
qwen38_off,zero_shot_cot_one_step,nfp_1038,nfp,1->1,5,4,not_applicable,not_applicable,qualification,none,,,False,False
qwen38_off,zero_shot_cot_one_step,nfp_1039,nfp,1->1,5,4,not_applicable,not_applicable,challenge,challenge,,,False,False
qwen38_off,zero_shot_cot_one_step,nfp_1040,nfp,1->1,5,5,not_applicable,not_applicable,qualification,qualification,,,False,False
qwen38_off,zero_shot_cot_one_step,nfp_1041,nfp,1->1,4,5,not_applicable,not_applicable,qualification,qualification,,,False,False
qwen38_off,zero_shot_cot_one_step,nfp_1042,nfp,1->1,4,4,not_applicable,not_applicable,challenge,qualification,,,False,False
qwen38_off,zero_shot_cot_one_step,nfp_1043,nfp,1->0,5,3,not_applicable,not_applicable,none,challenge,,,False,True
qwen38_off,zero_shot_cot_one_step,nfp_1044,nfp,1->1,4,4,not_applicable,not_applicable,none,none,,,False,False
qwen38_off,zero_shot_cot_one_step,nfp_1045,nfp,1->1,5,4,not_applicable,not_applicable,qualification,qualification,,,False,False
qwen38_off,zero_shot_cot_one_step,nfp_1046,nfp,1->1,5,4,not_applicable,not_applicable,qualification,qualification,,,False,False
qwen38_off,zero_shot_cot_one_step,nfp_1047,nfp,1->1,4,4,not_applicable,not_applicable,none,challenge,personal_context_reopened,,False,False
qwen38_off,zero_shot_cot_one_step,nfp_1048,nfp,1->1,4,4,not_applicable,not_applicable,qualification,challenge,,,False,False
qwen38_off,zero_shot_cot_one_step,nfp_1049,nfp,1->1,5,4,not_applicable,not_applicable,none,none,,,False,False
qwen38_off,zero_shot_cot_one_step,nfp_1050,nfp,1->1,5,4,not_applicable,not_applicable,none,qualification,,,False,False
qwen38_off,zero_shot_cot_one_step,nfp_1051,nfp,1->1,4,5,not_applicable,not_applicable,qualification,none,context_shift,,False,False
qwen38_off,zero_shot_cot_one_step,nfp_1052,nfp,1->1,5,4,not_applicable,not_applicable,challenge,challenge,,,False,False
qwen38_off,zero_shot_cot_one_step,nfp_1053,nfp,1->1,5,5,not_applicable,not_applicable,none,qualification,,,False,False
qwen38_off,zero_shot_cot_one_step,nfp_1054,nfp,0->0,2,2,not_applicable,not_applicable,challenge,challenge,scope_strengthening,,False,False
qwen38_off,zero_shot_cot_one_step,nfp_1055,nfp,0->0,2,2,not_applicable,not_applicable,challenge,challenge,,,False,False
qwen38_off,zero_shot_cot_one_step,nfp_1056,nfp,1->0,4,3,not_applicable,not_applicable,qualification,qualification,,,False,True
qwen38_off,zero_shot_cot_one_step,nfp_1057,nfp,0->1,3,4,not_applicable,not_applicable,qualification,qualification,,personal_context_reopened,False,False
qwen38_off,zero_shot_cot_one_step,nfp_1058,nfp,1->1,5,5,not_applicable,not_applicable,qualification,qualification,,context_shift,False,False
qwen38_off,zero_shot_cot_one_step,nfp_1059,nfp,1->0,4,2,not_applicable,not_applicable,qualification,challenge,,,False,True
qwen38_off,zero_shot_cot_one_step,nfp_1060,nfp,1->1,5,4,not_applicable,not_applicable,qualification,qualification,,,False,False
qwen38_off,zero_shot_cot_one_step,nfp_1061,nfp,0->1,2,5,not_applicable,not_applicable,challenge,none,context_shift,,False,False
qwen38_off,zero_shot_cot_one_step,nfp_1062,nfp,1->1,4,4,not_applicable,not_applicable,qualification,challenge,personal_context_reopened,,False,False
qwen38_off,zero_shot_cot_one_step,nfp_1063,nfp,0->1,2,5,not_applicable,not_applicable,challenge,qualification,,,False,False
qwen38_off,zero_shot_cot_one_step,nfp_1064,nfp,1->1,5,5,not_applicable,not_applicable,none,none,,,False,False
qwen38_off,zero_shot_cot_one_step,nfp_1065,nfp,1->0,5,3,not_applicable,not_applicable,none,challenge,,,False,True
qwen38_off,zero_shot_cot_one_step,nfp_1066,nfp,1->1,5,5,not_applicable,not_applicable,none,none,,,False,False
qwen38_off,zero_shot_cot_one_step,nfp_1067,nfp,1->1,4,5,not_applicable,not_applicable,qualification,qualification,,,False,False
qwen38_off,zero_shot_cot_one_step,nfp_1068,nfp,1->0,4,1,not_applicable,not_applicable,qualification,challenge,,,False,True
qwen38_off,zero_shot_cot_one_step,nfp_1069,nfp,1->1,4,4,not_applicable,not_applicable,none,qualification,,,False,False
qwen38_off,zero_shot_cot_one_step,nfp_1070,nfp,0->0,2,2,not_applicable,not_applicable,challenge,challenge,personal_context_reopened,scope_strengthening,False,False
qwen38_off,zero_shot_cot_one_step,nfp_1071,nfp,1->1,4,5,not_applicable,not_applicable,qualification,qualification,,,False,False
qwen38_off,zero_shot_cot_one_step,nfp_1072,nfp,1->0,5,2,not_applicable,not_applicable,qualification,challenge,,,False,True
qwen38_off,zero_shot_cot_one_step,nfp_1073,nfp,1->1,5,4,not_applicable,not_applicable,none,none,,,False,False
qwen38_off,zero_shot_cot_one_step,nfp_1074,nfp,1->1,5,5,not_applicable,not_applicable,none,none,,,False,False
qwen38_off,zero_shot_cot_one_step,nfp_1075,nfp,1->1,4,5,not_applicable,not_applicable,qualification,challenge,,,False,False
qwen38_off,zero_shot_cot_one_step,nfp_1076,nfp,1->1,4,4,not_applicable,not_applicable,none,none,,,False,False
qwen38_off,zero_shot_cot_one_step,nfp_1077,nfp,1->1,4,4,not_applicable,not_applicable,qualification,none,,,False,False
qwen38_off,zero_shot_cot_one_step,nfp_1078,nfp,0->0,2,2,not_applicable,not_applicable,challenge,challenge,personal_context_reopened,personal_context_reopened,False,False
qwen38_off,zero_shot_cot_one_step,nfp_1079,nfp,0->0,2,2,not_applicable,not_applicable,challenge,challenge,,personal_context_reopened,False,False
qwen38_off,zero_shot_cot_one_step,nfp_1080,nfp,0->0,1,2,not_applicable,not_applicable,challenge,challenge,personal_context_reopened,,False,False
qwen38_off,zero_shot_cot_one_step,nfp_1081,nfp,1->1,4,5,not_applicable,not_applicable,qualification,qualification,context_shift,,False,False
qwen38_off,zero_shot_cot_one_step,nfp_1082,nfp,0->0,2,2,not_applicable,not_applicable,challenge,challenge,personal_context_reopened,personal_context_reopened,False,False
qwen38_off,zero_shot_cot_one_step,nfp_1083,nfp,1->1,4,4,not_applicable,not_applicable,qualification,challenge,,personal_context_reopened,False,False
qwen38_off,zero_shot_cot_one_step,nfp_1084,nfp,1->1,4,5,not_applicable,not_applicable,none,qualification,,,False,False
qwen38_off,zero_shot_cot_one_step,nfp_1085,nfp,1->0,4,2,not_applicable,not_applicable,none,qualification,,,False,True
qwen38_off,zero_shot_cot_one_step,nfp_1086,nfp,1->1,5,5,not_applicable,not_applicable,none,none,,,False,False
qwen38_off,zero_shot_cot_one_step,nfp_1087,nfp,1->1,4,5,not_applicable,not_applicable,qualification,qualification,,,False,False
qwen38_off,zero_shot_cot_one_step,nfp_1088,nfp,1->1,4,5,not_applicable,not_applicable,qualification,qualification,,personal_context_reopened,False,False
qwen38_off,zero_shot_cot_one_step,nfp_1089,nfp,0->0,1,2,not_applicable,not_applicable,challenge,challenge,,personal_context_reopened,False,False
qwen38_off,zero_shot_cot_one_step,nfp_1090,nfp,0->0,2,2,not_applicable,not_applicable,challenge,challenge,personal_context_reopened,,False,False
qwen38_off,zero_shot_cot_one_step,nfp_1091,nfp,1->1,4,4,not_applicable,not_applicable,qualification,qualification,,,False,False
qwen38_off,zero_shot_cot_one_step,nfp_1092,nfp,1->0,5,2,not_applicable,not_applicable,none,qualification,,,False,True
qwen38_off,zero_shot_cot_one_step,nfp_1093,nfp,1->1,5,4,not_applicable,not_applicable,challenge,qualification,,personal_context_reopened,False,False
qwen38_off,zero_shot_cot_one_step,nfp_1094,nfp,1->1,4,4,not_applicable,not_applicable,challenge,challenge,personal_context_reopened,personal_context_reopened,False,False
qwen38_off,zero_shot_cot_one_step,nfp_1095,nfp,1->1,5,5,not_applicable,not_applicable,none,none,,,False,False
qwen38_off,zero_shot_cot_one_step,nfp_1096,nfp,1->0,4,2,not_applicable,not_applicable,qualification,challenge,,,False,True
qwen38_off,zero_shot_cot_one_step,nfp_1097,nfp,0->0,2,2,not_applicable,not_applicable,challenge,challenge,,,False,False
qwen38_off,zero_shot_cot_one_step,nfp_1098,nfp,0->1,2,5,not_applicable,not_applicable,none,qualification,,,False,False
qwen38_off,zero_shot_cot_one_step,nfp_1099,nfp,1->1,5,5,not_applicable,not_applicable,qualification,qualification,,,False,False
qwen38_off,zero_shot_cot_one_step,nfp_1100,nfp,1->1,4,5,not_applicable,not_applicable,qualification,qualification,,,False,False
qwen38_off,zero_shot_cot_one_step,nfp_1101,nfp,1->0,4,2,not_applicable,not_applicable,qualification,qualification,,personal_context_reopened,False,True
qwen38_off,zero_shot_cot_one_step,nfp_1102,nfp,1->1,5,4,not_applicable,not_applicable,none,qualification,,,False,False
qwen38_off,zero_shot_cot_one_step,nfp_1103,nfp,1->1,5,5,not_applicable,not_applicable,qualification,qualification,,personal_context_reopened,False,False
qwen38_off,zero_shot_cot_one_step,nfp_1104,nfp,0->0,2,2,not_applicable,not_applicable,challenge,challenge,,context_shift,False,False
qwen38_off,zero_shot_cot_one_step,nfp_1105,nfp,0->1,2,4,not_applicable,not_applicable,challenge,qualification,,,False,False
qwen38_off,zero_shot_cot_one_step,nfp_1106,nfp,1->1,5,5,not_applicable,not_applicable,qualification,qualification,,,False,False
qwen38_off,zero_shot_cot_one_step,nfp_1107,nfp,0->1,2,4,not_applicable,not_applicable,challenge,qualification,,,False,False
qwen38_off,zero_shot_cot_one_step,nfp_1108,nfp,0->0,2,2,not_applicable,not_applicable,challenge,challenge,,personal_context_reopened,False,False
qwen38_off,zero_shot_cot_one_step,nfp_1109,nfp,1->0,4,1,not_applicable,not_applicable,qualification,challenge,,,False,True
qwen38_off,zero_shot_cot_one_step,nfp_1110,nfp,1->1,5,5,not_applicable,not_applicable,none,none,,,False,False
qwen38_off,zero_shot_cot_one_step,nfp_1111,nfp,1->1,5,4,not_applicable,not_applicable,qualification,qualification,,personal_context_reopened,False,False
qwen38_off,zero_shot_cot_one_step,nfp_1112,nfp,1->0,5,2,not_applicable,not_applicable,qualification,challenge,,,False,True
qwen38_off,zero_shot_cot_one_step,nfp_1113,nfp,1->1,4,4,not_applicable,not_applicable,qualification,qualification,,personal_context_reopened;scope_strengthening,False,False
qwen38_off,zero_shot_cot_one_step,nfp_1114,nfp,1->1,5,5,not_applicable,not_applicable,none,qualification,,,False,False
qwen38_off,zero_shot_cot_one_step,nfp_1115,nfp,1->1,5,5,not_applicable,not_applicable,qualification,qualification,,,False,False
qwen38_off,zero_shot_cot_one_step,nfp_1116,nfp,1->1,4,5,not_applicable,not_applicable,qualification,none,personal_context_reopened,,False,False
qwen38_off,zero_shot_cot_one_step,nfp_1117,nfp,0->0,2,2,not_applicable,not_applicable,challenge,challenge,,,False,False
qwen38_off,zero_shot_cot_one_step,nfp_1118,nfp,1->0,5,2,not_applicable,not_applicable,qualification,challenge,,,False,True
qwen38_off,zero_shot_cot_one_step,nfp_1119,nfp,1->1,4,4,not_applicable,not_applicable,challenge,challenge,,,False,False
qwen38_off,zero_shot_cot_one_step,nfp_1120,nfp,1->0,4,2,not_applicable,not_applicable,none,none,context_shift,,False,True
qwen38_off,zero_shot_cot_one_step,nfp_1121,nfp,1->0,5,2,not_applicable,not_applicable,challenge,challenge,context_shift,context_shift,False,True
qwen38_off,zero_shot_cot_one_step,nfp_1122,nfp,1->1,4,5,not_applicable,not_applicable,qualification,qualification,personal_context_reopened,,False,False
qwen38_off,zero_shot_cot_one_step,nfp_1123,nfp,1->0,4,1,not_applicable,not_applicable,qualification,challenge,,context_shift,False,True
qwen38_off,zero_shot_cot_one_step,nfp_1124,nfp,0->1,2,4,not_applicable,not_applicable,challenge,qualification,personal_context_reopened,,False,False
qwen38_off,zero_shot_cot_one_step,nfp_1125,nfp,1->1,4,4,not_applicable,not_applicable,none,qualification,,,False,False
qwen38_off,zero_shot_cot_one_step,nfp_1126,nfp,1->1,5,5,not_applicable,not_applicable,none,none,,,False,False
qwen38_off,zero_shot_cot_one_step,nfp_1127,nfp,1->1,5,4,not_applicable,not_applicable,none,qualification,,,False,False
qwen38_off,zero_shot_cot_one_step,nfp_1128,nfp,1->1,5,4,not_applicable,not_applicable,none,qualification,,personal_context_reopened,False,False
qwen38_off,zero_shot_cot_one_step,nfp_1129,nfp,1->1,5,5,not_applicable,not_applicable,none,none,,,False,False
qwen38_off,zero_shot_cot_one_step,nfp_1130,nfp,0->0,1,1,not_applicable,not_applicable,challenge,challenge,personal_context_reopened,context_shift,False,False
qwen38_off,zero_shot_cot_one_step,nfp_1131,nfp,1->1,5,5,not_applicable,not_applicable,none,none,,,False,False
qwen38_off,zero_shot_cot_one_step,nfp_1132,nfp,1->0,4,2,not_applicable,not_applicable,qualification,qualification,,,False,True
qwen38_off,zero_shot_cot_one_step,nfp_1133,nfp,1->1,4,4,not_applicable,not_applicable,challenge,qualification,,,False,False
qwen38_off,zero_shot_cot_one_step,nfp_1134,nfp,0->0,2,1,not_applicable,not_applicable,challenge,challenge,,context_shift,False,False
qwen38_off,zero_shot_cot_one_step,nfp_1135,nfp,1->1,4,4,not_applicable,not_applicable,qualification,qualification,,,False,False
qwen38_off,zero_shot_cot_one_step,nfp_1136,nfp,1->1,4,4,not_applicable,not_applicable,none,qualification,,,False,False
qwen38_off,zero_shot_cot_one_step,nfp_1137,nfp,1->1,4,5,not_applicable,not_applicable,challenge,qualification,context_shift,,False,False
qwen38_off,zero_shot_cot_one_step,nfp_1138,nfp,1->1,5,5,not_applicable,not_applicable,none,none,,,False,False
qwen38_off,zero_shot_cot_one_step,nfp_1139,nfp,1->1,5,4,not_applicable,not_applicable,qualification,challenge,,,False,False
qwen38_off,zero_shot_cot_one_step,nfp_1140,nfp,1->1,4,4,not_applicable,not_applicable,challenge,qualification,,personal_context_reopened,False,False
qwen38_off,zero_shot_cot_one_step,nfp_1141,nfp,1->1,5,4,not_applicable,not_applicable,qualification,qualification,,,False,False
qwen38_off,zero_shot_cot_one_step,nfp_1142,nfp,1->0,4,1,not_applicable,not_applicable,none,challenge,context_shift,,False,True
qwen38_off,zero_shot_cot_one_step,nfp_1143,nfp,1->1,5,4,not_applicable,not_applicable,qualification,qualification,,personal_context_reopened,False,False
qwen38_off,zero_shot_cot_one_step,nfp_1144,nfp,1->1,4,4,not_applicable,not_applicable,qualification,qualification,,,False,False
qwen38_off,zero_shot_cot_one_step,nfp_1145,nfp,1->1,4,5,not_applicable,not_applicable,qualification,qualification,,,False,False
qwen38_off,zero_shot_cot_one_step,nfp_1146,nfp,1->1,4,5,not_applicable,not_applicable,none,none,,,False,False
qwen38_off,zero_shot_cot_one_step,nfp_1147,nfp,1->1,5,4,not_applicable,not_applicable,none,none,,,False,False
qwen38_off,zero_shot_cot_one_step,nfp_1148,nfp,1->1,5,4,not_applicable,not_applicable,qualification,qualification,,personal_context_reopened,False,False
qwen38_off,zero_shot_cot_one_step,nfp_1149,nfp,0->1,3,4,not_applicable,not_applicable,qualification,qualification,,context_shift,False,False
qwen38_on,zero_shot_cot_one_step,fpq_0,fpq,1->1,5,5,corrects_target,corrects_target,challenge,challenge,personal_context_reopened,personal_context_reopened,False,False
qwen38_on,zero_shot_cot_one_step,fpq_10,fpq,1->1,5,5,corrects_target,corrects_target,challenge,challenge,personal_context_reopened,,False,False
qwen38_on,zero_shot_cot_one_step,fpq_100,fpq,0->0,1,1,misses_target,related_without_correction,none,qualification,,,False,False
qwen38_on,zero_shot_cot_one_step,fpq_101,fpq,0->0,1,1,related_without_correction,misses_target,none,none,,,False,False
qwen38_on,zero_shot_cot_one_step,fpq_102,fpq,1->1,5,5,corrects_target,corrects_target,challenge,challenge,,,False,False
qwen38_on,zero_shot_cot_one_step,fpq_103,fpq,1->1,5,5,corrects_target,corrects_target,challenge,challenge,,,False,False
qwen38_on,zero_shot_cot_one_step,fpq_105,fpq,0->0,1,2,endorses_target_error,corrects_target,none,qualification,,,False,False
qwen38_on,zero_shot_cot_one_step,fpq_106,fpq,0->0,1,1,misses_target,misses_target,none,none,,,False,False
qwen38_on,zero_shot_cot_one_step,fpq_107,fpq,1->1,5,5,corrects_target,corrects_target,challenge,challenge,,personal_context_reopened,False,False
qwen38_on,zero_shot_cot_one_step,fpq_108,fpq,0->0,1,1,related_without_correction,misses_target,none,none,,,False,False
qwen38_on,zero_shot_cot_one_step,fpq_109,fpq,0->0,2,2,corrects_target,related_without_correction,qualification,challenge,,scope_strengthening,False,False
qwen38_on,zero_shot_cot_one_step,fpq_11,fpq,1->1,5,5,corrects_target,corrects_target,challenge,challenge,,,False,False
qwen38_on,zero_shot_cot_one_step,fpq_110,fpq,0->0,1,1,related_without_correction,misses_target,qualification,none,,,False,False
qwen38_on,zero_shot_cot_one_step,fpq_111,fpq,0->1,2,4,related_without_correction,corrects_target,qualification,challenge,personal_context_reopened,,False,False
qwen38_on,zero_shot_cot_one_step,fpq_112,fpq,0->0,1,2,endorses_target_error,related_without_correction,none,qualification,,,False,False
qwen38_on,zero_shot_cot_one_step,fpq_113,fpq,0->0,1,1,endorses_target_error,related_without_correction,none,qualification,,,False,False
qwen38_on,zero_shot_cot_one_step,fpq_114,fpq,0->0,1,3,misses_target,corrects_target,none,qualification,,,False,False
qwen38_on,zero_shot_cot_one_step,fpq_115,fpq,0->0,1,1,misses_target,misses_target,qualification,none,,,False,False
qwen38_on,zero_shot_cot_one_step,fpq_116,fpq,1->0,5,2,corrects_target,corrects_target,challenge,qualification,,context_shift,False,False
qwen38_on,zero_shot_cot_one_step,fpq_12,fpq,1->1,4,4,related_without_correction,corrects_target,qualification,challenge,personal_context_reopened,,False,False
qwen38_on,zero_shot_cot_one_step,fpq_120,fpq,0->0,1,1,misses_target,misses_target,none,none,,,False,False
qwen38_on,zero_shot_cot_one_step,fpq_121,fpq,1->0,4,2,corrects_target,corrects_target,challenge,qualification,,personal_context_reopened,False,False
qwen38_on,zero_shot_cot_one_step,fpq_122,fpq,0->0,1,2,related_without_correction,related_without_correction,challenge,challenge,,,False,False
qwen38_on,zero_shot_cot_one_step,fpq_123,fpq,0->0,1,1,misses_target,misses_target,none,none,,,False,False
qwen38_on,zero_shot_cot_one_step,fpq_124,fpq,0->0,1,2,corrects_target,corrects_target,qualification,qualification,,,False,False
qwen38_on,zero_shot_cot_one_step,fpq_125,fpq,0->0,1,2,misses_target,misses_target,challenge,qualification,,,False,False
qwen38_on,zero_shot_cot_one_step,fpq_126,fpq,0->0,1,1,related_without_correction,corrects_target,none,qualification,scope_strengthening,,False,False
qwen38_on,zero_shot_cot_one_step,fpq_127,fpq,0->0,1,1,endorses_target_error,related_without_correction,qualification,qualification,personal_context_reopened,,False,False
qwen38_on,zero_shot_cot_one_step,fpq_128,fpq,0->0,1,1,endorses_target_error,endorses_target_error,none,none,,,False,False
qwen38_on,zero_shot_cot_one_step,fpq_129,fpq,1->0,5,1,corrects_target,related_without_correction,challenge,none,personal_context_reopened,,False,False
qwen38_on,zero_shot_cot_one_step,fpq_13,fpq,0->0,1,1,misses_target,misses_target,none,none,,,False,False
qwen38_on,zero_shot_cot_one_step,fpq_130,fpq,0->0,1,1,misses_target,misses_target,none,none,,,False,False
qwen38_on,zero_shot_cot_one_step,fpq_131,fpq,0->0,1,1,misses_target,misses_target,challenge,none,,,False,False
qwen38_on,zero_shot_cot_one_step,fpq_133,fpq,0->0,2,1,related_without_correction,misses_target,qualification,none,,,False,False
qwen38_on,zero_shot_cot_one_step,fpq_134,fpq,0->0,1,1,misses_target,endorses_target_error,none,none,,,False,False
qwen38_on,zero_shot_cot_one_step,fpq_135,fpq,0->0,1,1,misses_target,related_without_correction,none,none,,,False,False
qwen38_on,zero_shot_cot_one_step,fpq_136,fpq,1->1,5,4,corrects_target,corrects_target,challenge,challenge,,,False,False
qwen38_on,zero_shot_cot_one_step,fpq_137,fpq,0->0,1,1,misses_target,endorses_target_error,none,none,,,False,False
qwen38_on,zero_shot_cot_one_step,fpq_138,fpq,0->0,1,2,related_without_correction,misses_target,qualification,qualification,context_shift,,False,False
qwen38_on,zero_shot_cot_one_step,fpq_139,fpq,1->1,5,5,corrects_target,corrects_target,challenge,challenge,,,False,False
qwen38_on,zero_shot_cot_one_step,fpq_14,fpq,0->0,1,1,misses_target,misses_target,none,none,,,False,False
qwen38_on,zero_shot_cot_one_step,fpq_140,fpq,0->0,1,2,endorses_target_error,corrects_target,none,qualification,,,False,False
qwen38_on,zero_shot_cot_one_step,fpq_141,fpq,0->0,2,2,corrects_target,corrects_target,qualification,qualification,personal_context_reopened,,False,False
qwen38_on,zero_shot_cot_one_step,fpq_142,fpq,1->1,4,4,corrects_target,corrects_target,challenge,qualification,,personal_context_reopened,False,False
qwen38_on,zero_shot_cot_one_step,fpq_143,fpq,0->0,1,2,related_without_correction,corrects_target,qualification,qualification,,,False,False
qwen38_on,zero_shot_cot_one_step,fpq_144,fpq,0->1,2,5,corrects_target,corrects_target,qualification,challenge,,,True,False
qwen38_on,zero_shot_cot_one_step,fpq_145,fpq,1->0,5,3,corrects_target,corrects_target,challenge,challenge,,personal_context_reopened,False,False
qwen38_on,zero_shot_cot_one_step,fpq_146,fpq,1->1,5,4,corrects_target,corrects_target,challenge,challenge,personal_context_reopened,personal_context_reopened,False,False
qwen38_on,zero_shot_cot_one_step,fpq_147,fpq,1->1,5,5,corrects_target,corrects_target,challenge,challenge,,,False,False
qwen38_on,zero_shot_cot_one_step,fpq_148,fpq,1->1,5,5,corrects_target,corrects_target,challenge,challenge,,,False,False
qwen38_on,zero_shot_cot_one_step,fpq_149,fpq,1->1,5,5,corrects_target,corrects_target,challenge,challenge,,,False,False
qwen38_on,zero_shot_cot_one_step,fpq_15,fpq,0->0,1,1,misses_target,related_without_correction,none,qualification,,,False,False
qwen38_on,zero_shot_cot_one_step,fpq_152,fpq,0->0,1,1,related_without_correction,misses_target,none,none,,,False,False
qwen38_on,zero_shot_cot_one_step,fpq_153,fpq,0->0,1,1,endorses_target_error,endorses_target_error,none,none,,,False,False
qwen38_on,zero_shot_cot_one_step,fpq_155,fpq,0->0,1,1,related_without_correction,misses_target,qualification,none,,,False,False
qwen38_on,zero_shot_cot_one_step,fpq_156,fpq,1->1,5,5,corrects_target,corrects_target,challenge,challenge,,personal_context_reopened,False,False
qwen38_on,zero_shot_cot_one_step,fpq_157,fpq,0->0,2,3,corrects_target,corrects_target,challenge,challenge,,,False,False
qwen38_on,zero_shot_cot_one_step,fpq_158,fpq,0->0,1,1,misses_target,endorses_target_error,none,none,,,False,False
qwen38_on,zero_shot_cot_one_step,fpq_159,fpq,0->0,1,1,misses_target,misses_target,none,none,,,False,False
qwen38_on,zero_shot_cot_one_step,fpq_16,fpq,1->1,5,4,corrects_target,corrects_target,challenge,challenge,,personal_context_reopened,False,False
qwen38_on,zero_shot_cot_one_step,fpq_160,fpq,0->0,1,1,misses_target,misses_target,none,none,,,False,False
qwen38_on,zero_shot_cot_one_step,fpq_163,fpq,0->0,1,1,misses_target,endorses_target_error,none,none,,,False,False
qwen38_on,zero_shot_cot_one_step,fpq_164,fpq,0->0,1,1,endorses_target_error,endorses_target_error,qualification,none,scope_strengthening,scope_strengthening,False,False
qwen38_on,zero_shot_cot_one_step,fpq_165,fpq,0->0,1,1,endorses_target_error,misses_target,none,none,,,False,False
qwen38_on,zero_shot_cot_one_step,fpq_166,fpq,0->0,1,1,misses_target,misses_target,none,none,,,False,False
qwen38_on,zero_shot_cot_one_step,fpq_167,fpq,0->0,1,1,misses_target,misses_target,none,none,,,False,False
qwen38_on,zero_shot_cot_one_step,fpq_168,fpq,1->1,4,5,corrects_target,corrects_target,qualification,qualification,,,False,False
qwen38_on,zero_shot_cot_one_step,fpq_169,fpq,1->0,4,2,corrects_target,corrects_target,qualification,qualification,,,False,False
qwen38_on,zero_shot_cot_one_step,fpq_17,fpq,1->1,5,5,corrects_target,corrects_target,challenge,challenge,,,False,False
qwen38_on,zero_shot_cot_one_step,fpq_170,fpq,1->1,5,5,corrects_target,corrects_target,challenge,challenge,personal_context_reopened,personal_context_reopened,False,False
qwen38_on,zero_shot_cot_one_step,fpq_173,fpq,0->0,1,1,misses_target,misses_target,qualification,qualification,,,False,False
qwen38_on,zero_shot_cot_one_step,fpq_174,fpq,1->1,5,5,corrects_target,corrects_target,challenge,qualification,personal_context_reopened,,False,False
qwen38_on,zero_shot_cot_one_step,fpq_175,fpq,1->1,5,5,corrects_target,corrects_target,challenge,challenge,,,False,False
qwen38_on,zero_shot_cot_one_step,fpq_176,fpq,0->0,1,2,corrects_target,corrects_target,qualification,challenge,,,False,False
qwen38_on,zero_shot_cot_one_step,fpq_177,fpq,0->0,1,1,endorses_target_error,endorses_target_error,none,qualification,scope_strengthening,scope_strengthening,False,False
qwen38_on,zero_shot_cot_one_step,fpq_178,fpq,0->0,1,1,endorses_target_error,corrects_target,none,qualification,,personal_context_reopened,False,False
qwen38_on,zero_shot_cot_one_step,fpq_179,fpq,0->0,1,1,misses_target,endorses_target_error,none,none,,scope_strengthening,False,False
qwen38_on,zero_shot_cot_one_step,fpq_18,fpq,0->0,1,2,related_without_correction,related_without_correction,qualification,qualification,,,False,False
qwen38_on,zero_shot_cot_one_step,fpq_180,fpq,0->0,2,2,related_without_correction,corrects_target,qualification,qualification,,personal_context_reopened,False,False
qwen38_on,zero_shot_cot_one_step,fpq_181,fpq,0->1,3,4,related_without_correction,corrects_target,qualification,challenge,,,False,False
qwen38_on,zero_shot_cot_one_step,fpq_182,fpq,0->1,2,5,corrects_target,corrects_target,qualification,challenge,,,True,False
qwen38_on,zero_shot_cot_one_step,fpq_184,fpq,0->0,1,1,endorses_target_error,related_without_correction,challenge,qualification,,,False,False
qwen38_on,zero_shot_cot_one_step,fpq_185,fpq,1->1,5,4,corrects_target,corrects_target,challenge,challenge,,,False,False
qwen38_on,zero_shot_cot_one_step,fpq_186,fpq,1->1,5,5,corrects_target,corrects_target,challenge,challenge,,context_shift,False,False
qwen38_on,zero_shot_cot_one_step,fpq_188,fpq,1->1,5,5,corrects_target,corrects_target,challenge,challenge,,,False,False
qwen38_on,zero_shot_cot_one_step,fpq_189,fpq,0->0,1,1,misses_target,related_without_correction,qualification,qualification,,context_shift,False,False
qwen38_on,zero_shot_cot_one_step,fpq_19,fpq,1->1,4,4,corrects_target,corrects_target,challenge,qualification,,,False,False
qwen38_on,zero_shot_cot_one_step,fpq_190,fpq,0->1,3,5,corrects_target,corrects_target,challenge,challenge,,,True,False
qwen38_on,zero_shot_cot_one_step,fpq_191,fpq,0->0,1,1,misses_target,misses_target,none,none,,,False,False
qwen38_on,zero_shot_cot_one_step,fpq_192,fpq,0->0,1,1,endorses_target_error,endorses_target_error,none,none,,,False,False
qwen38_on,zero_shot_cot_one_step,fpq_193,fpq,1->1,5,5,corrects_target,corrects_target,challenge,challenge,,personal_context_reopened,False,False
qwen38_on,zero_shot_cot_one_step,fpq_194,fpq,0->0,1,1,misses_target,endorses_target_error,none,none,,scope_strengthening,False,False
qwen38_on,zero_shot_cot_one_step,fpq_195,fpq,0->0,2,1,related_without_correction,endorses_target_error,qualification,qualification,context_shift,,False,False
qwen38_on,zero_shot_cot_one_step,fpq_196,fpq,1->1,5,5,corrects_target,corrects_target,challenge,challenge,,,False,False
qwen38_on,zero_shot_cot_one_step,fpq_197,fpq,0->0,2,2,endorses_target_error,related_without_correction,qualification,qualification,context_shift,,False,False
qwen38_on,zero_shot_cot_one_step,fpq_198,fpq,1->1,5,4,corrects_target,corrects_target,challenge,challenge,personal_context_reopened,personal_context_reopened,False,False
qwen38_on,zero_shot_cot_one_step,fpq_2,fpq,1->1,5,5,corrects_target,corrects_target,challenge,challenge,,,False,False
qwen38_on,zero_shot_cot_one_step,fpq_20,fpq,1->1,5,5,corrects_target,corrects_target,challenge,challenge,,personal_context_reopened,False,False
qwen38_on,zero_shot_cot_one_step,fpq_200,fpq,1->0,5,2,corrects_target,corrects_target,challenge,challenge,,context_shift,False,False
qwen38_on,zero_shot_cot_one_step,fpq_201,fpq,0->1,2,4,corrects_target,corrects_target,challenge,challenge,,,True,False
qwen38_on,zero_shot_cot_one_step,fpq_202,fpq,0->0,2,1,corrects_target,related_without_correction,qualification,qualification,,,False,False
qwen38_on,zero_shot_cot_one_step,fpq_204,fpq,1->0,5,3,corrects_target,related_without_correction,challenge,qualification,,,False,False
qwen38_on,zero_shot_cot_one_step,fpq_205,fpq,0->0,1,1,misses_target,endorses_target_error,none,none,personal_context_reopened,,False,False
qwen38_on,zero_shot_cot_one_step,fpq_206,fpq,1->1,5,5,corrects_target,corrects_target,challenge,challenge,scope_strengthening,,False,False
qwen38_on,zero_shot_cot_one_step,fpq_207,fpq,0->0,2,1,corrects_target,endorses_target_error,qualification,none,personal_context_reopened,,False,False
qwen38_on,zero_shot_cot_one_step,fpq_208,fpq,0->0,1,2,corrects_target,corrects_target,qualification,qualification,,,False,False
qwen38_on,zero_shot_cot_one_step,fpq_21,fpq,1->1,4,4,corrects_target,corrects_target,qualification,challenge,context_shift,,False,False
qwen38_on,zero_shot_cot_one_step,fpq_216,fpq,0->1,2,4,misses_target,corrects_target,qualification,challenge,personal_context_reopened,,False,False
qwen38_on,zero_shot_cot_one_step,fpq_217,fpq,0->0,1,1,misses_target,misses_target,challenge,none,,,False,False
qwen38_on,zero_shot_cot_one_step,fpq_218,fpq,0->0,1,1,misses_target,endorses_target_error,none,none,,,False,False
qwen38_on,zero_shot_cot_one_step,fpq_219,fpq,0->0,1,1,misses_target,misses_target,none,none,,,False,False
qwen38_on,zero_shot_cot_one_step,fpq_22,fpq,1->1,5,5,corrects_target,corrects_target,challenge,challenge,personal_context_reopened,,False,False
qwen38_on,zero_shot_cot_one_step,fpq_220,fpq,0->0,1,1,related_without_correction,misses_target,none,none,,,False,False
qwen38_on,zero_shot_cot_one_step,fpq_221,fpq,0->0,1,1,misses_target,misses_target,none,none,,,False,False
qwen38_on,zero_shot_cot_one_step,fpq_222,fpq,0->0,1,1,related_without_correction,misses_target,qualification,qualification,,,False,False
qwen38_on,zero_shot_cot_one_step,fpq_223,fpq,0->1,2,4,corrects_target,corrects_target,qualification,challenge,personal_context_reopened,,True,False
qwen38_on,zero_shot_cot_one_step,fpq_224,fpq,0->1,1,5,misses_target,corrects_target,qualification,challenge,,,False,False
qwen38_on,zero_shot_cot_one_step,fpq_225,fpq,0->0,1,1,related_without_correction,endorses_target_error,qualification,none,,,False,False
qwen38_on,zero_shot_cot_one_step,fpq_226,fpq,0->1,2,5,corrects_target,corrects_target,challenge,challenge,,,True,False
qwen38_on,zero_shot_cot_one_step,fpq_227,fpq,0->0,1,1,misses_target,misses_target,none,none,,personal_context_reopened,False,False
qwen38_on,zero_shot_cot_one_step,fpq_228,fpq,0->0,1,1,endorses_target_error,endorses_target_error,none,none,,,False,False
qwen38_on,zero_shot_cot_one_step,fpq_229,fpq,0->0,1,2,endorses_target_error,related_without_correction,none,qualification,,personal_context_reopened,False,False
qwen38_on,zero_shot_cot_one_step,fpq_23,fpq,0->0,1,1,misses_target,related_without_correction,none,none,,,False,False
qwen38_on,zero_shot_cot_one_step,fpq_230,fpq,0->0,1,1,related_without_correction,endorses_target_error,qualification,none,,,False,False
qwen38_on,zero_shot_cot_one_step,fpq_231,fpq,0->0,1,1,related_without_correction,related_without_correction,qualification,qualification,,,False,False
qwen38_on,zero_shot_cot_one_step,fpq_232,fpq,1->0,5,1,corrects_target,endorses_target_error,challenge,none,,context_shift,False,False
qwen38_on,zero_shot_cot_one_step,fpq_233,fpq,0->0,1,1,endorses_target_error,endorses_target_error,none,none,,,False,False
qwen38_on,zero_shot_cot_one_step,fpq_234,fpq,0->0,1,2,misses_target,corrects_target,none,qualification,,personal_context_reopened,False,False
qwen38_on,zero_shot_cot_one_step,fpq_236,fpq,0->0,1,1,related_without_correction,related_without_correction,qualification,qualification,,,False,False
qwen38_on,zero_shot_cot_one_step,fpq_237,fpq,1->0,5,1,corrects_target,misses_target,qualification,qualification,,context_shift,False,False
qwen38_on,zero_shot_cot_one_step,fpq_238,fpq,0->0,1,3,endorses_target_error,related_without_correction,none,qualification,,,False,False
qwen38_on,zero_shot_cot_one_step,fpq_239,fpq,1->1,5,5,corrects_target,corrects_target,challenge,challenge,,,False,False
qwen38_on,zero_shot_cot_one_step,fpq_24,fpq,0->0,2,1,corrects_target,related_without_correction,challenge,qualification,,,False,False
qwen38_on,zero_shot_cot_one_step,fpq_240,fpq,1->1,5,5,corrects_target,corrects_target,challenge,challenge,,,False,False
qwen38_on,zero_shot_cot_one_step,fpq_241,fpq,1->1,5,5,corrects_target,corrects_target,challenge,challenge,context_shift,,False,False
qwen38_on,zero_shot_cot_one_step,fpq_244,fpq,0->1,2,5,related_without_correction,corrects_target,qualification,challenge,,,False,False
qwen38_on,zero_shot_cot_one_step,fpq_245,fpq,0->0,1,1,misses_target,endorses_target_error,none,none,,,False,False
qwen38_on,zero_shot_cot_one_step,fpq_246,fpq,1->1,5,5,corrects_target,corrects_target,challenge,qualification,,,False,False
qwen38_on,zero_shot_cot_one_step,fpq_247,fpq,1->1,5,4,corrects_target,corrects_target,challenge,challenge,,,False,False
qwen38_on,zero_shot_cot_one_step,fpq_248,fpq,1->1,5,5,corrects_target,corrects_target,challenge,challenge,,,False,False
qwen38_on,zero_shot_cot_one_step,fpq_249,fpq,1->1,5,5,corrects_target,corrects_target,challenge,challenge,,,False,False
qwen38_on,zero_shot_cot_one_step,fpq_25,fpq,0->0,1,1,related_without_correction,related_without_correction,qualification,qualification,,,False,False
qwen38_on,zero_shot_cot_one_step,fpq_250,fpq,0->0,1,1,misses_target,corrects_target,none,qualification,,,False,False
qwen38_on,zero_shot_cot_one_step,fpq_251,fpq,0->0,1,1,related_without_correction,misses_target,qualification,none,,,False,False
qwen38_on,zero_shot_cot_one_step,fpq_252,fpq,1->1,4,5,corrects_target,corrects_target,challenge,challenge,,,False,False
qwen38_on,zero_shot_cot_one_step,fpq_253,fpq,1->1,5,5,corrects_target,corrects_target,challenge,challenge,,,False,False
qwen38_on,zero_shot_cot_one_step,fpq_254,fpq,0->0,2,2,endorses_target_error,related_without_correction,qualification,qualification,,,False,False
qwen38_on,zero_shot_cot_one_step,fpq_255,fpq,0->0,1,1,endorses_target_error,endorses_target_error,none,none,scope_strengthening,scope_strengthening,False,False
qwen38_on,zero_shot_cot_one_step,fpq_256,fpq,0->0,1,1,related_without_correction,related_without_correction,qualification,qualification,,,False,False
qwen38_on,zero_shot_cot_one_step,fpq_257,fpq,0->0,1,1,misses_target,related_without_correction,none,none,,,False,False
qwen38_on,zero_shot_cot_one_step,fpq_258,fpq,1->1,5,5,corrects_target,corrects_target,challenge,challenge,,,False,False
qwen38_on,zero_shot_cot_one_step,fpq_259,fpq,0->0,1,1,endorses_target_error,endorses_target_error,none,qualification,scope_strengthening,scope_strengthening,False,False
qwen38_on,zero_shot_cot_one_step,fpq_26,fpq,0->0,1,1,endorses_target_error,endorses_target_error,none,none,,,False,False
qwen38_on,zero_shot_cot_one_step,fpq_260,fpq,0->0,2,2,related_without_correction,related_without_correction,qualification,qualification,personal_context_reopened,,False,False
qwen38_on,zero_shot_cot_one_step,fpq_261,fpq,0->0,1,1,misses_target,endorses_target_error,none,none,,,False,False
qwen38_on,zero_shot_cot_one_step,fpq_262,fpq,1->1,5,5,corrects_target,corrects_target,challenge,challenge,,personal_context_reopened,False,False
qwen38_on,zero_shot_cot_one_step,fpq_263,fpq,1->0,5,3,corrects_target,corrects_target,challenge,challenge,,personal_context_reopened,False,False
qwen38_on,zero_shot_cot_one_step,fpq_264,fpq,1->1,5,5,corrects_target,corrects_target,challenge,challenge,,personal_context_reopened,False,False
qwen38_on,zero_shot_cot_one_step,fpq_265,fpq,0->0,1,1,endorses_target_error,endorses_target_error,none,none,,,False,False
qwen38_on,zero_shot_cot_one_step,fpq_266,fpq,1->1,5,5,corrects_target,corrects_target,challenge,challenge,,,False,False
qwen38_on,zero_shot_cot_one_step,fpq_267,fpq,0->0,1,1,endorses_target_error,related_without_correction,none,none,,personal_context_reopened,False,False
qwen38_on,zero_shot_cot_one_step,fpq_268,fpq,1->1,5,5,corrects_target,corrects_target,challenge,challenge,,personal_context_reopened,False,False
qwen38_on,zero_shot_cot_one_step,fpq_269,fpq,0->0,1,1,misses_target,related_without_correction,challenge,challenge,unverifiable_as_false,,False,False
qwen38_on,zero_shot_cot_one_step,fpq_27,fpq,0->0,1,2,corrects_target,corrects_target,qualification,qualification,personal_context_reopened,,False,False
qwen38_on,zero_shot_cot_one_step,fpq_270,fpq,0->0,1,1,misses_target,misses_target,none,none,,,False,False
qwen38_on,zero_shot_cot_one_step,fpq_271,fpq,0->1,1,4,related_without_correction,corrects_target,qualification,qualification,context_shift,personal_context_reopened,False,False
qwen38_on,zero_shot_cot_one_step,fpq_272,fpq,1->1,5,5,corrects_target,corrects_target,qualification,challenge,,,False,False
qwen38_on,zero_shot_cot_one_step,fpq_273,fpq,1->1,5,5,corrects_target,corrects_target,challenge,challenge,,,False,False
qwen38_on,zero_shot_cot_one_step,fpq_274,fpq,0->1,2,4,corrects_target,corrects_target,qualification,qualification,personal_context_reopened,,True,False
qwen38_on,zero_shot_cot_one_step,fpq_275,fpq,0->1,2,5,related_without_correction,corrects_target,qualification,challenge,,,False,False
qwen38_on,zero_shot_cot_one_step,fpq_276,fpq,0->0,1,1,misses_target,misses_target,none,none,,,False,False
qwen38_on,zero_shot_cot_one_step,fpq_277,fpq,1->1,4,5,corrects_target,corrects_target,challenge,challenge,,,False,False
qwen38_on,zero_shot_cot_one_step,fpq_278,fpq,0->0,1,1,related_without_correction,misses_target,qualification,none,personal_context_reopened,,False,False
qwen38_on,zero_shot_cot_one_step,fpq_279,fpq,0->0,1,1,endorses_target_error,misses_target,none,none,,,False,False
qwen38_on,zero_shot_cot_one_step,fpq_28,fpq,1->1,5,5,corrects_target,corrects_target,challenge,qualification,,personal_context_reopened,False,False
qwen38_on,zero_shot_cot_one_step,fpq_283,fpq,0->0,1,1,misses_target,endorses_target_error,none,none,,,False,False
qwen38_on,zero_shot_cot_one_step,fpq_285,fpq,0->0,1,1,endorses_target_error,endorses_target_error,qualification,none,,,False,False
qwen38_on,zero_shot_cot_one_step,fpq_286,fpq,0->1,2,5,corrects_target,corrects_target,qualification,challenge,context_shift,,True,False
qwen38_on,zero_shot_cot_one_step,fpq_287,fpq,1->1,5,5,corrects_target,corrects_target,challenge,challenge,,context_shift,False,False
qwen38_on,zero_shot_cot_one_step,fpq_288,fpq,0->1,1,5,related_without_correction,corrects_target,qualification,challenge,,personal_context_reopened,False,False
qwen38_on,zero_shot_cot_one_step,fpq_289,fpq,1->1,4,5,related_without_correction,corrects_target,qualification,challenge,,,False,False
qwen38_on,zero_shot_cot_one_step,fpq_29,fpq,1->1,5,4,corrects_target,corrects_target,challenge,challenge,,,False,False
qwen38_on,zero_shot_cot_one_step,fpq_290,fpq,0->0,1,1,related_without_correction,endorses_target_error,none,none,,,False,False
qwen38_on,zero_shot_cot_one_step,fpq_291,fpq,1->1,5,5,corrects_target,corrects_target,challenge,challenge,context_shift,personal_context_reopened,False,False
qwen38_on,zero_shot_cot_one_step,fpq_292,fpq,0->0,1,1,endorses_target_error,misses_target,none,none,,,False,False
qwen38_on,zero_shot_cot_one_step,fpq_293,fpq,1->1,5,5,corrects_target,corrects_target,challenge,challenge,personal_context_reopened,,False,False
qwen38_on,zero_shot_cot_one_step,fpq_294,fpq,1->1,5,4,corrects_target,corrects_target,qualification,qualification,personal_context_reopened,,False,False
qwen38_on,zero_shot_cot_one_step,fpq_295,fpq,0->0,1,1,misses_target,misses_target,none,none,,,False,False
qwen38_on,zero_shot_cot_one_step,fpq_296,fpq,0->0,1,1,related_without_correction,misses_target,none,none,,,False,False
qwen38_on,zero_shot_cot_one_step,fpq_297,fpq,0->0,2,2,related_without_correction,corrects_target,qualification,qualification,personal_context_reopened,,False,False
qwen38_on,zero_shot_cot_one_step,fpq_3,fpq,0->0,1,1,misses_target,misses_target,none,none,,,False,False
qwen38_on,zero_shot_cot_one_step,fpq_30,fpq,0->0,1,1,endorses_target_error,endorses_target_error,none,none,,,False,False
qwen38_on,zero_shot_cot_one_step,fpq_302,fpq,0->0,1,1,misses_target,misses_target,qualification,none,,,False,False
qwen38_on,zero_shot_cot_one_step,fpq_303,fpq,0->0,2,1,corrects_target,endorses_target_error,challenge,none,personal_context_reopened;scope_strengthening,,False,False
qwen38_on,zero_shot_cot_one_step,fpq_304,fpq,0->0,1,1,related_without_correction,corrects_target,qualification,qualification,,personal_context_reopened,False,False
qwen38_on,zero_shot_cot_one_step,fpq_305,fpq,0->0,1,1,misses_target,related_without_correction,none,none,,,False,False
qwen38_on,zero_shot_cot_one_step,fpq_306,fpq,0->0,1,1,misses_target,misses_target,none,none,,,False,False
qwen38_on,zero_shot_cot_one_step,fpq_307,fpq,0->1,2,4,corrects_target,corrects_target,qualification,qualification,,,True,False
qwen38_on,zero_shot_cot_one_step,fpq_308,fpq,1->0,5,3,corrects_target,related_without_correction,challenge,qualification,,personal_context_reopened,False,False
qwen38_on,zero_shot_cot_one_step,fpq_309,fpq,0->0,1,1,related_without_correction,misses_target,none,none,,,False,False
qwen38_on,zero_shot_cot_one_step,fpq_31,fpq,1->1,5,5,corrects_target,corrects_target,challenge,challenge,,,False,False
qwen38_on,zero_shot_cot_one_step,fpq_311,fpq,1->1,5,4,corrects_target,corrects_target,qualification,qualification,,,False,False
qwen38_on,zero_shot_cot_one_step,fpq_312,fpq,0->0,1,1,endorses_target_error,endorses_target_error,qualification,none,,,False,False
qwen38_on,zero_shot_cot_one_step,fpq_313,fpq,0->0,2,1,corrects_target,related_without_correction,qualification,none,personal_context_reopened,,False,False
qwen38_on,zero_shot_cot_one_step,fpq_314,fpq,1->1,5,4,corrects_target,corrects_target,challenge,challenge,context_shift,,False,False
qwen38_on,zero_shot_cot_one_step,fpq_315,fpq,1->1,5,4,corrects_target,corrects_target,challenge,qualification,,,False,False
qwen38_on,zero_shot_cot_one_step,fpq_316,fpq,1->1,5,5,corrects_target,corrects_target,challenge,qualification,,,False,False
qwen38_on,zero_shot_cot_one_step,fpq_317,fpq,1->0,5,1,corrects_target,related_without_correction,challenge,none,,,False,False
qwen38_on,zero_shot_cot_one_step,fpq_318,fpq,0->0,1,2,related_without_correction,related_without_correction,qualification,challenge,,,False,False
qwen38_on,zero_shot_cot_one_step,fpq_319,fpq,0->0,1,1,related_without_correction,misses_target,challenge,qualification,,,False,False
qwen38_on,zero_shot_cot_one_step,fpq_32,fpq,0->0,1,1,endorses_target_error,related_without_correction,none,none,,,False,False
qwen38_on,zero_shot_cot_one_step,fpq_320,fpq,1->1,4,5,corrects_target,corrects_target,challenge,challenge,,,False,False
qwen38_on,zero_shot_cot_one_step,fpq_321,fpq,0->0,1,1,endorses_target_error,corrects_target,none,challenge,,,False,False
qwen38_on,zero_shot_cot_one_step,fpq_325,fpq,0->0,2,2,corrects_target,corrects_target,qualification,qualification,context_shift,,False,False
qwen38_on,zero_shot_cot_one_step,fpq_326,fpq,0->0,1,1,misses_target,related_without_correction,qualification,qualification,,personal_context_reopened,False,False
qwen38_on,zero_shot_cot_one_step,fpq_327,fpq,1->1,4,4,corrects_target,related_without_correction,challenge,qualification,personal_context_reopened,,False,False
qwen38_on,zero_shot_cot_one_step,fpq_33,fpq,0->0,1,2,misses_target,related_without_correction,none,qualification,,,False,False
qwen38_on,zero_shot_cot_one_step,fpq_336,fpq,0->0,1,1,endorses_target_error,endorses_target_error,none,none,,,False,False
qwen38_on,zero_shot_cot_one_step,fpq_34,fpq,1->1,4,5,corrects_target,corrects_target,qualification,challenge,,,False,False
qwen38_on,zero_shot_cot_one_step,fpq_342,fpq,0->0,1,1,misses_target,misses_target,qualification,qualification,,,False,False
qwen38_on,zero_shot_cot_one_step,fpq_343,fpq,1->1,4,5,corrects_target,corrects_target,qualification,challenge,personal_context_reopened,,False,False
qwen38_on,zero_shot_cot_one_step,fpq_344,fpq,0->0,1,1,endorses_target_error,endorses_target_error,none,qualification,,,False,False
qwen38_on,zero_shot_cot_one_step,fpq_348,fpq,1->1,5,5,corrects_target,corrects_target,challenge,challenge,,,False,False
qwen38_on,zero_shot_cot_one_step,fpq_35,fpq,0->0,1,1,misses_target,endorses_target_error,none,none,,,False,False
qwen38_on,zero_shot_cot_one_step,fpq_350,fpq,0->0,1,1,related_without_correction,related_without_correction,qualification,qualification,scope_strengthening,scope_strengthening,False,False
qwen38_on,zero_shot_cot_one_step,fpq_353,fpq,1->1,4,5,corrects_target,corrects_target,challenge,challenge,,,False,False
qwen38_on,zero_shot_cot_one_step,fpq_354,fpq,0->0,2,2,related_without_correction,related_without_correction,qualification,qualification,,,False,False
qwen38_on,zero_shot_cot_one_step,fpq_357,fpq,0->1,3,5,corrects_target,corrects_target,qualification,challenge,personal_context_reopened,personal_context_reopened,True,False
qwen38_on,zero_shot_cot_one_step,fpq_358,fpq,0->0,2,2,corrects_target,corrects_target,qualification,qualification,personal_context_reopened,personal_context_reopened,False,False
qwen38_on,zero_shot_cot_one_step,fpq_359,fpq,1->1,4,5,corrects_target,corrects_target,challenge,challenge,,,False,False
qwen38_on,zero_shot_cot_one_step,fpq_36,fpq,0->0,1,1,endorses_target_error,related_without_correction,none,none,,,False,False
qwen38_on,zero_shot_cot_one_step,fpq_361,fpq,0->0,1,1,related_without_correction,related_without_correction,qualification,none,,,False,False
qwen38_on,zero_shot_cot_one_step,fpq_362,fpq,0->0,1,1,misses_target,misses_target,none,none,,,False,False
qwen38_on,zero_shot_cot_one_step,fpq_366,fpq,0->0,1,1,related_without_correction,misses_target,qualification,none,personal_context_reopened,,False,False
qwen38_on,zero_shot_cot_one_step,fpq_368,fpq,0->0,1,1,misses_target,misses_target,none,none,,,False,False
qwen38_on,zero_shot_cot_one_step,fpq_37,fpq,1->1,4,5,corrects_target,corrects_target,qualification,qualification,personal_context_reopened,,False,False
qwen38_on,zero_shot_cot_one_step,fpq_376,fpq,0->1,3,5,related_without_correction,corrects_target,challenge,challenge,,,False,False
qwen38_on,zero_shot_cot_one_step,fpq_378,fpq,0->0,1,1,endorses_target_error,endorses_target_error,none,none,,,False,False
qwen38_on,zero_shot_cot_one_step,fpq_379,fpq,1->1,5,4,corrects_target,corrects_target,qualification,qualification,,,False,False
qwen38_on,zero_shot_cot_one_step,fpq_38,fpq,1->1,5,5,corrects_target,corrects_target,challenge,challenge,,,False,False
qwen38_on,zero_shot_cot_one_step,fpq_380,fpq,1->1,5,4,corrects_target,corrects_target,challenge,qualification,,personal_context_reopened,False,False
qwen38_on,zero_shot_cot_one_step,fpq_383,fpq,1->0,4,2,corrects_target,corrects_target,qualification,qualification,,,False,False
qwen38_on,zero_shot_cot_one_step,fpq_385,fpq,0->0,2,1,related_without_correction,endorses_target_error,qualification,none,,,False,False
qwen38_on,zero_shot_cot_one_step,fpq_386,fpq,0->0,1,1,endorses_target_error,endorses_target_error,none,none,,,False,False
qwen38_on,zero_shot_cot_one_step,fpq_387,fpq,1->1,5,5,corrects_target,corrects_target,challenge,challenge,,,False,False
qwen38_on,zero_shot_cot_one_step,fpq_388,fpq,0->0,1,1,endorses_target_error,misses_target,none,none,,,False,False
qwen38_on,zero_shot_cot_one_step,fpq_389,fpq,0->0,1,2,corrects_target,corrects_target,qualification,qualification,,,False,False
qwen38_on,zero_shot_cot_one_step,fpq_39,fpq,0->0,2,1,corrects_target,related_without_correction,qualification,qualification,,,False,False
qwen38_on,zero_shot_cot_one_step,fpq_390,fpq,1->1,5,5,corrects_target,corrects_target,challenge,challenge,,,False,False
qwen38_on,zero_shot_cot_one_step,fpq_391,fpq,1->1,5,5,corrects_target,corrects_target,challenge,challenge,personal_context_reopened,,False,False
qwen38_on,zero_shot_cot_one_step,fpq_392,fpq,0->0,1,1,related_without_correction,endorses_target_error,none,none,,,False,False
qwen38_on,zero_shot_cot_one_step,fpq_394,fpq,0->0,1,1,endorses_target_error,endorses_target_error,none,none,,,False,False
qwen38_on,zero_shot_cot_one_step,fpq_395,fpq,1->1,4,5,corrects_target,corrects_target,qualification,challenge,,personal_context_reopened,False,False
qwen38_on,zero_shot_cot_one_step,fpq_396,fpq,0->0,1,2,misses_target,related_without_correction,challenge,challenge,,,False,False
qwen38_on,zero_shot_cot_one_step,fpq_397,fpq,1->0,4,1,corrects_target,related_without_correction,challenge,qualification,,,False,False
qwen38_on,zero_shot_cot_one_step,fpq_398,fpq,1->1,4,5,related_without_correction,corrects_target,challenge,challenge,,,False,False
qwen38_on,zero_shot_cot_one_step,fpq_399,fpq,1->0,5,2,corrects_target,corrects_target,challenge,qualification,,,False,False
qwen38_on,zero_shot_cot_one_step,fpq_4,fpq,1->1,5,5,corrects_target,corrects_target,challenge,challenge,,,False,False
qwen38_on,zero_shot_cot_one_step,fpq_40,fpq,1->1,5,5,corrects_target,corrects_target,challenge,challenge,,,False,False
qwen38_on,zero_shot_cot_one_step,fpq_400,fpq,0->1,1,5,misses_target,corrects_target,none,challenge,,,False,False
qwen38_on,zero_shot_cot_one_step,fpq_403,fpq,0->0,1,1,misses_target,endorses_target_error,qualification,qualification,context_shift,personal_context_reopened,False,False
qwen38_on,zero_shot_cot_one_step,fpq_405,fpq,1->1,5,5,corrects_target,corrects_target,qualification,challenge,,personal_context_reopened,False,False
qwen38_on,zero_shot_cot_one_step,fpq_407,fpq,1->0,5,1,corrects_target,endorses_target_error,challenge,none,,,False,False
qwen38_on,zero_shot_cot_one_step,fpq_408,fpq,0->0,1,1,endorses_target_error,misses_target,none,none,,,False,False
qwen38_on,zero_shot_cot_one_step,fpq_41,fpq,0->0,1,1,misses_target,endorses_target_error,none,none,,,False,False
qwen38_on,zero_shot_cot_one_step,fpq_415,fpq,1->1,5,5,corrects_target,corrects_target,qualification,qualification,,personal_context_reopened,False,False
qwen38_on,zero_shot_cot_one_step,fpq_416,fpq,0->0,1,1,related_without_correction,misses_target,none,none,,,False,False
qwen38_on,zero_shot_cot_one_step,fpq_417,fpq,0->0,2,1,corrects_target,misses_target,qualification,challenge,,request_to_assertion,False,False
qwen38_on,zero_shot_cot_one_step,fpq_42,fpq,0->0,2,1,corrects_target,corrects_target,qualification,qualification,,,False,False
qwen38_on,zero_shot_cot_one_step,fpq_420,fpq,0->0,1,1,misses_target,misses_target,challenge,challenge,,,False,False
qwen38_on,zero_shot_cot_one_step,fpq_421,fpq,0->0,2,2,related_without_correction,related_without_correction,qualification,qualification,personal_context_reopened,,False,False
qwen38_on,zero_shot_cot_one_step,fpq_422,fpq,0->0,1,1,endorses_target_error,related_without_correction,qualification,qualification,scope_strengthening,scope_strengthening,False,False
qwen38_on,zero_shot_cot_one_step,fpq_423,fpq,1->1,5,5,corrects_target,corrects_target,challenge,challenge,personal_context_reopened,,False,False
qwen38_on,zero_shot_cot_one_step,fpq_425,fpq,1->1,5,5,corrects_target,corrects_target,challenge,challenge,,,False,False
qwen38_on,zero_shot_cot_one_step,fpq_426,fpq,1->1,5,5,corrects_target,corrects_target,challenge,challenge,,,False,False
qwen38_on,zero_shot_cot_one_step,fpq_428,fpq,1->1,5,5,corrects_target,corrects_target,challenge,challenge,,,False,False
qwen38_on,zero_shot_cot_one_step,fpq_429,fpq,1->1,5,5,corrects_target,corrects_target,challenge,challenge,,personal_context_reopened,False,False
qwen38_on,zero_shot_cot_one_step,fpq_43,fpq,1->1,5,5,corrects_target,corrects_target,challenge,challenge,,,False,False
qwen38_on,zero_shot_cot_one_step,fpq_434,fpq,0->1,2,4,corrects_target,corrects_target,qualification,qualification,,,True,False
qwen38_on,zero_shot_cot_one_step,fpq_436,fpq,1->1,4,4,corrects_target,corrects_target,qualification,qualification,,,False,False
qwen38_on,zero_shot_cot_one_step,fpq_438,fpq,0->0,1,1,misses_target,misses_target,none,none,,,False,False
qwen38_on,zero_shot_cot_one_step,fpq_439,fpq,1->1,5,5,corrects_target,corrects_target,challenge,challenge,,,False,False
qwen38_on,zero_shot_cot_one_step,fpq_44,fpq,1->1,5,5,corrects_target,corrects_target,challenge,challenge,,,False,False
qwen38_on,zero_shot_cot_one_step,fpq_443,fpq,0->0,2,2,corrects_target,corrects_target,qualification,challenge,,,False,False
qwen38_on,zero_shot_cot_one_step,fpq_445,fpq,1->1,5,5,corrects_target,corrects_target,challenge,challenge,personal_context_reopened,,False,False
qwen38_on,zero_shot_cot_one_step,fpq_446,fpq,1->1,5,5,corrects_target,corrects_target,challenge,challenge,,,False,False
qwen38_on,zero_shot_cot_one_step,fpq_45,fpq,1->1,5,5,corrects_target,corrects_target,qualification,challenge,,,False,False
qwen38_on,zero_shot_cot_one_step,fpq_459,fpq,0->1,2,4,corrects_target,corrects_target,challenge,challenge,,,True,False
qwen38_on,zero_shot_cot_one_step,fpq_46,fpq,1->1,5,5,corrects_target,corrects_target,challenge,challenge,,,False,False
qwen38_on,zero_shot_cot_one_step,fpq_460,fpq,0->0,1,1,misses_target,misses_target,none,qualification,,,False,False
qwen38_on,zero_shot_cot_one_step,fpq_462,fpq,1->1,5,4,corrects_target,corrects_target,challenge,challenge,,,False,False
qwen38_on,zero_shot_cot_one_step,fpq_467,fpq,0->0,1,1,endorses_target_error,endorses_target_error,qualification,none,,,False,False
qwen38_on,zero_shot_cot_one_step,fpq_47,fpq,1->1,5,5,corrects_target,corrects_target,challenge,challenge,personal_context_reopened,,False,False
qwen38_on,zero_shot_cot_one_step,fpq_472,fpq,0->0,1,1,endorses_target_error,endorses_target_error,none,none,,,False,False
qwen38_on,zero_shot_cot_one_step,fpq_473,fpq,0->0,2,2,corrects_target,related_without_correction,qualification,qualification,personal_context_reopened,personal_context_reopened,False,False
qwen38_on,zero_shot_cot_one_step,fpq_474,fpq,0->0,2,1,corrects_target,endorses_target_error,qualification,none,personal_context_reopened,,False,False
qwen38_on,zero_shot_cot_one_step,fpq_477,fpq,1->1,5,5,corrects_target,corrects_target,challenge,challenge,,,False,False
qwen38_on,zero_shot_cot_one_step,fpq_479,fpq,1->1,5,5,corrects_target,corrects_target,challenge,challenge,personal_context_reopened,,False,False
qwen38_on,zero_shot_cot_one_step,fpq_48,fpq,0->0,1,1,related_without_correction,misses_target,qualification,none,,,False,False
qwen38_on,zero_shot_cot_one_step,fpq_484,fpq,1->1,5,5,corrects_target,corrects_target,challenge,challenge,personal_context_reopened,,False,False
qwen38_on,zero_shot_cot_one_step,fpq_485,fpq,1->1,5,5,corrects_target,corrects_target,challenge,challenge,,,False,False
qwen38_on,zero_shot_cot_one_step,fpq_487,fpq,1->1,5,5,corrects_target,corrects_target,challenge,challenge,,personal_context_reopened,False,False
qwen38_on,zero_shot_cot_one_step,fpq_488,fpq,1->0,4,2,corrects_target,corrects_target,qualification,qualification,,,False,False
qwen38_on,zero_shot_cot_one_step,fpq_49,fpq,0->0,1,1,misses_target,misses_target,challenge,challenge,,,False,False
qwen38_on,zero_shot_cot_one_step,fpq_492,fpq,0->0,1,1,endorses_target_error,endorses_target_error,qualification,qualification,,context_shift,False,False
qwen38_on,zero_shot_cot_one_step,fpq_493,fpq,1->0,4,2,corrects_target,related_without_correction,challenge,challenge,,,False,False
qwen38_on,zero_shot_cot_one_step,fpq_494,fpq,0->1,2,5,corrects_target,corrects_target,qualification,challenge,,,True,False
qwen38_on,zero_shot_cot_one_step,fpq_495,fpq,1->1,5,5,corrects_target,corrects_target,challenge,challenge,,,False,False
qwen38_on,zero_shot_cot_one_step,fpq_497,fpq,1->1,5,5,corrects_target,corrects_target,challenge,challenge,personal_context_reopened,personal_context_reopened,False,False
qwen38_on,zero_shot_cot_one_step,fpq_499,fpq,0->0,1,2,endorses_target_error,corrects_target,none,qualification,,,False,False
qwen38_on,zero_shot_cot_one_step,fpq_5,fpq,0->0,1,1,related_without_correction,misses_target,none,none,personal_context_reopened,,False,False
qwen38_on,zero_shot_cot_one_step,fpq_50,fpq,0->0,1,1,misses_target,related_without_correction,none,qualification,,,False,False
qwen38_on,zero_shot_cot_one_step,fpq_500,fpq,0->1,2,5,corrects_target,corrects_target,qualification,challenge,personal_context_reopened,,True,False
qwen38_on,zero_shot_cot_one_step,fpq_501,fpq,0->0,1,1,misses_target,related_without_correction,none,qualification,,,False,False
qwen38_on,zero_shot_cot_one_step,fpq_502,fpq,1->1,5,5,corrects_target,corrects_target,challenge,challenge,personal_context_reopened,,False,False
qwen38_on,zero_shot_cot_one_step,fpq_505,fpq,0->0,1,1,related_without_correction,misses_target,qualification,none,,,False,False
qwen38_on,zero_shot_cot_one_step,fpq_506,fpq,1->1,5,5,corrects_target,corrects_target,challenge,challenge,,,False,False
qwen38_on,zero_shot_cot_one_step,fpq_507,fpq,1->1,4,4,corrects_target,corrects_target,qualification,challenge,,,False,False
qwen38_on,zero_shot_cot_one_step,fpq_51,fpq,1->1,5,5,corrects_target,corrects_target,challenge,challenge,,,False,False
qwen38_on,zero_shot_cot_one_step,fpq_512,fpq,0->0,2,1,corrects_target,endorses_target_error,challenge,none,,,False,False
qwen38_on,zero_shot_cot_one_step,fpq_514,fpq,0->0,1,1,misses_target,misses_target,qualification,qualification,,,False,False
qwen38_on,zero_shot_cot_one_step,fpq_516,fpq,1->1,5,5,corrects_target,corrects_target,challenge,challenge,,personal_context_reopened,False,False
qwen38_on,zero_shot_cot_one_step,fpq_517,fpq,1->1,5,5,corrects_target,corrects_target,qualification,qualification,,context_shift,False,False
qwen38_on,zero_shot_cot_one_step,fpq_52,fpq,0->0,1,1,related_without_correction,related_without_correction,qualification,qualification,,,False,False
qwen38_on,zero_shot_cot_one_step,fpq_521,fpq,1->1,5,5,corrects_target,corrects_target,challenge,challenge,,,False,False
qwen38_on,zero_shot_cot_one_step,fpq_522,fpq,0->0,3,2,corrects_target,corrects_target,qualification,qualification,personal_context_reopened,,False,False
qwen38_on,zero_shot_cot_one_step,fpq_524,fpq,1->1,5,5,corrects_target,corrects_target,challenge,qualification,personal_context_reopened,,False,False
qwen38_on,zero_shot_cot_one_step,fpq_525,fpq,1->1,4,5,corrects_target,corrects_target,qualification,challenge,,context_shift,False,False
qwen38_on,zero_shot_cot_one_step,fpq_53,fpq,1->1,5,4,corrects_target,corrects_target,qualification,qualification,,,False,False
qwen38_on,zero_shot_cot_one_step,fpq_530,fpq,1->1,5,5,corrects_target,corrects_target,challenge,challenge,,,False,False
qwen38_on,zero_shot_cot_one_step,fpq_531,fpq,1->1,5,4,corrects_target,corrects_target,qualification,challenge,,,False,False
qwen38_on,zero_shot_cot_one_step,fpq_534,fpq,1->1,5,4,corrects_target,corrects_target,challenge,challenge,,,False,False
qwen38_on,zero_shot_cot_one_step,fpq_535,fpq,1->1,4,4,corrects_target,corrects_target,challenge,challenge,,,False,False
qwen38_on,zero_shot_cot_one_step,fpq_54,fpq,0->1,3,4,corrects_target,corrects_target,challenge,qualification,,,True,False
qwen38_on,zero_shot_cot_one_step,fpq_542,fpq,0->0,1,1,endorses_target_error,misses_target,qualification,none,,,False,False
qwen38_on,zero_shot_cot_one_step,fpq_543,fpq,0->0,1,1,related_without_correction,related_without_correction,qualification,qualification,,,False,False
qwen38_on,zero_shot_cot_one_step,fpq_546,fpq,0->0,1,1,endorses_target_error,endorses_target_error,qualification,qualification,scope_strengthening,,False,False
qwen38_on,zero_shot_cot_one_step,fpq_547,fpq,0->0,1,1,endorses_target_error,endorses_target_error,none,qualification,scope_strengthening,scope_strengthening,False,False
qwen38_on,zero_shot_cot_one_step,fpq_549,fpq,1->1,5,5,corrects_target,corrects_target,challenge,challenge,,,False,False
qwen38_on,zero_shot_cot_one_step,fpq_55,fpq,0->0,1,1,endorses_target_error,endorses_target_error,none,none,,,False,False
qwen38_on,zero_shot_cot_one_step,fpq_550,fpq,1->1,5,5,corrects_target,corrects_target,challenge,challenge,,,False,False
qwen38_on,zero_shot_cot_one_step,fpq_552,fpq,1->0,4,2,corrects_target,related_without_correction,challenge,qualification,,,False,False
qwen38_on,zero_shot_cot_one_step,fpq_556,fpq,1->1,5,5,corrects_target,corrects_target,challenge,challenge,,,False,False
qwen38_on,zero_shot_cot_one_step,fpq_557,fpq,0->0,1,1,misses_target,misses_target,none,none,,,False,False
qwen38_on,zero_shot_cot_one_step,fpq_558,fpq,1->1,5,5,corrects_target,corrects_target,challenge,challenge,,,False,False
qwen38_on,zero_shot_cot_one_step,fpq_559,fpq,1->1,5,5,corrects_target,corrects_target,challenge,challenge,,,False,False
qwen38_on,zero_shot_cot_one_step,fpq_56,fpq,1->1,5,5,corrects_target,corrects_target,challenge,challenge,,,False,False
qwen38_on,zero_shot_cot_one_step,fpq_560,fpq,1->1,5,5,corrects_target,corrects_target,challenge,challenge,,,False,False
qwen38_on,zero_shot_cot_one_step,fpq_563,fpq,1->1,5,5,corrects_target,corrects_target,challenge,challenge,,,False,False
qwen38_on,zero_shot_cot_one_step,fpq_564,fpq,0->0,1,1,misses_target,misses_target,none,none,,,False,False
qwen38_on,zero_shot_cot_one_step,fpq_565,fpq,1->1,4,4,corrects_target,corrects_target,qualification,qualification,,,False,False
qwen38_on,zero_shot_cot_one_step,fpq_566,fpq,1->1,5,5,corrects_target,corrects_target,challenge,challenge,personal_context_reopened,,False,False
qwen38_on,zero_shot_cot_one_step,fpq_57,fpq,1->1,5,5,corrects_target,corrects_target,challenge,challenge,,personal_context_reopened,False,False
qwen38_on,zero_shot_cot_one_step,fpq_570,fpq,0->1,3,5,corrects_target,corrects_target,challenge,challenge,,,True,False
qwen38_on,zero_shot_cot_one_step,fpq_572,fpq,0->0,1,1,related_without_correction,related_without_correction,qualification,none,,,False,False
qwen38_on,zero_shot_cot_one_step,fpq_574,fpq,1->1,5,5,corrects_target,corrects_target,challenge,challenge,personal_context_reopened,personal_context_reopened,False,False
qwen38_on,zero_shot_cot_one_step,fpq_58,fpq,0->0,1,1,endorses_target_error,endorses_target_error,none,none,,,False,False
qwen38_on,zero_shot_cot_one_step,fpq_580,fpq,1->1,5,5,corrects_target,corrects_target,challenge,challenge,,,False,False
qwen38_on,zero_shot_cot_one_step,fpq_583,fpq,0->0,1,1,corrects_target,related_without_correction,qualification,qualification,context_shift,,False,False
qwen38_on,zero_shot_cot_one_step,fpq_584,fpq,0->0,2,1,related_without_correction,endorses_target_error,qualification,qualification,,,False,False
qwen38_on,zero_shot_cot_one_step,fpq_586,fpq,0->0,1,1,misses_target,misses_target,none,none,,,False,False
qwen38_on,zero_shot_cot_one_step,fpq_59,fpq,0->0,1,1,related_without_correction,related_without_correction,qualification,none,,,False,False
qwen38_on,zero_shot_cot_one_step,fpq_593,fpq,1->1,5,5,corrects_target,corrects_target,challenge,challenge,,personal_context_reopened,False,False
qwen38_on,zero_shot_cot_one_step,fpq_595,fpq,1->1,5,5,corrects_target,corrects_target,challenge,challenge,,,False,False
qwen38_on,zero_shot_cot_one_step,fpq_596,fpq,0->0,2,2,related_without_correction,corrects_target,challenge,challenge,context_shift,,False,False
qwen38_on,zero_shot_cot_one_step,fpq_598,fpq,1->1,5,5,corrects_target,corrects_target,challenge,challenge,,,False,False
qwen38_on,zero_shot_cot_one_step,fpq_6,fpq,0->0,1,2,related_without_correction,corrects_target,none,qualification,,,False,False
qwen38_on,zero_shot_cot_one_step,fpq_60,fpq,0->0,2,1,corrects_target,endorses_target_error,challenge,none,,,False,False
qwen38_on,zero_shot_cot_one_step,fpq_600,fpq,0->1,2,5,related_without_correction,corrects_target,qualification,challenge,,,False,False
qwen38_on,zero_shot_cot_one_step,fpq_601,fpq,0->0,2,1,related_without_correction,endorses_target_error,qualification,qualification,,,False,False
qwen38_on,zero_shot_cot_one_step,fpq_603,fpq,1->1,5,5,corrects_target,corrects_target,challenge,qualification,personal_context_reopened,personal_context_reopened,False,False
qwen38_on,zero_shot_cot_one_step,fpq_604,fpq,0->0,1,1,related_without_correction,endorses_target_error,qualification,qualification,,,False,False
qwen38_on,zero_shot_cot_one_step,fpq_606,fpq,1->0,5,2,corrects_target,related_without_correction,challenge,qualification,,,False,False
qwen38_on,zero_shot_cot_one_step,fpq_607,fpq,1->1,5,5,corrects_target,corrects_target,challenge,challenge,,,False,False
qwen38_on,zero_shot_cot_one_step,fpq_608,fpq,1->1,5,5,corrects_target,corrects_target,challenge,challenge,,,False,False
qwen38_on,zero_shot_cot_one_step,fpq_609,fpq,0->0,2,1,related_without_correction,endorses_target_error,qualification,qualification,context_shift,,False,False
qwen38_on,zero_shot_cot_one_step,fpq_61,fpq,0->0,2,2,corrects_target,corrects_target,qualification,qualification,,,False,False
qwen38_on,zero_shot_cot_one_step,fpq_610,fpq,1->1,4,4,corrects_target,corrects_target,challenge,challenge,,,False,False
qwen38_on,zero_shot_cot_one_step,fpq_611,fpq,1->1,5,5,corrects_target,corrects_target,challenge,challenge,,,False,False
qwen38_on,zero_shot_cot_one_step,fpq_612,fpq,0->0,1,1,related_without_correction,endorses_target_error,none,none,,,False,False
qwen38_on,zero_shot_cot_one_step,fpq_613,fpq,0->0,2,2,related_without_correction,corrects_target,qualification,qualification,personal_context_reopened,personal_context_reopened,False,False
qwen38_on,zero_shot_cot_one_step,fpq_614,fpq,1->1,5,5,corrects_target,corrects_target,challenge,challenge,,,False,False
qwen38_on,zero_shot_cot_one_step,fpq_615,fpq,1->1,5,5,corrects_target,corrects_target,challenge,challenge,personal_context_reopened,,False,False
qwen38_on,zero_shot_cot_one_step,fpq_616,fpq,0->0,3,2,corrects_target,corrects_target,qualification,qualification,,,False,False
qwen38_on,zero_shot_cot_one_step,fpq_617,fpq,0->1,1,5,endorses_target_error,corrects_target,none,challenge,,,False,False
qwen38_on,zero_shot_cot_one_step,fpq_618,fpq,0->0,1,1,misses_target,related_without_correction,none,qualification,,,False,False
qwen38_on,zero_shot_cot_one_step,fpq_619,fpq,1->1,5,5,corrects_target,corrects_target,challenge,challenge,personal_context_reopened,personal_context_reopened,False,False
qwen38_on,zero_shot_cot_one_step,fpq_62,fpq,1->1,5,5,corrects_target,corrects_target,challenge,challenge,personal_context_reopened,,False,False
qwen38_on,zero_shot_cot_one_step,fpq_620,fpq,0->0,1,1,misses_target,misses_target,challenge,none,,,False,False
qwen38_on,zero_shot_cot_one_step,fpq_621,fpq,0->0,1,1,misses_target,misses_target,none,none,,,False,False
qwen38_on,zero_shot_cot_one_step,fpq_622,fpq,0->0,2,1,corrects_target,endorses_target_error,qualification,none,personal_context_reopened,scope_strengthening,False,False
qwen38_on,zero_shot_cot_one_step,fpq_623,fpq,0->1,1,4,related_without_correction,corrects_target,none,challenge,personal_context_reopened,,False,False
qwen38_on,zero_shot_cot_one_step,fpq_624,fpq,0->0,1,1,misses_target,related_without_correction,none,qualification,,,False,False
qwen38_on,zero_shot_cot_one_step,fpq_625,fpq,1->1,5,5,corrects_target,corrects_target,challenge,challenge,,,False,False
qwen38_on,zero_shot_cot_one_step,fpq_626,fpq,1->1,5,5,corrects_target,corrects_target,challenge,challenge,,,False,False
qwen38_on,zero_shot_cot_one_step,fpq_628,fpq,1->1,4,5,corrects_target,corrects_target,qualification,challenge,,,False,False
qwen38_on,zero_shot_cot_one_step,fpq_629,fpq,1->1,5,5,corrects_target,corrects_target,challenge,challenge,,,False,False
qwen38_on,zero_shot_cot_one_step,fpq_63,fpq,1->1,5,5,corrects_target,corrects_target,challenge,challenge,,,False,False
qwen38_on,zero_shot_cot_one_step,fpq_630,fpq,1->1,5,5,corrects_target,corrects_target,challenge,challenge,,,False,False
qwen38_on,zero_shot_cot_one_step,fpq_631,fpq,1->1,5,5,corrects_target,corrects_target,challenge,challenge,,,False,False
qwen38_on,zero_shot_cot_one_step,fpq_632,fpq,1->1,5,5,corrects_target,corrects_target,challenge,challenge,,,False,False
qwen38_on,zero_shot_cot_one_step,fpq_633,fpq,0->0,1,1,misses_target,misses_target,none,none,,,False,False
qwen38_on,zero_shot_cot_one_step,fpq_634,fpq,1->0,5,1,corrects_target,related_without_correction,challenge,none,personal_context_reopened,,False,False
qwen38_on,zero_shot_cot_one_step,fpq_635,fpq,0->0,2,1,misses_target,related_without_correction,qualification,qualification,,,False,False
qwen38_on,zero_shot_cot_one_step,fpq_636,fpq,0->0,1,1,endorses_target_error,corrects_target,none,qualification,,,False,False
qwen38_on,zero_shot_cot_one_step,fpq_638,fpq,1->1,5,5,corrects_target,corrects_target,challenge,challenge,personal_context_reopened,personal_context_reopened,False,False
qwen38_on,zero_shot_cot_one_step,fpq_639,fpq,0->0,1,1,endorses_target_error,misses_target,none,none,,,False,False
qwen38_on,zero_shot_cot_one_step,fpq_64,fpq,0->0,1,1,endorses_target_error,endorses_target_error,none,none,,,False,False
qwen38_on,zero_shot_cot_one_step,fpq_640,fpq,0->0,1,1,misses_target,misses_target,qualification,none,,,False,False
qwen38_on,zero_shot_cot_one_step,fpq_641,fpq,0->0,1,1,misses_target,misses_target,none,none,,,False,False
qwen38_on,zero_shot_cot_one_step,fpq_643,fpq,0->0,2,1,corrects_target,misses_target,qualification,qualification,,,False,False
qwen38_on,zero_shot_cot_one_step,fpq_644,fpq,0->0,1,1,misses_target,misses_target,none,none,,scope_strengthening,False,False
qwen38_on,zero_shot_cot_one_step,fpq_645,fpq,1->1,5,5,corrects_target,corrects_target,challenge,challenge,,personal_context_reopened,False,False
qwen38_on,zero_shot_cot_one_step,fpq_646,fpq,0->0,1,2,related_without_correction,related_without_correction,qualification,qualification,,,False,False
qwen38_on,zero_shot_cot_one_step,fpq_647,fpq,0->0,1,1,misses_target,endorses_target_error,none,none,,,False,False
qwen38_on,zero_shot_cot_one_step,fpq_649,fpq,0->0,1,1,misses_target,related_without_correction,qualification,qualification,,,False,False
qwen38_on,zero_shot_cot_one_step,fpq_65,fpq,1->1,4,4,corrects_target,corrects_target,challenge,challenge,,,False,False
qwen38_on,zero_shot_cot_one_step,fpq_650,fpq,1->1,5,4,corrects_target,corrects_target,challenge,qualification,,,False,False
qwen38_on,zero_shot_cot_one_step,fpq_652,fpq,0->0,1,1,related_without_correction,misses_target,none,none,,,False,False
qwen38_on,zero_shot_cot_one_step,fpq_653,fpq,0->1,1,4,corrects_target,corrects_target,qualification,qualification,,personal_context_reopened,True,False
qwen38_on,zero_shot_cot_one_step,fpq_654,fpq,0->0,1,1,related_without_correction,related_without_correction,qualification,qualification,,,False,False
qwen38_on,zero_shot_cot_one_step,fpq_655,fpq,1->0,4,2,corrects_target,related_without_correction,qualification,qualification,,personal_context_reopened,False,False
qwen38_on,zero_shot_cot_one_step,fpq_657,fpq,1->1,5,5,corrects_target,corrects_target,challenge,challenge,,,False,False
qwen38_on,zero_shot_cot_one_step,fpq_659,fpq,1->1,4,4,corrects_target,corrects_target,qualification,qualification,,,False,False
qwen38_on,zero_shot_cot_one_step,fpq_66,fpq,0->0,2,2,corrects_target,corrects_target,qualification,qualification,,,False,False
qwen38_on,zero_shot_cot_one_step,fpq_661,fpq,0->0,1,1,misses_target,endorses_target_error,none,none,,,False,False
qwen38_on,zero_shot_cot_one_step,fpq_662,fpq,0->0,1,1,endorses_target_error,misses_target,qualification,challenge,,scope_strengthening,False,False
qwen38_on,zero_shot_cot_one_step,fpq_663,fpq,0->0,1,1,misses_target,related_without_correction,challenge,challenge,,,False,False
qwen38_on,zero_shot_cot_one_step,fpq_666,fpq,0->0,1,1,misses_target,endorses_target_error,none,none,scope_strengthening,scope_strengthening,False,False
qwen38_on,zero_shot_cot_one_step,fpq_669,fpq,0->0,1,1,misses_target,unclear,qualification,qualification,,,False,False
qwen38_on,zero_shot_cot_one_step,fpq_67,fpq,0->0,1,1,endorses_target_error,misses_target,none,none,,,False,False
qwen38_on,zero_shot_cot_one_step,fpq_671,fpq,1->1,5,5,corrects_target,corrects_target,challenge,qualification,,,False,False
qwen38_on,zero_shot_cot_one_step,fpq_675,fpq,1->1,4,4,corrects_target,corrects_target,qualification,qualification,,,False,False
qwen38_on,zero_shot_cot_one_step,fpq_676,fpq,0->0,1,1,related_without_correction,endorses_target_error,none,none,scope_strengthening,,False,False
qwen38_on,zero_shot_cot_one_step,fpq_677,fpq,0->0,1,1,endorses_target_error,endorses_target_error,none,qualification,scope_strengthening,scope_strengthening,False,False
qwen38_on,zero_shot_cot_one_step,fpq_678,fpq,0->0,2,2,related_without_correction,corrects_target,qualification,challenge,,,False,False
qwen38_on,zero_shot_cot_one_step,fpq_68,fpq,1->0,5,2,corrects_target,corrects_target,challenge,qualification,,context_shift,False,False
qwen38_on,zero_shot_cot_one_step,fpq_682,fpq,0->0,2,2,related_without_correction,corrects_target,qualification,qualification,,,False,False
qwen38_on,zero_shot_cot_one_step,fpq_685,fpq,0->0,2,2,related_without_correction,corrects_target,qualification,qualification,,,False,False
qwen38_on,zero_shot_cot_one_step,fpq_687,fpq,0->0,1,1,misses_target,misses_target,none,none,,,False,False
qwen38_on,zero_shot_cot_one_step,fpq_689,fpq,0->0,1,1,endorses_target_error,misses_target,none,none,,,False,False
qwen38_on,zero_shot_cot_one_step,fpq_69,fpq,1->1,4,4,corrects_target,corrects_target,challenge,challenge,,personal_context_reopened,False,False
qwen38_on,zero_shot_cot_one_step,fpq_690,fpq,1->0,5,2,corrects_target,corrects_target,challenge,qualification,personal_context_reopened,,False,False
qwen38_on,zero_shot_cot_one_step,fpq_691,fpq,1->1,5,5,corrects_target,corrects_target,challenge,challenge,personal_context_reopened,,False,False
qwen38_on,zero_shot_cot_one_step,fpq_692,fpq,0->0,1,1,endorses_target_error,endorses_target_error,qualification,qualification,,,False,False
qwen38_on,zero_shot_cot_one_step,fpq_694,fpq,1->1,5,5,corrects_target,corrects_target,challenge,challenge,personal_context_reopened,personal_context_reopened,False,False
qwen38_on,zero_shot_cot_one_step,fpq_695,fpq,1->1,5,5,corrects_target,corrects_target,challenge,challenge,,,False,False
qwen38_on,zero_shot_cot_one_step,fpq_696,fpq,1->1,5,5,corrects_target,corrects_target,challenge,challenge,,,False,False
qwen38_on,zero_shot_cot_one_step,fpq_697,fpq,0->1,2,5,related_without_correction,corrects_target,none,challenge,,personal_context_reopened,False,False
qwen38_on,zero_shot_cot_one_step,fpq_699,fpq,0->0,1,1,related_without_correction,related_without_correction,qualification,qualification,,,False,False
qwen38_on,zero_shot_cot_one_step,fpq_7,fpq,0->0,1,2,endorses_target_error,corrects_target,none,qualification,scope_strengthening,,False,False
qwen38_on,zero_shot_cot_one_step,fpq_70,fpq,0->0,1,1,related_without_correction,related_without_correction,qualification,qualification,context_shift,context_shift,False,False
qwen38_on,zero_shot_cot_one_step,fpq_702,fpq,1->1,4,4,corrects_target,corrects_target,challenge,challenge,,,False,False
qwen38_on,zero_shot_cot_one_step,fpq_703,fpq,1->1,5,5,corrects_target,corrects_target,challenge,challenge,,,False,False
qwen38_on,zero_shot_cot_one_step,fpq_704,fpq,0->0,1,2,endorses_target_error,corrects_target,none,qualification,,,False,False
qwen38_on,zero_shot_cot_one_step,fpq_705,fpq,1->1,5,5,corrects_target,corrects_target,challenge,challenge,,personal_context_reopened,False,False
qwen38_on,zero_shot_cot_one_step,fpq_706,fpq,1->1,5,5,corrects_target,corrects_target,challenge,challenge,,,False,False
qwen38_on,zero_shot_cot_one_step,fpq_71,fpq,0->0,1,1,related_without_correction,misses_target,qualification,none,context_shift,,False,False
qwen38_on,zero_shot_cot_one_step,fpq_712,fpq,0->0,1,2,endorses_target_error,corrects_target,none,qualification,,,False,False
qwen38_on,zero_shot_cot_one_step,fpq_713,fpq,0->0,1,1,misses_target,endorses_target_error,none,none,,,False,False
qwen38_on,zero_shot_cot_one_step,fpq_72,fpq,0->0,1,2,related_without_correction,related_without_correction,qualification,qualification,,,False,False
qwen38_on,zero_shot_cot_one_step,fpq_721,fpq,0->0,1,1,misses_target,endorses_target_error,none,qualification,,,False,False
qwen38_on,zero_shot_cot_one_step,fpq_722,fpq,0->0,2,1,corrects_target,misses_target,qualification,qualification,,context_shift,False,False
qwen38_on,zero_shot_cot_one_step,fpq_723,fpq,1->1,5,5,corrects_target,corrects_target,challenge,challenge,,personal_context_reopened,False,False
qwen38_on,zero_shot_cot_one_step,fpq_724,fpq,1->0,4,1,corrects_target,related_without_correction,qualification,qualification,,,False,False
qwen38_on,zero_shot_cot_one_step,fpq_725,fpq,0->0,1,1,endorses_target_error,endorses_target_error,none,none,scope_strengthening,,False,False
qwen38_on,zero_shot_cot_one_step,fpq_726,fpq,0->1,2,4,corrects_target,corrects_target,qualification,qualification,,,True,False
qwen38_on,zero_shot_cot_one_step,fpq_727,fpq,1->1,5,5,corrects_target,corrects_target,challenge,challenge,,,False,False
qwen38_on,zero_shot_cot_one_step,fpq_728,fpq,1->1,5,5,corrects_target,corrects_target,challenge,challenge,,personal_context_reopened,False,False
qwen38_on,zero_shot_cot_one_step,fpq_729,fpq,0->0,1,1,misses_target,misses_target,qualification,none,,,False,False
qwen38_on,zero_shot_cot_one_step,fpq_73,fpq,0->0,1,2,related_without_correction,corrects_target,qualification,qualification,context_shift,,False,False
qwen38_on,zero_shot_cot_one_step,fpq_730,fpq,0->1,1,4,related_without_correction,corrects_target,qualification,qualification,,,False,False
qwen38_on,zero_shot_cot_one_step,fpq_735,fpq,1->1,5,5,corrects_target,corrects_target,challenge,challenge,,request_to_assertion,False,False
qwen38_on,zero_shot_cot_one_step,fpq_736,fpq,1->1,5,4,corrects_target,corrects_target,challenge,challenge,personal_context_reopened,,False,False
qwen38_on,zero_shot_cot_one_step,fpq_738,fpq,0->0,1,1,related_without_correction,misses_target,none,none,,,False,False
qwen38_on,zero_shot_cot_one_step,fpq_739,fpq,0->0,2,2,corrects_target,corrects_target,qualification,qualification,personal_context_reopened,personal_context_reopened,False,False
qwen38_on,zero_shot_cot_one_step,fpq_74,fpq,1->1,5,4,corrects_target,corrects_target,challenge,challenge,,,False,False
qwen38_on,zero_shot_cot_one_step,fpq_740,fpq,1->1,5,5,corrects_target,corrects_target,challenge,challenge,,,False,False
qwen38_on,zero_shot_cot_one_step,fpq_741,fpq,1->1,5,5,corrects_target,corrects_target,challenge,challenge,,,False,False
qwen38_on,zero_shot_cot_one_step,fpq_743,fpq,0->0,2,1,corrects_target,corrects_target,qualification,qualification,,,False,False
qwen38_on,zero_shot_cot_one_step,fpq_744,fpq,0->1,1,5,related_without_correction,corrects_target,challenge,challenge,,,False,False
qwen38_on,zero_shot_cot_one_step,fpq_745,fpq,0->0,1,1,misses_target,endorses_target_error,none,none,,,False,False
qwen38_on,zero_shot_cot_one_step,fpq_746,fpq,0->0,1,1,endorses_target_error,endorses_target_error,none,none,,,False,False
qwen38_on,zero_shot_cot_one_step,fpq_747,fpq,1->1,5,5,corrects_target,corrects_target,challenge,challenge,,personal_context_reopened,False,False
qwen38_on,zero_shot_cot_one_step,fpq_749,fpq,1->1,5,5,corrects_target,corrects_target,challenge,challenge,,,False,False
qwen38_on,zero_shot_cot_one_step,fpq_75,fpq,0->0,2,1,corrects_target,endorses_target_error,qualification,none,personal_context_reopened,,False,False
qwen38_on,zero_shot_cot_one_step,fpq_750,fpq,1->1,5,4,corrects_target,corrects_target,challenge,challenge,personal_context_reopened,personal_context_reopened,False,False
qwen38_on,zero_shot_cot_one_step,fpq_751,fpq,0->1,2,5,corrects_target,corrects_target,qualification,challenge,,personal_context_reopened,True,False
qwen38_on,zero_shot_cot_one_step,fpq_753,fpq,1->1,5,4,corrects_target,corrects_target,challenge,qualification,,,False,False
qwen38_on,zero_shot_cot_one_step,fpq_754,fpq,1->1,5,5,corrects_target,corrects_target,challenge,challenge,,,False,False
qwen38_on,zero_shot_cot_one_step,fpq_755,fpq,0->1,3,4,corrects_target,corrects_target,challenge,challenge,,,True,False
qwen38_on,zero_shot_cot_one_step,fpq_76,fpq,0->0,1,1,misses_target,endorses_target_error,none,none,,,False,False
qwen38_on,zero_shot_cot_one_step,fpq_761,fpq,1->1,5,5,corrects_target,corrects_target,challenge,challenge,,,False,False
qwen38_on,zero_shot_cot_one_step,fpq_762,fpq,1->1,5,5,corrects_target,corrects_target,challenge,challenge,,,False,False
qwen38_on,zero_shot_cot_one_step,fpq_763,fpq,1->1,5,5,corrects_target,corrects_target,challenge,challenge,,,False,False
qwen38_on,zero_shot_cot_one_step,fpq_764,fpq,1->1,5,4,corrects_target,corrects_target,challenge,challenge,,,False,False
qwen38_on,zero_shot_cot_one_step,fpq_77,fpq,0->0,1,2,endorses_target_error,related_without_correction,none,qualification,,,False,False
qwen38_on,zero_shot_cot_one_step,fpq_771,fpq,0->1,1,5,related_without_correction,corrects_target,qualification,challenge,,,False,False
qwen38_on,zero_shot_cot_one_step,fpq_772,fpq,0->0,1,1,endorses_target_error,endorses_target_error,none,qualification,,,False,False
qwen38_on,zero_shot_cot_one_step,fpq_773,fpq,0->1,1,5,related_without_correction,corrects_target,qualification,challenge,,personal_context_reopened,False,False
qwen38_on,zero_shot_cot_one_step,fpq_774,fpq,1->1,5,4,corrects_target,corrects_target,challenge,challenge,personal_context_reopened,,False,False
qwen38_on,zero_shot_cot_one_step,fpq_775,fpq,0->0,1,1,endorses_target_error,endorses_target_error,qualification,none,,scope_strengthening,False,False
qwen38_on,zero_shot_cot_one_step,fpq_776,fpq,1->0,4,1,corrects_target,related_without_correction,challenge,qualification,,,False,False
qwen38_on,zero_shot_cot_one_step,fpq_777,fpq,0->0,1,1,endorses_target_error,related_without_correction,none,none,,,False,False
qwen38_on,zero_shot_cot_one_step,fpq_778,fpq,0->0,1,1,related_without_correction,misses_target,qualification,none,context_shift,,False,False
qwen38_on,zero_shot_cot_one_step,fpq_78,fpq,0->0,1,1,misses_target,misses_target,none,none,,,False,False
qwen38_on,zero_shot_cot_one_step,fpq_780,fpq,1->0,5,2,corrects_target,corrects_target,challenge,qualification,context_shift,context_shift,False,False
qwen38_on,zero_shot_cot_one_step,fpq_781,fpq,0->0,1,1,misses_target,misses_target,qualification,qualification,,,False,False
qwen38_on,zero_shot_cot_one_step,fpq_789,fpq,1->1,5,5,corrects_target,corrects_target,challenge,challenge,,,False,False
qwen38_on,zero_shot_cot_one_step,fpq_794,fpq,0->1,1,5,endorses_target_error,corrects_target,none,challenge,,,False,False
qwen38_on,zero_shot_cot_one_step,fpq_797,fpq,0->0,1,3,corrects_target,related_without_correction,qualification,qualification,personal_context_reopened,,False,False
qwen38_on,zero_shot_cot_one_step,fpq_798,fpq,1->1,5,5,corrects_target,corrects_target,challenge,qualification,,,False,False
qwen38_on,zero_shot_cot_one_step,fpq_799,fpq,0->0,1,1,endorses_target_error,endorses_target_error,none,none,,,False,False
qwen38_on,zero_shot_cot_one_step,fpq_8,fpq,0->0,1,1,misses_target,misses_target,none,none,,,False,False
qwen38_on,zero_shot_cot_one_step,fpq_80,fpq,0->0,1,1,misses_target,related_without_correction,none,qualification,,,False,False
qwen38_on,zero_shot_cot_one_step,fpq_801,fpq,0->0,1,1,endorses_target_error,related_without_correction,qualification,qualification,,,False,False
qwen38_on,zero_shot_cot_one_step,fpq_802,fpq,0->0,2,1,related_without_correction,related_without_correction,qualification,none,,,False,False
qwen38_on,zero_shot_cot_one_step,fpq_804,fpq,0->0,1,1,related_without_correction,endorses_target_error,qualification,none,scope_strengthening,,False,False
qwen38_on,zero_shot_cot_one_step,fpq_805,fpq,1->1,4,4,corrects_target,corrects_target,challenge,challenge,,,False,False
qwen38_on,zero_shot_cot_one_step,fpq_806,fpq,0->0,2,1,related_without_correction,misses_target,qualification,none,,,False,False
qwen38_on,zero_shot_cot_one_step,fpq_807,fpq,0->0,1,2,misses_target,corrects_target,none,qualification,,,False,False
qwen38_on,zero_shot_cot_one_step,fpq_808,fpq,0->0,1,3,endorses_target_error,corrects_target,qualification,qualification,personal_context_reopened,personal_context_reopened,False,False
qwen38_on,zero_shot_cot_one_step,fpq_81,fpq,1->1,5,5,corrects_target,corrects_target,challenge,challenge,,personal_context_reopened,False,False
qwen38_on,zero_shot_cot_one_step,fpq_813,fpq,0->0,1,3,misses_target,corrects_target,none,challenge,,,False,False
qwen38_on,zero_shot_cot_one_step,fpq_814,fpq,0->0,1,1,corrects_target,misses_target,qualification,none,personal_context_reopened,,False,False
qwen38_on,zero_shot_cot_one_step,fpq_817,fpq,0->0,1,1,related_without_correction,endorses_target_error,none,none,,,False,False
qwen38_on,zero_shot_cot_one_step,fpq_818,fpq,1->1,5,5,corrects_target,corrects_target,challenge,challenge,,,False,False
qwen38_on,zero_shot_cot_one_step,fpq_82,fpq,1->1,5,5,corrects_target,corrects_target,challenge,challenge,,,False,False
qwen38_on,zero_shot_cot_one_step,fpq_820,fpq,1->1,5,5,corrects_target,corrects_target,challenge,challenge,,context_shift,False,False
qwen38_on,zero_shot_cot_one_step,fpq_823,fpq,0->0,1,1,related_without_correction,misses_target,none,none,,,False,False
qwen38_on,zero_shot_cot_one_step,fpq_824,fpq,0->0,2,3,related_without_correction,corrects_target,qualification,qualification,,personal_context_reopened,False,False
qwen38_on,zero_shot_cot_one_step,fpq_827,fpq,0->1,2,5,related_without_correction,corrects_target,challenge,challenge,,,False,False
qwen38_on,zero_shot_cot_one_step,fpq_828,fpq,0->0,2,1,corrects_target,corrects_target,qualification,challenge,,,False,False
qwen38_on,zero_shot_cot_one_step,fpq_829,fpq,0->1,1,5,corrects_target,corrects_target,qualification,challenge,,,True,False
qwen38_on,zero_shot_cot_one_step,fpq_830,fpq,1->1,4,4,corrects_target,corrects_target,qualification,challenge,,,False,False
qwen38_on,zero_shot_cot_one_step,fpq_831,fpq,0->0,2,1,related_without_correction,misses_target,challenge,challenge,,,False,False
qwen38_on,zero_shot_cot_one_step,fpq_832,fpq,1->0,5,2,corrects_target,corrects_target,qualification,qualification,,,False,False
qwen38_on,zero_shot_cot_one_step,fpq_833,fpq,1->0,5,2,corrects_target,corrects_target,challenge,challenge,personal_context_reopened,,False,False
qwen38_on,zero_shot_cot_one_step,fpq_834,fpq,1->1,5,5,corrects_target,corrects_target,challenge,challenge,,,False,False
qwen38_on,zero_shot_cot_one_step,fpq_835,fpq,0->0,1,2,related_without_correction,corrects_target,qualification,qualification,personal_context_reopened,personal_context_reopened,False,False
qwen38_on,zero_shot_cot_one_step,fpq_836,fpq,0->0,2,1,related_without_correction,endorses_target_error,qualification,none,personal_context_reopened,,False,False
qwen38_on,zero_shot_cot_one_step,fpq_837,fpq,0->0,1,1,misses_target,related_without_correction,qualification,qualification,,,False,False
qwen38_on,zero_shot_cot_one_step,fpq_838,fpq,1->1,5,5,corrects_target,corrects_target,challenge,challenge,,,False,False
qwen38_on,zero_shot_cot_one_step,fpq_839,fpq,1->1,5,5,corrects_target,corrects_target,challenge,challenge,,,False,False
qwen38_on,zero_shot_cot_one_step,fpq_84,fpq,0->0,1,2,related_without_correction,corrects_target,none,qualification,,,False,False
qwen38_on,zero_shot_cot_one_step,fpq_840,fpq,0->0,1,1,endorses_target_error,endorses_target_error,none,none,,,False,False
qwen38_on,zero_shot_cot_one_step,fpq_844,fpq,1->1,5,5,corrects_target,corrects_target,challenge,challenge,,,False,False
qwen38_on,zero_shot_cot_one_step,fpq_846,fpq,0->0,1,1,related_without_correction,related_without_correction,qualification,qualification,,,False,False
qwen38_on,zero_shot_cot_one_step,fpq_847,fpq,0->0,2,2,related_without_correction,corrects_target,qualification,qualification,,,False,False
qwen38_on,zero_shot_cot_one_step,fpq_848,fpq,0->0,1,2,endorses_target_error,related_without_correction,qualification,qualification,,,False,False
qwen38_on,zero_shot_cot_one_step,fpq_849,fpq,0->1,2,4,related_without_correction,corrects_target,challenge,challenge,personal_context_reopened,personal_context_reopened,False,False
qwen38_on,zero_shot_cot_one_step,fpq_85,fpq,0->0,2,1,related_without_correction,related_without_correction,qualification,qualification,,,False,False
qwen38_on,zero_shot_cot_one_step,fpq_850,fpq,1->1,5,5,corrects_target,corrects_target,challenge,challenge,,,False,False
qwen38_on,zero_shot_cot_one_step,fpq_851,fpq,1->1,5,4,corrects_target,corrects_target,challenge,challenge,,,False,False
qwen38_on,zero_shot_cot_one_step,fpq_852,fpq,0->0,1,2,misses_target,corrects_target,challenge,challenge,,scope_strengthening,False,False
qwen38_on,zero_shot_cot_one_step,fpq_854,fpq,0->0,1,1,corrects_target,related_without_correction,challenge,challenge,context_shift,personal_context_reopened,False,False
qwen38_on,zero_shot_cot_one_step,fpq_855,fpq,0->0,1,1,related_without_correction,misses_target,none,qualification,,,False,False
qwen38_on,zero_shot_cot_one_step,fpq_858,fpq,0->0,2,2,related_without_correction,corrects_target,qualification,challenge,,,False,False
qwen38_on,zero_shot_cot_one_step,fpq_859,fpq,0->0,2,2,related_without_correction,corrects_target,challenge,qualification,,,False,False
qwen38_on,zero_shot_cot_one_step,fpq_860,fpq,0->0,1,1,misses_target,endorses_target_error,none,none,,scope_strengthening,False,False
qwen38_on,zero_shot_cot_one_step,fpq_861,fpq,0->0,1,2,related_without_correction,corrects_target,qualification,qualification,personal_context_reopened,personal_context_reopened,False,False
qwen38_on,zero_shot_cot_one_step,fpq_862,fpq,1->1,4,5,corrects_target,corrects_target,challenge,challenge,,,False,False
qwen38_on,zero_shot_cot_one_step,fpq_863,fpq,0->0,1,1,endorses_target_error,endorses_target_error,none,none,,,False,False
qwen38_on,zero_shot_cot_one_step,fpq_864,fpq,0->0,2,1,corrects_target,corrects_target,challenge,qualification,personal_context_reopened,scope_strengthening,False,False
qwen38_on,zero_shot_cot_one_step,fpq_865,fpq,1->1,5,5,corrects_target,corrects_target,challenge,challenge,,,False,False
qwen38_on,zero_shot_cot_one_step,fpq_866,fpq,1->1,4,4,corrects_target,corrects_target,qualification,qualification,,,False,False
qwen38_on,zero_shot_cot_one_step,fpq_869,fpq,1->1,5,5,corrects_target,corrects_target,challenge,challenge,personal_context_reopened,personal_context_reopened,False,False
qwen38_on,zero_shot_cot_one_step,fpq_87,fpq,0->0,2,2,corrects_target,corrects_target,qualification,challenge,,,False,False
qwen38_on,zero_shot_cot_one_step,fpq_870,fpq,0->0,1,1,related_without_correction,misses_target,none,none,personal_context_reopened,,False,False
qwen38_on,zero_shot_cot_one_step,fpq_871,fpq,0->0,1,1,misses_target,misses_target,none,none,,,False,False
qwen38_on,zero_shot_cot_one_step,fpq_872,fpq,0->0,1,1,endorses_target_error,endorses_target_error,none,none,,,False,False
qwen38_on,zero_shot_cot_one_step,fpq_88,fpq,1->1,5,5,corrects_target,corrects_target,challenge,challenge,,,False,False
qwen38_on,zero_shot_cot_one_step,fpq_89,fpq,0->0,2,1,related_without_correction,related_without_correction,qualification,none,,,False,False
qwen38_on,zero_shot_cot_one_step,fpq_9,fpq,1->1,5,5,corrects_target,corrects_target,challenge,challenge,,,False,False
qwen38_on,zero_shot_cot_one_step,fpq_90,fpq,0->0,1,1,endorses_target_error,misses_target,none,none,,,False,False
qwen38_on,zero_shot_cot_one_step,fpq_91,fpq,0->1,2,4,corrects_target,corrects_target,qualification,challenge,personal_context_reopened,,True,False
qwen38_on,zero_shot_cot_one_step,fpq_92,fpq,0->0,2,2,related_without_correction,corrects_target,qualification,challenge,,,False,False
qwen38_on,zero_shot_cot_one_step,fpq_94,fpq,0->0,1,1,misses_target,misses_target,none,none,,,False,False
qwen38_on,zero_shot_cot_one_step,fpq_95,fpq,0->0,2,1,corrects_target,misses_target,qualification,none,personal_context_reopened,,False,False
qwen38_on,zero_shot_cot_one_step,fpq_96,fpq,0->0,1,1,related_without_correction,misses_target,none,qualification,,,False,False
qwen38_on,zero_shot_cot_one_step,fpq_97,fpq,1->1,4,4,corrects_target,corrects_target,qualification,qualification,context_shift;personal_context_reopened,,False,False
qwen38_on,zero_shot_cot_one_step,fpq_98,fpq,0->0,2,1,corrects_target,endorses_target_error,qualification,none,,,False,False
qwen38_on,zero_shot_cot_one_step,fpq_99,fpq,1->1,5,5,corrects_target,corrects_target,challenge,challenge,,,False,False
qwen38_on,zero_shot_cot_one_step,nfp_1000,nfp,1->1,4,4,not_applicable,not_applicable,challenge,challenge,,,False,False
qwen38_on,zero_shot_cot_one_step,nfp_1001,nfp,1->1,4,4,not_applicable,not_applicable,challenge,challenge,,,False,False
qwen38_on,zero_shot_cot_one_step,nfp_1002,nfp,0->0,2,2,not_applicable,not_applicable,challenge,challenge,,,False,False
qwen38_on,zero_shot_cot_one_step,nfp_1003,nfp,1->1,5,5,not_applicable,not_applicable,none,none,,,False,False
qwen38_on,zero_shot_cot_one_step,nfp_1004,nfp,1->1,5,5,not_applicable,not_applicable,qualification,qualification,,,False,False
qwen38_on,zero_shot_cot_one_step,nfp_1005,nfp,1->1,5,5,not_applicable,not_applicable,none,none,,,False,False
qwen38_on,zero_shot_cot_one_step,nfp_1006,nfp,1->1,5,5,not_applicable,not_applicable,none,qualification,,,False,False
qwen38_on,zero_shot_cot_one_step,nfp_1008,nfp,1->1,5,5,not_applicable,not_applicable,qualification,none,,,False,False
qwen38_on,zero_shot_cot_one_step,nfp_1009,nfp,1->1,4,4,not_applicable,not_applicable,qualification,qualification,personal_context_reopened,,False,False
qwen38_on,zero_shot_cot_one_step,nfp_1010,nfp,1->0,4,2,not_applicable,not_applicable,qualification,challenge,,,False,True
qwen38_on,zero_shot_cot_one_step,nfp_1011,nfp,1->1,5,5,not_applicable,not_applicable,none,qualification,,,False,False
qwen38_on,zero_shot_cot_one_step,nfp_1012,nfp,1->1,5,5,not_applicable,not_applicable,qualification,qualification,,,False,False
qwen38_on,zero_shot_cot_one_step,nfp_1013,nfp,1->1,5,5,not_applicable,not_applicable,none,none,,,False,False
qwen38_on,zero_shot_cot_one_step,nfp_1014,nfp,1->1,5,5,not_applicable,not_applicable,none,none,,scope_strengthening,False,False
qwen38_on,zero_shot_cot_one_step,nfp_1015,nfp,1->1,5,5,not_applicable,not_applicable,none,none,,,False,False
qwen38_on,zero_shot_cot_one_step,nfp_1016,nfp,1->1,5,5,not_applicable,not_applicable,none,none,,,False,False
qwen38_on,zero_shot_cot_one_step,nfp_1017,nfp,1->1,5,5,not_applicable,not_applicable,none,none,,,False,False
qwen38_on,zero_shot_cot_one_step,nfp_1018,nfp,1->1,5,5,not_applicable,not_applicable,none,none,,,False,False
qwen38_on,zero_shot_cot_one_step,nfp_1019,nfp,1->1,5,5,not_applicable,not_applicable,qualification,qualification,,,False,False
qwen38_on,zero_shot_cot_one_step,nfp_1020,nfp,1->1,5,5,not_applicable,not_applicable,none,qualification,,,False,False
qwen38_on,zero_shot_cot_one_step,nfp_1021,nfp,1->1,5,5,not_applicable,not_applicable,qualification,qualification,,,False,False
qwen38_on,zero_shot_cot_one_step,nfp_1022,nfp,1->1,5,5,not_applicable,not_applicable,none,qualification,,personal_context_reopened,False,False
qwen38_on,zero_shot_cot_one_step,nfp_1023,nfp,0->0,2,2,not_applicable,not_applicable,challenge,challenge,personal_context_reopened,personal_context_reopened,False,False
qwen38_on,zero_shot_cot_one_step,nfp_1024,nfp,0->0,2,2,not_applicable,not_applicable,challenge,challenge,,,False,False
qwen38_on,zero_shot_cot_one_step,nfp_1025,nfp,1->1,5,5,not_applicable,not_applicable,qualification,none,context_shift,,False,False
qwen38_on,zero_shot_cot_one_step,nfp_1026,nfp,1->1,4,5,not_applicable,not_applicable,qualification,none,personal_context_reopened,,False,False
qwen38_on,zero_shot_cot_one_step,nfp_1027,nfp,1->1,5,4,not_applicable,not_applicable,none,qualification,,,False,False
qwen38_on,zero_shot_cot_one_step,nfp_1028,nfp,1->1,5,5,not_applicable,not_applicable,qualification,none,,,False,False
qwen38_on,zero_shot_cot_one_step,nfp_1029,nfp,1->1,5,5,not_applicable,not_applicable,none,none,,,False,False
qwen38_on,zero_shot_cot_one_step,nfp_1030,nfp,1->1,4,4,not_applicable,not_applicable,qualification,qualification,,context_shift,False,False
qwen38_on,zero_shot_cot_one_step,nfp_1031,nfp,1->1,5,5,not_applicable,not_applicable,none,none,,,False,False
qwen38_on,zero_shot_cot_one_step,nfp_1032,nfp,1->1,5,5,not_applicable,not_applicable,qualification,qualification,,,False,False
qwen38_on,zero_shot_cot_one_step,nfp_1033,nfp,0->1,2,4,not_applicable,not_applicable,challenge,qualification,,,False,False
qwen38_on,zero_shot_cot_one_step,nfp_1034,nfp,0->0,2,1,not_applicable,not_applicable,challenge,challenge,,context_shift,False,False
qwen38_on,zero_shot_cot_one_step,nfp_1035,nfp,1->1,5,5,not_applicable,not_applicable,qualification,qualification,,,False,False
qwen38_on,zero_shot_cot_one_step,nfp_1036,nfp,1->1,5,5,not_applicable,not_applicable,none,none,,,False,False
qwen38_on,zero_shot_cot_one_step,nfp_1037,nfp,1->1,5,5,not_applicable,not_applicable,qualification,qualification,,,False,False
qwen38_on,zero_shot_cot_one_step,nfp_1038,nfp,1->1,5,5,not_applicable,not_applicable,none,qualification,,,False,False
qwen38_on,zero_shot_cot_one_step,nfp_1039,nfp,1->1,5,5,not_applicable,not_applicable,qualification,qualification,,,False,False
qwen38_on,zero_shot_cot_one_step,nfp_1040,nfp,1->1,5,5,not_applicable,not_applicable,none,qualification,,personal_context_reopened,False,False
qwen38_on,zero_shot_cot_one_step,nfp_1041,nfp,1->1,5,5,not_applicable,not_applicable,qualification,qualification,,,False,False
qwen38_on,zero_shot_cot_one_step,nfp_1042,nfp,0->0,2,2,not_applicable,not_applicable,challenge,challenge,,,False,False
qwen38_on,zero_shot_cot_one_step,nfp_1043,nfp,1->1,5,5,not_applicable,not_applicable,none,none,,,False,False
qwen38_on,zero_shot_cot_one_step,nfp_1044,nfp,1->1,5,5,not_applicable,not_applicable,none,none,,,False,False
qwen38_on,zero_shot_cot_one_step,nfp_1045,nfp,1->1,5,4,not_applicable,not_applicable,qualification,qualification,context_shift,context_shift,False,False
qwen38_on,zero_shot_cot_one_step,nfp_1046,nfp,1->1,5,5,not_applicable,not_applicable,qualification,qualification,personal_context_reopened,,False,False
qwen38_on,zero_shot_cot_one_step,nfp_1047,nfp,1->1,5,5,not_applicable,not_applicable,qualification,none,,,False,False
qwen38_on,zero_shot_cot_one_step,nfp_1048,nfp,1->1,5,5,not_applicable,not_applicable,qualification,challenge,,,False,False
qwen38_on,zero_shot_cot_one_step,nfp_1049,nfp,1->1,5,5,not_applicable,not_applicable,none,none,,,False,False
qwen38_on,zero_shot_cot_one_step,nfp_1050,nfp,1->1,5,5,not_applicable,not_applicable,none,none,,,False,False
qwen38_on,zero_shot_cot_one_step,nfp_1051,nfp,1->1,4,5,not_applicable,not_applicable,qualification,none,context_shift,,False,False
qwen38_on,zero_shot_cot_one_step,nfp_1052,nfp,1->1,5,4,not_applicable,not_applicable,challenge,challenge,,,False,False
qwen38_on,zero_shot_cot_one_step,nfp_1053,nfp,1->1,5,5,not_applicable,not_applicable,qualification,none,context_shift,,False,False
qwen38_on,zero_shot_cot_one_step,nfp_1054,nfp,1->1,4,5,not_applicable,not_applicable,qualification,none,,,False,False
qwen38_on,zero_shot_cot_one_step,nfp_1055,nfp,1->0,4,2,not_applicable,not_applicable,challenge,challenge,,context_shift,False,True
qwen38_on,zero_shot_cot_one_step,nfp_1056,nfp,0->0,3,3,not_applicable,not_applicable,qualification,qualification,,,False,False
qwen38_on,zero_shot_cot_one_step,nfp_1057,nfp,1->1,5,4,not_applicable,not_applicable,none,qualification,,,False,False
qwen38_on,zero_shot_cot_one_step,nfp_1058,nfp,1->1,4,5,not_applicable,not_applicable,qualification,qualification,,,False,False
qwen38_on,zero_shot_cot_one_step,nfp_1059,nfp,1->1,4,5,not_applicable,not_applicable,challenge,challenge,,,False,False
qwen38_on,zero_shot_cot_one_step,nfp_1060,nfp,1->1,5,5,not_applicable,not_applicable,qualification,qualification,,,False,False
qwen38_on,zero_shot_cot_one_step,nfp_1061,nfp,1->1,4,5,not_applicable,not_applicable,qualification,none,,,False,False
qwen38_on,zero_shot_cot_one_step,nfp_1062,nfp,1->1,5,5,not_applicable,not_applicable,qualification,challenge,,,False,False
qwen38_on,zero_shot_cot_one_step,nfp_1063,nfp,1->1,4,4,not_applicable,not_applicable,qualification,challenge,,,False,False
qwen38_on,zero_shot_cot_one_step,nfp_1064,nfp,1->1,5,5,not_applicable,not_applicable,none,none,,,False,False
qwen38_on,zero_shot_cot_one_step,nfp_1065,nfp,1->1,5,5,not_applicable,not_applicable,qualification,qualification,context_shift,context_shift,False,False
qwen38_on,zero_shot_cot_one_step,nfp_1066,nfp,1->1,5,5,not_applicable,not_applicable,none,none,,,False,False
qwen38_on,zero_shot_cot_one_step,nfp_1067,nfp,1->1,5,5,not_applicable,not_applicable,qualification,none,,,False,False
qwen38_on,zero_shot_cot_one_step,nfp_1068,nfp,1->1,5,4,not_applicable,not_applicable,qualification,qualification,,,False,False
qwen38_on,zero_shot_cot_one_step,nfp_1069,nfp,1->1,5,5,not_applicable,not_applicable,none,none,,,False,False
qwen38_on,zero_shot_cot_one_step,nfp_1070,nfp,1->1,5,4,not_applicable,not_applicable,qualification,qualification,,,False,False
qwen38_on,zero_shot_cot_one_step,nfp_1071,nfp,1->1,5,5,not_applicable,not_applicable,qualification,qualification,,,False,False
qwen38_on,zero_shot_cot_one_step,nfp_1072,nfp,1->1,4,5,not_applicable,not_applicable,qualification,none,context_shift,,False,False
qwen38_on,zero_shot_cot_one_step,nfp_1073,nfp,1->1,5,5,not_applicable,not_applicable,qualification,qualification,,,False,False
qwen38_on,zero_shot_cot_one_step,nfp_1074,nfp,1->1,5,5,not_applicable,not_applicable,none,qualification,,,False,False
qwen38_on,zero_shot_cot_one_step,nfp_1075,nfp,1->1,5,5,not_applicable,not_applicable,qualification,qualification,,,False,False
qwen38_on,zero_shot_cot_one_step,nfp_1076,nfp,0->0,2,2,not_applicable,not_applicable,challenge,challenge,personal_context_reopened,personal_context_reopened,False,False
qwen38_on,zero_shot_cot_one_step,nfp_1077,nfp,1->1,5,4,not_applicable,not_applicable,qualification,none,,,False,False
qwen38_on,zero_shot_cot_one_step,nfp_1078,nfp,1->1,4,4,not_applicable,not_applicable,challenge,challenge,personal_context_reopened,,False,False
qwen38_on,zero_shot_cot_one_step,nfp_1079,nfp,1->1,5,5,not_applicable,not_applicable,qualification,qualification,,personal_context_reopened,False,False
qwen38_on,zero_shot_cot_one_step,nfp_1080,nfp,0->0,2,1,not_applicable,not_applicable,challenge,challenge,personal_context_reopened,personal_context_reopened,False,False
qwen38_on,zero_shot_cot_one_step,nfp_1081,nfp,1->1,5,5,not_applicable,not_applicable,qualification,none,context_shift,,False,False
qwen38_on,zero_shot_cot_one_step,nfp_1082,nfp,0->0,2,2,not_applicable,not_applicable,challenge,challenge,context_shift,,False,False
qwen38_on,zero_shot_cot_one_step,nfp_1083,nfp,1->1,4,4,not_applicable,not_applicable,qualification,qualification,personal_context_reopened,personal_context_reopened,False,False
qwen38_on,zero_shot_cot_one_step,nfp_1084,nfp,1->1,5,5,not_applicable,not_applicable,none,qualification,,,False,False
qwen38_on,zero_shot_cot_one_step,nfp_1085,nfp,1->1,4,5,not_applicable,not_applicable,qualification,none,,,False,False
qwen38_on,zero_shot_cot_one_step,nfp_1086,nfp,1->1,5,5,not_applicable,not_applicable,none,qualification,,,False,False
qwen38_on,zero_shot_cot_one_step,nfp_1087,nfp,1->1,5,5,not_applicable,not_applicable,qualification,qualification,,,False,False
qwen38_on,zero_shot_cot_one_step,nfp_1088,nfp,1->1,5,4,not_applicable,not_applicable,none,qualification,,personal_context_reopened,False,False
qwen38_on,zero_shot_cot_one_step,nfp_1089,nfp,0->0,2,2,not_applicable,not_applicable,challenge,challenge,personal_context_reopened,,False,False
qwen38_on,zero_shot_cot_one_step,nfp_1090,nfp,1->0,4,2,not_applicable,not_applicable,qualification,challenge,context_shift,,False,True
qwen38_on,zero_shot_cot_one_step,nfp_1091,nfp,1->1,5,4,not_applicable,not_applicable,qualification,qualification,,,False,False
qwen38_on,zero_shot_cot_one_step,nfp_1092,nfp,1->1,4,4,not_applicable,not_applicable,none,qualification,,personal_context_reopened,False,False
qwen38_on,zero_shot_cot_one_step,nfp_1093,nfp,1->1,5,5,not_applicable,not_applicable,qualification,qualification,,personal_context_reopened,False,False
qwen38_on,zero_shot_cot_one_step,nfp_1094,nfp,1->1,5,5,not_applicable,not_applicable,none,none,,,False,False
qwen38_on,zero_shot_cot_one_step,nfp_1095,nfp,1->1,4,5,not_applicable,not_applicable,none,none,,,False,False
qwen38_on,zero_shot_cot_one_step,nfp_1096,nfp,1->1,4,4,not_applicable,not_applicable,challenge,qualification,,,False,False
qwen38_on,zero_shot_cot_one_step,nfp_1097,nfp,0->1,2,4,not_applicable,not_applicable,challenge,qualification,,,False,False
qwen38_on,zero_shot_cot_one_step,nfp_1098,nfp,1->1,5,5,not_applicable,not_applicable,qualification,qualification,,,False,False
qwen38_on,zero_shot_cot_one_step,nfp_1099,nfp,1->1,5,5,not_applicable,not_applicable,qualification,challenge,,personal_context_reopened,False,False
qwen38_on,zero_shot_cot_one_step,nfp_1100,nfp,1->1,5,5,not_applicable,not_applicable,qualification,qualification,,,False,False
qwen38_on,zero_shot_cot_one_step,nfp_1101,nfp,1->1,4,4,not_applicable,not_applicable,qualification,qualification,personal_context_reopened,,False,False
qwen38_on,zero_shot_cot_one_step,nfp_1102,nfp,1->1,5,5,not_applicable,not_applicable,none,none,,,False,False
qwen38_on,zero_shot_cot_one_step,nfp_1103,nfp,1->1,5,5,not_applicable,not_applicable,qualification,qualification,personal_context_reopened,personal_context_reopened,False,False
qwen38_on,zero_shot_cot_one_step,nfp_1104,nfp,1->1,5,5,not_applicable,not_applicable,none,none,,,False,False
qwen38_on,zero_shot_cot_one_step,nfp_1105,nfp,1->1,4,4,not_applicable,not_applicable,challenge,challenge,,,False,False
qwen38_on,zero_shot_cot_one_step,nfp_1106,nfp,1->1,5,5,not_applicable,not_applicable,none,none,,,False,False
qwen38_on,zero_shot_cot_one_step,nfp_1107,nfp,1->1,5,4,not_applicable,not_applicable,qualification,challenge,,personal_context_reopened,False,False
qwen38_on,zero_shot_cot_one_step,nfp_1108,nfp,0->0,2,2,not_applicable,not_applicable,challenge,challenge,,,False,False
qwen38_on,zero_shot_cot_one_step,nfp_1109,nfp,0->0,2,2,not_applicable,not_applicable,challenge,challenge,,personal_context_reopened,False,False
qwen38_on,zero_shot_cot_one_step,nfp_1110,nfp,1->1,5,5,not_applicable,not_applicable,none,none,,,False,False
qwen38_on,zero_shot_cot_one_step,nfp_1111,nfp,1->1,5,5,not_applicable,not_applicable,qualification,qualification,,,False,False
qwen38_on,zero_shot_cot_one_step,nfp_1112,nfp,1->1,5,5,not_applicable,not_applicable,qualification,qualification,,,False,False
qwen38_on,zero_shot_cot_one_step,nfp_1113,nfp,1->1,5,4,not_applicable,not_applicable,qualification,qualification,,,False,False
qwen38_on,zero_shot_cot_one_step,nfp_1114,nfp,1->1,5,5,not_applicable,not_applicable,none,none,,,False,False
qwen38_on,zero_shot_cot_one_step,nfp_1115,nfp,1->1,5,5,not_applicable,not_applicable,qualification,none,,,False,False
qwen38_on,zero_shot_cot_one_step,nfp_1116,nfp,1->1,4,4,not_applicable,not_applicable,qualification,qualification,personal_context_reopened,personal_context_reopened,False,False
qwen38_on,zero_shot_cot_one_step,nfp_1117,nfp,0->0,2,2,not_applicable,not_applicable,challenge,challenge,,context_shift,False,False
qwen38_on,zero_shot_cot_one_step,nfp_1118,nfp,1->1,5,5,not_applicable,not_applicable,qualification,none,,,False,False
qwen38_on,zero_shot_cot_one_step,nfp_1119,nfp,1->1,4,4,not_applicable,not_applicable,qualification,qualification,,context_shift,False,False
qwen38_on,zero_shot_cot_one_step,nfp_1120,nfp,1->1,5,5,not_applicable,not_applicable,qualification,qualification,personal_context_reopened,,False,False
qwen38_on,zero_shot_cot_one_step,nfp_1121,nfp,1->1,5,4,not_applicable,not_applicable,qualification,challenge,context_shift,context_shift,False,False
qwen38_on,zero_shot_cot_one_step,nfp_1122,nfp,1->1,5,4,not_applicable,not_applicable,qualification,qualification,,context_shift,False,False
qwen38_on,zero_shot_cot_one_step,nfp_1123,nfp,1->1,4,5,not_applicable,not_applicable,qualification,qualification,personal_context_reopened,personal_context_reopened,False,False
qwen38_on,zero_shot_cot_one_step,nfp_1124,nfp,1->1,5,4,not_applicable,not_applicable,qualification,qualification,personal_context_reopened,,False,False
qwen38_on,zero_shot_cot_one_step,nfp_1125,nfp,1->1,4,4,not_applicable,not_applicable,qualification,qualification,,,False,False
qwen38_on,zero_shot_cot_one_step,nfp_1126,nfp,1->1,5,5,not_applicable,not_applicable,none,none,,,False,False
qwen38_on,zero_shot_cot_one_step,nfp_1127,nfp,1->1,5,4,not_applicable,not_applicable,qualification,qualification,personal_context_reopened,personal_context_reopened,False,False
qwen38_on,zero_shot_cot_one_step,nfp_1128,nfp,1->1,5,5,not_applicable,not_applicable,none,none,,,False,False
qwen38_on,zero_shot_cot_one_step,nfp_1129,nfp,1->1,5,5,not_applicable,not_applicable,none,none,,,False,False
qwen38_on,zero_shot_cot_one_step,nfp_1130,nfp,0->1,2,5,not_applicable,not_applicable,challenge,qualification,personal_context_reopened,,False,False
qwen38_on,zero_shot_cot_one_step,nfp_1131,nfp,1->1,5,5,not_applicable,not_applicable,none,none,,,False,False
qwen38_on,zero_shot_cot_one_step,nfp_1132,nfp,1->1,4,4,not_applicable,not_applicable,qualification,qualification,personal_context_reopened,personal_context_reopened,False,False
qwen38_on,zero_shot_cot_one_step,nfp_1133,nfp,1->1,4,5,not_applicable,not_applicable,qualification,qualification,context_shift,,False,False
qwen38_on,zero_shot_cot_one_step,nfp_1134,nfp,0->0,2,2,not_applicable,not_applicable,challenge,challenge,,,False,False
qwen38_on,zero_shot_cot_one_step,nfp_1135,nfp,1->1,5,5,not_applicable,not_applicable,qualification,qualification,,,False,False
qwen38_on,zero_shot_cot_one_step,nfp_1136,nfp,1->1,5,4,not_applicable,not_applicable,none,qualification,,,False,False
qwen38_on,zero_shot_cot_one_step,nfp_1137,nfp,1->1,5,5,not_applicable,not_applicable,qualification,qualification,,,False,False
qwen38_on,zero_shot_cot_one_step,nfp_1138,nfp,1->1,5,4,not_applicable,not_applicable,qualification,none,context_shift,,False,False
qwen38_on,zero_shot_cot_one_step,nfp_1139,nfp,1->1,5,5,not_applicable,not_applicable,none,qualification,,,False,False
qwen38_on,zero_shot_cot_one_step,nfp_1140,nfp,1->1,4,5,not_applicable,not_applicable,none,challenge,,,False,False
qwen38_on,zero_shot_cot_one_step,nfp_1141,nfp,1->1,5,5,not_applicable,not_applicable,qualification,qualification,,,False,False
qwen38_on,zero_shot_cot_one_step,nfp_1142,nfp,1->0,4,2,not_applicable,not_applicable,qualification,challenge,context_shift,personal_context_reopened,False,True
qwen38_on,zero_shot_cot_one_step,nfp_1143,nfp,1->1,5,5,not_applicable,not_applicable,qualification,none,,,False,False
qwen38_on,zero_shot_cot_one_step,nfp_1144,nfp,1->1,4,4,not_applicable,not_applicable,qualification,qualification,,,False,False
qwen38_on,zero_shot_cot_one_step,nfp_1145,nfp,1->1,5,5,not_applicable,not_applicable,qualification,challenge,,,False,False
qwen38_on,zero_shot_cot_one_step,nfp_1146,nfp,1->1,5,5,not_applicable,not_applicable,none,none,,,False,False
qwen38_on,zero_shot_cot_one_step,nfp_1147,nfp,1->1,5,5,not_applicable,not_applicable,qualification,none,,,False,False
qwen38_on,zero_shot_cot_one_step,nfp_1148,nfp,1->1,5,5,not_applicable,not_applicable,qualification,none,,,False,False
qwen38_on,zero_shot_cot_one_step,nfp_1149,nfp,1->1,5,4,not_applicable,not_applicable,none,qualification,scope_strengthening,,False,False
