method,id,set,group_id,partition,false_score,gate_on,premise_count,record_sha256
verify_extracted,fpq_0,fpq,g_c1ffacffb4788c0f,dev,0.1,0,4,835d365ec5ecc12f763bd18cbe5226a390231e4fcc14c8bb59f3b7139ef0a3f1
verify_extracted,fpq_10,fpq,g_9d7d75a393bdae8d,fit,0.0,0,3,ceadd07e84a8bb52ddec33859ae6d5eac97edabf7fc8acfc14cf9385a3f62cb1
verify_extracted,fpq_101,fpq,g_a123af131f86bff4,dev,0.01,0,5,7b5f3378ae3994fb1fe9e3c892579ff9729e555ac0a3578d13123849e6b92518
verify_extracted,fpq_102,fpq,g_b90ce2335181429d,fit,0.0,0,3,28c5f8955397d9092664040ac914f60f12839efed4136be1e13b0d84b8277dcc
verify_extracted,fpq_103,fpq,g_2a5a6ba709d1e6ba,fit,0.0,0,4,8d235ee4ff1aeb72294964442ec35007ed8b90a7deb2b6d614964f51eb47db67
verify_extracted,fpq_105,fpq,g_ec056b6d089273ff,test,0.01,0,3,4fad21d293d112bab2edce730baf01c082b907410674f2f9a8306acf76dbb9b3
verify_extracted,fpq_106,fpq,g_3cf0e37d5cc8e4c7,fit,0.05,0,3,9c16e49ba559efa8ec527dec57d3908a65cc6d9e3e7737242fd7b5ab85583960
verify_extracted,fpq_107,fpq,g_5259300d91a12b52,fit,0.01,0,5,25d0efcf74710fe0e829437a1e0a2ffbf9f31dfc5babadf55bbf3b61ba981d68
verify_extracted,fpq_108,fpq,g_7680854e5870d6a8,fit,0.0,0,2,7c7a9b4bdf1902824f64afb3b694305d64946192fe08badd398e6bfde8815c01
verify_extracted,fpq_109,fpq,g_301c7d61ec58c026,fit,0.0,0,2,75b7488575f21b0bc9ee383811d596150cb53c4cf1ffa455032697c76702408e
verify_extracted,fpq_11,fpq,g_9d7d75a393bdae8d,fit,0.25,0,3,62d8a8b946dc357b7171f787946a5b42cbd46608cc26bc943543e3ed1d17ae83
verify_extracted,fpq_110,fpq,g_aa56a97d51214254,fit,0.0,0,3,e3f32044b29581e09daf024a84ef5da736681899de7c023c9fd8efb477c64bfd
verify_extracted,fpq_111,fpq,g_1c2c52fa313ede3f,test,0.05,0,3,91d54eadb1fa240c837866cce6deb5e3d135d9a873f2ce9add4a4dd0423727a0
verify_extracted,fpq_112,fpq,g_879787cb22d42c3c,dev,0.02,0,4,ecf9c38496545107b443920568225173e386782eec413d87391ee6612f0395e1
verify_extracted,fpq_113,fpq,g_19560cae4bb38fd5,dev,0.0,0,3,c706997980ab0f0595230b994c25623c6039704ceec7a8c4f2473b2ee9e4f8bb
verify_extracted,fpq_114,fpq,g_19560cae4bb38fd5,dev,0.0,0,4,e9e2ddc2bb283feaf44c7fa0e6bccb89db47a75f421b8abc25500f1187ba9961
verify_extracted,fpq_115,fpq,g_4ef5f78c47d2ac9a,dev,0.1,0,3,917e99399d14815622e93f486815c26f0e88f0fa65915f4d93a269e36db6c7c5
verify_extracted,fpq_116,fpq,g_1df5c809ca4cda6e,test,0.01,0,3,5c167bcca3260029b9e89480aa5cf83742bc692aab163d670d5ee83af07f69da
verify_extracted,fpq_12,fpq,g_9d7d75a393bdae8d,fit,0.02,0,3,443e1c79c4843a8a9ebf49f4a9b9d5a8bc9bbc0e85bff30b89ff7abff67f4cb8
verify_extracted,fpq_120,fpq,g_3fb9a79c10c3fa86,test,0.0,0,3,550cd3803e6912924606cafa6a2ecd67704be8a9b214d4a32c810e239eb9754d
verify_extracted,fpq_121,fpq,g_a004f0219676686b,fit,0.0,0,4,77b225ecee5fbd0c9bc197afd56fe6380db11cd3017708a98e0326c441baec9b
verify_extracted,fpq_122,fpq,g_8959d577de788314,fit,0.03,0,6,d0915f15f8812757622355d2c1c4236b360e305f12d2f78277c27272aa83d52d
verify_extracted,fpq_123,fpq,g_8959d577de788314,fit,0.05,0,4,c7c98c9cbc183df23fe9b22d8ada74d349252f8c9985317bc584f62df850b939
verify_extracted,fpq_124,fpq,g_e2d68552015e18cb,fit,0.01,0,2,f447b5aff4d6e9c6d31fa30a91f1dad33d746debdc3be556fbaaeac7a4722b58
verify_extracted,fpq_125,fpq,g_ae1f993609e0900e,fit,0.0,0,2,460cf8e9d625c286d0fac79df93723e7653128cf8db12a62f8aed3e6b0e70d26
verify_extracted,fpq_126,fpq,g_a41667cd357f463a,dev,0.0,0,3,d8b4aa6f299447e7c10396e9a1b249f878cb731ec3babdd81cd4d216514430ca
verify_extracted,fpq_127,fpq,g_42420d5cc72330bd,fit,0.35,0,4,9968a277673672741d61486e5a51b92f515bf1948a6061619dfda7c91ba27e66
verify_extracted,fpq_128,fpq,g_8428aa2091ed4e7b,fit,0.0,0,8,567360813f5e90c82ad844e3a1804ecddc98a34ea348920214934367d654e76f
verify_extracted,fpq_129,fpq,g_60f23bee598c8a90,fit,0.2,0,7,b96f4d1646d0776ec0e45e1d1797f33bb59592703ce0b726da9f41ba4ba7fe2a
verify_extracted,fpq_13,fpq,g_33ec048c88198b1f,fit,0.01,0,3,ae03e605b7624ba9d82bf3727d47ddd8c38e3ce7ee45b1d4cc426ca3a2e8349d
verify_extracted,fpq_130,fpq,g_60f23bee598c8a90,fit,0.0,0,6,68e2aba868c004b58be04c5e2c753fde7d204ec8b4c7d7440a0a492fea6cd073
verify_extracted,fpq_131,fpq,g_bb3764790e6c2dc6,fit,0.0,0,5,72ed63b99137fba48a3f7eaaec7e4e2ba93d7ce8596145e862e47d7f1591c464
verify_extracted,fpq_133,fpq,g_bb3764790e6c2dc6,fit,0.05,0,5,2369ffb487ae5cb10b9b2100d69731437bb05b9d518ed2f7f9faf72fe354216d
verify_extracted,fpq_134,fpq,g_bb3764790e6c2dc6,fit,0.0,0,3,58bc9e6a6b40616aab4f2da4d7d1e3d737627c5f5f2a3b94f60200b076675919
verify_extracted,fpq_135,fpq,g_bb3764790e6c2dc6,fit,0.08,0,3,787c4c88b28ff2f01b6071961fdc118a8ec45360b8933f97360be6a2a75216df
verify_extracted,fpq_136,fpq,g_26c337973a2f5ce8,dev,0.0,0,3,8519058b45f6b0655db5435fd0fd4161e8d9dbcd042fb4f90aadd61f83e1dfd8
verify_extracted,fpq_137,fpq,g_b12e6db2bc0d7d79,fit,0.0,0,5,b257e869c48d9da2c7824bcfde6c1866d12592ecac03c467513db4ad7ae67a7a
verify_extracted,fpq_138,fpq,g_44f5cd810df0d346,fit,0.0,0,2,4d3690b79ed82cf913d77c4d768e2f47c7381193aaed14af7356b3f77c060073
verify_extracted,fpq_139,fpq,g_a4f8a8e72b9e76b4,fit,0.02,0,4,b088a988a8de6472ae02a88d5f244d5ad82ee4e4ff4b40d957db28bef931135b
verify_extracted,fpq_14,fpq,g_33ec048c88198b1f,fit,0.02,0,3,d0f05823479943b26ddd2d68608b91003218931648d3e938e9e53eb1bf5da60f
verify_extracted,fpq_140,fpq,g_97e33d338b97afcd,dev,0.1,0,3,6649f89b1629b8c17bdfa839c44d135cf5b1e4527e8d36b6c80ffcbbd66c6d48
verify_extracted,fpq_141,fpq,g_c76ca195098fc516,test,0.0,0,5,d6ea734e0887ec4d41ebbf2bdfb83319359b1f81574ae28bbee5af8744a07d62
verify_extracted,fpq_142,fpq,g_4b774c3ac99a8ba1,fit,0.02,0,4,a1e1fc96587af9622ce75c22b7bb9727dcc716f432ad47106de2a692d0834520
verify_extracted,fpq_143,fpq,g_6e51e9ca91a6b310,fit,0.0,0,3,e2d7f1c8fcfcac93bf223215c7a1e5c6314e9336b5f1c3a4b2dc9d2f9fec6f89
verify_extracted,fpq_144,fpq,g_6e51e9ca91a6b310,fit,0.01,0,3,4e714e50dd81f94029239adf2042bcc22e53ae3c11448895fbc637e3ac4bb53c
verify_extracted,fpq_145,fpq,g_cbd8e06081de3089,test,0.05,0,4,1c9a4f6b5bbb54b1edbd753a29f2eea1e7221da34adfd8c790cc7554546480b5
verify_extracted,fpq_146,fpq,g_cbd8e06081de3089,test,0.0,0,6,a0e4189668525e58fba664a7edd696791a67de151e448520dd5fa8500df758fa
verify_extracted,fpq_147,fpq,g_cbd8e06081de3089,test,0.0,0,4,851b9e5db2a1f874094c5c49a7a22fc4a29d49df1b7114a432b1d903978d2476
verify_extracted,fpq_148,fpq,g_cbd8e06081de3089,test,0.15,0,4,7fac45f382238f4466255e2f3f160f543d6a739f403663b40105200209f85b90
verify_extracted,fpq_149,fpq,g_f2bcd9d2bd1368c5,fit,0.02,0,5,7b5467495eca3ca3edc46c174f8cf812137118842adf7e3723d26667e08b3b74
verify_extracted,fpq_15,fpq,g_bf7120dde2b7a065,fit,0.0,0,3,e57c2843a944e61b98303e5eae066ec70e24af77128654875b4a534739b6a8a0
verify_extracted,fpq_152,fpq,g_b825b5f2564f6566,fit,0.01,0,9,663db8fe809de089f9775cd2d28bb9d387bacaa18efde7ef4c23bd45af47303e
verify_extracted,fpq_153,fpq,g_b825b5f2564f6566,fit,0.02,0,4,c12e5376f4784573f57f336f60e0abdeed84c44ff32e9bb95d2c0549af2bdffa
verify_extracted,fpq_155,fpq,g_e2560f21ed8b4e5b,test,0.0,0,4,89a3adaae04663461289ff7a20c0f9cbce41627f84944229a0281ffdc179979a
verify_extracted,fpq_156,fpq,g_114ce7da3672d3c4,fit,0.0,0,2,1f0a802b208d2a121e84b829be732050ecbc1a0716e753adb5ce50b7dacc50b6
verify_extracted,fpq_157,fpq,g_cbd8e06081de3089,test,0.05,0,6,69848f2153ebd2963a0b85c4d272704a410c1ea857783a674d1c120404efbbca
verify_extracted,fpq_158,fpq,g_cbd8e06081de3089,test,0.0,0,2,7a17820a2732f0c06a30d1b6e681f047652fc79a6340978a8f111fcd1bb00fc7
verify_extracted,fpq_159,fpq,g_e7e954d0b1a2d7b7,fit,0.0,0,2,d4cb378f9b65f397c99094ada40c8e9abb7900e64d7e5dd102bda87e7e2f124e
verify_extracted,fpq_16,fpq,g_e49099b5a9af7fe5,dev,0.0,0,2,ec7358ac216af2765a508ed39766d7f18569be071cc3224e63e8fc3c5a7fff78
verify_extracted,fpq_160,fpq,g_6a2cab99d0c153e5,test,0.01,0,6,bc08556854de71674ddb88f6a47ad97c449eb22be80db3f2f6194a1ed7e53630
verify_extracted,fpq_163,fpq,g_7a7d282b958f2563,fit,0.0,0,5,8e3f75bd1f7fef65ec5ea8b18727947b460ff26072548b35a6b60741ba5043cb
verify_extracted,fpq_164,fpq,g_63b9cf63c154dc5d,test,0.0,0,3,173e52efa063b76041805d163238f1461aaf7ef6c9ab05a9cbde4936d9e8d237
verify_extracted,fpq_165,fpq,g_543e733353e62deb,fit,0.03,0,6,b6559ad21646d963ae55d34560388520a5c948ca00f0dba486d12f73bd409c72
verify_extracted,fpq_166,fpq,g_bf573c2922a5f433,test,0.05,0,5,62a0cf55910ac0f3098e4ff7b7839268d1572a4d1d39aa9a29eaf14c53c6b17b
verify_extracted,fpq_167,fpq,g_bf573c2922a5f433,test,0.01,0,5,75424e99eb58663e2105fdbc2292dd0565b244c3401cae3389e6614b5f2a877f
verify_extracted,fpq_168,fpq,g_2de0355108a13af1,fit,0.0,0,4,d8350e742bc1b1fccf61e25cf57c5ef0a63842b345a3d22abfb744b99a921b6a
verify_extracted,fpq_169,fpq,g_387557522a3aaca9,fit,0.0,0,3,f467a7d3446f44a6adaceebc0b9ebb2ae20c8e5751013b2f522c188fb32013d6
verify_extracted,fpq_17,fpq,g_e49099b5a9af7fe5,dev,0.98,1,3,4a24b83591ee8de6d952d39e51d4c1d5263381dc14910ce81318f79224260f71
verify_extracted,fpq_170,fpq,g_387557522a3aaca9,fit,0.0,0,5,a492d03e0a5db37d8ff311e7fb84a77624762ab73c5790b0d03d5499736b8d8e
verify_extracted,fpq_173,fpq,g_5e7c0751a50b4597,fit,0.0,0,2,165e67bb7b541d9acd0d10358216cba28e616ebc851471dc920ea7daeb46599b
verify_extracted,fpq_174,fpq,g_262103bde855ebbb,fit,0.85,1,4,9c599db799ee7d4b6b37de9f0b9883ffba2488db0c22ba04d27cbda9fb963f43
verify_extracted,fpq_175,fpq,g_614ac7f0c4db59da,fit,0.02,0,4,cd713eb6a180d0a70dc7a2ef81f0a3f435b7aa89d2a664b5723437672dd99faa
verify_extracted,fpq_176,fpq,g_cffe4000b1433224,dev,0.0,0,4,1c70eb59102376e015e6dc95624ea50974d83aababc893df3e1fc51cd2c26b7a
verify_extracted,fpq_177,fpq,g_cffe4000b1433224,dev,0.01,0,4,725e8376bb86da4f5146ff71f35df190141b69efe1d363db00e0b2e509cbe06b
verify_extracted,fpq_178,fpq,g_cffe4000b1433224,dev,0.15,0,6,2cfc47bc945da1edd848166bee0820dd3fc140f7380ee47e25180b6bef436d6f
verify_extracted,fpq_179,fpq,g_cffe4000b1433224,dev,0.0,0,4,b07ac0920bdc308a1365e0ff3f717fa04f667d66e2fab5f9b014f0b90dd53f5a
verify_extracted,fpq_18,fpq,g_db45277df8b457d2,dev,0.05,0,3,b067a608d215c29c7512f60b96dc71eddacebe5f6f83a54c84426070c1ee6d28
verify_extracted,fpq_180,fpq,g_27cdcf98645f7331,fit,0.0,0,3,d5d3aeca59a015bbe38d41726bdd6b6727ab456895a3fe5e9eab847cbbca0ed4
verify_extracted,fpq_181,fpq,g_d8d1c195dfeca667,fit,0.0,0,3,a185d5ccc5c75dcf615d2eb992e58782d6ed9ee0acc7ab6b1d38431d98ad0944
verify_extracted,fpq_182,fpq,g_d8d1c195dfeca667,fit,0.2,0,4,85bbf0de5f17e90a3841b1c64865fd33c9c808e2467d47ef34d34e05e2ff3411
verify_extracted,fpq_184,fpq,g_d8d1c195dfeca667,fit,0.0,0,4,da5dfb1ae971ad4210626cb54aa3b87d8b42fceed7e16d6a8c1e7c7f5b2a6fc9
verify_extracted,fpq_185,fpq,g_09389edfbb93b248,fit,0.0,0,2,4970819612d8efd8e323748f554abb88c99953a19bd4eceb599a55fb7fb132ff
verify_extracted,fpq_186,fpq,g_09389edfbb93b248,fit,0.0,0,2,cb101ddfc8764e4940fdbfaf26dd5f9b3a915e71148aab2a9fe4361614878067
verify_extracted,fpq_188,fpq,g_b6504c084e04c1f2,dev,0.03,0,4,2a760afdf6ca51abe7528423f9a01dbba506e1fe2b5728c61ad71f39efa27f88
verify_extracted,fpq_189,fpq,g_d8f0374a6b381463,fit,0.0,0,4,1f147281a64564a03779c9ffa002d76b4755193237f34c9b1735777197563490
verify_extracted,fpq_19,fpq,g_8124cae742b6aad4,test,0.1,0,4,cd8509bbdcf473c4eeffc7dd00378198152f146847984682afd61b9e3ac190a2
verify_extracted,fpq_190,fpq,g_d8f0374a6b381463,fit,0.85,1,4,71c4f782681673949d1dace0d40f44989697b1185df4accd122cb535eb36159c
verify_extracted,fpq_191,fpq,g_65a55fbfe45cf18c,fit,0.0,0,5,50e517b8caf059b77caacbc37e8c5ba5a3517a6e5346679ed7093b83636359c3
verify_extracted,fpq_192,fpq,g_65a55fbfe45cf18c,fit,0.0,0,5,8992b348eb06c811f70bb9e3e13251db7792e9e5456ff15f1d1087a478e91e3a
verify_extracted,fpq_193,fpq,g_39287edc0e777ece,fit,0.65,1,6,8b06dfa498e0d68c4a1cf6e45a61c762f7da50e9e218da26234cd48e8c1d77a2
verify_extracted,fpq_194,fpq,g_f1487773f21856e6,fit,0.0,0,4,81039fa4de8a555a6a88108b509ba8d183ee60ee5885e26e913b7653da5e4f0c
verify_extracted,fpq_195,fpq,g_f1487773f21856e6,fit,0.0,0,3,e378a8904af014e63d3c92d9aa2f7b339d054668c457eeeb23a26e92b14b17f8
verify_extracted,fpq_196,fpq,g_d7e07c720ab6c76f,dev,0.02,0,2,f5e06269473e1c68ea7ddf70fbdbebee8212399ac017dfa661cec6292c237358
verify_extracted,fpq_197,fpq,g_485ec2fd456f4df7,fit,0.0,0,4,bc486cf23d509d37675443302b1ecd358de91a0fccd711e6212b5edddedb1957
verify_extracted,fpq_198,fpq,g_f345a4475fa51f95,fit,0.2,0,6,6b60aa2570d28b018ae8e6fbffa3cf9f38f6449a33036e952f07623df4a7392a
verify_extracted,fpq_2,fpq,g_b307d148060aeba9,dev,0.0,0,2,00fdee77e0c83d5e42b7b4e334cd39ce60ce786dbf0c18c9fba7c81d8cb43ffe
verify_extracted,fpq_20,fpq,g_8124cae742b6aad4,test,0.8,1,4,f475abab4b81f7f95c0020ebe6138b98dc44a8dfc0e654ac02fd5a74bcfbc3f7
verify_extracted,fpq_200,fpq,g_81e00db328a19a38,fit,0.0,0,3,bb62cf785269e0d630a9d02dcac6dd8e4bde6674a5cadd0bb3fec06a2515a7c5
verify_extracted,fpq_201,fpq,g_81e00db328a19a38,fit,0.0,0,3,35fc6189b19a0fe0475eeb9839b4cd2fede530f8cee0f9e82e3b714242d6d744
verify_extracted,fpq_202,fpq,g_9e56296cfa23f1e7,fit,0.01,0,4,40e156d18dfe0428d7e74a5fc88db3713ec9deb30ba57c9ad947b309af52e2ae
verify_extracted,fpq_204,fpq,g_9dd8d2fc49205f38,test,0.0,0,4,02a714b71cf41513d83cf457e4856771f3178f1201cce3b9056389ff9cfaa567
verify_extracted,fpq_205,fpq,g_15c6fe97d8e2f6e0,fit,0.0,0,5,8e179233d1d337ebb8ba9687cc5ec43120f5f54e37d518f8e1e7c2c071e1613d
verify_extracted,fpq_206,fpq,g_15c6fe97d8e2f6e0,fit,0.0,0,3,96a0fd484f4417e945de2f8f3a737a2c09b5e96b0faff750733f16a03434a19b
verify_extracted,fpq_207,fpq,g_15c6fe97d8e2f6e0,fit,0.0,0,3,7d1463b6ea281d2e2559b45eacb6987df8fdbfd6ac68bc517f64c0337244dd8c
verify_extracted,fpq_208,fpq,g_6595cb9cf7dd268d,fit,0.05,0,5,373a1233b9e76746314cc27dad554caa39c7c803885e0ba7417e6746b2079a7c
verify_extracted,fpq_21,fpq,g_8124cae742b6aad4,test,0.0,0,4,9f8b253ab61ed81f698273d4bb496a274563f5f03b835f1a5cae07647532652e
verify_extracted,fpq_216,fpq,g_ba345732bf0da6e5,fit,0.01,0,4,9c6b961248fef06c5b2af43a9bf1ee4686356b4e71174090879f45b747086134
verify_extracted,fpq_217,fpq,g_f6c91e0f72eb5194,dev,0.0,0,5,2d538724d26d36c9d81cc953a6c305d3b95a55b6a43701485ade823c6295d9ff
verify_extracted,fpq_218,fpq,g_f6c91e0f72eb5194,dev,0.8,1,6,3eeb3e865330b6f008cc778688c8960b5a2342826ec91ff6b7430a85b200d38b
verify_extracted,fpq_219,fpq,g_f6c91e0f72eb5194,dev,0.0,0,2,359a09a31c3400e3c5e1b9deaa02d3f6955ef51ccbcf48b660c2cf7016003366
verify_extracted,fpq_22,fpq,g_158a89f5efc1c650,fit,0.0,0,3,5d2ba791379c88f3986e866d7afa4b2e7cdf3fe251c8b24dac92ea03880b60b3
verify_extracted,fpq_220,fpq,g_e88d95fcd902f167,fit,0.0,0,2,056e2827f1bc907ea391a08cb65f4d7cebad0d1cb0a5993d780ec943b4f86f95
verify_extracted,fpq_221,fpq,g_355ddd3fdc98bf5b,test,0.0,0,6,7b29f35df01fb7a7b8f60fbc2a3fef05c95ea5aa3ed59b6554717973173d4010
verify_extracted,fpq_222,fpq,g_884e56b99d8764d7,fit,0.0,0,2,3df9243e3ab2509d64b84c8a191892819590aa9c6fea6a40ba33127f29701aa7
verify_extracted,fpq_223,fpq,g_ea3b58fed498a2f5,test,0.0,0,3,27dd7f667853ca66d237584396f44addc38a3eeab3bd84df6bbf1f386ed7d548
verify_extracted,fpq_224,fpq,g_5d198dc87f6265c9,fit,0.3,0,3,3b069483068906c46dd49771da3ed7c90aa6c71dc079c7d774789de9eb1ba678
verify_extracted,fpq_225,fpq,g_702204dfce746542,fit,0.05,0,5,77e55787abeb1c5c439dee0d454945597a68d27de5cae767eb6c72dca4e67331
verify_extracted,fpq_226,fpq,g_306c413840376c8c,test,0.65,1,5,334031999eb13c775cd8b6d21c81d3f112f47b8ffe6df1891243400cd627fbfe
verify_extracted,fpq_227,fpq,g_0243a11f53c40470,fit,0.05,0,4,008b609beb39acff357fabf15445df1142f3219bf08876dbc53763bc6ca4d332
verify_extracted,fpq_228,fpq,g_0243a11f53c40470,fit,0.0,0,5,cee85f015db5c3110230b1075881dde82251670dcf74bfba5e1d4e3b9ace128c
verify_extracted,fpq_229,fpq,g_bb84c04480c36968,test,0.01,0,3,7bfaded6a4bb69b3afc7f4a10915a342bd3bbdb200881929b23007ac05317d7a
verify_extracted,fpq_23,fpq,g_e9ef70af37257443,fit,0.05,0,5,760b59d079f2d2df31603082c89513a7f696b12629711c44b63eb9f9825f2e5f
verify_extracted,fpq_230,fpq,g_a1de105f42d2030f,fit,0.0,0,4,3e9e40f17c89cd040eab3f8b3e94d7d0979dbc2b634026eb04d84232b1e04977
verify_extracted,fpq_231,fpq,g_a1de105f42d2030f,fit,0.0,0,3,0997ba73d3297587bd2dc4a2abac62ab44d338fdb987d988b66ac38d0fddd24c
verify_extracted,fpq_232,fpq,g_a1de105f42d2030f,fit,0.0,0,7,c4216c4d192494b7155f2519656cb2c7147dea438fa5d684d9a2be666589c3ab
verify_extracted,fpq_233,fpq,g_a1de105f42d2030f,fit,0.45,0,3,2b832f5fa9d86cb03835072f98c53de9a6e63f58ac7d1a1497c272edc170b7c1
verify_extracted,fpq_234,fpq,g_a1de105f42d2030f,fit,0.0,0,2,586d7f3c54e50c9e36ddeb9e5a907a351ef7add2c543504f1fdfd28b33bc1f57
verify_extracted,fpq_236,fpq,g_c18b37c73a9e6d5f,fit,0.0,0,2,b3947b1e12af9c44a7f6c0d750ae59328bf403a6a34807ffa54774f3530ba2a3
verify_extracted,fpq_237,fpq,g_c18b37c73a9e6d5f,fit,0.0,0,4,0845876591c564fd3bb29b308252c3ae9c6303f97a4d1cbac74f922761717755
verify_extracted,fpq_238,fpq,g_c18b37c73a9e6d5f,fit,0.0,0,3,159873003c0bcfd972aab507e836658308dd0d5e8cc747507cdda7713f093db5
verify_extracted,fpq_239,fpq,g_ed0f1d38c4159510,dev,0.0,0,3,34129073a8f21f157a38673b27e48d32a364c02c7eb0f397d6f124bc29061c12
verify_extracted,fpq_24,fpq,g_846fcef047e655d9,fit,0.95,1,3,ce26ed79618ecfa93bd064b4f962afe830eaf528fdf8e863054541bfda7925cf
verify_extracted,fpq_240,fpq,g_ed0f1d38c4159510,dev,0.01,0,4,e749cadc1bae8b86023d0ddb48c43627647ebb5a0f60bd86321e6515d64a7444
verify_extracted,fpq_241,fpq,g_3dd398a61fb84167,dev,0.0,0,4,d66c0782bd55e0da59a96449f8410c9dcf0175f5eb37fdfdc50c2c0e2f3eea1f
verify_extracted,fpq_244,fpq,g_d180357230a9e381,fit,0.0,0,5,04aeb0da2d7dacea07a4b14f73a872c0be1c4792105bb985ad032e607cfd2616
verify_extracted,fpq_245,fpq,g_851c78024fbdf837,fit,0.0,0,4,d20f96cd549fcc1848b31afa6ee2d3ddaa35e73ca495fda8c65acf3b8da5d419
verify_extracted,fpq_246,fpq,g_b60861031335942c,test,0.0,0,6,b5911e01affda26541f52da0c1f8765596b378d03804bf3b6ce26f89547b88d4
verify_extracted,fpq_247,fpq,g_5bbb16d8d84399dc,fit,0.2,0,3,2ecc8747a6205a3f111f3d99fbe55cba7f62edbf262ed3a1fdf59dce794a88dc
verify_extracted,fpq_248,fpq,g_8c556995ab534f4a,fit,0.0,0,4,08e72e0ee9a329adeca567529ea8682ef06f897223be239b73227aab2d4c5756
verify_extracted,fpq_249,fpq,g_8c556995ab534f4a,fit,0.01,0,3,e69d4e0a36c8efec0273e2b5bfcfacb67d9dc5ff3c1fb1fe151d397cc8254677
verify_extracted,fpq_25,fpq,g_2fa6e5ef34e0df75,fit,0.0,0,3,bab853064a2c56bce6a9febfb76f9d4c7f83ed2bc17b34fbcdfac43ce8895028
verify_extracted,fpq_250,fpq,g_3a639c3577edbd5d,fit,0.1,0,6,a70cc49f826e79d3139d0139c74a13aa713804b8d3c25989a2e5357ae288ed9e
verify_extracted,fpq_251,fpq,g_3a639c3577edbd5d,fit,0.01,0,2,e9ebfca07967d67996f8eb7b9a333d4d6fe3f8c991de7ab4102568b40e3adcc4
verify_extracted,fpq_252,fpq,g_968ca6cdf6cf36dc,test,0.03,0,5,e34a6931fdcb4667fe4d4f734073b32f17f0770abcc63e688d8d1278b25b321c
verify_extracted,fpq_253,fpq,g_968ca6cdf6cf36dc,test,0.1,0,4,c35f73f133a3123243e78b6618297be163da80f18d345bdd51ea5dfbe37070f2
verify_extracted,fpq_254,fpq,g_968ca6cdf6cf36dc,test,0.15,0,4,4639f13d7c30bd7459e50086f3a6735c3c9c61aa9a758616a16db81a26a420ee
verify_extracted,fpq_255,fpq,g_c0997e51d65d0496,dev,0.01,0,4,3a057d79c053f059df780196c80b82bbd78749cb5fddaafbd358b5543b1b89d8
verify_extracted,fpq_256,fpq,g_c0997e51d65d0496,dev,0.05,0,4,ee5c386c7247c9609e9885986e98efefc155497963425662712c2a7331a38568
verify_extracted,fpq_257,fpq,g_bf7120dde2b7a065,fit,0.02,0,6,0eb69219608f66c99f67e88514cac281d99a1c06757331a1d46a25c1b6ffe23e
verify_extracted,fpq_258,fpq,g_bf7120dde2b7a065,fit,0.1,0,3,e09182e1aa958b9602032f520a39a4cac64ada6543378e7c63b9a8f607c6adcd
verify_extracted,fpq_259,fpq,g_f1911448fada53f3,fit,0.2,0,4,cd1c3dd5ff361fbe909ab7b5c628d5c8a6f6f8b115734757e2fbc6e4bb45713a
verify_extracted,fpq_26,fpq,g_2fa6e5ef34e0df75,fit,0.1,0,3,d8c9f73d132180033338a0a366b70bee42f27b3f90124eac6c5a959704089be5
verify_extracted,fpq_260,fpq,g_f1911448fada53f3,fit,0.0,0,4,8466aacb72afa102f34dc9f4d045366784723eb25448418dc2952fab295970ae
verify_extracted,fpq_261,fpq,g_a123af131f86bff4,dev,0.08,0,2,b4402acea1d6cb988051bb813358ba344d35b6c7394568d3de4869614fd21286
verify_extracted,fpq_262,fpq,g_5c82a064d84d0134,fit,0.65,1,3,e5cf4c8fff116c376aef83420520fa4fc1ac6f3b50864f967459aeb044f5bbad
verify_extracted,fpq_263,fpq,g_056696697b597850,fit,0.02,0,4,50af58fce577fa7c35d207943554d6fb7bb390c73c5387f513c53c87f1df8e4e
verify_extracted,fpq_264,fpq,g_056696697b597850,fit,0.0,0,6,5faca2378ac26161d22095d54bf20e2730931f3d6a559a4171293d47a060f37d
verify_extracted,fpq_265,fpq,g_e784d5f2127d8f1d,fit,0.0,0,4,b94d9c2fb09f01ec95f0e09250d4ad431a35722c3024eb534a6c28390ce86eb7
verify_extracted,fpq_266,fpq,g_e784d5f2127d8f1d,fit,0.08,0,3,fba426ca8b802b64a4eaf155199d4567605b0955b329c788db8435c195c3c8f4
verify_extracted,fpq_267,fpq,g_f7c82ade31e0e73d,fit,0.08,0,5,a91c5842672c514bb05dc291bc5813e7522528ee1e797ba8b22fa6987982f935
verify_extracted,fpq_268,fpq,g_406d9d9dcd2cb2f9,fit,0.02,0,7,707fd899116afe7017e13611422eb2b0ece80bb2b7cc6b284fb438fc150ec1b2
verify_extracted,fpq_269,fpq,g_406d9d9dcd2cb2f9,fit,0.25,0,4,f4e06825daad4148898010be02a93d056188fc46fc5c4ea1b5c79e18fff5542e
verify_extracted,fpq_27,fpq,g_2fa6e5ef34e0df75,fit,0.02,0,2,9a673db14203f28d2d3d0d46e9dc8eef42512d96622bfd3c5cf688af062fcb17
verify_extracted,fpq_270,fpq,g_406d9d9dcd2cb2f9,fit,0.0,0,4,bb00d5266d87d22f0012c433c68398e9467a95a668052d12e0eea22aa82b30b8
verify_extracted,fpq_271,fpq,g_406d9d9dcd2cb2f9,fit,0.0,0,3,605ab2d7b9dc7509a1e7ba4a1fdb400e78fd23c88a8a63b6612d257de2cf0796
verify_extracted,fpq_272,fpq,g_ef72aa0ca82e4d3d,dev,0.05,0,6,dcb18b96eabe1fa7389da21f76eb49fd91ece7f846f2f3f69cbbfdff86e207a4
verify_extracted,fpq_273,fpq,g_15c6fe97d8e2f6e0,fit,0.0,0,4,d9922a4fca9d5b78fba97a999ba6bc908a1419dd60242e3d312c2cbd8b01023f
verify_extracted,fpq_274,fpq,g_5774dd35ca3698fa,fit,0.0,0,5,b0eaa1930c6e94b23581392446d4e93ca602110e412fa44b930bf47ec8a9fcaa
verify_extracted,fpq_275,fpq,g_db97c68cc2b3b713,fit,0.0,0,4,2d5df8e6563ba4081eba193ad4141208710c3228a0142fe99974957505add0f7
verify_extracted,fpq_276,fpq,g_db97c68cc2b3b713,fit,0.95,1,5,7c1e203073d9b29be41c32820d2534dbd6b8d774dcb11ff0eb2a2beccafd28fb
verify_extracted,fpq_277,fpq,g_9e56296cfa23f1e7,fit,0.02,0,2,e8d6d8ad53f4975fd482da1f0e8aab0d36922f460e849ea7e13e3e3954b3e6bc
verify_extracted,fpq_278,fpq,g_e0d834f6f79bbf5c,dev,0.01,0,2,1c6bd926f36102fbc70c898d008428961c1d0276f39a5c77c78377a0308f1fdd
verify_extracted,fpq_279,fpq,g_e0d834f6f79bbf5c,dev,0.0,0,4,cd2982d140ef6e43f90da95cee76681da12cc25e7271b870f20bd3d4c817b8ee
verify_extracted,fpq_28,fpq,g_c385ff6e98a203cc,test,0.02,0,4,d8821b6b7bd3226d99a7dab22e05d4f5175159184b576e7e6cbe614bcde4c244
verify_extracted,fpq_283,fpq,g_36707ae922bbc364,fit,0.85,1,7,3c56aa9c75c3d9c9205ed9fd094f65a84ceb2595e696f2a9a3354ad3df3c9887
verify_extracted,fpq_285,fpq,g_5bbb16d8d84399dc,fit,0.05,0,4,844fcde6bf68568112ca3c06c60066e9a9146ebf28aec9bae5159d8474e6936c
verify_extracted,fpq_286,fpq,g_8d6092632f196a3a,fit,0.05,0,4,3b0c3ffaae019870852f835b3a8ff19971873ce71c17e6edf6a36c5a43472136
verify_extracted,fpq_287,fpq,g_8d6092632f196a3a,fit,0.02,0,3,5da08523a4bc51adef475abffcca6693d1be97e793641c82b35efa308ad41e06
verify_extracted,fpq_288,fpq,g_aa9899578ba69e6c,fit,0.08,0,7,ac6191f11257be3d31a99341659ab061a28f48f034f346d5c31739bea105f1b8
verify_extracted,fpq_289,fpq,g_5529ea8bb29fa770,dev,0.01,0,3,da98a320999924dc57701d62ff7c2e82d3b0f793802a5587af10a5bd708ce3ac
verify_extracted,fpq_29,fpq,g_c385ff6e98a203cc,test,0.01,0,2,46f0b1cb34d8df314ed863a3451d8727ffec58dc7f7cde06302a817d1597e532
verify_extracted,fpq_290,fpq,g_5529ea8bb29fa770,dev,0.0,0,2,9c62a49a00a735f6f87d9a4327ffe06659bf36d49d70720b35cb19f34ee8bf31
verify_extracted,fpq_291,fpq,g_5529ea8bb29fa770,dev,0.02,0,5,dd67c0df2387343e1e46f06cb487a0399e16ccc07a8825fb1059db1d9262a85b
verify_extracted,fpq_292,fpq,g_b32ab8ff142226e5,fit,0.9,1,3,680590d3686cc06ab20fb3f8826feac116baecd31055d0ba8bd7daaf5d012afc
verify_extracted,fpq_293,fpq,g_f52bbf2446ee723e,test,0.01,0,6,0332569b0a9d9878a6b70820d50b50f0cb6cfa3f0054b78ca2b35cbf8216dd33
verify_extracted,fpq_294,fpq,g_f52bbf2446ee723e,test,0.0,0,4,34d80a4b627d9b62fc116d95b9e0980c8961d295433f112bcc522afb8d36ce93
verify_extracted,fpq_295,fpq,g_b927c8cae6c10337,fit,0.0,0,4,8c4764698e46c89309f7d91349caa2c206a94cc3984ba59660fbd3520ad16aae
verify_extracted,fpq_296,fpq,g_f85a9e0ea828ee7c,test,0.35,0,3,65d5ebcf7126fbbf75a714b4579da301bbcf30a248e1b8755366cbe5f5c3b94f
verify_extracted,fpq_297,fpq,g_504c34b31263b847,fit,0.05,0,4,93bcbb9557095480cc0a7513cd1656fa0b0de036b83530374f830cb9b98219c2
verify_extracted,fpq_3,fpq,g_b307d148060aeba9,dev,0.05,0,3,cd5ed96d188295d32905d86083bc164a29e3f23e9f22ac3faba74cefe57359f5
verify_extracted,fpq_30,fpq,g_1e745f346e4cb3e7,fit,0.35,0,5,5fc48cf0eb5057c508dd1a45a459f997686cb3c08c0f9ce824f0f4ef696cc580
verify_extracted,fpq_302,fpq,g_ec9eab80a9121176,fit,0.2,0,4,cf92b89be9b19807a6a889a7bf83d556d76c87bf2ff65b503d4106d13a53c5b8
verify_extracted,fpq_303,fpq,g_ec9eab80a9121176,fit,0.02,0,4,06b35e6aa4c4e3348678e5731da3a9171640bdddcceb0dcc61fefe1138c9efc8
verify_extracted,fpq_304,fpq,g_ec9eab80a9121176,fit,0.0,0,3,2b1ad98994af724216e5edd54aef2de73f880fbb35e8e2e773313174728d74ef
verify_extracted,fpq_305,fpq,g_7a965a3904fbae5f,fit,0.01,0,6,b78a5dd7cce59b3299358b25d0d7b4759415d277da5c401fc451fd536495f95a
verify_extracted,fpq_306,fpq,g_468608d58bc90e84,fit,0.0,0,3,b435b77c39933a61d572484c3eed26df8cefd0666c66580b0f2ac865d7183a59
verify_extracted,fpq_307,fpq,g_468608d58bc90e84,fit,0.02,0,5,722efc5cfd47734dfae2030cb20e3f1465bbb62c39ae0d67eb13e2c4e1730ccf
verify_extracted,fpq_308,fpq,g_cbd8e06081de3089,test,0.0,0,6,4d08f9c6f07cb0fbe54d7270369a4261fbd2fadc2a08c0f9eea696f98291c3d6
verify_extracted,fpq_309,fpq,g_f2bcd9d2bd1368c5,fit,0.0,0,3,937df1a16fad59eae8525cd1744b3dcedd3b63a8f1d5ca0909f0779914ee20d0
verify_extracted,fpq_31,fpq,g_f73449782f83e067,dev,0.02,0,3,85561c438f488c588a363d07b92aec518f67ebebac239172d9b0c2edcd1abae3
verify_extracted,fpq_311,fpq,g_766dce1707ed55b2,dev,0.75,1,5,078dc2750ff9fb6fb60b7867c28dc579add8d693fc3d27361e9ab09f086aaf4b
verify_extracted,fpq_312,fpq,g_bdbdf9f140ffb344,test,0.0,0,8,dcba32b8ee9368fac8335a7fa88174d45ba6912cf096596d5590f48681f52a4b
verify_extracted,fpq_313,fpq,g_bdbdf9f140ffb344,test,0.0,0,3,f014038cabea9ec7b71658497e75d8d02af814aaffce0b306e7a67a10b55c9d8
verify_extracted,fpq_314,fpq,g_84efe198abe92564,fit,0.03,0,3,924ca46e237d2e9990d33ee9d6727301ff8520245c3011d4a63a4e480c68b2d2
verify_extracted,fpq_315,fpq,g_84efe198abe92564,fit,0.0,0,5,847c893456ccfdd8694595239530f525e7dec0f9e4ada6c2cad1d69b782825d0
verify_extracted,fpq_316,fpq,g_84efe198abe92564,fit,0.0,0,3,ddb8ca15820393a6327790078e33374ceb9ef5878d1e3ff697d3fbae299cba4b
verify_extracted,fpq_317,fpq,g_84efe198abe92564,fit,0.8,1,3,8f9a24b55cb6f57cd6e3bdf6b3df5c41852c9590f6d0c3afa24bd398ea12f0f3
verify_extracted,fpq_318,fpq,g_55ee87d27c3022bf,fit,0.03,0,5,8f0febc0c0bb81cf1888d5f6728ce51c1b74ae94a0e4935c4b4d6f1a9b4d14ca
verify_extracted,fpq_319,fpq,g_55ee87d27c3022bf,fit,0.0,0,6,f724c059351e00d11df1cb5394c01ad8c5bf452e06bbdf80a7f283ef3c45e89d
verify_extracted,fpq_32,fpq,g_f73449782f83e067,dev,0.0,0,3,7f0d8a61f69b3589b827643ba45501e268f4647881bd55a15f90756582d29dfd
verify_extracted,fpq_320,fpq,g_55ee87d27c3022bf,fit,0.0,0,4,faec94dd7cc936d32ce1b7a55954bbb304fd20b1a628b290b153bc234a8b3e9c
verify_extracted,fpq_321,fpq,g_e282fdd2a4f8b7c6,fit,0.0,0,3,5160602d52142b037ff7559fbc66a1382c16c398761f8a1022a486e1769d2fc5
verify_extracted,fpq_325,fpq,g_ffe598021a0591dd,fit,0.0,0,3,4b07e4a7ed0a75a001230c210535880ad6a05731a6a45f168d81eff17a945975
verify_extracted,fpq_326,fpq,g_cb299384268e8412,fit,0.01,0,6,9081c222740357d802aa63c29befbfaaefaa67dba4640a957ba363bf37ea9d21
verify_extracted,fpq_327,fpq,g_7c6e8dcf510c5f13,test,0.0,0,5,23be0c8fd6d14a364fdbf6c02624d61213f28176ff27e2f74c6de73303267845
verify_extracted,fpq_33,fpq,g_f73449782f83e067,dev,0.0,0,3,632b55d9472507f0e856659d362d80cb8b8763926c8bb52f7ac02c0b6424970f
verify_extracted,fpq_336,fpq,g_8a534c8ebcc2d2de,fit,0.0,0,3,67f19bad1ca6abb14ac4785391da83e14ccc0e38af5e0ad485e24c57c8872b73
verify_extracted,fpq_34,fpq,g_a30fe563ea9cb798,fit,0.35,0,3,6cbba2c7a96cc2a511107e88756c9323de7b7cbefa0659c392e4bfdb1ef53e9b
verify_extracted,fpq_342,fpq,g_2a323114ccaebfc6,fit,0.98,1,5,af5ac3aeea82437074b6486446ccd29a82a1deec95343d7e3fc70a8bb6d8bbf7
verify_extracted,fpq_343,fpq,g_38218b79b5b3af5f,fit,0.02,0,4,9e44e7a0fe0f9f57203ad62997ef058f67f8096010ea615ab62050f706908ed9
verify_extracted,fpq_344,fpq,g_22b393415a594064,fit,0.05,0,5,24eaf7190d5c52800f36f626742ea3fcc7cb89dec236f0eb909c4eb1d38c1f97
verify_extracted,fpq_348,fpq,g_4c7025811dc482c2,fit,0.98,1,5,03261c639f5b71d62c135964978df5071041fd2948d6308b896029747fe1dea4
verify_extracted,fpq_35,fpq,g_a30fe563ea9cb798,fit,0.01,0,4,9a923f9f8291a86735f52fb74d239bd82c54ff9142fe4f1d2e77ea8462bbccef
verify_extracted,fpq_350,fpq,g_44163c72fa9d592b,test,0.0,0,5,049cc8bf657da02417fcacff9b1765bdd08401dcab660ed4e2341d44012fc081
verify_extracted,fpq_353,fpq,g_72ed5e4b9cc54d50,dev,0.0,0,4,d6526a597740ad35222baece240cc88e44b59afa09c0afec585f011c167d4e0c
verify_extracted,fpq_354,fpq,g_72ed5e4b9cc54d50,dev,0.0,0,4,4b1ba716173f622149e308d51ecb44abf21b651ca5782cfb22422c7ad442721d
verify_extracted,fpq_357,fpq,g_1e47b984d6fb115d,fit,0.01,0,4,7018c0e14cd2b3bf1da97d370d388bd959261b7c37ee20e50a50258f5210f2c2
verify_extracted,fpq_358,fpq,g_1e47b984d6fb115d,fit,0.0,0,3,5afb8474eacac3a49187e3f25a4e42fb45210505f9199f510741aa7719b6838f
verify_extracted,fpq_359,fpq,g_d28854be1aad3c97,test,0.0,0,3,71252d6240f79477adca320b1446388f47d65a82cc571c59a963176d9d539027
verify_extracted,fpq_36,fpq,g_a30fe563ea9cb798,fit,0.1,0,4,9f5606badf576381c49f28886086165cacb88191a1afec3e991085ea43d65408
verify_extracted,fpq_361,fpq,g_a9acc1858fdfd3e2,test,0.0,0,5,e5333c486eeeb224d056fc859077b529aaa928754b198f4b7656ba6eb5b86059
verify_extracted,fpq_362,fpq,g_a9acc1858fdfd3e2,test,0.0,0,6,bbd0a2251f3b4b941d76f3eb73918c06c829f0bb3eb56e722a0277e3acd84eab
verify_extracted,fpq_366,fpq,g_4b5a70640e1e6f24,fit,0.0,0,5,1de0d1f637f8d60df8a8e63710637cb90927058236f3f647436fda61f1087980
verify_extracted,fpq_368,fpq,g_47e3c8f03cbeb7a8,fit,0.01,0,5,a693886e818169a4845ccc54819d8bbcdf1153c9943e3a9ee21d09a98f7e60aa
verify_extracted,fpq_37,fpq,g_ec608379b16075b5,dev,0.85,1,5,9f7b8c4c2184031db1a712b2126c0d17a594f65600aef04fb2c41872bd0e8e24
verify_extracted,fpq_376,fpq,g_02b9908384cf1d51,fit,0.85,1,4,76fef197a0584a31c83fedc72f710fd86cc85fb8c2575cd4e6943fb5ef92a662
verify_extracted,fpq_378,fpq,g_ea03550ceee73397,fit,0.01,0,2,e457ba121719698f5ece3c4695f62c1d524048aa7276cf01208f7872323904d5
verify_extracted,fpq_379,fpq,g_ea03550ceee73397,fit,0.0,0,3,950462a013f62747807e0879742c1b97618d1695275990bdbbc38402a76bc046
verify_extracted,fpq_38,fpq,g_da34590d4f36118b,fit,0.05,0,4,4ea3c7f783fbda36a59c7004a8140923dff567f295ac82f7bb8995886cb7d29f
verify_extracted,fpq_380,fpq,g_645d45fa5925f541,fit,0.01,0,4,00d4b99a4dbeb3650664a420dd5fc3ea1227b3375015ae7af2b59690df3fa909
verify_extracted,fpq_383,fpq,g_cf2fba1200ea9daf,fit,0.03,0,4,8dc48611c466d605f98fc4c453fade0d7eafbd4ef6308c03e6d5a862c61d7fbc
verify_extracted,fpq_385,fpq,g_8bcec7c48239bfda,dev,0.0,0,5,87b0c1624dbc90bde713e110cb19983755d09906357da6b478a6290572927c34
verify_extracted,fpq_386,fpq,g_f22f3efa712c221d,fit,0.85,1,3,0879d3ea8b4204bbfe91bdb52325c46d32271c40646e2d47c9b46df63b3831f6
verify_extracted,fpq_387,fpq,g_6917327192562222,fit,0.01,0,2,144416bd078740fa2117c4eedcdc307a3e615d65b3e7d6a33922b9847fa64cfb
verify_extracted,fpq_388,fpq,g_1fa38295a9b81ae6,fit,0.02,0,4,6c620ca66791aa30af7779bf948f41136ba7c0b4d9cd993e4f96da12292ca25a
verify_extracted,fpq_389,fpq,g_1fa38295a9b81ae6,fit,0.02,0,4,b56520264713b814deb0c0c10e71bb5c37812339f3f05c787dad4b73e2ea0782
verify_extracted,fpq_39,fpq,g_59c8eb0389532e7c,dev,0.0,0,3,f19949118e6c761e6589d88f1cb13d40f577b29adea326d9c80b0bf7655cd601
verify_extracted,fpq_390,fpq,g_bab6e139ab1f2ceb,fit,0.0,0,5,763a3d97948d4c9fa4ee72bb8fbf31d55ba591192451128ba64d82b71466d6ef
verify_extracted,fpq_391,fpq,g_bab6e139ab1f2ceb,fit,0.08,0,4,844688e86bb943eb797b4a17683f095801d352013cc625a049ed692a92cbcc7b
verify_extracted,fpq_392,fpq,g_dc4d014737be2aa5,dev,0.01,0,3,5d35b4ac4e29c0dad5af51331d7cf6920c0276806fb047fdc37b571540a6a3bd
verify_extracted,fpq_394,fpq,g_bebaa054083074e9,test,0.01,0,3,573a6b1d84a57f4f84d65eb61140c3f31a751a3485eafe23f14601720fe93324
verify_extracted,fpq_395,fpq,g_bebaa054083074e9,test,0.0,0,3,1ac098bc48db9e3538099a7e792437a0f0e36beb732735adf4044a456f05b8a4
verify_extracted,fpq_396,fpq,g_4bea3a7efaf6846e,fit,0.02,0,2,0309e945d2b921dbccf4d2b1676387af157efba9f6762f569636bac3c73298d5
verify_extracted,fpq_397,fpq,g_1f5469f09b16ecc3,test,0.01,0,3,8fa922c0e1845fad42a1bc978450bede08609ceb9646b1e77642f905d56f3c41
verify_extracted,fpq_398,fpq,g_2e0b59ed904136fb,fit,0.3,0,6,f02098ebd114e52cc45b14cc7504129851bf0dc0b139881fee51d00446a64251
verify_extracted,fpq_399,fpq,g_2e0b59ed904136fb,fit,0.9,1,4,be307fa852209a92e616216d55079ecd62b23fc158576949f7bf4ee37b574d71
verify_extracted,fpq_4,fpq,g_b9bdc5e4663e46a5,fit,0.0,0,3,a33ae8177b395b78bf3b4f604e03dc8e70809d5b3a02dfc571390032076fba45
verify_extracted,fpq_40,fpq,g_180a2f4fb476a8da,fit,0.05,0,2,cd24ce1f7269f55e4be1832adcf33323f12375c752e137bb24748d2b3db8f609
verify_extracted,fpq_400,fpq,g_94c0fe3211436732,test,0.0,0,2,74157fe6c0498a42636aa64c59056d0e1f71f966f7a6c4f382711a34b3465483
verify_extracted,fpq_403,fpq,g_94c0fe3211436732,test,0.95,1,3,df6e9b8bf8261d654e619d0d8b11f2436f70e151ffce9786ede097ff254d574a
verify_extracted,fpq_405,fpq,g_e2af5323aeb7414f,fit,0.01,0,3,168d3a00a2aaf231d979a8548dc557bb455f317e86b3147a6c1c61c38433ce8f
verify_extracted,fpq_407,fpq,g_e2af5323aeb7414f,fit,0.01,0,3,cd8b802cbd10263b3480ea078459d5732afcd7dfcdbfc2e258ca693ca6af032e
verify_extracted,fpq_408,fpq,g_e2af5323aeb7414f,fit,0.0,0,2,8059cdb5ef1560558008185246197d9c6623c64aae5d31baae55f7001184ff7f
verify_extracted,fpq_41,fpq,g_bc782fff330561e5,dev,0.3,0,3,5e967cdf14337fc0d8c0bbcf04f562bf82ce445594529a118fe757a417ec178a
verify_extracted,fpq_415,fpq,g_66e9e5470d66f952,fit,0.35,0,4,28c86bfd286ce80e64a31534514ee14d917f3c69968151b9d2aa2e7bb01477c5
verify_extracted,fpq_416,fpq,g_66e9e5470d66f952,fit,0.0,0,2,f035180fef72cb8efd5ce34f8c8303046eba68d5fef11f8e013e15ef90362e12
verify_extracted,fpq_417,fpq,g_66e9e5470d66f952,fit,0.01,0,2,3f9bdcfabb7aa1d18dece0703ef89f432b23afa873717be4f5e2b46007a645dd
verify_extracted,fpq_42,fpq,g_f58144eff3c55e35,fit,0.0,0,3,db05ffc2e9c31b5694cb000cc1ee6a9044b05c02865bee4b4cc5f6621345855c
verify_extracted,fpq_420,fpq,g_3eb2b681bc43fcd9,fit,0.05,0,4,cf2af04ee2dfbb253232d5cc2469a1bc361800237802ff0b8c18162fbf6913a3
verify_extracted,fpq_421,fpq,g_609a2b6d9e5999b2,test,0.0,0,4,1048c7c8039ee01012a34f0ea09221be5e716e4d749ec1343c4e58da787e0f4e
verify_extracted,fpq_422,fpq,g_134b06bfa149feb0,test,0.0,0,3,5188951cf975b937692523409031e6524e43bdd87617a48c66d98275852d3292
verify_extracted,fpq_423,fpq,g_134b06bfa149feb0,test,0.05,0,4,b17ab6b05fa4673a15aaa9187f73fd8a9230b8ed1baa5560d650eb7b2f8cc219
verify_extracted,fpq_425,fpq,g_107eb984d25ea5ab,test,0.02,0,5,27768dbbc1534fa0f941b57bf799607dec01624c37933a9059fd756276a7b918
verify_extracted,fpq_426,fpq,g_107eb984d25ea5ab,test,0.05,0,3,9239a438c900145f53d2183128c15c7b33fff3ec8efea15875f2ff7e127cf80b
verify_extracted,fpq_428,fpq,g_6df47b6886426780,fit,0.0,0,3,fa96513e720a96c44ad5f0e278b2ef11d122112ac3009c4c814ed6513f595850
verify_extracted,fpq_429,fpq,g_1ee4035c6638d7bd,fit,0.01,0,4,8cdfd2248abb19e1ba4d8065195ba28182405059bdc00f8e0346e8e51e0a9aa6
verify_extracted,fpq_43,fpq,g_c0997e51d65d0496,dev,0.01,0,4,bf9373830d904fd00d0a9e6e999d770210178e529a581c8a9d594e6c660420b2
verify_extracted,fpq_434,fpq,g_578c6dbbc1b2674d,dev,0.65,1,3,3662fe767a056c17e17033a685036710db152d694f0479046f558fb323a23f64
verify_extracted,fpq_436,fpq,g_9be96888bdc63316,dev,0.01,0,7,385c2adb32886a65d8aa11f90f402bd4b0933387663cbc865fe55fc71b415093
verify_extracted,fpq_438,fpq,g_0115bbd0b63fe0ec,fit,0.05,0,2,44f15448efbb3ae1cd6074b6a6e1ef76a1b0482172400f769022aa1043b26c81
verify_extracted,fpq_439,fpq,g_5390354115fe27f1,dev,0.85,1,4,d3e713e46bebcbdf63f1f9f93d56535f480d89626ae6e001a5f0b082e594a8b7
verify_extracted,fpq_44,fpq,g_c0997e51d65d0496,dev,0.98,1,4,348b1c0a048d90471d4441a07edc54c06a311b44c566432c3aa4569e1c9b9a1d
verify_extracted,fpq_443,fpq,g_364e149fa9d4f87f,fit,0.08,0,6,0a7c55311630fa3c15e3e2ba3c4fc9bfdc4cc24525391f596e3a236a8bd3e28f
verify_extracted,fpq_445,fpq,g_f5ee03e40ada5830,fit,0.0,0,2,577bbf8d70114d018430868e7228e682aeb4e7110ecffb78119b83071d150d2b
verify_extracted,fpq_446,fpq,g_f5ee03e40ada5830,fit,0.02,0,1,3629ceb224f03c86d419a85e99f9e4c3e87deca5ed79786013fc2a52a41aef06
verify_extracted,fpq_45,fpq,g_3a1d44267b620661,test,0.95,1,4,3b6ae957c322946b0dbb4bd7d09fc08bb705155c392ee5369953d9140d7fced5
verify_extracted,fpq_459,fpq,g_3839f964a8a11d7b,dev,0.95,1,4,111ee71c6fb9ebf8d1d0fe0d425ee89568cc4db2582c2f61155f3342160c47ea
verify_extracted,fpq_46,fpq,g_1953e82a310dec13,fit,0.01,0,2,b38cca40ce0ca3c2f0c078d96801096e98700fd7602be10f1e8086c732593624
verify_extracted,fpq_460,fpq,g_3839f964a8a11d7b,dev,0.01,0,4,9bf74404c3b68a8a1c8ce58674c18b9bbb308e08833374c8e0da3d48e99058cb
verify_extracted,fpq_462,fpq,g_14c8ce6d8aacd7ad,fit,0.98,1,4,e65ad7654edf6c827b0d45c262365abae7fa39f77207d16b27e11ce9f35bf383
verify_extracted,fpq_467,fpq,g_28b02aa97926c98b,fit,0.01,0,5,ea22f736f8a05fe3e3679183976aff65b3e476395bc8ac11a33104afbfc7b10c
verify_extracted,fpq_47,fpq,g_1953e82a310dec13,fit,0.01,0,3,8d445a63d57493dbc4e78c56b2ab4723124382b2893bc5950adb46c5b6eb4dd8
verify_extracted,fpq_472,fpq,g_6091608a8d96ab67,fit,0.02,0,4,93e4958411915ddd5d231797273a23bf957f6fd4bdbeb164bd95dd3594d6ce58
verify_extracted,fpq_473,fpq,g_4a44fd972a94c3db,dev,0.01,0,3,c500122f3035332e6b4d73d8750cd47312de49ca7f7616018cb0d96fb8ae0ea3
verify_extracted,fpq_474,fpq,g_4a44fd972a94c3db,dev,0.85,1,3,a458a376d34d23682a1dff542276cc421d389f55d5cd32189b655341f8fc894e
verify_extracted,fpq_477,fpq,g_ad1bc9af0bd65616,test,0.97,1,2,47071d6a18bcd5d6acde60c7aca17457254be5fdda4ee6792ae357b73569183f
verify_extracted,fpq_479,fpq,g_322ef7eb4b0b8b42,test,0.0,0,5,68d20509308a0e9a450e71962b350d2f03e72c6d10698ed1b9cca910166876b0
verify_extracted,fpq_48,fpq,g_677a9285e0f3e5de,fit,0.2,0,3,da14447fea68c204803915a7357bf780d540ea1282e96f3d7a45e5ff28d1e5ed
verify_extracted,fpq_484,fpq,g_525a9b81fe59a449,fit,0.0,0,3,2fc7418b639b1bf80502c598e63adf07dc32655ac2520c28d32524eae38caa9e
verify_extracted,fpq_485,fpq,g_104997b2f8dc665e,fit,0.0,0,4,cc567db2e7da8de13b9fd1a7e22266b72c58d96c63c879301842788164abea6c
verify_extracted,fpq_487,fpq,g_fac45a3979a2caba,fit,0.05,0,3,fe6cb0e69ab45d385be05d74eecf4f879d10b7701c4e6deb168457aea9f4b4b0
verify_extracted,fpq_488,fpq,g_fac45a3979a2caba,fit,0.0,0,5,01ed00bfa46abccee18542595c18fb4387d228a802e7a9e4ad590f2f92aba7cb
verify_extracted,fpq_49,fpq,g_677a9285e0f3e5de,fit,0.0,0,3,bd0618f122a9ec59f9ba7e2831e331fef6cbc430eb2ce25e148dcd484293a2da
verify_extracted,fpq_492,fpq,g_24c2810a7515e42d,fit,0.45,0,2,765c0d12132874960db9fa25c5e11d3fba31a04ef2830f33a5818d36c25a5f47
verify_extracted,fpq_493,fpq,g_157d49e936d751a8,dev,0.85,1,4,7bb2784c795be7e124c8014ddbb468eb27d98d860751e56dfbda71cb328a4b4d
verify_extracted,fpq_494,fpq,g_157d49e936d751a8,dev,0.85,1,2,3b8daf32226005498fe049055152ccaa539d6c6cde91e985e99af6c7befc1b7c
verify_extracted,fpq_495,fpq,g_957d77a00c5f509c,fit,0.02,0,3,b1ebf7ece58df9e19e73f24e38c8c0e1cf4b157fc7b03a604d7777068d8c23fe
verify_extracted,fpq_497,fpq,g_e5a761c9e362bd37,test,0.0,0,4,ea991faa5c4f1b768fdf80835b5594976d27845067aa9588b37f013b594126c1
verify_extracted,fpq_499,fpq,g_a5e65ea6e0e0427f,dev,0.15,0,4,8a6453ce84480515f065f9a733a73b5acfb59a6a4a1ce19b83f36551a54653b8
verify_extracted,fpq_5,fpq,g_b9bdc5e4663e46a5,fit,0.01,0,3,eb99405d93f1c4906ddf71c567cdaa8657ac026fa5f3d99a0dfcaa5546c3c45a
verify_extracted,fpq_50,fpq,g_677a9285e0f3e5de,fit,0.0,0,2,9ed6fc44c90bd58f974ba847b7307ae30710cc37293ce7456a476778a2306c2c
verify_extracted,fpq_500,fpq,g_f4752a834936a70f,fit,0.35,0,3,eef38c32592800edd5edee0b1dc9dc605e7f6cda3c530498f9ee999084f2cddd
verify_extracted,fpq_501,fpq,g_f4752a834936a70f,fit,0.85,1,6,15144dc83ee83e2e11941140ed6ac8da898f7e5dba63609af8d5f2c14671ae69
verify_extracted,fpq_502,fpq,g_8dba62e1beed3a7d,fit,0.01,0,3,a9086fa8deec35590c5f872da6f77b871e01a76c43dfe921dc56b7cfd1cb6b6e
verify_extracted,fpq_505,fpq,g_d2e1c875a2cc9a5c,fit,0.02,0,3,264bb0ce82fa4f5392699b9cae5d8a12be2c3fce49758e9a255bc7f4ccc672c2
verify_extracted,fpq_506,fpq,g_14bf65c395eccad7,fit,0.0,0,1,d2ba8560dc6027ce9ba70718583d9de7a2150138fe1565fc24c9d08adc60db72
verify_extracted,fpq_507,fpq,g_14bf65c395eccad7,fit,0.0,0,3,6043129f3c5139feb911c7b106c5ee3c6857defd7a734ee86a2d8b68e0d86f4e
verify_extracted,fpq_51,fpq,g_2a5a6ba709d1e6ba,fit,0.9,1,2,e44c124cffabd68752b2dd53597f62966fcbfd03206288eb3a9809c59878bed5
verify_extracted,fpq_512,fpq,g_3bda14289ea1657e,fit,0.05,0,4,e21ea322f3752c8d35032316c4c50516991d894e244ebf4b156d3d8cbef3effc
verify_extracted,fpq_514,fpq,g_3bda14289ea1657e,fit,0.45,0,4,71f9c45ba7dda6395041b07b3496d066d361333a3c149a20aab9ccb2af88ea81
verify_extracted,fpq_516,fpq,g_633b783ed1ae9ce6,dev,0.0,0,3,219a5749f889f8657a8a9b484b379835ec453ec49dd1f7c13a8bea8d25802513
verify_extracted,fpq_517,fpq,g_adf307c1c4e0c1d9,test,0.02,0,3,a2cd8059e24c0fdbbd1a5019885b8a5ec25362f67ebe8bbc0f12a9f44e373bb4
verify_extracted,fpq_52,fpq,g_2a5a6ba709d1e6ba,fit,0.0,0,4,53d3d1745a0cc2cc10bb3a1880c177cdacdfe8bd7b6c0217bb8b9dd1be27c852
verify_extracted,fpq_521,fpq,g_c1d6bf1333f7e81d,fit,0.1,0,3,8682f6580aedff1355fcb01cc10b1b5cbb784cf7a0c039de8100413d9a8e4b6b
verify_extracted,fpq_522,fpq,g_c1d6bf1333f7e81d,fit,0.75,1,6,37f4cf21a7d659447e4c6fac1306cbbacbb24377382ec4f2cd66c20c2548bf64
verify_extracted,fpq_524,fpq,g_97d6b514ff75f8c8,fit,0.0,0,4,e7f7d0bf8796cea02cd40f2481f5136c51a5cdbf5dd868fbaeee72ae2f73f554
verify_extracted,fpq_525,fpq,g_97d6b514ff75f8c8,fit,0.0,0,3,a1c2f9da7cd1e2d8f6f3c7708ce91ff81db97ee244135634ef2ae27b0ed9b400
verify_extracted,fpq_53,fpq,g_2a5a6ba709d1e6ba,fit,0.0,0,2,2886f80ac9c5159a89c0696469210884dc40e4a9838fe788d3edba82c7aa4f68
verify_extracted,fpq_530,fpq,g_59b190d450e12f75,dev,0.2,0,5,8c02c0b78def1dfe5b305c9c35ace672b64c216971e2b45e45ed31971c7efb2e
verify_extracted,fpq_531,fpq,g_e562c0267bf624d5,fit,0.0,0,5,47f184bb58f10995dacce0973b5cfbd0b59171c71f296036a65c46fbfc758179
verify_extracted,fpq_534,fpq,g_6e51e9ca91a6b310,fit,0.0,0,3,6b29adcca1d6fb7b840be730f4d9473f6b1d3d40960b3c6f7b75d63404cc6866
verify_extracted,fpq_535,fpq,g_6e51e9ca91a6b310,fit,0.75,1,2,13c194e83c45760888260c2864222c1d7a6cce00710f96243a3a95fca7f4e3ad
verify_extracted,fpq_54,fpq,g_120d4a53c047dd85,fit,0.01,0,2,6a0f8db7699e10059a2d3fd33b728e55afc049e6fc767072feeef4aaea0ef9a8
verify_extracted,fpq_542,fpq,g_a786d0d624f2e2c9,fit,0.0,0,5,82dc59b0ea35d18b5f7ae3a3bcae280874da10d265086eaad1010a0cfbb8339d
verify_extracted,fpq_543,fpq,g_a108ca476d22f926,test,0.2,0,4,e1abb63e3da9b5144058c1340f3e9571755b4ca513c05ee7d3839c15d98882f4
verify_extracted,fpq_546,fpq,g_5ca9e3e3726c0aed,test,0.9,1,5,9761c337746723384260cdd45f9427abf83ce3af659c3a9bdfd4e100a3fb3851
verify_extracted,fpq_547,fpq,g_5ca9e3e3726c0aed,test,0.0,0,4,d4a38da3dd0749bafa9097a2e3552c135a8f2c65a2a277b15ab97153788a09d5
verify_extracted,fpq_549,fpq,g_53ae043726b29c83,fit,0.0,0,6,ec1e6d91206d98dd46210cd6ed030330b301d733ed0060fb207d39782b021ce4
verify_extracted,fpq_55,fpq,g_1e6435ddab760f8e,test,0.02,0,3,30f5f4b597906b374bbdd60e1a22e0fd692d9a316941f67b1833f611318a8b44
verify_extracted,fpq_550,fpq,g_57b08bdcf08d1183,dev,0.0,0,5,9d34b5300c04b443b2455dd9cd1ee4f54ea47fa987c2c469048339906b58ff01
verify_extracted,fpq_552,fpq,g_f157eaf72fbfc2a9,dev,0.55,1,4,d910f450e4035946d064697d276a4da86c1b83b386c1ff830fc49ba50a9db454
verify_extracted,fpq_556,fpq,g_9257e4d001b7fd7a,fit,0.15,0,3,e461f1a3d2f60a6d48e4fb5e92486d010a054059fb0be27c3064d1cef8560dc3
verify_extracted,fpq_557,fpq,g_9257e4d001b7fd7a,fit,0.01,0,6,13cf52c7ad71dc9be0cb8eef36e9f746344d9d3f60d95e5962f333f8b7aa26ca
verify_extracted,fpq_558,fpq,g_ec08ec5bc743aabd,test,0.01,0,3,5c93ee8f803563d7960d1a65762fef0dbd36ab06c266b60fa5bafafb7dba9aab
verify_extracted,fpq_559,fpq,g_1df5c809ca4cda6e,test,0.9,1,4,00c946e96eaf1e80978996f5a020b475daa4be65cec21bbc251fb91a1b989044
verify_extracted,fpq_56,fpq,g_8d2a718344704c15,fit,0.0,0,3,672b0f2c23469abd006d6de3d4bdd4245d4500a2c4ec4a8a286f152750061376
verify_extracted,fpq_560,fpq,g_a9f94b25b9241449,fit,0.0,0,7,2ab53962c6905a7d867b5c5efb0b594d4a3ff5a5a7fe39cfd501261addb595da
verify_extracted,fpq_563,fpq,g_6511bae2f73d8756,fit,0.99,1,3,5ed432c45e5862dd51ac4b14646bbb65e2c3228c09bd21d8ea391e9b61cc591e
verify_extracted,fpq_564,fpq,g_4bea3a7efaf6846e,fit,0.0,0,3,df7c692be750af16b35bd0712bed9444029e4e9803ab982b98dba5261aeba2f8
verify_extracted,fpq_565,fpq,g_b5e0498ed763e2db,test,0.05,0,6,f266cba00a3ee2bc25a5f0b90b4b4e58324f55d845176f64e52386f9d27143ac
verify_extracted,fpq_566,fpq,g_b5e0498ed763e2db,test,0.0,0,5,b33f6af81734b69d612027fbe66a169e95db4ced7560913d96986eb74e25f881
verify_extracted,fpq_57,fpq,g_261fece1aa1a84cc,fit,0.0,0,2,15b5a56be406e71a5c6241c121533793062c88d3894c71b014961fee1239457b
verify_extracted,fpq_570,fpq,g_ea1b1292c8e74b26,test,0.0,0,4,bff0ea190e16d0a7e6cf0703b897067bc10041f98f7069abb0c2182eb6fcf5b4
verify_extracted,fpq_572,fpq,g_47968107c0f5a9d8,dev,0.0,0,5,fa17056c3196cb25d053b548ef0e93a1f84493486d1dd9840ceb404501afc30f
verify_extracted,fpq_574,fpq,g_465379ee781c7767,fit,0.05,0,7,609be8ac4efcc466dad345bc10e5fdd16ec8ee678eefba62029f85b7fae580b3
verify_extracted,fpq_58,fpq,g_3cf0e37d5cc8e4c7,fit,0.01,0,4,674aa146d638c966b2b9648c9d97d2a8fc1c1679d347ac8a45128bf66d391e9a
verify_extracted,fpq_580,fpq,g_06261b9fdb31cde7,dev,0.95,1,6,0ff139a5cc69c7d95b82ad54c3484feced264321dd851df0b0f7fdcec78db895
verify_extracted,fpq_583,fpq,g_3282ccd5fd046b18,dev,0.01,0,3,36e692e0b9fff4cdc1bdd63f41521ff0c9e670cf2d8e64287018f8dec612042a
verify_extracted,fpq_584,fpq,g_246dc5d5b6358326,fit,0.02,0,2,f9e9a433edf8143769d761eb4c977ebd818bc1bf339ed6285c3db072099f9d9c
verify_extracted,fpq_586,fpq,g_b96789edde5ebe02,test,0.55,1,3,ef6fab453c32c96d87778bde4f46f3a1df742af5c1f6b881525915f7eef4b8eb
verify_extracted,fpq_59,fpq,g_3cf0e37d5cc8e4c7,fit,0.0,0,3,4e686947288fd1e8095bc97b5a3465f3de69b344c22c24ba124b2058671c23b3
verify_extracted,fpq_593,fpq,g_ed0fffb3c2864c4b,fit,0.0,0,5,0d20dc540d33ca4f9e8ed92f16d9dd7079a98b2daa78d0ea00d1853c11de3d6f
verify_extracted,fpq_595,fpq,g_08d289269282cb6c,fit,0.0,0,5,0f63e003987341e9207aee04d58d247dab9d244cb2f2acfa9c7d3012a3899420
verify_extracted,fpq_596,fpq,g_08d289269282cb6c,fit,0.0,0,4,25999baaff48c5e07219fd759a0e0f53fc3ebc7f847207279145f983c4721154
verify_extracted,fpq_598,fpq,g_61f59cdc17106f31,fit,0.01,0,3,46610c6021515687135b97fdd96f3d23606a5a003375d3b5f14fdadcd48d88ea
verify_extracted,fpq_6,fpq,g_d0558e4ba93c3774,fit,0.0,0,4,4f4f658826b7a84544000b230a399d268cf35f7ae838efd36bf6a0cbadd31410
verify_extracted,fpq_60,fpq,g_3e9b3f17bf68f43b,fit,0.02,0,4,a501a7154b32fd962ebba81afbf5a9ab49e35d4f2acb2718db37f32f0e7f0f93
verify_extracted,fpq_600,fpq,g_f2ba2f1437dbc4b1,test,0.1,0,3,d90ea1ad9755fdac8258dfa422e03df1b0ea15d2aa5b6193c2e0843c59b31368
verify_extracted,fpq_601,fpq,g_f2ba2f1437dbc4b1,test,0.1,0,3,3527bd9669df08e826aeb2261d53b92175a1e7276c02ef6024eb45eaf36ec79a
verify_extracted,fpq_603,fpq,g_2db4d541c3c288f5,fit,0.02,0,3,307a7f932d82936da943308c7b057efae3a9f5a435e4260d4f2ed39e42d8c618
verify_extracted,fpq_604,fpq,g_9a80d4288fb4a494,test,0.0,0,5,30f3a208482922f4c79f290fabfc0811b9506f6ea5299b49dfda613f7f856bd9
verify_extracted,fpq_606,fpq,g_c2e71cfd4489ceda,fit,0.0,0,5,192a2dcd4e4daa547ffb473c1c79598ff24779b71ac0c9b03d702f5a9fa850b2
verify_extracted,fpq_607,fpq,g_1aae9e8d45a350d0,dev,0.0,0,4,46db1e7bdb1163bad7e23d77321ed9148a37bfc7f225875fd62867ec177c5f45
verify_extracted,fpq_608,fpq,g_ffe598021a0591dd,fit,0.0,0,5,7bc60b00abf7b53ac39d692e2cf38cd998b8c049133d87b6ed68cfb73d0396dd
verify_extracted,fpq_609,fpq,g_ffe598021a0591dd,fit,0.02,0,3,78d2860ad60af4bd8b6da1f1333920d6d8d58b23769606bec59d528fe2df4849
verify_extracted,fpq_61,fpq,g_5259300d91a12b52,fit,0.0,0,3,6bcbabdcb67af1ad100ca38bce618ac1983c24401871ac6fe0f163d8172998aa
verify_extracted,fpq_610,fpq,g_ffe598021a0591dd,fit,0.0,0,3,e3a7ce0d415b3fb114e25bd5c9ea4fbf69a0c26f6c2edb7afa5135d9e6e05859
verify_extracted,fpq_611,fpq,g_56fcfb23779cd978,test,0.0,0,3,47a6933992c91f14368903a1bd51d8400aa96394dd4eb503e6303f68ded33067
verify_extracted,fpq_612,fpq,g_622de1e6e0c049fd,fit,0.15,0,4,81e6fb56b2476088314386fece7be9bfeb3ce4bd051c342e7eb79618668d1ea5
verify_extracted,fpq_613,fpq,g_a107636a7eec2e99,fit,0.0,0,3,5be24f79e8d27ce394edaadea97508421acfea6f28541cf1243bfc495aa9de39
verify_extracted,fpq_614,fpq,g_a107636a7eec2e99,fit,0.02,0,4,7ac28ceeef387bf9c874650ead0bbe6adeca1c0956c3c77ec67384e776737a41
verify_extracted,fpq_615,fpq,g_a107636a7eec2e99,fit,0.03,0,5,7daaf0f6bd0f3b5a50820f9124bb73eb5494aa427c640ebe5fffbd74af875cda
verify_extracted,fpq_616,fpq,g_a107636a7eec2e99,fit,0.01,0,1,a26ce539c60ddc0e2a2e991518ba992a8b7ac2523ef7657a54ceee986f8f49c9
verify_extracted,fpq_617,fpq,g_f5ad3ce90fb8e435,fit,0.05,0,3,df115ea4a862416231f18f104e955731b4afaa1b2567834c34b676b276711abc
verify_extracted,fpq_618,fpq,g_f5ad3ce90fb8e435,fit,0.01,0,2,3e6011f49a938ebe63339964cf51e534fdfa06dafb111f945382be5c82027c32
verify_extracted,fpq_619,fpq,g_1c5665ef5c01f1d7,dev,0.03,0,7,6c3d2d1009cca1726041c845221be3d5df5e00fbdfea3b5a411e323161e37c2a
verify_extracted,fpq_62,fpq,g_7c76fd39492792e5,test,0.95,1,4,4d47033e57e1ef01432c93c640374bb9c6b6b13b3a2fb4c4b6f277e4dc14948e
verify_extracted,fpq_620,fpq,g_1c5665ef5c01f1d7,dev,0.0,0,3,d95148b055fe2b001cc9995e7651c71771cc874727f491f1bacea1293047f06c
verify_extracted,fpq_621,fpq,g_eb8f6804d1c637b6,fit,0.0,0,2,3c4e7ea056b8a5a079bbf4aec6a50ba65b16cd45e45f45b822b6b534434133c0
verify_extracted,fpq_622,fpq,g_eb8f6804d1c637b6,fit,0.03,0,6,b1e626a6ff95f48cdd228991689288f626562c166ca240daf940a2f73c891256
verify_extracted,fpq_623,fpq,g_eb8f6804d1c637b6,fit,0.8,1,3,caa19f5a2d4a776b0e5621f68aa91c532e94208820759fa8feba21da1f3a1a42
verify_extracted,fpq_624,fpq,g_50755827d69bcd14,fit,0.0,0,3,bb311f29a4884b8b31efb5125bbf5ff1ca9495c9fadc68d8a39686f99c94436a
verify_extracted,fpq_625,fpq,g_48daddc9a2091b80,test,0.98,1,1,141fa656447e186c06105a7bca795d632fb9b08ec680be6dcbc5379f85ea6858
verify_extracted,fpq_626,fpq,g_cbd8e06081de3089,test,0.1,0,6,38cb9fd9b9913cae7032eb5a8ccbaa62bb05c9a9792371e4f61e948d2181fb9c
verify_extracted,fpq_628,fpq,g_f3aa8a75a159950c,dev,0.02,0,3,fb1db469f49f579cbfe166312956eb2a656ea4181939c0fe848e720b303d9e8b
verify_extracted,fpq_629,fpq,g_f3aa8a75a159950c,dev,0.01,0,4,0c454778a1f6466f3c4a0511920c4a6f5341b045f6e7682fa7fe1ee8045e32c0
verify_extracted,fpq_63,fpq,g_1c2c52fa313ede3f,test,0.01,0,3,13bb3671f93c454b06f82ecf4088e43ff6759da072af4bcf09f1eb9dc79576d5
verify_extracted,fpq_630,fpq,g_f3aa8a75a159950c,dev,0.0,0,3,513e4d603753f083cbccc8ae4dd37425714615fa5203ce03c19681a4814abe34
verify_extracted,fpq_631,fpq,g_d42de5a23d21046b,fit,0.0,0,4,80b5c2af6f9f993c66feb09b3809d5cd9fa614421c078a984d9e3761cc8dcc21
verify_extracted,fpq_632,fpq,g_d42de5a23d21046b,fit,0.95,1,4,a8272e69c0d66634dfe11cee33d3decdc146edfa1d8b7a282c6edcb6ed220c67
verify_extracted,fpq_633,fpq,g_d42de5a23d21046b,fit,0.0,0,3,7605e1ce665a38a666ae26e93cc0dc567d2f52eae490c84425507cccdc6f983e
verify_extracted,fpq_634,fpq,g_3501d3281d06658b,fit,0.0,0,5,0d68a3fb50e689002ad80bebda14a1ee392088ab7c36e40924fc05583be654e9
verify_extracted,fpq_635,fpq,g_543e733353e62deb,fit,0.0,0,5,423edec1eab6e8289bb46ca4a1419fd060c07e1f473dc10e2162100e1665a56b
verify_extracted,fpq_636,fpq,g_cbd8e06081de3089,test,0.02,0,5,842bdc49a62858553efa118e1e47ba05414e3bd8cbc88ecb365f0945a979c698
verify_extracted,fpq_638,fpq,g_cbd8e06081de3089,test,0.0,0,5,053288d0f8c5cac5c4e05cf2036879136088f4847c21c7682e4aa19056c93744
verify_extracted,fpq_639,fpq,g_7a7d282b958f2563,fit,0.0,0,2,fe1d695a76913b97d5698829e24a840b2bb5a5fe2a76447b34848eb53b8f6fff
verify_extracted,fpq_64,fpq,g_1c2c52fa313ede3f,test,0.9,1,4,f1a695ff8ccb656102d0679a3d11d06779f6f26ca6fa6c8d43f458cab2818695
verify_extracted,fpq_641,fpq,g_7b40dfc7097a1344,test,0.0,0,3,2ef5f8b12f115564dc5b7d632ade6ba0ba9d706775d66feffb5ee0c8d98e8d45
verify_extracted,fpq_643,fpq,g_3f3f074567621eab,dev,0.2,0,8,c90f78b68905a0cbc44ade165623d7f0c7e35c44a793afa8ce493b21f3ef815d
verify_extracted,fpq_644,fpq,g_8dde43bf29e73433,fit,0.0,0,5,30e22307bc61c91df634ac3fb681c9398931f5849901490ecc44a62d14a963ad
verify_extracted,fpq_645,fpq,g_c8b946a990d498cb,fit,0.0,0,2,583af5074a0d8605b0edde014136c99939320b03264193bbae22308cd440bdda
verify_extracted,fpq_646,fpq,g_c8b946a990d498cb,fit,0.02,0,8,c42aa7a513abc3e01cce3c8f9ba40a14e6178b32769fe289c7f90e5540aa01ed
verify_extracted,fpq_647,fpq,g_c8b946a990d498cb,fit,0.02,0,3,01f3c87d87f1831287242202fe81dc4892cd4d9ca7d145b296cac497629e5ab9
verify_extracted,fpq_649,fpq,g_89e6313cbb50c271,fit,0.01,0,4,7e06d208ad12baf8194d5782d35a87ccbc0231e43bd7701aa2f21cf5e926ce5d
verify_extracted,fpq_65,fpq,g_73e83bdeacfff794,dev,0.05,0,4,5b0fdc91f5e037777abdac350244756a880f1a0a85fff2c73e35d85b225ec83d
verify_extracted,fpq_650,fpq,g_89e6313cbb50c271,fit,0.02,0,5,6082ced735682f3c9f3ae7d46d2950a45787c87de8dc84f576afdc52acdb42e2
verify_extracted,fpq_652,fpq,g_a11eb7ec011a3efc,fit,0.01,0,5,2fadc9ac043e3ad572eb20b1b6ea23a91a3d2e6ffdaba6f270a97fa6403a220f
verify_extracted,fpq_653,fpq,g_4acf2752c5f6a27e,test,0.0,0,3,7c66e941a0bfff62aeb30086608537d9986f46c87f514622db5b10863506df79
verify_extracted,fpq_654,fpq,g_0b84d27b6c84a4d5,fit,0.0,0,4,5998b5fa17b90722b1b922ff621b9852784f2f8454d7b52d2d596f68c5e00585
verify_extracted,fpq_655,fpq,g_df5010db83d03311,fit,0.05,0,2,34c7f08643e843afdf1c15f9c9558a75d9f7be2ffef41552ea34e43abc52e81a
verify_extracted,fpq_657,fpq,g_df5010db83d03311,fit,0.0,0,3,3652890117e45f6ffb475ca1b5d742430af60adba37358f346a04bc3ae77dedd
verify_extracted,fpq_659,fpq,g_347d09921d3f89c9,fit,0.0,0,2,d9bb02f675fd62aef85a42ee21af5705186ea7ac7e68d85b38ea14b8d37ea581
verify_extracted,fpq_66,fpq,g_9fd46b63211f28f0,test,0.01,0,2,661c7cef2240c852185c036b52eb0b5bcf18d47e1a5012a958b46e4f3af6cb9b
verify_extracted,fpq_661,fpq,g_b361b7e403261e2f,dev,0.0,0,2,c87ab8eaa06b6bbc8d10239662bfd6ec9db052bd0182a7253970ed8f749126ee
verify_extracted,fpq_662,fpq,g_5cc24a9ca907104f,fit,0.0,0,2,6e90fbb06d3b8fbbc33f3285352c5bd9d4228f212458d435070b98d30945eee5
verify_extracted,fpq_663,fpq,g_5cc24a9ca907104f,fit,0.0,0,2,e36f08faa441ef6b7a4b5e10795b820f35f34a56fec5f995008d9dac65d7ac13
verify_extracted,fpq_666,fpq,g_a7f4db6c2258d390,test,0.0,0,5,d2273c5dc47a976b5d40eb7d942c4c017090a19627d53ff02057bd10dcfda42c
verify_extracted,fpq_669,fpq,g_acc7ea77b7fbcaaa,fit,0.01,0,7,d7f23ba434386c36cdc779976d52ca048040c1b5b7096477b1d05993ce06eb60
verify_extracted,fpq_67,fpq,g_9fd46b63211f28f0,test,0.01,0,3,d9d8509716cefe65981a36ba1422a960af11f9b341dabf3d3144e214725bc5bb
verify_extracted,fpq_671,fpq,g_6745c8f45534b8ce,dev,0.0,0,3,02ac4cd7be97747d5a846f0c04c30fe7f80849e9eebefba3ffe8212bdbdfe286
verify_extracted,fpq_675,fpq,g_d213d38533744fa8,fit,0.08,0,5,f426f1d0ce83c6b1622e7e4154acd7726119a64cb51e52fff8238a77466489b9
verify_extracted,fpq_676,fpq,g_24b2a452f573fbc0,fit,0.15,0,3,3ed0c3ad32aeb6fdcb5c813b3efa6ff96075467b85152fa7efb0679a36fc0d2c
verify_extracted,fpq_677,fpq,g_24b2a452f573fbc0,fit,0.1,0,2,8a7a104f95dc53b672254520b8fa53d14a5c565b1f0bd1601344869f42317ee7
verify_extracted,fpq_678,fpq,g_84ecf92350142eb6,fit,0.85,1,4,9507c1efbdeb2ab33da870a3f64837243eb7f61f0f81c83cdaa4ec5b1a5284cb
verify_extracted,fpq_68,fpq,g_6f53b0356755aa72,fit,0.01,0,4,b2d604c61107d0232b43f4274e571e385e8e228c57139efa45a55d4406b412e6
verify_extracted,fpq_682,fpq,g_97ec18577a7cface,dev,0.01,0,3,f257963f1293a71c1672747745a494371625e456c6d28a889c44f7ca33ffa628
verify_extracted,fpq_685,fpq,g_17e434e1e324de3d,test,0.0,0,4,7401bccc7450fca0876f155d5b21b5ce47e4ccb14a39f610b7fb162bc2954bbe
verify_extracted,fpq_687,fpq,g_ce8c27d75c213f16,fit,0.0,0,4,efa5ae11db2b0e7b8749d3b20ff099d30b58fad26044ce50d5efe22e4d9d986e
verify_extracted,fpq_689,fpq,g_ce8c27d75c213f16,fit,0.01,0,1,90deb924659c8f51f8a8c8af33a3edc693d1f380fe6ec2193e9cf032300c62d3
verify_extracted,fpq_69,fpq,g_623be088511381ce,fit,0.9,1,4,4a4def63c7654d6f09beeb12461a67119dd7b04c8528c12f6d2fa5dc3a15c80c
verify_extracted,fpq_690,fpq,g_2403a6b529c02e5a,fit,0.01,0,3,a6ce5942f25115a91b0bb583f0a89a57468f1c5fcfd31c498c9ed9541901482d
verify_extracted,fpq_691,fpq,g_2403a6b529c02e5a,fit,0.9,1,3,8707d652b5ce095f071b8a21fbd36b5b3b3c22a643a02805df1af991e6727571
verify_extracted,fpq_692,fpq,g_f297dcc30d3f8e37,test,0.25,0,3,f14fb6a7d91185b66885cad91656d448deb731baf2c8f841875cfe717fd69e57
verify_extracted,fpq_694,fpq,g_10ab7b8526f7b2bc,fit,0.01,0,5,0304e123924c0bc7abcf488092b7d6f7b62ae5f011f47c924aa7ac81a88b7f33
verify_extracted,fpq_695,fpq,g_10ab7b8526f7b2bc,fit,0.02,0,3,e6187de86925d746924b05d0b6789fcf89b96811b28947f53c925353137eb1d5
verify_extracted,fpq_696,fpq,g_10ab7b8526f7b2bc,fit,0.0,0,3,e1d67aa1ba250b8a5d7e617854292cdfaaf1a40b3a3436539e17979b03cb4f1f
verify_extracted,fpq_697,fpq,g_9f0da153b94bf67a,dev,0.85,1,2,3a787cda07aabd9d23a7d25136b1da0450da60c47df7d2a83684b21202582115
verify_extracted,fpq_699,fpq,g_dd0725db080da088,fit,0.01,0,5,dd45b437a2d49f57ce810cdf4efc5431d7840a96795f70923218c455e83cd90f
verify_extracted,fpq_7,fpq,g_9d488808e645e145,fit,0.02,0,3,dfb761798c25974c8a2ff3a7ac92ac4fa7d5e54ef687732dc5c626b11d05a9c1
verify_extracted,fpq_70,fpq,g_879787cb22d42c3c,dev,0.1,0,3,8df88ed6005a597a77ee41d93c7e911a12326357e7c2f022d06ced9044e4ead5
verify_extracted,fpq_702,fpq,g_c8f5a0ba89c3ac26,fit,0.85,1,5,45a9e1df62780ab340a28fc16f523c9f371a0608003cc780d743a6b40adc0f1e
verify_extracted,fpq_703,fpq,g_c8f5a0ba89c3ac26,fit,0.05,0,3,188e4e480ab96630c8bf11b6de2b6e789164cebe2d3f04e536c24a54f26a5021
verify_extracted,fpq_704,fpq,g_59a4f8c0862b20a2,dev,0.15,0,4,d2a55d5c0b9d7223f3a7a39513e578483c15e6e83f0982ae7e4120e52bd32835
verify_extracted,fpq_705,fpq,g_aecf7d1293092c31,dev,0.0,0,5,c70dd874ff9e2fed077054b39c755a90abbe95d7713e56c3afe246e8182035ce
verify_extracted,fpq_706,fpq,g_febeb13ab3854627,fit,0.2,0,3,c8ae1ddf9da2a039147116286e63c6496493f01b764082138085f83d7e0d33b7
verify_extracted,fpq_71,fpq,g_879787cb22d42c3c,dev,0.0,0,2,be52e198cd1cf072907f3da8fc2545346fd47b9ae58514a85df98e3767eb5c1b
verify_extracted,fpq_712,fpq,g_8e47b53225b890e8,fit,0.0,0,2,a8f15567f24d45fec88a8466e6f0ce42a2d8074f9d2c338ac1c98122ccbcc182
verify_extracted,fpq_713,fpq,g_934919d7f1afbc27,fit,0.03,0,4,ea9603a116d4d7b44f427316c9b7e003c80467253bfb16561251cf60f8df7372
verify_extracted,fpq_72,fpq,g_d51f767991e614c8,fit,0.0,0,3,973861d468dbec9c50161a40902ac3daba966115b6ecf00b6f8b1e86c7982a7d
verify_extracted,fpq_721,fpq,g_793434b301ecb98f,dev,0.85,1,3,60f8c2b784356ada8b703a1b675e25c41e07657a2f0e8b0ca8d24725593b41d0
verify_extracted,fpq_722,fpq,g_793434b301ecb98f,dev,0.2,0,3,e9ba231db7a862d7e17f736e190a78687c55e393d08f7294109a0bcabb685fe0
verify_extracted,fpq_723,fpq,g_fcea2ef492fea180,dev,0.0,0,5,4de71e6cdfe50012c6da584ce1a029b2a3a408cddbbe644c7222c50629a639b0
verify_extracted,fpq_724,fpq,g_3f9c4d31bf083495,test,0.01,0,3,bd26fbd0f87707e0eaff84b2f32ba82522f5cb5183ebfb5cf18dea3afd2e8a62
verify_extracted,fpq_725,fpq,g_6282c3955ec9a11e,dev,0.05,0,4,0495340c030095a02986170f8d05b73f19811115c213f7114da01a6ad9151b37
verify_extracted,fpq_726,fpq,g_3a0efef295c5adc4,fit,0.0,0,4,5fe683b57d81ae82ccf22bbae5c7b7ca14a99d21103479681516072ec69a1966
verify_extracted,fpq_727,fpq,g_1fc84291f05020ed,test,0.0,0,3,9c26434a40995d5f0aca4ba2dac80584528e05cdd90be4bea150a10c2eeac2e5
verify_extracted,fpq_728,fpq,g_1fc84291f05020ed,test,0.0,0,3,9d78cb7f906c23d9e088b1ed4d2a9ff17eeff5dc50ec3fc4333e45a1134b2f8c
verify_extracted,fpq_729,fpq,g_968e7c60f5d28f55,fit,0.01,0,2,68e1ada9f26e5a655ea4ce021e8f90645bc5eae6d13fce959085e5a6843325ce
verify_extracted,fpq_73,fpq,g_56d6a600166c30ab,dev,0.05,0,4,1c3bfa2dfacfe9ffcf98894120296712cda58603b20e47eac9d1b09703cf4040
verify_extracted,fpq_730,fpq,g_1d60144819a5e36e,fit,0.05,0,4,cb573b81824bd0587fcae0a1a680da7c9249907de9cfba8b9b5dd3fc041e5426
verify_extracted,fpq_735,fpq,g_a8909707f4162e6e,dev,0.0,0,2,6304eb4817f2dfbe4c061e41f8a2bc6dcd8d1db0d01a1b5406dd11720b3cee17
verify_extracted,fpq_736,fpq,g_a8909707f4162e6e,dev,0.0,0,4,91c5213477c5c8826cf9f65c913b6280e2a08ba3afa716e4eb4e12c42e16b1f2
verify_extracted,fpq_738,fpq,g_9a80d4288fb4a494,test,0.0,0,4,e28dab2cb4e67a320414f2fd1ec937fa2d606b569cbf6d1f4a8461538220be88
verify_extracted,fpq_739,fpq,g_0157d379f2d95a20,fit,0.05,0,7,66df0999c1125c9030793d5f7c57028f835dc5fb461caf0cc150947c833e6782
verify_extracted,fpq_74,fpq,g_56d6a600166c30ab,dev,0.01,0,1,0bc524606a5a5c10a493d30e4d5f5799233db67bc0092c8a4048d19a86a7bf2a
verify_extracted,fpq_740,fpq,g_2f72bb4be6403b44,fit,0.9,1,4,a94638af99bae6fcb9d5bcc84a27868f54e81451221a2b0f2613bccab5553709
verify_extracted,fpq_741,fpq,g_906b9e8c0c0517d1,test,0.01,0,4,4d50a15e0f3277f451926525b6f8feb3bc07a9693f0df6e3ec40a25d08366463
verify_extracted,fpq_743,fpq,g_b07e4772a464be48,test,0.2,0,5,73984be103829f6602d47e6a8340c2147a32248ce81aeae78bdde8535b4c30e8
verify_extracted,fpq_744,fpq,g_b07e4772a464be48,test,0.0,0,3,bbaa39622716bc1b04f525ad2417a2121c465c487421f68024f4bf23a0049e1d
verify_extracted,fpq_745,fpq,g_b07e4772a464be48,test,0.0,0,2,597e1568829fc75c1d70882d9c1b4770074bb940009eecfe043df09dfed407be
verify_extracted,fpq_746,fpq,g_6385f4f592c98c5f,test,0.0,0,3,5d849a43d7eb744d904485612019512ebf274be4baa34fa8b071be05293dd704
verify_extracted,fpq_747,fpq,g_c14890750c41d9c4,fit,0.02,0,5,0d5f0a318e2c4e6f5f9a1dd5049bb160ce3a33879e7c69fcd2b48501e3687dc7
verify_extracted,fpq_749,fpq,g_86438a78d793baa9,fit,0.0,0,3,bff4372e25d0e20d41ebc417d9483f6837f49f294da749c8c09e595334760e22
verify_extracted,fpq_75,fpq,g_4606044722220183,test,0.0,0,3,46191efa9fb96d07a6dbd55f5eb940db279e1f43c28b709541719ac00caa788f
verify_extracted,fpq_750,fpq,g_50fa490ab9768889,dev,0.2,0,4,cf642324f333ac399d79e6913679c4f827d48953a886cb4a346000188063c09a
verify_extracted,fpq_751,fpq,g_eb166e935eed5801,dev,0.0,0,3,9824421647cc3c825e649816e5ab4bbb3f70018b1456f7f8dda3430647f11758
verify_extracted,fpq_753,fpq,g_e0c70ad838746da5,fit,0.01,0,3,929572aa563b01e7b7fbe821b65a8081e3e5326bfe0cda6434d916e232cd00e7
verify_extracted,fpq_754,fpq,g_b69fc8387174b628,fit,0.0,0,3,a3ab6a121e4b7e8c8bbe9fd276defbadd84ae71409dca3c4aaaa53054af5e93b
verify_extracted,fpq_755,fpq,g_3d2bb1ca5fddfb2e,dev,0.0,0,6,89c7bbc8b2c7c9af16f8dff151435b99125ea67b7827358c81fe1cd83af5a2c2
verify_extracted,fpq_76,fpq,g_b9bdc5e4663e46a5,fit,0.15,0,3,620878659687032e5a67e91fd869e2d2874cab8150de38ad748c8c719611a865
verify_extracted,fpq_761,fpq,g_e92017decc3e369f,fit,0.0,0,2,18408f63120318e887092bd50ae23b50a62d057090a9558af5a062b4630d9412
verify_extracted,fpq_762,fpq,g_e1113816a5288199,fit,0.9,1,3,eecb47959d93dd0af8a0342671d5eaa8e1a75785843ab8d437919d5008f0ca62
verify_extracted,fpq_763,fpq,g_bbc61a39746e49fc,fit,0.05,0,3,14d5846edb71435fdd872e06d407e755afdb075a628bfcdc6ac0f4ce81b76bb0
verify_extracted,fpq_764,fpq,g_bbc61a39746e49fc,fit,0.05,0,3,f599f5481c8fd52240fd8679092b645a0cdf06c5ac48bc70d4578c196eed2b08
verify_extracted,fpq_77,fpq,g_b9bdc5e4663e46a5,fit,0.05,0,3,71a38decb8d1f768b2312f143efffea40eee4b1fbbd5cbf788dc64da5594a963
verify_extracted,fpq_771,fpq,g_8f401a225532467d,fit,0.95,1,4,b2ad7aee5101dc0b66063bdb347e1c82bade1252a7196ef7fe1ef360231556f7
verify_extracted,fpq_772,fpq,g_8f401a225532467d,fit,0.0,0,4,8a34d91a950baaeff7cfb64d14fe4fefc58d0bdf99bde793670317662ac36643
verify_extracted,fpq_773,fpq,g_5ee72da23f515702,fit,0.02,0,4,e74e28cad06ef9b7ac8e4e44bc56710ddea669f0bb906f2e38283c2b5e1a388d
verify_extracted,fpq_774,fpq,g_5ee72da23f515702,fit,0.95,1,4,ae0ba6334d76e572f51fa414ec50636bc434ecaf25dda18da5b74d2393ff2c19
verify_extracted,fpq_775,fpq,g_90bd6c6ed64dca89,test,0.0,0,5,319231c0553dfd33bb458c9a6bc287785af74681e67ba9dfcd335d2c6a9e83af
verify_extracted,fpq_776,fpq,g_90bd6c6ed64dca89,test,0.02,0,8,451fb4d5e43ba2008f3cd018ab0dbe6526b18ea8682c1fe4745196831192b7a9
verify_extracted,fpq_777,fpq,g_90bd6c6ed64dca89,test,0.01,0,4,6281901874ac88f7e722338aff327a610ffadf48a66490c3e4cd50d1390a44c0
verify_extracted,fpq_778,fpq,g_154cd22f42fd549b,fit,0.0,0,5,ee02f740c3eacb52d1a509a480987cc83f1a0446306a15f8c73356d14aed8e94
verify_extracted,fpq_78,fpq,g_b9bdc5e4663e46a5,fit,0.1,0,4,4aff2e61053555c7075021b393f5f49d72bdf3bdf592b087874bc3e39a3ea5ab
verify_extracted,fpq_780,fpq,g_74caadd15d94fa3e,test,0.02,0,4,0ef96fa9db837e418e94b233f101df8f87820a467b02cd8d9b876e9fccc46150
verify_extracted,fpq_781,fpq,g_5ef26aca81075ee9,test,0.0,0,6,fadee5ef4e3f102de4f50f2bfa4553e62ead2ed3b250bdc8f3ed865e05926cb2
verify_extracted,fpq_789,fpq,g_8e3b98a6c1d1d8e5,fit,0.9,1,3,5e416236bbe021ff142f8a67de0a7248b2ae9890a8e0f845c2696aeac41cb869
verify_extracted,fpq_794,fpq,g_ec0536b04409d548,test,0.0,0,3,fd414431811998dfe24acee7420a16c56163998cc63d9e4e376cd35340bc13a7
verify_extracted,fpq_797,fpq,g_331c7cc9179e1c1a,fit,0.05,0,3,1e3a57125a2203b8cb25c3b21b09f6808b9a770af6720ec9cfa828835828b73f
verify_extracted,fpq_798,fpq,g_331c7cc9179e1c1a,fit,0.85,1,3,e9497117778c66534534a138c40761a00322e7c9d3fe7012c10f3a2cff286c0d
verify_extracted,fpq_799,fpq,g_530a5de630a03a77,fit,0.0,0,3,5436dc5be74cb385aa6d95690e517f5f3c1196b261e74a1aad23b5da940519c1
verify_extracted,fpq_8,fpq,g_9d488808e645e145,fit,0.05,0,4,d65db0802b53373d963c1f2efda9ff0ad91578aebf4d8086b84d28a2c27fe957
verify_extracted,fpq_80,fpq,g_5cea8849e3d5e09d,dev,0.1,0,5,0bdaa68e4528a1b6cf7862637248bf16a8ad3871bc5a8fd83c02ca899e8e061b
verify_extracted,fpq_801,fpq,g_d9f855016027d449,test,0.01,0,4,214a5c1062183d4287d402d1840bd8cee0eb44a08fc7286d8527787caf1da9b6
verify_extracted,fpq_802,fpq,g_d9f855016027d449,test,0.0,0,2,f0b14182312207a28dcbd4978c66ecf78331cf4f4f499ccef8413f7065a78eec
verify_extracted,fpq_804,fpq,g_89b700dccbd81fab,fit,0.0,0,6,10863c1a686b092ac1cf9125109104b96a1d71f77b6edff3f33ce7692c1d7415
verify_extracted,fpq_805,fpq,g_3e9a786a73765d70,fit,0.02,0,4,b1032c25f2f5331076aab6c93079b92f5bfb433689690dd777f8625252c5a000
verify_extracted,fpq_806,fpq,g_a3eb2eadc31e0867,fit,0.01,0,4,bd6a67bd2b821239d2a74bcd4e2c96facad5dc707fabc5826b4af32f4ba11f57
verify_extracted,fpq_807,fpq,g_a3eb2eadc31e0867,fit,0.01,0,2,693d8dffc322790fc72e389b3c52b818d397cb7fd4e771add11c61b5258e1c54
verify_extracted,fpq_808,fpq,g_8d9454600169c6b2,fit,0.02,0,4,fe4bbc1c23a046cc1432d052880da85f1da71b974cee5bb31267da4d85047eed
verify_extracted,fpq_81,fpq,g_bf7120dde2b7a065,fit,0.02,0,3,e2c7cb22780f3d91924ef6cebcd82523e046fcc53600e0df19a99e6e657ac7e5
verify_extracted,fpq_813,fpq,g_0f9e2fb7a93c5c61,fit,0.02,0,4,40b6286de976292b29ccda347be7cea35ce5c84e2028d94e9d88ecc14dcbce70
verify_extracted,fpq_814,fpq,g_0f9e2fb7a93c5c61,fit,0.2,0,6,16cccd80852ee2f88ea63ea6536aa48a5d6e2e1b6ff9c25b370ae27b0e6c205f
verify_extracted,fpq_817,fpq,g_a1a72bbbfd1466ac,dev,0.0,0,2,1f17cfcdaaff70b4092cdc99ead73bcdf2e0b662e989e5d80d86b5f4588e18aa
verify_extracted,fpq_818,fpq,g_a1a72bbbfd1466ac,dev,0.0,0,3,b8189695abdde8396af8f7240505019ad57710e86ed4d5b8aa4e61f4a39f2c3b
verify_extracted,fpq_82,fpq,g_13a47a3e847a04f6,fit,0.05,0,5,d76b696b0d40dcecc79190b0fc82b018e49434410c04300e69f0befcc93dadef
verify_extracted,fpq_820,fpq,g_8308b02c35d2fd58,fit,0.05,0,2,714a5ca139154056b2798b66c2823e09d0f7e812448d94d28fdc156101832a86
verify_extracted,fpq_823,fpq,g_cdad56ce64e001c4,dev,0.0,0,2,cb4f5a32f5023bf04b0f2c51f8f082b2c692cae87163588e312b4ac731f229cc
verify_extracted,fpq_824,fpq,g_dec60e6529614579,fit,0.0,0,5,d63443ba6801c2f16595e5ed51dd7638ad9a9cfc3ebbe57a4cbd42fca21cae32
verify_extracted,fpq_827,fpq,g_fb918ca18dd653ae,dev,0.01,0,2,934ad10cab3e2e8f584128262de8f47c4ec6c714bf06b59d8eb87392a86115ec
verify_extracted,fpq_828,fpq,g_2b489445c1c9064f,test,0.0,0,5,4b01371d04ed5f49210bd9cffa5563dac251f4f4a0fcc60f60c9a47e2e8163a5
verify_extracted,fpq_829,fpq,g_2b489445c1c9064f,test,0.0,0,6,e789f621181dac18764f16a7731c593ba4b82b40d78a5455f8273bd9f4c5bca1
verify_extracted,fpq_830,fpq,g_aac68710f603cab3,dev,0.0,0,3,52fb9ac10873b5a1f56bb27f7a0b982851128b2daf4cae357aa5f8de83e8cf00
verify_extracted,fpq_831,fpq,g_aac68710f603cab3,dev,0.01,0,1,86a1d0ecb29c06692a8f7b4f013e0da19287bc28f37257ef12b04dc82b49602b
verify_extracted,fpq_832,fpq,g_4856ccb2444ee815,fit,0.01,0,1,59d84b37bd5cd6a5b25919de76b70c1533fc520f3df734e165acaa7276080de6
verify_extracted,fpq_833,fpq,g_669f7412c9f3f19b,fit,0.0,0,3,84430fc354cd5704358fff19ada2de34ddc09692704b8a2f769c059de63095df
verify_extracted,fpq_834,fpq,g_669f7412c9f3f19b,fit,0.95,1,3,cab3da72deb7b0443afa5b784487a060fd6599429f5e72490cf2da31509d6fdd
verify_extracted,fpq_835,fpq,g_11fde16f0c8cca46,test,0.02,0,4,79585fc54cef81460feab7f40571e89a3c4f68070fc1f40242bb219ef2aa0289
verify_extracted,fpq_836,fpq,g_11fde16f0c8cca46,test,0.05,0,8,d90a0e8bf679bab301ef0e8bdf5167a6641756a05f0ac4c00078a89d1582689b
verify_extracted,fpq_837,fpq,g_11fde16f0c8cca46,test,0.0,0,2,621c784cf7c067264ca9b062a39eed72153e6b193f27b4e18a14e9b17389e182
verify_extracted,fpq_838,fpq,g_f92ddbcc1f634f0b,dev,0.95,1,4,8bdfbe5e14e8dbecd19fd62576ce1bb6675729222d7c1001e45d22ea768022be
verify_extracted,fpq_839,fpq,g_f92ddbcc1f634f0b,dev,0.0,0,2,056dc5ff7a7c77e6da5c821ec9d071a5ea9f2aa54c7d6d65b8c6e7bbb1d2df9a
verify_extracted,fpq_84,fpq,g_db45277df8b457d2,dev,0.01,0,2,e88421c471b6b7d08ff5a1dea299aa484c3bbfbbaa9826f903af5bba80106039
verify_extracted,fpq_840,fpq,g_3f937aaf8e8d8a35,dev,0.02,0,3,d8b26d20c20dfb71739d4954b3fe1cec2f9e25ba87c1f3a3a04c893692e0a78a
verify_extracted,fpq_844,fpq,g_22c8588c92e14e07,test,0.02,0,3,107a991c490a979887b1f136a8926b0ffadeeda3089fa350eb3b4f8ecfabfaa2
verify_extracted,fpq_846,fpq,g_d009eb1ebebd1c8e,test,0.0,0,5,24b9fdc12c3c3ebc8567b84f120a20ab8cb25e61e9e6e212c45343d3645eaa55
verify_extracted,fpq_847,fpq,g_d009eb1ebebd1c8e,test,0.02,0,4,0e2477885d61e1bd8fbdd42ad233d9a37da97e4403da8b4c3368bc1c6f775b46
verify_extracted,fpq_848,fpq,g_85d62e48f03c7a3c,dev,0.15,0,3,a7b6195e3a60da9ce34983312424e928ba78a427d877c2755cfb507dd0797c8e
verify_extracted,fpq_849,fpq,g_85d62e48f03c7a3c,dev,0.03,0,4,f5c30dbe1aef9b76bf1a4a7a5c98925885aff4dd5b5631241e021ac4806eb25e
verify_extracted,fpq_85,fpq,g_db45277df8b457d2,dev,0.0,0,4,7e950b070c199f4ae3a1cf4e7725fe0a8a426bff390655f2a70d80b23628fc86
verify_extracted,fpq_850,fpq,g_85d62e48f03c7a3c,dev,0.0,0,5,0aaeab089fc600e0614a16188c1267a517028d3b4879dd1914adac73ca5b44ed
verify_extracted,fpq_851,fpq,g_7a2638904ead299e,test,0.85,1,3,9e44835311f1c4edad8e426c860b6595473c9db9d628b14a8a59e73093fb9078
verify_extracted,fpq_852,fpq,g_69ab39542ebedb58,test,0.0,0,4,6b800bc6dea489af5da53e8cbfb04fef9dc8c430c5d956cc21aa037d7ab7b814
verify_extracted,fpq_854,fpq,g_69ab39542ebedb58,test,0.0,0,4,d4b36212aafd0e0ee393f7f2256250843b6a8eb260994dd28fa6862732bad74f
verify_extracted,fpq_855,fpq,g_4e090a8e9a88d032,dev,0.15,0,7,81df7e5fccd1ebb147faf369a07fba28c0418406222339f50dadaddbe8955865
verify_extracted,fpq_858,fpq,g_a7e2f43f9dd68625,test,0.05,0,8,2772c89ca03efa0e3015d64b57fb5f262d479bf551e8badcc13ae8d4a6e809be
verify_extracted,fpq_859,fpq,g_8955d243852d149b,fit,0.0,0,3,aebfe5deca636b80cfc97d7eafce0a8f19ecb66e6536cc4743122e094ee50892
verify_extracted,fpq_860,fpq,g_8955d243852d149b,fit,0.0,0,2,d57c5a8d7e9d6ecaab39e996f97320f7394391346e73f4a43a7225cec0c73eb4
verify_extracted,fpq_861,fpq,g_f9e1c7fe82335874,fit,0.02,0,5,87b07bda32d7c15d940c8d4b49c1c29a3307ec14d79f440c33d5b8225ddee495
verify_extracted,fpq_862,fpq,g_c29ea773317be5eb,fit,0.9,1,4,212c62d3fec9916786cb86749279c398d0164160ab523d65dcbeb3f5d7c5efb5
verify_extracted,fpq_863,fpq,g_5f056dbe40531947,fit,0.02,0,1,4cd8709aba25f46575a828171a85b46899cf13245b9276b0e101167933229d04
verify_extracted,fpq_864,fpq,g_5f056dbe40531947,fit,0.0,0,4,6f0710e2d8774d4bfbf0c8fe137087a6586c1bf0122adba4e8f9569935a12711
verify_extracted,fpq_865,fpq,g_b9dbaf70b8b06d4b,fit,0.0,0,2,9b8e83a1f78bef940586ff91a7bc94526a587193b7caa3bc5743d3ff30c7414e
verify_extracted,fpq_866,fpq,g_6231ce260b9add43,dev,0.01,0,3,51fd36400fc7864bed961b1f2be605688de10b30ff2b8a2cd2ea977d018790ad
verify_extracted,fpq_869,fpq,g_11a21a27ad496bda,dev,0.05,0,4,e7a12f5393194cdf38d10e68c34b7cda34652d502d3822c24bcc3edd24d97c99
verify_extracted,fpq_87,fpq,g_846fcef047e655d9,fit,0.05,0,4,cb79a891288c7614016be0bc7dce5cc1aa0ab808189f88d0841c8066cf5ffa5f
verify_extracted,fpq_870,fpq,g_cc9afb0fc748923e,fit,0.0,0,4,fd3441eb5b937685a01605516bb014cd429b7c51be564be825878102cd1509e8
verify_extracted,fpq_871,fpq,g_cc9afb0fc748923e,fit,0.0,0,1,12bbf41dcd1b51e224d4d07e647a294f10de3a4001b6c4025638951a3f321a34
verify_extracted,fpq_872,fpq,g_cc9afb0fc748923e,fit,0.01,0,2,4d909da62d07fef2cb9dbc334827e18c86ad4cd9be3ae1ad57c7999516fbc4ae
verify_extracted,fpq_88,fpq,g_0546ac634af40b22,fit,0.0,0,3,11175dba74df5f85a2773b0f6154ae1eea1941c1d65d1d4249db2c072ee4c41e
verify_extracted,fpq_89,fpq,g_c385ff6e98a203cc,test,0.01,0,3,849321a693044cd66b3b4506bb9e7554e0eec454b6667b30b2bf2617f27e33e5
verify_extracted,fpq_9,fpq,g_5cea8849e3d5e09d,dev,0.05,0,3,6d36654d0a714d98244e50eb084fc74ba7279bdd6c9af8a3cbd2c8a21fb2689f
verify_extracted,fpq_90,fpq,g_c385ff6e98a203cc,test,0.0,0,2,cdd7e1eb5ac2f43c312c689166f371e212b1db5a989f7fc776c3bcca825e6b0e
verify_extracted,fpq_91,fpq,g_f73449782f83e067,dev,0.01,0,2,d7ecb391cf287f28cf7a6e5f5fc7cf50a124c8b90d0e2ca8acfeac1bd28039f1
verify_extracted,fpq_92,fpq,g_9e9ab7463642dd76,fit,0.02,0,4,2e55cd6ac8e818eb2fa59def23849fb7813e43daba86d05d64cbf5af64770702
verify_extracted,fpq_94,fpq,g_a30fe563ea9cb798,fit,0.15,0,3,abc6b1fa6b85c044ae285c753226cc3d55dac69fc86b31520585a566c7e0c083
verify_extracted,fpq_95,fpq,g_a30fe563ea9cb798,fit,0.02,0,4,1507a2ecc7e1860f0b6e31542c48a4fa8df8f32d8bda5daa78508df3d5443406
verify_extracted,fpq_96,fpq,g_bc782fff330561e5,dev,0.05,0,4,b2f1555ae52d56d5b970cc717f98db6987dea9bff629a6d4cd49723df86d3b8f
verify_extracted,fpq_97,fpq,g_378a18daed031554,dev,0.0,0,3,9b092f2ad74dc9aaa42cb3b7fee24d36c2b9661cd8760751f82a5f6eb32785e9
verify_extracted,fpq_98,fpq,g_378a18daed031554,dev,0.05,0,5,03b5f3d1a341c3fd205c3a1efc27f8143efa2a5572711383d5184a263ccd6de6
verify_extracted,fpq_99,fpq,g_c0997e51d65d0496,dev,0.05,0,6,f052e3f241dda6b45105cad210b337d4bc2017618e8e81be20f0d82f4f56f771
verify_extracted,nfp_1000,nfp,g_b515ce473d61814c,fit,0.0,0,3,542f4cde1bd8e0c057cacb741538df2358391f42182f5beed1dc6daf4de9e0c4
verify_extracted,nfp_1001,nfp,g_2bb1095ecad09dfe,fit,0.0,0,4,b3614190c4892055d053985f0dbccaa6b73d1db25d4493b78a8b044ce1e153ef
verify_extracted,nfp_1002,nfp,g_846c9d57d2496fe2,fit,0.99,1,3,214477d93839921a8016f36d6004d2ec3d08c127e8d2449d699fbe57fd474054
verify_extracted,nfp_1003,nfp,g_d511cbc4501333dc,fit,0.0,0,3,3e9b620e10e7e253627b2ec91a37e129ebc894bc495c7105f6bba48916307b97
verify_extracted,nfp_1004,nfp,g_ee7a062cb00ef613,test,0.0,0,4,1ad7521d7a19e9747f764c9a5e3fd82b683a8045ea366c706f4ba8bb5802da9b
verify_extracted,nfp_1005,nfp,g_37c348b0c4277481,fit,0.01,0,4,3ebae6e1b85642b87f19b1a632054cdca307d13a46a36359a534180d5d7065bc
verify_extracted,nfp_1006,nfp,g_297cdaa9fd66c13e,dev,0.0,0,4,6420b219119c6cc97699f8aaba8bd7f65234ba12739045c7fd90bff4e2dd74b3
verify_extracted,nfp_1008,nfp,g_72dee60505a8a41c,fit,0.0,0,2,2b67a5416d50adc450c1ac6e6fa3cda30ac14c54beeb28ae74c3399940429da8
verify_extracted,nfp_1009,nfp,g_049d816d1248bf38,fit,0.85,1,5,01314bc2d3bf400fe2e8beba8e645e2cdc7b1e71f24503b9e8c1a92720ec357f
verify_extracted,nfp_1010,nfp,g_17bff1c899a169da,dev,0.02,0,3,594bc0e4387181e5e5d4250b409c1643a9b749d9a4c1cf74456aaaa96fdc6e7b
verify_extracted,nfp_1011,nfp,g_905798f6469780ed,test,0.02,0,3,c3060c495ff9cf4621602e58412ec740d38dc80c96d53f21bc4755f0c494f739
verify_extracted,nfp_1012,nfp,g_60a7d99c918bda2a,fit,0.05,0,3,c4ae2c7ac8e4dfb00cd2cba61aefe63c15176f9bc26f9de78f312452a7bb4a18
verify_extracted,nfp_1013,nfp,g_5e1b54921da2ee83,dev,0.0,0,3,de0b6c05521e12803cc326fb12c2ef615bfbdcca2b5337191aa749d3ceada6ea
verify_extracted,nfp_1014,nfp,g_5c363e4c7adb64aa,fit,0.02,0,3,87bebc0c1d501831c6bcf4153146e84a1e55d2c606c7ac000a688fb6e785a3ef
verify_extracted,nfp_1015,nfp,g_5342ae3daa3c7434,test,0.01,0,4,25b274c7dc41016d87592e988a0f7665a93845b857a862fd892ee4f3968f8c09
verify_extracted,nfp_1016,nfp,g_67032c1bef5d96ac,dev,0.8,1,5,a37bafb15fc12a355414d2c38ac2704f81ae5d16362c6b91f95f36f4645d80ac
verify_extracted,nfp_1017,nfp,g_90d87fd42f3e6ced,fit,0.01,0,2,efa3755ccd3c4738d39e80148e9029022a3f8788317858be697894ffe9bf06a5
verify_extracted,nfp_1018,nfp,g_726e9e549f432cce,test,0.0,0,3,3f2dd14d76b40e37eff304101b4c0690d6ade418c0d0fbe06cfbcde5c7e0da2d
verify_extracted,nfp_1019,nfp,g_a0845f8eac299ae9,fit,0.0,0,4,eb36c6efaf7c381f8d3e6c176923a65e69c68be312a7968855849b251effaef4
verify_extracted,nfp_1020,nfp,g_ddc65185bd88231a,fit,0.45,0,3,0914137c121ee70ad96ceb39dd7d33e52353ef10e0ea74168945d4399f4efcb0
verify_extracted,nfp_1021,nfp,g_4f8755aa476cd854,fit,0.0,0,3,581297868b427b563d765dc222e205763a68e2a9b90029dfb2b440b33c165204
verify_extracted,nfp_1022,nfp,g_26fe02908f531fd6,dev,0.01,0,3,d7f82f2145774045edb15688648d17aefccc03b1f484810ad2bd22fee42110ba
verify_extracted,nfp_1023,nfp,g_74b9464b5d58a496,test,0.0,0,2,2c1c604c2e6d78da0bfe4c2ef08fcdd6f97c4209a6622883af52496a309c324e
verify_extracted,nfp_1024,nfp,g_2acb1d96825bc240,fit,0.0,0,4,214be7facb9cd91a380bb65807586b619d42b65e8eabf288149fc5523abb3d9b
verify_extracted,nfp_1025,nfp,g_38c5a119b8fda33d,test,0.3,0,3,789d46cc3b34866e8ab6f9710a3db464892ca8a875a8fed5d60e07e01988e83d
verify_extracted,nfp_1026,nfp,g_0fa64114423bfadd,fit,0.0,0,4,798bf96f269acb341096a91872bf13d872c29006d65257b1487c0f6348480e6e
verify_extracted,nfp_1027,nfp,g_7487e207b7e38b3d,test,0.0,0,2,c07f47e5acc54bda3b882c356898874d9c03b87a032bc76d55b61a30fd221ab4
verify_extracted,nfp_1028,nfp,g_9d078dce2f08f4a2,fit,0.03,0,3,3269686ddc5e9a2a66c1a5db9cf7e900471d441482025cbaf5ed0502f2f94620
verify_extracted,nfp_1029,nfp,g_5acdd4fa38837fab,fit,0.75,1,3,597dba259946b682d1fc4840d78ef7b631365d2c5ab40d4c4c257b876df63356
verify_extracted,nfp_1030,nfp,g_ed494aefb6216f11,test,0.1,0,4,4c99c7ed61e7131cfe061b1d01d23fd6016b8eaba3b5a925234db5f20fd0bf47
verify_extracted,nfp_1031,nfp,g_023287bf137a2d36,test,0.01,0,4,5287b555e884d7589fa2ee901a45531adf324931574bc8e11ae3c319ebbe5579
verify_extracted,nfp_1032,nfp,g_a69e35017720c04d,fit,0.01,0,3,8338c3ff9bc433c33f60caa1889d55ba53a8114d6e57a26b0cc4e0986f1f378f
verify_extracted,nfp_1033,nfp,g_b0c4fc55867bae76,fit,0.05,0,3,024cb97fc758aced29fb3d1572d54581f9b194bda95030771f308215785e6c43
verify_extracted,nfp_1034,nfp,g_db7945e98518ed4c,fit,0.0,0,3,bf60dddb6188a668144c6239203e63d99700a10d005bbb5709ae9dbb59899c73
verify_extracted,nfp_1035,nfp,g_8ad205d52532e606,fit,0.01,0,3,54978f054fc0f493b72862e47c1d015e20143ba4d5478725896922b691562be4
verify_extracted,nfp_1036,nfp,g_09dead9591063a2b,fit,0.0,0,4,c60e919118e1eb7ec77f522275c89700723e9f542c16c485427f4a8505b40b3b
verify_extracted,nfp_1037,nfp,g_ca05107d50dfbce2,dev,0.01,0,5,cfc02dbe78e26cc50b85c1500446b173f097cbc97d23cd962755b0cb74621308
verify_extracted,nfp_1038,nfp,g_590237bec7270dc8,fit,0.0,0,3,ba339bfedc08b5fb632579dd37bc8d0c2329a1bc61d1c5e901cad1c0ed77c5c4
verify_extracted,nfp_1039,nfp,g_b2741745864ec3c4,fit,0.0,0,3,09c4c016d4b7538f36b537a3bc5a650715a5cbfcebd55c436c1df97748bc7893
verify_extracted,nfp_1040,nfp,g_3cc46a35063d98d8,fit,0.05,0,3,4f31d2e7f3d9454628b3fa7426a27b5a2b5a07c9549a7525bfe80e0ec40b6865
verify_extracted,nfp_1041,nfp,g_e0d1d4f7260b07d8,fit,0.3,0,3,7c84ead3f8e473792acfd3ad7d13ba092b91bf51457c34289eda39cd68f4eebf
verify_extracted,nfp_1042,nfp,g_6a51bd12bb30c2cf,fit,0.01,0,3,eed1f35108d3d9fd0c2ee1c244b2df2c27decc4d00b7c4c508fe7de686021c52
verify_extracted,nfp_1043,nfp,g_875024c3f522bef3,test,0.0,0,5,543a2abf1aa92dedaf268090470b63bfa1d97e1cf55432af534bf19baddd6c99
verify_extracted,nfp_1044,nfp,g_77fdd807ddb682e3,test,0.0,0,5,b2f46322b09c01c93b0faafa720df7687bcfae3daa295774dbdf0428ca703b63
verify_extracted,nfp_1045,nfp,g_6999d719e7f404f9,fit,0.0,0,4,b0513e39d860c2f3c7ed7e5d6c10c01542b933cff214451fa961232561f8ac34
verify_extracted,nfp_1046,nfp,g_2cb3ada3e6d7ab34,fit,0.0,0,3,1b713c9663e0df9ad31b731e4a92bd8671279a8b7d9b53da56c7cb3ba1448571
verify_extracted,nfp_1047,nfp,g_ea8b0e7382fc2ca4,fit,0.05,0,4,f17869ac1fba8aef5d6fa90b23aeb045ee3d387fe050037ef484a939425fde40
verify_extracted,nfp_1048,nfp,g_72672c52bf3b6500,dev,0.08,0,4,4c1ec6e62273ccdb3f03402fa556cbad4502615e1c74fb61385e415a7d9e19fa
verify_extracted,nfp_1049,nfp,g_2e4529a696711a47,fit,0.05,0,5,db11fc9ce7d22f3bb05ff203d6bc85160997512c5ac45f8023ad6896f43593d1
verify_extracted,nfp_1050,nfp,g_0274515d395819f7,fit,0.02,0,4,c7ecc055205962d6c01da20a63d51d12672e325e70264c17da8b53ddb9dfcb3c
verify_extracted,nfp_1051,nfp,g_72ce52bdee35ee7d,test,0.01,0,2,f46d08aad14fd2bfbdc355f865c0faa9969ec56e760e3b8e69beeb0c10cdd60c
verify_extracted,nfp_1052,nfp,g_17576a9ee980b82a,test,0.0,0,3,96a725e37487b012da1c9b01fdf3f68feb29739e6f6c96c3e5f04338ca3c8677
verify_extracted,nfp_1053,nfp,g_82305c525bae71ce,fit,0.05,0,3,96e8c77d1f335ac9f87c2ca0cb279911378a129e28950262baa8ca800b2849e5
verify_extracted,nfp_1054,nfp,g_63fa60e7792ecec4,fit,0.0,0,4,fd82a8c19420bbe794c58caa75da29f11aa54928ca783c7477ea0764862a68dc
verify_extracted,nfp_1055,nfp,g_85b63d80433b4780,fit,0.01,0,3,743c085575b14dd497f338a8b37d48038fc35e1d136caedfb027abb95623d6a9
verify_extracted,nfp_1056,nfp,g_3f970328bf6a67c4,test,0.0,0,3,5e86cd51ddf0a91e8e876eae985945e51f11d05361c58905ff438ce332a9674a
verify_extracted,nfp_1057,nfp,g_f43aeb570f6a70be,dev,0.0,0,3,d85f90a2d71712fda40fa9a70caea76e2fc10825a7cf6ace61ef2e231e082530
verify_extracted,nfp_1058,nfp,g_ffb0c5b426cf1395,fit,0.0,0,3,a7cad1eb5bd8ec8fc8e1f8be1f44b9f8e30687377e03fa4f1daccf6cf4c2b134
verify_extracted,nfp_1059,nfp,g_f409d19c9daf239d,fit,0.0,0,5,0fce35a839b9ed25aa95d5496c1d7601a22131b9113e4b0ab19e23a50779ba49
verify_extracted,nfp_1060,nfp,g_1bcd350208021c58,fit,0.01,0,3,6bac10473e23ed5d57087d86cae055efd25f4d0147107774eb4d62c3e680aea3
verify_extracted,nfp_1061,nfp,g_73e75fd31cb22d00,fit,0.2,0,3,8e1acd37960fcad21fa26ec65209a95fc04038fc9c7d969cf39af728988bf411
verify_extracted,nfp_1062,nfp,g_ea335c6cbe720637,fit,0.05,0,3,4e8d6ac95551f30c26c1f0ea08b295016c9b68f36e9d7e20359d66240c5114a9
verify_extracted,nfp_1063,nfp,g_2fbf542ba550b425,dev,0.98,1,3,83e939da6672f1cff5c95c518ae247cace317c86b241d8fb4424204e4e131006
verify_extracted,nfp_1064,nfp,g_ef572b88daf1e529,dev,0.0,0,2,a0a1245754ce0da268cd3744b90689c0acdc220c56ae58baf8e67e06ec587a31
verify_extracted,nfp_1065,nfp,g_0de106ae331b0bd0,fit,0.02,0,4,0bac704c0154fc6505d703aa9a81e36401c8e51ea00833a23f7758325abde3d0
verify_extracted,nfp_1066,nfp,g_22a17f7a411a59ba,fit,0.0,0,6,1476f46d03f9b38b284e6fceab7eeff7e509522b7dae57825e5684cd87a69cdd
verify_extracted,nfp_1067,nfp,g_0a1f2f733e8d5f67,fit,0.0,0,3,cd4ec83bedc50d2a8685db61f88bff7f78cd98a758af016b937e65343dcc40c8
verify_extracted,nfp_1068,nfp,g_ccb6d08a1a1c39d0,fit,0.35,0,3,35e03d7ba9cbf832e0b06865f57ae08f8296d870451ce12bc9c6819f1fce4617
verify_extracted,nfp_1069,nfp,g_681e4c84f5e024df,dev,0.05,0,3,6f854b2ea76616fc93a5d5c958e7437e24e87667c00485489b50e83e2dc9ca7e
verify_extracted,nfp_1070,nfp,g_0ba0a7f95dae4a27,test,0.0,0,3,1deb583b2183df306a159407b777059374028571c3d13b5141010e61f6abee4e
verify_extracted,nfp_1071,nfp,g_eac780faee7c861c,fit,0.0,0,4,662642fe346b79ec9138a90a7e89af17c8b7086256f9fe62d6e28d657445510a
verify_extracted,nfp_1072,nfp,g_d96f348ae6ac86dc,fit,0.0,0,4,a49ea00fc8bf6293dc82ce0b1fd21c7e7f4e7f176e4d7b91ab7c3990dc112bed
verify_extracted,nfp_1073,nfp,g_141872196da1af1e,dev,0.02,0,3,0e00588296a2559e95aacd14fbf7739937bd088f19815e91c1de3f171c929aa7
verify_extracted,nfp_1074,nfp,g_e2500c50726bc97d,test,0.0,0,4,1cb46d9e9cf29573c45b1b6e6c5ae100efb6ddeace18bc28a5e02b0079b81eed
verify_extracted,nfp_1075,nfp,g_fd82b773057129b5,fit,0.0,0,6,1140ed11f70f4d9060058ccdafcb79b4f3846e3cd5429d1b8ad1920c14cda400
verify_extracted,nfp_1076,nfp,g_79d1944fc789fc24,test,0.02,0,4,bfc1dfe656f1b11047b5b257780d0bcd8183c1d4dcd6d1610eb3e4ac850c5d63
verify_extracted,nfp_1077,nfp,g_d67551f50be2afbf,dev,0.0,0,3,2b1b874266e21dea848a3bc175613d5986dd83abc176b073a63a1686fb60d314
verify_extracted,nfp_1078,nfp,g_ebdbe98d9e748ebc,fit,0.02,0,7,a393cd5735266603d68d40c823f43c856ff402c953e89cb9b6c8bd4c4967af02
verify_extracted,nfp_1079,nfp,g_b067fbc42e1b96d0,fit,0.05,0,6,db0d40b82d3ba72c3acce1bc6b6ba3856e9eb7d27d72b048845bead58df6074e
verify_extracted,nfp_1080,nfp,g_89dc9c3367d53304,dev,0.02,0,4,096be359a625f5cf6db18afa5220ffe55366c73d491901b199214ffbee0738f6
verify_extracted,nfp_1081,nfp,g_c562c518282b0383,dev,0.0,0,4,5760c54ff8589999fbb2b28cd146c12631476659c0aa8b159acfe5f362da0df8
verify_extracted,nfp_1082,nfp,g_3efab1e679bd95d7,fit,0.05,0,4,280e1440e22df2da973de1f1527293a4ec632db65a3a0c3181560e49ab315e61
verify_extracted,nfp_1083,nfp,g_37db5c7cd4009473,test,0.25,0,5,e3258c4050d57d0787e32ef334bde44cd16adbfc25a8e65ef068f9ce3050dba1
verify_extracted,nfp_1084,nfp,g_d8500b15bfb5d0f1,test,0.05,0,6,b3dcfce12e4bdfd1c067dd506c1e86c98d7a25fb9ad59ff1e96825f1bbd0de4c
verify_extracted,nfp_1085,nfp,g_f87b03c409b490f9,dev,0.03,0,4,600e8a7debde136214f0cf95b76fb84385e4c85ce75a60bbb02d4b3dbdc5bb3e
verify_extracted,nfp_1086,nfp,g_54419292364e7e16,fit,0.02,0,4,141e7e66001172c79b5c3af9eb054ee735d0bca9ec01269642d3100c5c9cfaf1
verify_extracted,nfp_1087,nfp,g_d644ff903573f577,dev,0.0,0,3,c3c584dde1738c05217f8bce6d2dfc2e211efa2b6b2013466e3e4d6739ae4f98
verify_extracted,nfp_1088,nfp,g_7cbb865a72ea4512,fit,0.2,0,5,48aae8537cb7f28fced0bb9a83b1fcae254a816e44b794a710a148706db9466f
verify_extracted,nfp_1089,nfp,g_bd1dc50cd81dce8b,test,0.0,0,6,cee6eee079e6173657fe826778e3be905eaa8e93d3418c117e4051bf379cf2e6
verify_extracted,nfp_1090,nfp,g_a821a3e2c0cf44ca,fit,0.0,0,3,8e2f47f36ca07999ca2ce20c009968eff4102cd17ed2bd07e3ae389d0a854a3b
verify_extracted,nfp_1091,nfp,g_fda86c97edf476e0,fit,0.0,0,4,c339f68e5c97dae5c89e007c7641c91a5c09b10bcfe31126931967108b6596f9
verify_extracted,nfp_1092,nfp,g_7f869cb0ede4ccc6,fit,0.02,0,4,a6472294cd35e9551be9a666e934f32be9c42bbc99cbf958cfdfef9bd93fc2e8
verify_extracted,nfp_1093,nfp,g_c133e7884ff15bf3,fit,0.08,0,5,81241469f492663a69c05e30502f64df85b1e4395e137137f69bde907bc9614b
verify_extracted,nfp_1094,nfp,g_11239780ec2ad095,dev,0.05,0,6,8e2c0ae5e8182a3ff601ce8994b0eecbc26177e1f7e974e42cda09cbcc3ce8b4
verify_extracted,nfp_1095,nfp,g_309e738949b151ec,dev,0.0,0,4,fac8761ed2ad626f839f658b2e6fc3b80de1163adefc5ab8c693ac79b9ca7ea6
verify_extracted,nfp_1096,nfp,g_463dd570c542a130,fit,0.03,0,5,9ede73c52aadb3b0d4216706e607ce0db8e3f1f83e229ea302e49a0a140f75c0
verify_extracted,nfp_1097,nfp,g_a04b51042e579fcb,fit,0.15,0,5,5312e57d642cde8b5328893c336991958222a2504e379214988f66588a769b4c
verify_extracted,nfp_1098,nfp,g_a7e4fdd453e66b64,fit,0.0,0,5,d4119d6e4f1bcce6fe5744badb2d235589ce83b765ded5dd9792fedf88d4f5e6
verify_extracted,nfp_1099,nfp,g_871c24732bb05933,test,0.03,0,6,fd42f579bf57a8375d01149cb6039f2c8b11478a78afec5b8f6b82dc0b85996b
verify_extracted,nfp_1100,nfp,g_e5c94b0361279024,fit,0.0,0,6,754518decfca0d0a989d5ce81a7c429a1c917aa34c630deb99261839ac5f1a20
verify_extracted,nfp_1101,nfp,g_3fd7f6000501b9ed,test,0.01,0,6,014c2439026bad6d5cb5be1706c8fcd932cb56f55a4235946d4e8deb3536d3c4
verify_extracted,nfp_1102,nfp,g_c43ae36246c19be8,fit,0.05,0,5,780fd719a00d133548d832fe7b5864c44d02d22de80094c0405dd79e915fc15b
verify_extracted,nfp_1103,nfp,g_adb65923e7a2611b,dev,0.0,0,6,2dcec93636007ea948908130ed550b7a354ef21e8ad88dd7c138cce026139a26
verify_extracted,nfp_1104,nfp,g_88ada7b4e9558cff,fit,0.0,0,3,0c921709c5730faf08def7feb3a4096bf67f618eea6fc31e928d3e1a81330d83
verify_extracted,nfp_1105,nfp,g_7e8e236fa353b582,dev,0.02,0,6,6830378f76bf9154cbe02966f5e9bd952de8782b4e5e881b606fbc5209851e56
verify_extracted,nfp_1106,nfp,g_d1263135930dd9d8,fit,0.01,0,5,484ff1ce18618e2c43a8e11191e18a53257f65191385139217cba125eb70e0fc
verify_extracted,nfp_1107,nfp,g_6f7f645166a77d05,fit,0.85,1,6,a0c312a7c335a21134969df40232b86881249ed6bb6c911094d08bf625614ba7
verify_extracted,nfp_1108,nfp,g_406cb31e3788a5ac,fit,0.25,0,5,8e493b79889f7c2907a3e162697285af85b3f7471d82dd7c41eec5ccac662928
verify_extracted,nfp_1109,nfp,g_fea7f11d2e3a626a,fit,0.0,0,5,ab625b305abd5b767c780785afe199ed4f286ac73183dda579dcc646dccd3c8b
verify_extracted,nfp_1110,nfp,g_d5b84d54263328d5,fit,0.0,0,6,42b161b0b7a9bdf00d69763f6301a0ce403a33a2f628cdcea1e1e1267976f77c
verify_extracted,nfp_1111,nfp,g_5480d248f19133f5,fit,0.01,0,5,bcc2b4942e22c569ee6b392a58911a0d57e5151f3f6b024c55a22e44956df4b8
verify_extracted,nfp_1112,nfp,g_d7ea6f3465db8b63,test,0.02,0,6,cb676fac805460f1afb654d5077e8b22f2c0139bd90eb3b6f5023632abeeff38
verify_extracted,nfp_1113,nfp,g_b659e249edfbdf68,fit,0.0,0,5,57352816f8c7a397a9f81db826e82deeba146771b56ed4bc06a2ba5b11ebc8f4
verify_extracted,nfp_1114,nfp,g_f021a8f45ac5359f,dev,0.0,0,7,fe792455f35dafdbe82ff23768117a393934063222d9427d57071e46e59b16df
verify_extracted,nfp_1115,nfp,g_40a4d591e83e7e74,dev,0.0,0,5,ebbe185a363d32366d90dba85d4022c7e3340e34bb6bf6bd0ea21c719742096b
verify_extracted,nfp_1116,nfp,g_96e01a3e504ed5c1,test,0.0,0,6,64d5572d38b3ca932120ab8e270485642b5d7d4de3c9f7b3dd537a27bf8579ff
verify_extracted,nfp_1117,nfp,g_39b994016d05ec50,fit,0.0,0,6,e09b902205ebdba9cac6791dd43bcceefeae3216b4116d3e627c0e51b57310a6
verify_extracted,nfp_1118,nfp,g_c0ba83e99d5b9beb,test,0.0,0,5,423a276fa37d69fd9263e7fefadccc4cc68b711263fb9db739c010297e0092f1
verify_extracted,nfp_1119,nfp,g_97a93a9aa5c8200a,test,0.0,0,5,8d00a9d0ca42ddd30d3284722e041e590cfcdcdb691325a919c53b33bdc2c50b
verify_extracted,nfp_1120,nfp,g_09f6b6e2f8976aa1,test,0.02,0,5,0e0e2e0e812121d13591514a0c7cf00143a0376bbd867fb060c2ed719d2b09ca
verify_extracted,nfp_1121,nfp,g_ef0538784fe1ffc5,fit,0.15,0,6,494e6a0b61df84f902a61639e54a85b6e73ec5d301994f6b35a75c4d1f48b9ef
verify_extracted,nfp_1122,nfp,g_253b77749d3b7958,fit,0.15,0,5,4b8eb4d51e22636d62de6f7edfab6a89b11522a1f903cc21f6de9e4c68810853
verify_extracted,nfp_1123,nfp,g_ab900b3c65c6fd0f,fit,0.0,0,7,f3778b427db46d3bb783db7e23e962dd9a285b4c9fb99a13e5bedce571178baa
verify_extracted,nfp_1124,nfp,g_df1414fe7d9fb750,fit,0.0,0,5,f540233995a660c27b697fdec3fb772ffb245c072919765481f337d0f8887667
verify_extracted,nfp_1125,nfp,g_18b376e84af637f3,fit,0.0,0,5,fee77a545b06f665d447a9e1ed5e2a6b93cf1c1fc4e606a89e305fa656d9cc1e
verify_extracted,nfp_1126,nfp,g_957401aca986fdbb,fit,0.1,0,5,ed6592300390e180befe5e9dcf59ab68f3462ad7e17b72894c6c8a2690afde4a
verify_extracted,nfp_1127,nfp,g_1fc0d35e2372953f,fit,0.0,0,6,050509e4000e8aaab6510975dc60a29abff477bf53cc0beb32329d30633f9cbd
verify_extracted,nfp_1128,nfp,g_c03ce4015a3ba730,dev,0.0,0,5,74740355b99fa0b79f586d4dc03a04764068ab73e4069d3aa125891d7f56293a
verify_extracted,nfp_1129,nfp,g_39253ec30588d028,test,0.0,0,6,a87b33ead8956b3ab431a5495d65f40212ee219b0ccd972fa7fc238582652818
verify_extracted,nfp_1130,nfp,g_c62b909623a22334,test,0.9,1,4,aece5a21d877e889fefda7a861843ab19c3279c3afa73f743ba4f83f410a06ca
verify_extracted,nfp_1131,nfp,g_a5798a99de5831d0,fit,0.01,0,6,4eac24f9677b04551dcf9d13461f8b3a32ddea55bcea560d4bd12ac3ee94a2b7
verify_extracted,nfp_1132,nfp,g_ea9dae93fa9530a2,fit,0.15,0,7,1c1a35541b1eac0eefcc246844154faac0f8e47eb09032bdcef6bb394ffc11ea
verify_extracted,nfp_1133,nfp,g_3768a7d9c374e060,fit,0.0,0,3,edb911aeec84ef116c76cdd3067ca9da411404a7fde746ab61f27dd544dea4db
verify_extracted,nfp_1134,nfp,g_494d451eb99fad4b,fit,0.01,0,6,8c4b95a845ac41302e59ea5d6f995faea2ab9c015e555cb50f4dce7d00ca95c1
verify_extracted,nfp_1135,nfp,g_2aebf16024eaf22c,fit,0.0,0,4,3a8588e978558617d3cee21d2e6714ad102f4075aef7760d6cdc04e194a47526
verify_extracted,nfp_1136,nfp,g_7c14b2b4d84cee2f,dev,0.0,0,4,8683ec2ce1693f9217bb7d8363f43f319674bf67d97af4cc46bf2a6b57ea05d0
verify_extracted,nfp_1137,nfp,g_9ba118a134d88e59,fit,0.0,0,4,d54fc818aee1a4ffe30cc3d0d97ff1ad9624f0fcb3eb274fb2d050094237b633
verify_extracted,nfp_1138,nfp,g_260386fe3ee7c7f6,dev,0.0,0,5,a8a79dc4e1cc338894948276a9b9caafa84a6518648eba344841219a52c9adfd
verify_extracted,nfp_1139,nfp,g_61f0226e4520c63c,fit,0.0,0,6,eed78622e95c926e1c5a1de7eeb442d46f81bde92fc1976d9b8a44410299ce36
verify_extracted,nfp_1140,nfp,g_e877b34361cd93f1,fit,0.2,0,6,d664c107ae31cd9385e69953e039c3890adab856e7324b89e07aa2364687549a
verify_extracted,nfp_1141,nfp,g_1e7c9dc5e4b83795,fit,0.01,0,5,1ec02b07618e21729ba2ad6e047be860242131294ca571869b446058052be3dc
verify_extracted,nfp_1142,nfp,g_39f621c8085e4c8d,dev,0.0,0,5,1de41d53d120c912e2c81e5d0b1d78f808f0f38ffb1aa07e06b1153ef74ec2ee
verify_extracted,nfp_1143,nfp,g_2583f3f881a97214,fit,0.01,0,6,ab475c61566fe93f727d37cd18268cb1e56cea746dea82bb3805c7a939533a48
verify_extracted,nfp_1144,nfp,g_aeae73a3fb6f4db8,test,0.0,0,4,57eec5975e759e8641efdbd4a7fa0a839db1915984f15ec9934fb4dfbda00883
verify_extracted,nfp_1145,nfp,g_9cc0beeafd47f952,dev,0.05,0,8,8268f3ce1d8f3fafae279ae0a3bb2e1a2ccab4e7da63b596b858cce57546a89e
verify_extracted,nfp_1146,nfp,g_27cc601d9bd91fc4,fit,0.0,0,4,f10a94c81bb3f1e087e6cd18b9299ba036939a0b78e0816b8f1ce959a2d80d33
verify_extracted,nfp_1147,nfp,g_b907a80c42330a9e,dev,0.05,0,6,d519426454c92c4bb15638e0f5b805b169962211f66f12462df209ff6b2fbcae
verify_extracted,nfp_1148,nfp,g_d0ebc3705e830e29,dev,0.0,0,6,ee705be7e46abf30ab0bb586b6fce0763330278ca4cb77f007dafeb0e7817087
verify_extracted,nfp_1149,nfp,g_a5819042ea243e01,fit,0.05,0,6,c3c472b53d787e6d497eadc278cb6736089e04cda2ea1b9805e5da2e74f03081
verify_annotated,fpq_0,fpq,g_c1ffacffb4788c0f,dev,0.8,1,1,9074d7d2854c4cf4be3899be275db8356a78d0d77c21b6cb884a9dbd414f751f
verify_annotated,fpq_10,fpq,g_9d7d75a393bdae8d,fit,0.99,1,1,84ed52884009543d5da601a5278886d5d7c7c7f798b9cc269eb518e1a202753b
verify_annotated,fpq_100,fpq,g_c0997e51d65d0496,dev,0.15,0,1,08c2732699decace99eaf06ba6987658050e3254e01efcd01838d5c1dedc3e2f
verify_annotated,fpq_101,fpq,g_a123af131f86bff4,dev,0.99,1,1,80cdd5ab03d0426ff8414c425a90fadd88b629d7500fb69ef296e81435c76afc
verify_annotated,fpq_102,fpq,g_b90ce2335181429d,fit,0.99,1,1,aa73bd02a77f0e70ee6e9b650fa3cbad12ac1561e8e416a2fc544aaf3310e1b7
verify_annotated,fpq_103,fpq,g_2a5a6ba709d1e6ba,fit,0.99,1,1,2aba5fd1844e27118b2997f6102036f6e798603547c0cd716442c73b18f0e221
verify_annotated,fpq_105,fpq,g_ec056b6d089273ff,test,0.9,1,1,83ee74e1ad64c05c48c417e8c07bf5b42557c2784b236303f9cf5912d476d698
verify_annotated,fpq_106,fpq,g_3cf0e37d5cc8e4c7,fit,0.98,1,1,4928197a81df3968552abbd3589afb0e1979a96dfa293fe8ec4bba0e54151542
verify_annotated,fpq_107,fpq,g_5259300d91a12b52,fit,0.99,1,1,f9471227c7de6feb8b37836ba6182d7c5d25a07c329ee870f8b6cdf3375ff5ef
verify_annotated,fpq_108,fpq,g_7680854e5870d6a8,fit,0.99,1,1,5c4520307cc6ee57fa469157683b53038770812207ab8888f5601b485d0800b3
verify_annotated,fpq_109,fpq,g_301c7d61ec58c026,fit,0.99,1,1,e6a4cd64575e648f856a19e2576b31a6292e13fe4b0a850594c3470a29935f56
verify_annotated,fpq_11,fpq,g_9d7d75a393bdae8d,fit,0.99,1,1,a46fb97645af6be3f828546e60631860ca5991cd37a218b0894de7b1ed95d6f0
verify_annotated,fpq_110,fpq,g_aa56a97d51214254,fit,0.99,1,1,c6dbe8b96ff1cd7fe6a341e0f890af33d39466b86eeaacc923db10ec9e76afd6
verify_annotated,fpq_111,fpq,g_1c2c52fa313ede3f,test,0.99,1,1,fa4b3ff540d8d03e339add5261d7e3fc8d722382621930974ac7b6b10f89a57e
verify_annotated,fpq_112,fpq,g_879787cb22d42c3c,dev,0.99,1,1,3829dac5fe006f5d87b8fbf989f81299e1f784f6e8c2cf3ae5fc34fb1091c501
verify_annotated,fpq_113,fpq,g_19560cae4bb38fd5,dev,0.95,1,1,bb4b3249ffe4bd30040a383c78f1a71184dd6c9d1bf05e8306efec2c96833c08
verify_annotated,fpq_114,fpq,g_19560cae4bb38fd5,dev,0.95,1,1,288b4ba102c4d2fa2f5d46088e243670a72c5370854f30d2443d86fd44155386
verify_annotated,fpq_115,fpq,g_4ef5f78c47d2ac9a,dev,0.99,1,1,76226d719326e8e9ca911d72d030d03c61f1b694000bfe03f9d861a55c9f2551
verify_annotated,fpq_116,fpq,g_1df5c809ca4cda6e,test,0.99,1,1,16db487a8e21fb5cb33282e1d614e1524843642e252b8fec18a9919090da93f3
verify_annotated,fpq_12,fpq,g_9d7d75a393bdae8d,fit,0.999,1,1,6ecd8c6e599d04bcfa60a7ca2b930b883eb60b10947bcc890b27304ccc6a87ef
verify_annotated,fpq_120,fpq,g_3fb9a79c10c3fa86,test,0.95,1,1,9c67ca74386e7c920437a51b53d9ef7214a941540c8a3b3279f45a9f62d8438b
verify_annotated,fpq_121,fpq,g_a004f0219676686b,fit,0.95,1,1,d70f0170689f1cf2250bb475ddafb9cfa1bb4dd28521f2c359456b3e93129f23
verify_annotated,fpq_122,fpq,g_8959d577de788314,fit,0.98,1,1,f78941ee86c66907cae38ecaca5df42c93bc067abc9a14fcb10253350eada7d8
verify_annotated,fpq_123,fpq,g_8959d577de788314,fit,0.98,1,1,5f2b3a33a43e10b03efdd06271085e0edf34ce003dcddef50fc94a3d0f99172c
verify_annotated,fpq_124,fpq,g_e2d68552015e18cb,fit,0.99,1,1,0f836d9b39a7907fdbb15fd8550a066bc923288b9d5b64d49c9386b2b8a80386
verify_annotated,fpq_125,fpq,g_ae1f993609e0900e,fit,0.99,1,1,fa445931239e00b0a215ac9493f336faafca90c4e761486828f0ea6992a3c9cb
verify_annotated,fpq_126,fpq,g_a41667cd357f463a,dev,0.02,0,1,6549b9515181c66cb474e89aa279b9a8215948195b6f2cb7dbe8ca4e49bdf1de
verify_annotated,fpq_127,fpq,g_42420d5cc72330bd,fit,0.02,0,1,555d5c14df879f0ef52582a8434f3f3bf9cfbcfcf009e7cfa26e90267eede55e
verify_annotated,fpq_128,fpq,g_8428aa2091ed4e7b,fit,0.99,1,1,e3ca11de1f2a8c7927b2bbdcf26523f9ff5ab15ab7e5e84712c96d12e6cbb632
verify_annotated,fpq_129,fpq,g_60f23bee598c8a90,fit,0.99,1,1,6325a78ef64739d282d717f6db9e88543b4647f4fd8dfb35ecbfd23efadb4560
verify_annotated,fpq_13,fpq,g_33ec048c88198b1f,fit,0.98,1,1,7d2f9bab754a9888b49add10279ae13789cc144fb9f9913d8e97eeb4ad47d159
verify_annotated,fpq_130,fpq,g_60f23bee598c8a90,fit,0.99,1,1,044053c77e0c5c48210507b61458aef0295572baad2b939b822440e13ff062b3
verify_annotated,fpq_131,fpq,g_bb3764790e6c2dc6,fit,0.98,1,1,762d5b1fa6ea83214e7f40a9192bf3941cecb7f669147feb0a02d422b77ccc9d
verify_annotated,fpq_133,fpq,g_bb3764790e6c2dc6,fit,0.97,1,1,4f5b7db42fa9a134f2e73d1dc3622702b0e1842459b0d56d9b18322b19255025
verify_annotated,fpq_134,fpq,g_bb3764790e6c2dc6,fit,0.9,1,1,d2c250c20b7d1bfc9d1f53a5d2fbe01885e87016db1eb260a38c47aee49d70a4
verify_annotated,fpq_135,fpq,g_bb3764790e6c2dc6,fit,0.9,1,1,4d969a2f4bcc59f2a0abf9d4155c5f435a2b8d3b08ab61458086df75944d9544
verify_annotated,fpq_136,fpq,g_26c337973a2f5ce8,dev,0.99,1,1,131df9fee34de94dda727de95d043ea68cac81e603d40a53eaadc19900e61803
verify_annotated,fpq_137,fpq,g_b12e6db2bc0d7d79,fit,0.99,1,1,cddef1fa611bf03ae4d405a252cb714b96097c3ff5207f19aeca3f697cac4842
verify_annotated,fpq_138,fpq,g_44f5cd810df0d346,fit,0.99,1,1,33bc222947cd22b6346cd90e96bcd0487e79009ba69f43db3db631da4b05436f
verify_annotated,fpq_139,fpq,g_a4f8a8e72b9e76b4,fit,0.98,1,1,29814548d56f47a4b23a1b9007b6a7a1fd39850fd6535f419b6b2a77c544bc9c
verify_annotated,fpq_14,fpq,g_33ec048c88198b1f,fit,0.99,1,1,a8ab2eeb8c84ae30e946f4d15168b77290f2a49d2ba8fd3c0e4b1ebd9f5eb36d
verify_annotated,fpq_140,fpq,g_97e33d338b97afcd,dev,0.98,1,1,454ec3fb8c7c213d235b3dc947cfcfb5080e84db71d90fd9309a4a7152d240b8
verify_annotated,fpq_141,fpq,g_c76ca195098fc516,test,0.95,1,1,c90f0b265ceb88bb30a735bd87abd736b8de407fc983d3bc59c0fec8118e85d1
verify_annotated,fpq_142,fpq,g_4b774c3ac99a8ba1,fit,0.99,1,1,56e28cf6688b20b6030e8ea420bfcd6181a059f26116cb28b9ad496a79f10075
verify_annotated,fpq_143,fpq,g_6e51e9ca91a6b310,fit,0.98,1,1,131de44948d89304a595890050c8071bb9fef17e816d3657418a9e99c905f3bf
verify_annotated,fpq_144,fpq,g_6e51e9ca91a6b310,fit,0.99,1,1,3c4a0d77206f15d1a4c0e0b630197eafb1327529727fc5acfaf1d970ee420fef
verify_annotated,fpq_145,fpq,g_cbd8e06081de3089,test,0.98,1,1,3ba1a4a81d848d5c2504be1b76f0a5f7e41feb82e52e0b2c5cdc75210efe8833
verify_annotated,fpq_146,fpq,g_cbd8e06081de3089,test,0.98,1,1,18dcb76a3d1c58dc56aadc2bf94f8d57161feb318d58ddfcc9e1a6e00004a412
verify_annotated,fpq_147,fpq,g_cbd8e06081de3089,test,0.95,1,1,15962efd8f668b5f2a48db51a9caae36ca9225e29680880b2f1a8a1e7e3ad2b2
verify_annotated,fpq_148,fpq,g_cbd8e06081de3089,test,0.98,1,1,268404aa3e2a1c494a083703ce0ef3533c12865477be83d0588d90509fcf2a8d
verify_annotated,fpq_149,fpq,g_f2bcd9d2bd1368c5,fit,0.99,1,1,ae0dcf897c0641ab1c3cd94199774f0659f4cbc1f739b1db2f9c6bf620cebe25
verify_annotated,fpq_15,fpq,g_bf7120dde2b7a065,fit,0.99,1,1,060e413410d90d58d500f8964b451cc1d340dcc4ddb9514e845dbd4990fc833a
verify_annotated,fpq_152,fpq,g_b825b5f2564f6566,fit,0.35,0,1,693d804b9c01ae8dc27fe419a3ccb5020232028627e27a9d0979602f5ff2055b
verify_annotated,fpq_153,fpq,g_b825b5f2564f6566,fit,0.35,0,1,492873343d386cb990eb9626feb87900e0244d4aa9d1983333da1c0ea55da32a
verify_annotated,fpq_155,fpq,g_e2560f21ed8b4e5b,test,0.9,1,1,90894cf7c036b7ecdc8443bffab165a9be768b71e73f26c79412f065fe02cbb5
verify_annotated,fpq_156,fpq,g_114ce7da3672d3c4,fit,0.99,1,1,21616e07df7b114430e2ad16e29fde205e5d3efafdfeb26c4c38224ea7b251df
verify_annotated,fpq_157,fpq,g_cbd8e06081de3089,test,0.95,1,1,7da48f1c1305b9370ecdff1a9330e0ec881f157edd4636b6c27311a6caaf7f63
verify_annotated,fpq_158,fpq,g_cbd8e06081de3089,test,0.95,1,1,c0e1790721b88a41272d5db27d220f2e76c367deffe1a3872a6d6f9390552b4f
verify_annotated,fpq_159,fpq,g_e7e954d0b1a2d7b7,fit,0.98,1,1,520e33f43b2e1645d8b8efdb76cd4c24375124f1cafa078f4b62b64bd05345ae
verify_annotated,fpq_16,fpq,g_e49099b5a9af7fe5,dev,0.99,1,1,34dfe3e4c62e4e86619ac15c34aed20e9a0d33a67d34d0797d8b3ca17f43970f
verify_annotated,fpq_160,fpq,g_6a2cab99d0c153e5,test,0.99,1,1,35c5bd080690fd7b0d82bc7f271060eb76f1abbb33fcffa43e51a65fb083659e
verify_annotated,fpq_163,fpq,g_7a7d282b958f2563,fit,0.85,1,1,63c96ad65190f2a37a6777b106e935539c09b6cd92d3b3352914c7638c2da4c4
verify_annotated,fpq_164,fpq,g_63b9cf63c154dc5d,test,0.99,1,1,cc9710cb8d7f12845c2052ff688a3916719f120e2d8cc2a9c5f50be5c827285d
verify_annotated,fpq_165,fpq,g_543e733353e62deb,fit,0.99,1,1,b9148268b1bf1f58e02cc3aaddb5005032921248294e817df99fa21fa959d292
verify_annotated,fpq_166,fpq,g_bf573c2922a5f433,test,0.99,1,1,870898706f7a9726bf0b1dcfc8d2de6db73c0451e15246d57aead4b5378c7fee
verify_annotated,fpq_167,fpq,g_bf573c2922a5f433,test,0.98,1,1,d74f29ca12e5b516deecfd0487efdce9c8bf8f03f71e80d4a962807ea97f753d
verify_annotated,fpq_168,fpq,g_2de0355108a13af1,fit,0.98,1,1,5551b26f26c92aad970ddf662c9aa1649426a791525ec1fe856b6111bfe63ab2
verify_annotated,fpq_169,fpq,g_387557522a3aaca9,fit,0.98,1,1,1f91a45ac11047717ccdd9b6853c160d4d2928e946f292869472aad7bb43aeb5
verify_annotated,fpq_17,fpq,g_e49099b5a9af7fe5,dev,0.99,1,1,45d3e270718798ea7098bf2fcb70336a59630b87972e810388c73af7ba394b89
verify_annotated,fpq_170,fpq,g_387557522a3aaca9,fit,0.99,1,1,65f57f67366d1d317cc4f5944cbb7834b1b331c9a91ad27827f25a64cca090f7
verify_annotated,fpq_173,fpq,g_5e7c0751a50b4597,fit,0.99,1,1,ff22808153635a6ada160294d8df64eac4a3f3fab3768ce1ee41359a2f8ad1e7
verify_annotated,fpq_174,fpq,g_262103bde855ebbb,fit,0.99,1,1,a4143830ddeccc76c900b1fbf5ffa6e5b13791bdc6764b29dcfa09ece009b733
verify_annotated,fpq_175,fpq,g_614ac7f0c4db59da,fit,0.95,1,1,5ea3fba3ae16e7ba2f790e614038cfb33e9d8ea33ea8c32f1abebab2e9e52635
verify_annotated,fpq_176,fpq,g_cffe4000b1433224,dev,0.08,0,1,cc4c27ac94e694d89f2144c192985ad605f85cd4bcbdd9dedab535ba2fec290e
verify_annotated,fpq_177,fpq,g_cffe4000b1433224,dev,0.25,0,1,e5dcfc45faa0725e4e95cfbb0457ca8af797fd148b124022ee411a115e9b2d54
verify_annotated,fpq_178,fpq,g_cffe4000b1433224,dev,0.2,0,1,6f89bbe952eb9a3a7055023ed384baa8625fad877ed2b555ac68706ae201bdbc
verify_annotated,fpq_179,fpq,g_cffe4000b1433224,dev,0.15,0,1,6d8013e0178bc2cbb3984223e3482f83d5016b94c2f2b451fbc78a6c481f0cb6
verify_annotated,fpq_18,fpq,g_db45277df8b457d2,dev,0.99,1,1,d5df1a8724009744a6458c6a341fc4e896b9fc620753c59aeea6990bfdf38117
verify_annotated,fpq_180,fpq,g_27cdcf98645f7331,fit,0.98,1,1,530d6ca86f2fb8174b0abc93872dbd9990086c2b2d6572b982769c2a32cf2f1f
verify_annotated,fpq_181,fpq,g_d8d1c195dfeca667,fit,0.99,1,1,0303edd4227ca732f41c7609c65a38c06066238fc6d4f7eb48175c3c1481ee15
verify_annotated,fpq_182,fpq,g_d8d1c195dfeca667,fit,0.99,1,1,6bd01267a58dd5f7fa6af9b1cc68a4ecc27f8597b9c953d009d7627bf410eac6
verify_annotated,fpq_184,fpq,g_d8d1c195dfeca667,fit,0.99,1,1,47f8cb60d85e00d0a4eac2af562453496526f2820b8d6002be01c5542cb720e1
verify_annotated,fpq_185,fpq,g_09389edfbb93b248,fit,0.99,1,1,c642e55d5a753acf80d34295f4a2aca98e0dce8e18fae3a2336758c18934fbcb
verify_annotated,fpq_186,fpq,g_09389edfbb93b248,fit,0.98,1,1,68f9c349e1baa780cc4e1387efbfab27ad06420b50750edbdff572b4b3379e67
verify_annotated,fpq_188,fpq,g_b6504c084e04c1f2,dev,0.98,1,1,8880891828a3866e0cb239cdb51c67faf65a9d7bdd6eef6ee9d3304ab51481fa
verify_annotated,fpq_189,fpq,g_d8f0374a6b381463,fit,0.99,1,1,6c1a642c71f6d75bc46ca160859816f937e42363d24625785f8d605189382a2a
verify_annotated,fpq_19,fpq,g_8124cae742b6aad4,test,0.99,1,1,06fb912b49dba1a0fceb667c378cd8e93b078dbaf685378ec0c6a0ab4e0a1378
verify_annotated,fpq_190,fpq,g_d8f0374a6b381463,fit,0.99,1,1,77ca90074b83bebaecabcfccbe1be438eef4c2db30305faf8e52cc32b3b34368
verify_annotated,fpq_191,fpq,g_65a55fbfe45cf18c,fit,0.9,1,1,ed934abca6f2c7b9bc817f1ffc1614dc5a0406f3c72404b81413a181685e57ef
verify_annotated,fpq_192,fpq,g_65a55fbfe45cf18c,fit,0.99,1,1,f2dbd93afea8626bdcd1174d6cd2fe8c9e6e3e47eb95043db409a253145924cb
verify_annotated,fpq_193,fpq,g_39287edc0e777ece,fit,0.99,1,1,73fbac30bc099a637b2b7309726abf7dd0d975f8b23da7a9ffe0f4f67508018b
verify_annotated,fpq_194,fpq,g_f1487773f21856e6,fit,0.99,1,1,585721baaba75fa61957f4b3e12e1470369f836de84662989a5de7cde52da987
verify_annotated,fpq_195,fpq,g_f1487773f21856e6,fit,0.99,1,1,81183d2ceaab4bcd7001aa8660eef3ae999b0f8b4aaceee68e397829cf790891
verify_annotated,fpq_196,fpq,g_d7e07c720ab6c76f,dev,0.98,1,1,9e8680e1d3236ffce665fbd92f25930304a148d6765946dec770b1b344d8042a
verify_annotated,fpq_197,fpq,g_485ec2fd456f4df7,fit,0.85,1,1,02fad9d5f71ace0c69be479ecffc9de421c6aa377f1cafa9cd7a1352fa9d9d0f
verify_annotated,fpq_198,fpq,g_f345a4475fa51f95,fit,0.99,1,1,fb082b958cdc0997f86971cea3862d2073da055986419e9de8d3baed6cf6acba
verify_annotated,fpq_2,fpq,g_b307d148060aeba9,dev,0.99,1,1,3e2d0c35a11ea92dc5898551d4da18cecd326dba78895ceff25e15ae445268a6
verify_annotated,fpq_20,fpq,g_8124cae742b6aad4,test,0.99,1,1,6dbdcaf136645b4a767a27496edb4ebdd11ea5befeeb308ae0bdd1006d84a5bb
verify_annotated,fpq_200,fpq,g_81e00db328a19a38,fit,0.99,1,1,0c98ba93bfb0e7f483d4a103a2ace0674ba57544734e15a5ad05b37640edc538
verify_annotated,fpq_201,fpq,g_81e00db328a19a38,fit,0.98,1,1,c51cac80f0570b8ca4cf8b686609d5013916d0aa7ce3f9ca0e4d0ffaedfb1d93
verify_annotated,fpq_202,fpq,g_9e56296cfa23f1e7,fit,0.98,1,1,186d5ee5fba847ca23bf81e540b65d680d2d4e1ab30f9af6b819a3acdd98aebc
verify_annotated,fpq_204,fpq,g_9dd8d2fc49205f38,test,0.05,0,1,60a58446e6658132ecab91b35d89a712a311fe6824faa88f974912844fad4b49
verify_annotated,fpq_205,fpq,g_15c6fe97d8e2f6e0,fit,0.99,1,1,2d3a5cc879696b88b686a40ec48af43248c20bc4f13ef8674f12bc19ecaee4ac
verify_annotated,fpq_206,fpq,g_15c6fe97d8e2f6e0,fit,0.99,1,1,a329da8ed144245c1821931e8a62f3ed3fde9a8e341815b66a22869f76a464ab
verify_annotated,fpq_207,fpq,g_15c6fe97d8e2f6e0,fit,0.99,1,1,ea4d66a254859f6c04591c7ed095ea12cdaaf788e91b399da888d3045e58547a
verify_annotated,fpq_208,fpq,g_6595cb9cf7dd268d,fit,0.98,1,1,67eb9ce205a26af77931ff3f0e50d79a625cd7a960310ff8551a88d6c699adae
verify_annotated,fpq_21,fpq,g_8124cae742b6aad4,test,0.99,1,1,cf46d6a1c7f748f848654b6fcbde6d0b86fbdb701169c218ee96da907e9518df
verify_annotated,fpq_216,fpq,g_ba345732bf0da6e5,fit,0.95,1,1,12f6d36a5804875b4da0d6d9eb4c5c3969bb3c713e63a89d126a08fca2e83de8
verify_annotated,fpq_217,fpq,g_f6c91e0f72eb5194,dev,0.99,1,1,16993789fd4f76d8d54692b59c7aa6ff816c3b727c10541da3e8c0a9e2da0baa
verify_annotated,fpq_218,fpq,g_f6c91e0f72eb5194,dev,0.98,1,1,c7d1943db98eaa70a846fac601b8d382c40b2f12b98f077fe43c52cb980f19a9
verify_annotated,fpq_219,fpq,g_f6c91e0f72eb5194,dev,0.99,1,1,b5ea53226136a6b54434727063bbd34102c00820b5326bee200dd4c09cbcdae6
verify_annotated,fpq_22,fpq,g_158a89f5efc1c650,fit,0.99,1,1,298e1226984c3e10c38e1ac0277d15c209af8acd5c2cb9d27c18f2dabd5e592b
verify_annotated,fpq_220,fpq,g_e88d95fcd902f167,fit,0.98,1,1,55553bbae237d363b2040732c6f220921ac0f5626fa933f9d183e0e07ddd3ab2
verify_annotated,fpq_221,fpq,g_355ddd3fdc98bf5b,test,0.98,1,1,d1f6f50537715614ce710a242556a07dbb987086658a8b25c0ccce9ec6808f3e
verify_annotated,fpq_222,fpq,g_884e56b99d8764d7,fit,0.99,1,1,876cd72d9da7a950260f52709d2a648d4c00fe17484017d643ad5bdeba12a7f3
verify_annotated,fpq_223,fpq,g_ea3b58fed498a2f5,test,0.95,1,1,64b5c0a25244a0d3defffb7c9956e7ccd6aab30ef28ed56a627bae6dad889479
verify_annotated,fpq_224,fpq,g_5d198dc87f6265c9,fit,0.98,1,1,21dca852606543a5be877d63df4080067a5374905b6b263a25f556c554eb86f6
verify_annotated,fpq_225,fpq,g_702204dfce746542,fit,0.99,1,1,e7e5df947180e1c3ab95876849d59a818e4e123804b68560dedb003ea237049c
verify_annotated,fpq_226,fpq,g_306c413840376c8c,test,0.98,1,1,6f919d0466f34ca52e0fe658a0f5261aad28eb990ad175e35f5f4ad7218e0347
verify_annotated,fpq_227,fpq,g_0243a11f53c40470,fit,0.99,1,1,220f9402f688f8b34211fbb87b6c23e2a075bb9e4adc93c4bc5e04e4e4e3e82b
verify_annotated,fpq_228,fpq,g_0243a11f53c40470,fit,0.99,1,1,ef32ccff59995b7fe651a38ad7abdec1f384f4ce06e054d3b6b0e146df36ba78
verify_annotated,fpq_229,fpq,g_bb84c04480c36968,test,0.99,1,1,067e200828c21ca08988c39cf9477d3e68ff229732da90930d4d417bc0108503
verify_annotated,fpq_23,fpq,g_e9ef70af37257443,fit,0.95,1,1,1271df6ce99cac783666725b1e9856b63381db394ed21d6b54c4b2fe10986baf
verify_annotated,fpq_230,fpq,g_a1de105f42d2030f,fit,0.99,1,1,4fea843578b0422c590275893dceca616296029beebd7d5050cc0de59a495e30
verify_annotated,fpq_231,fpq,g_a1de105f42d2030f,fit,0.99,1,1,9d6acc51f354686169fc5c4b622c02420140e28e00a1cf4663c64f3ee368f7fe
verify_annotated,fpq_232,fpq,g_a1de105f42d2030f,fit,0.99,1,1,5c2325803494593b7682722d78e720db09da4f2f27264b81d8cd5137a1c9af0e
verify_annotated,fpq_233,fpq,g_a1de105f42d2030f,fit,0.99,1,1,8ff99277985a13af5770092851c66f9b53613d7e05dfdfec67648d4a8adb9992
verify_annotated,fpq_234,fpq,g_a1de105f42d2030f,fit,0.98,1,1,f46fe8621696fbe7b0ce73fdc41c001e1bbcbac57302ea105b64f1d4b9048a42
verify_annotated,fpq_236,fpq,g_c18b37c73a9e6d5f,fit,0.99,1,1,62afb03a256c0b9892b18dabb8fcd1f7877fb69a5e9cecceefcd2c672f91f258
verify_annotated,fpq_237,fpq,g_c18b37c73a9e6d5f,fit,0.98,1,1,b57341098035e57903ab31c0fb31d8da410d96dd83f828046ae0d6337f3e6332
verify_annotated,fpq_238,fpq,g_c18b37c73a9e6d5f,fit,0.98,1,1,5621e9708d2b89a5e249784becf115602faa45db452899dc8e066faf1f5ecd23
verify_annotated,fpq_239,fpq,g_ed0f1d38c4159510,dev,0.99,1,1,3c7f2ef1bc47e1c36447f71c49a94ec1c0dfc37fbd1034675d0576a898f746ff
verify_annotated,fpq_24,fpq,g_846fcef047e655d9,fit,0.95,1,1,36825d62cc87ae563cf0c99d07bd63e880204c3f9dea8e6dd4ef0241529f9fa8
verify_annotated,fpq_240,fpq,g_ed0f1d38c4159510,dev,0.99,1,1,d59b99bb5a59d0b24fad1aa45d4712143cc91de592b480896c21304c0ec928f9
verify_annotated,fpq_241,fpq,g_3dd398a61fb84167,dev,0.98,1,1,5ee1ba05d6e25bd05f228a686e651774c13e5d3bdc6145dc53827f465689e9e9
verify_annotated,fpq_244,fpq,g_d180357230a9e381,fit,0.99,1,1,88c366ae392a9ab1b08d58ea1e44e0750cb6460980e23ed2fd308c6dff16faa2
verify_annotated,fpq_245,fpq,g_851c78024fbdf837,fit,0.99,1,1,23cd4bc6437341ce6b3a49ebab2e9d803e92e09222deedc1d9f2d32c003c7d37
verify_annotated,fpq_246,fpq,g_b60861031335942c,test,0.9,1,1,5bccdccd696c9e18970592b25f41d4a4cb4cdf2ed1bb2e8b97588724c208c7ba
verify_annotated,fpq_247,fpq,g_5bbb16d8d84399dc,fit,0.99,1,1,3e1449ae0ee3cfcd1308d96767d1c5ed88a7a81a347ba98b39854ee7ecc054fa
verify_annotated,fpq_248,fpq,g_8c556995ab534f4a,fit,0.99,1,1,430eabb9bf80e3134e3fae084c9bb134f6762721cae6a69c5f1bdab556262b8a
verify_annotated,fpq_249,fpq,g_8c556995ab534f4a,fit,0.98,1,1,d1dd9fbe269d651b3e3be3921dd6317f1efa8e74128c80f521085b620bb7d188
verify_annotated,fpq_25,fpq,g_2fa6e5ef34e0df75,fit,0.99,1,1,8b4b42ce6c697c8b97ccc0919dd80ffcfc4a8617b70ddd26485d93e0736fda18
verify_annotated,fpq_250,fpq,g_3a639c3577edbd5d,fit,0.98,1,1,4f0f0c351d804aada25dee73eb794b60d65ecc93dcede7e732f4e4e60da46ee9
verify_annotated,fpq_251,fpq,g_3a639c3577edbd5d,fit,0.99,1,1,54b56d5b129c5bb7dcdbdabdf97ea228063960f6483e27e6116b82399c661b09
verify_annotated,fpq_252,fpq,g_968ca6cdf6cf36dc,test,0.99,1,1,993796e226e1cce8d9b83920e319fdd0f6382da430e3d85a1f10608c48c3654d
verify_annotated,fpq_253,fpq,g_968ca6cdf6cf36dc,test,0.99,1,1,fcdc2ad13c37a9c50622f4c83136e06aa97acf7981ae84eedc240be0d2c4d5b7
verify_annotated,fpq_254,fpq,g_968ca6cdf6cf36dc,test,0.99,1,1,39ca27a2050b292fa5cbb9c078ae0b41cb0bdd18c360fcc4cc668f0802a9cce7
verify_annotated,fpq_255,fpq,g_c0997e51d65d0496,dev,0.25,0,1,9dcfbd544b45056a1a14bbea3d4fb75a8068474f147e6e4b6a8f7fc1ba2a489a
verify_annotated,fpq_256,fpq,g_c0997e51d65d0496,dev,0.35,0,1,825a570146547c5ef7f828d2de8d33a4582ab539a83f9831373ee369fe058210
verify_annotated,fpq_257,fpq,g_bf7120dde2b7a065,fit,0.99,1,1,a15ac72bc560c5b3a968b92474ded25d053d98cae9ca9bd18bbb5a6b7f6bfe40
verify_annotated,fpq_258,fpq,g_bf7120dde2b7a065,fit,0.99,1,1,1ccce0b203edf75740224aa87127e9fa880ed79e388e663d0bd681abe0bc79bc
verify_annotated,fpq_259,fpq,g_f1911448fada53f3,fit,0.98,1,1,d8e17f0ea54e7f5960358e9fb373c460826fe9034d2a75357f1b030dfe5dd45b
verify_annotated,fpq_26,fpq,g_2fa6e5ef34e0df75,fit,0.99,1,1,b0a9511005c546745f9ab40ae4f069499b3d38412d08a1d6fd37ab457233201c
verify_annotated,fpq_260,fpq,g_f1911448fada53f3,fit,0.99,1,1,99d73079e109ed62fbc7533cf401abef649d04d144adbf8cd905f84c4102216c
verify_annotated,fpq_261,fpq,g_a123af131f86bff4,dev,0.99,1,1,6e4109edd33d7dfd63ece8916164d0ea728de43c7f8ac17c2cc566c1b85d5fce
verify_annotated,fpq_262,fpq,g_5c82a064d84d0134,fit,0.85,1,1,84c393024e3d8f3904e8e12b35b2dd62a40356308ada0cf5e96f34e3e480a372
verify_annotated,fpq_263,fpq,g_056696697b597850,fit,0.95,1,1,a43567ffbd730284f14bdf831eee88b380c51badb7ad06e33e1878853b1acc55
verify_annotated,fpq_264,fpq,g_056696697b597850,fit,0.98,1,1,e7d2e271d70069284ac2fc0e8ab22b89523fb5fcd8efd7b2eac204619f29ecc9
verify_annotated,fpq_265,fpq,g_e784d5f2127d8f1d,fit,0.95,1,1,6577930a739dc8c8df2c41a7f6a068cf06ad35ec3a809e0ac89836795f9efa51
verify_annotated,fpq_266,fpq,g_e784d5f2127d8f1d,fit,0.95,1,1,9f40b942742aee2e3ff8ba78d3b905460d1b03ae262421986bc442d3412a7da5
verify_annotated,fpq_267,fpq,g_f7c82ade31e0e73d,fit,0.98,1,1,9d9f68e340de8163ba08b609ae65c06d3f537413ed2a993a11ceab109d1b9fff
verify_annotated,fpq_268,fpq,g_406d9d9dcd2cb2f9,fit,0.99,1,1,046a88bd7dea07905d0e868def67a41d4e9b1b582c7a029bd49afb454a95b3ea
verify_annotated,fpq_269,fpq,g_406d9d9dcd2cb2f9,fit,0.98,1,1,268f977e6c1cdfbc7ab46c9327858c3ef39c541edbbac08ec7ea4f0e37a8f104
verify_annotated,fpq_27,fpq,g_2fa6e5ef34e0df75,fit,0.99,1,1,e639d9d5717479f808d1de8e81a46ff6c4b1c84358d951c0362f313260423c2e
verify_annotated,fpq_270,fpq,g_406d9d9dcd2cb2f9,fit,0.98,1,1,c4ccfa1df5bff03933b9ab6fdb96944dc82d804e5cd72d2d770cfc9023d4f36d
verify_annotated,fpq_271,fpq,g_406d9d9dcd2cb2f9,fit,0.99,1,1,8244c6646267f456d21188d6659cbc86d0648c7d95a06e917b89bc1e51cabda2
verify_annotated,fpq_272,fpq,g_ef72aa0ca82e4d3d,dev,0.99,1,1,da450de6e1a18a0e5a211c919fb8e98a6fa091643317cc553c71cdbf389e70af
verify_annotated,fpq_273,fpq,g_15c6fe97d8e2f6e0,fit,0.99,1,1,6aa5669f1382d2605c8ab8852335edcec2bc883f13d5fcee4fe554c29eadf781
verify_annotated,fpq_274,fpq,g_5774dd35ca3698fa,fit,0.98,1,1,54d998fb1a02eaefdc8004a081edf16648cf1d0a7313c46628d35dd5e37dad3a
verify_annotated,fpq_275,fpq,g_db97c68cc2b3b713,fit,0.98,1,1,11bef353bca76461cf64c2a066577648c610a8b3a56ab3d2fc3a07c29731d474
verify_annotated,fpq_276,fpq,g_db97c68cc2b3b713,fit,0.95,1,1,7f970edb3f444c4aa6ce75f43031125936048adaf8dbef23053fcd2036afe65b
verify_annotated,fpq_277,fpq,g_9e56296cfa23f1e7,fit,0.95,1,1,c646e6336332aa76ac177378ffccf2bb73a2f3a2baed12ed9279db1507c28f3d
verify_annotated,fpq_278,fpq,g_e0d834f6f79bbf5c,dev,0.99,1,1,6a601ccdb649805f02ad83db045279308b9732835ed861c9abcbd2662df56afa
verify_annotated,fpq_279,fpq,g_e0d834f6f79bbf5c,dev,0.99,1,1,c5c67bd401498253e8bc91f135bf05e160dd40c7c04b692353b69066c607219e
verify_annotated,fpq_28,fpq,g_c385ff6e98a203cc,test,0.98,1,1,424679b29e0e531a99d34395c6e062da856d54f0facde8ae87a9e2e18be24ec2
verify_annotated,fpq_283,fpq,g_36707ae922bbc364,fit,0.99,1,1,f79405b22200b6daa123e80f0b2cd2ed14908b83481e1f290413d3d4287cde98
verify_annotated,fpq_285,fpq,g_5bbb16d8d84399dc,fit,0.99,1,1,5b4e6b9d75a1ac9021550cde2807ee16748c624c5cddeca8c4fcb7f8ccd8e61d
verify_annotated,fpq_286,fpq,g_8d6092632f196a3a,fit,0.95,1,1,a028b4039877e3145310e70ade4c5849da73f8b36092a9fc11967c075ae6ae89
verify_annotated,fpq_287,fpq,g_8d6092632f196a3a,fit,0.98,1,1,b7c465bb344c802e3ab233b42a2a7a7b6a0f0a9bdaded29208544375cd2480da
verify_annotated,fpq_288,fpq,g_aa9899578ba69e6c,fit,0.93,1,1,7eba45fb048a9e2d27d1d8c97039ea6e93fb5a55fb27513a526040e13ddee99f
verify_annotated,fpq_289,fpq,g_5529ea8bb29fa770,dev,0.98,1,1,938442012cf75b96a9206af1cc8974d6021d056f50b66e5cd203efef1183cd22
verify_annotated,fpq_29,fpq,g_c385ff6e98a203cc,test,0.98,1,1,3d248f0be14099b3b2a7a16f6cf886dc458bf183275343f9b781cebe206f2e32
verify_annotated,fpq_290,fpq,g_5529ea8bb29fa770,dev,0.95,1,1,07c03ca1ef3d9a2610d278e463b68cb1c6aa95cb0960ae879ef3b9f35331b878
verify_annotated,fpq_291,fpq,g_5529ea8bb29fa770,dev,0.9,1,1,8d688db12941b93869fbcfe887874ababbcf8270dcca45c321fccff2f04fb6f4
verify_annotated,fpq_292,fpq,g_b32ab8ff142226e5,fit,0.99,1,1,b1019b2ab7d2cde7c7b6f83f6e543918eb2835bc62ac6e30621cac332c7fa6ab
verify_annotated,fpq_293,fpq,g_f52bbf2446ee723e,test,0.95,1,1,4cd766f09099bb469de79c26f29a16d8fa0abc86ca7907ef1a760d8cb54451d3
verify_annotated,fpq_294,fpq,g_f52bbf2446ee723e,test,0.95,1,1,ba70edc4a353e3f188a0a1859181c33ef229727be2140e11eeba8ba14e13a91b
verify_annotated,fpq_295,fpq,g_b927c8cae6c10337,fit,0.9,1,1,f375e39a3f5722787cd73dd822d9b17e845f10e656ad002c992e1947ff0f7ff2
verify_annotated,fpq_296,fpq,g_f85a9e0ea828ee7c,test,0.97,1,1,36d47995563116065ee58eee5a5978be9a437b5c12c05156f6b2d42e3a5fdea0
verify_annotated,fpq_297,fpq,g_504c34b31263b847,fit,0.99,1,1,074e6bf5cb56d0920d9b4a6722e0477ba4ad57682f66db0a82a8bb6488c6b280
verify_annotated,fpq_3,fpq,g_b307d148060aeba9,dev,0.97,1,1,2b3ac409bc8d8e0362a8d93e25a2f677e91d4fb1f887dca91afe07c9c5a09d49
verify_annotated,fpq_30,fpq,g_1e745f346e4cb3e7,fit,0.99,1,1,4895320cf0c3b4088c109900e9abbc247826fa2457922ba17a3b3ddf4bcf0f94
verify_annotated,fpq_302,fpq,g_ec9eab80a9121176,fit,0.98,1,1,586e4b01b2e68d2353d4f5086c462e47947b6a83086f7733ebecc25447e76ade
verify_annotated,fpq_303,fpq,g_ec9eab80a9121176,fit,0.98,1,1,f4ec9924ac390b53752005ce38446f762f9a3957d391a2ea9eff18793bce5566
verify_annotated,fpq_304,fpq,g_ec9eab80a9121176,fit,0.98,1,1,a31bf49ad67ad6c2a0229cc5297466867af72b6bac9d79610f85f27aceb71513
verify_annotated,fpq_305,fpq,g_7a965a3904fbae5f,fit,0.95,1,1,a4899a15e9975b569228d9b8298063fb03e8317a793646c9ec9a57fa0e4e5457
verify_annotated,fpq_306,fpq,g_468608d58bc90e84,fit,0.98,1,1,ad9fa026f354afd841c9020ddd27ad9739f186ca5edd05dfa28e1896ca897ec8
verify_annotated,fpq_307,fpq,g_468608d58bc90e84,fit,0.99,1,1,9c6b895ec5404f03689b8178c2d5fc510931026214c5b5361a1746fac161971f
verify_annotated,fpq_308,fpq,g_cbd8e06081de3089,test,0.9,1,1,d51b3ab08b3dc0b12d9b781fd8a10d23c40815c1d00c741cfc8a269174da6d30
verify_annotated,fpq_309,fpq,g_f2bcd9d2bd1368c5,fit,0.99,1,1,7c0df7facc3d065401855c1c7a5c5deb482dda96079b81e4886ab845f1e818c4
verify_annotated,fpq_31,fpq,g_f73449782f83e067,dev,0.99,1,1,51fed6fea420c8505f495e49283b0a5eeaf736e83461e4c62cdd1554e5df2738
verify_annotated,fpq_311,fpq,g_766dce1707ed55b2,dev,0.98,1,1,e96bee74ac0770f3a80a8f48a46fcf8d0eef307036528cf322187e7130da36d6
verify_annotated,fpq_312,fpq,g_bdbdf9f140ffb344,test,0.7,1,1,b20326051115f8739082c781c113d07cf3aa07003f20d9a9ce523b9e723321e3
verify_annotated,fpq_313,fpq,g_bdbdf9f140ffb344,test,0.85,1,1,7ebfac6e1316e34580366e2297d1bc8e7ef315114ff3d2a5f28c2fd618e6fb38
verify_annotated,fpq_314,fpq,g_84efe198abe92564,fit,0.99,1,1,d746c4e763eb28c5a677cb63192a0808b55e9f154c801874451b2d46d49786d8
verify_annotated,fpq_315,fpq,g_84efe198abe92564,fit,0.99,1,1,ca41e85182ada870e3af5003634bc8035174b144ae47cb06fc0463e5512c04b3
verify_annotated,fpq_316,fpq,g_84efe198abe92564,fit,0.99,1,1,c289e9d91405020f93a8b7f8cc3c8053f4c1afa6c6641d87a0bccf9c5a1dd371
verify_annotated,fpq_317,fpq,g_84efe198abe92564,fit,0.99,1,1,1622b2192f73688b68a4541b147eaecde59230be45411ec645214f80b11bb781
verify_annotated,fpq_318,fpq,g_55ee87d27c3022bf,fit,0.99,1,1,ef7c1a178d8cb1e6f8be05f2b88bfbe6eb70d22539c96a754b23e03bcdfb62cb
verify_annotated,fpq_319,fpq,g_55ee87d27c3022bf,fit,0.98,1,1,05b12dece01975fbe3f97b183dcf657259055f2630f1975f734d39491e1df5b5
verify_annotated,fpq_32,fpq,g_f73449782f83e067,dev,0.99,1,1,0b00da4a6c665904ef2bc3f945d72c9b3a4399e4f94efa1a124528ade78dc9ee
verify_annotated,fpq_320,fpq,g_55ee87d27c3022bf,fit,0.9,1,1,c7d230ef4135a5a66a198cbbfd07f18924f83bf3b9b33d77d07f77e5a46e3fa3
verify_annotated,fpq_321,fpq,g_e282fdd2a4f8b7c6,fit,0.9,1,1,628ed9889ce019991dc15dd9f512ccb0d1461a164bc8da1bebd81c57c0593fba
verify_annotated,fpq_325,fpq,g_ffe598021a0591dd,fit,0.95,1,1,8f15ab6c0ccdd39953a01fd540ec53b68cec21aea5f60a997ad77650a430bd5b
verify_annotated,fpq_326,fpq,g_cb299384268e8412,fit,0.98,1,1,d09cc96c80cc35ebbaa84f93413203aec8f1c338ff65bc7f619db92a7078d4e2
verify_annotated,fpq_327,fpq,g_7c6e8dcf510c5f13,test,0.98,1,1,1f6bda65a43b795f646c60ca5c89f9f4067c38cb956b8633e93badcbe000a028
verify_annotated,fpq_33,fpq,g_f73449782f83e067,dev,0.99,1,1,788e97f00f597be09efc8bccf3cbe0cebc024d5388b394640ab2e8e6697fa938
verify_annotated,fpq_336,fpq,g_8a534c8ebcc2d2de,fit,0.99,1,1,af22a4366f11b3776b361c64dfbe9a6a7b45fa02be62f45e659e85ccee5cd2ce
verify_annotated,fpq_34,fpq,g_a30fe563ea9cb798,fit,0.99,1,1,a1782026abfadd2bb74021d5dbc612f213e25fc6e20fd0c76edb1180ec9f5e91
verify_annotated,fpq_342,fpq,g_2a323114ccaebfc6,fit,0.99,1,1,3d7a0c8a63771561d7f89ce37541a659351f2e82d3e468c66b019d2027201a0a
verify_annotated,fpq_343,fpq,g_38218b79b5b3af5f,fit,0.98,1,1,9db2c12dd884d3c27eeaf2e16da90fb7b249d38ee573223f3d1717f40a4a822e
verify_annotated,fpq_344,fpq,g_22b393415a594064,fit,0.99,1,1,cda6f72bdc6678a12b5c70b62393dbe896af1fd79e2c4d9c7a888f754ccc3098
verify_annotated,fpq_348,fpq,g_4c7025811dc482c2,fit,0.98,1,1,5961c5ae3704604193790241f886b93553a79817e6087de20d3669a2979644cb
verify_annotated,fpq_35,fpq,g_a30fe563ea9cb798,fit,0.99,1,1,7472c71c5d81b8b743acfeb333b7f3334f7ce14dee5e1bc4132b83330aa5460e
verify_annotated,fpq_350,fpq,g_44163c72fa9d592b,test,0.99,1,1,1e61e2f79205accd7bed7a112aa9fc4cfd4b79621b99d5730ef734e9b08691bb
verify_annotated,fpq_353,fpq,g_72ed5e4b9cc54d50,dev,0.99,1,1,80e1f352767dabe96a6e5f2178d9a0e7556d3a24149ee98a731c0cf58699fee3
verify_annotated,fpq_354,fpq,g_72ed5e4b9cc54d50,dev,0.98,1,1,db1ce39898c76ef751352f5192524f27ec395495bb1319f16dab97d0c0e85f8b
verify_annotated,fpq_357,fpq,g_1e47b984d6fb115d,fit,0.98,1,1,3f8285665702467abd4961aa05d3e39cb19da808326b29c51b835a3b01802fbe
verify_annotated,fpq_358,fpq,g_1e47b984d6fb115d,fit,0.95,1,1,ab7241ccb727a0629a821165c43c8272e644ee403e1811975e81e80801117770
verify_annotated,fpq_359,fpq,g_d28854be1aad3c97,test,0.98,1,1,823b5849244532fa441b8fb0e22ebb5d33f74e6e8ab9abcf447317d0f9836ce5
verify_annotated,fpq_36,fpq,g_a30fe563ea9cb798,fit,0.99,1,1,185afc9954c9a6578d411746533c4c1a8a590205c21b863f987fe6be12f22f83
verify_annotated,fpq_361,fpq,g_a9acc1858fdfd3e2,test,0.99,1,1,1e3a0b6fed5d6b2b08fa5df3c82c25e598fbdc8d7730dcc0321581858b8219c8
verify_annotated,fpq_362,fpq,g_a9acc1858fdfd3e2,test,0.99,1,1,adc9bbee5559a12ba1fda00e8f7d15bd42d1945b5cd435b470b5465b5f470744
verify_annotated,fpq_366,fpq,g_4b5a70640e1e6f24,fit,0.98,1,1,fc5b43ae5871559171e00f4ec3944f636a3c3293cdd6e887b9290d5b556611ea
verify_annotated,fpq_368,fpq,g_47e3c8f03cbeb7a8,fit,0.95,1,1,06442ac320c99b23a01e3da4eadbd9b7d7a4f6d357373c2c3a8d4b27c1894e95
verify_annotated,fpq_37,fpq,g_ec608379b16075b5,dev,0.98,1,1,904974422c718884c31bff513392dab75c56779c6d931174fc5c76e6de8433f3
verify_annotated,fpq_376,fpq,g_02b9908384cf1d51,fit,0.99,1,1,6bd39cbdefec8540c18ad84f424712a20479f80b9563629c8e7f23d3f9d86eb6
verify_annotated,fpq_378,fpq,g_ea03550ceee73397,fit,0.95,1,1,85e6fa41ff0afaced7295b75cd34f6919ac2efaad40249f3060fa67e142c1459
verify_annotated,fpq_379,fpq,g_ea03550ceee73397,fit,0.95,1,1,7b35cd0f1706c0b425500e6ed23d72986d4e62211fcfafb3e32b25147ec9da94
verify_annotated,fpq_38,fpq,g_da34590d4f36118b,fit,0.99,1,1,5e9822296df18671275d5abae2a389f8e6d4d3b5df9ea13594261352a00764d9
verify_annotated,fpq_380,fpq,g_645d45fa5925f541,fit,0.98,1,1,6504fb5eb91f78f73edb204bb5daa1c062f21cbf31ac4374903c09122a71e2cc
verify_annotated,fpq_383,fpq,g_cf2fba1200ea9daf,fit,0.65,1,1,a08902644444c590e530dd4f27d20447a359d18b7162ae52307589d2f6b97c2f
verify_annotated,fpq_385,fpq,g_8bcec7c48239bfda,dev,0.85,1,1,999f3fd58df029f6b3e2d2e53e0cb0b29e85d5020dc4a92573574e922baad547
verify_annotated,fpq_386,fpq,g_f22f3efa712c221d,fit,0.98,1,1,fb48ca362ee95d904cb99ca777e65fcf23a8691784936e6519ccfc42429eab62
verify_annotated,fpq_387,fpq,g_6917327192562222,fit,0.99,1,1,0692025bb07cb8382a078926eb918f0fb0fef859741b8acc34089b16c14a8306
verify_annotated,fpq_388,fpq,g_1fa38295a9b81ae6,fit,0.99,1,1,3198a170bfeee6e5cee7ab5bebcf9f4a08b75a23e6a5098f31ca0fcb63a75728
verify_annotated,fpq_389,fpq,g_1fa38295a9b81ae6,fit,0.99,1,1,bc310498d0cc03e0b0bbcb4d64f3915ad81f8a753eb36df9e2af9fe1104029e3
verify_annotated,fpq_39,fpq,g_59c8eb0389532e7c,dev,0.98,1,1,bf636c96bce30601c270afd1f60ab1232c4e0f9473cb02b31aa96dfd967d83cb
verify_annotated,fpq_390,fpq,g_bab6e139ab1f2ceb,fit,0.99,1,1,acb3223e02b7ded9c50000df05f57ee991b28a0982698f08eae9f5d98db85714
verify_annotated,fpq_391,fpq,g_bab6e139ab1f2ceb,fit,0.99,1,1,327ccc3807182dad6ab8d983dee5e19b62c9357b34a213429b125e56cd1d39da
verify_annotated,fpq_392,fpq,g_dc4d014737be2aa5,dev,0.99,1,1,065a9902fd869712caba57fba0c10b6279b40cd7e294adf305e77f360e3ac3ae
verify_annotated,fpq_394,fpq,g_bebaa054083074e9,test,0.98,1,1,b2d0d306e07bb71b0c39d015bbd6b9d6bd1b91924eb70960401f5edca7e45f0a
verify_annotated,fpq_395,fpq,g_bebaa054083074e9,test,0.99,1,1,4d104687d9e2d28573985a56ab18f269dd217c5f0eb30651712bb8f551b91649
verify_annotated,fpq_396,fpq,g_4bea3a7efaf6846e,fit,0.99,1,1,1d0f34780d85779c41d15b444d171a63206251035a496ffc1c12a562c0ca9664
verify_annotated,fpq_397,fpq,g_1f5469f09b16ecc3,test,0.95,1,1,a94978a5f1757f972b390cce64ee7dea830736b4d9ae13e83715672ab79b87b7
verify_annotated,fpq_398,fpq,g_2e0b59ed904136fb,fit,0.98,1,1,b838ef16481a8bd870f4826ee6e7a271d4086b344fa8aedb3a5a80f38bd04c44
verify_annotated,fpq_399,fpq,g_2e0b59ed904136fb,fit,0.9,1,1,4903a54322e8719477edfb207995e0ab3c43298ee91337f4b4f10e214820f33d
verify_annotated,fpq_4,fpq,g_b9bdc5e4663e46a5,fit,0.98,1,1,b2776e7b48f42b778e6c615e02bf331ba6e303e5e0d9198f7a7f71cce0809df0
verify_annotated,fpq_40,fpq,g_180a2f4fb476a8da,fit,0.99,1,1,d4de2a811e482eeb4e63da720d6e520563b3bc12da1744f0fa1a59a71059b2d9
verify_annotated,fpq_400,fpq,g_94c0fe3211436732,test,0.97,1,1,948790447f0135b83876a78cb15ae6f3689e2d35c83c79fd44144ff2d5554ae2
verify_annotated,fpq_403,fpq,g_94c0fe3211436732,test,0.98,1,1,a7a17dc4e0de95144d8f182abf5dd5be180661aa49b6239fdba27cb38f42e414
verify_annotated,fpq_405,fpq,g_e2af5323aeb7414f,fit,0.98,1,1,009948d1bbbca8de265566bec2a7bcf490fb16ab23299e3e3d74b6982443c04b
verify_annotated,fpq_407,fpq,g_e2af5323aeb7414f,fit,0.99,1,1,009e0f1c8fb2fbe4d3af11fb353e0edddd68a88dca867ca238a9a4845949f418
verify_annotated,fpq_408,fpq,g_e2af5323aeb7414f,fit,0.98,1,1,5300374a6af67fdb6d2e464aa3e38ee380dfa66dad1572adbe0493c2a2d07d25
verify_annotated,fpq_41,fpq,g_bc782fff330561e5,dev,0.99,1,1,a5e2ecfa948afcadb6376ae122a94f0240c4dc00dc074452d6238d9218867ab6
verify_annotated,fpq_415,fpq,g_66e9e5470d66f952,fit,0.98,1,1,ac3911111ada524419a76abb41753f781078ab4f4efd4a004956f16acdf3d13f
verify_annotated,fpq_416,fpq,g_66e9e5470d66f952,fit,0.98,1,1,a7c33cabef14622ca8655e6e36436fc89e439b6320882a7a66b8d0f06436d52e
verify_annotated,fpq_417,fpq,g_66e9e5470d66f952,fit,0.98,1,1,806d8262e8756569135c4588d7fdf8737f97fc94544429bb6350e4019b306fff
verify_annotated,fpq_42,fpq,g_f58144eff3c55e35,fit,0.25,0,1,0d8e22c64757e84c70dc9a538c62b3a04cb6f88c421072b9c2cc2db50f35eae2
verify_annotated,fpq_420,fpq,g_3eb2b681bc43fcd9,fit,0.99,1,1,0f4d8e8568a78d97da14791ecfe3107d2e1a210c256c88bb7bc58e1a9821d5c9
verify_annotated,fpq_421,fpq,g_609a2b6d9e5999b2,test,0.99,1,1,8f84c49178dc6699147678e635439d4479f762d3544544240656dfed64b3fed2
verify_annotated,fpq_422,fpq,g_134b06bfa149feb0,test,0.99,1,1,1bae1808dd9800405c8ce08a6927f6ec27688393f2e7ad196e26a49265e801f5
verify_annotated,fpq_423,fpq,g_134b06bfa149feb0,test,0.99,1,1,9d39fd1ae17e12fd633f07e054670f816514745259738c043d46b3b64a3d7dc6
verify_annotated,fpq_425,fpq,g_107eb984d25ea5ab,test,0.99,1,1,cd70cc1702d097ba95ce33a0ebc878dad2dc9782de216669689d6a7f4976e5e7
verify_annotated,fpq_426,fpq,g_107eb984d25ea5ab,test,0.99,1,1,ec7216d70da808b4a8a4a6c2e8a13885f85b2d79b2052a7235423cce284fccc6
verify_annotated,fpq_428,fpq,g_6df47b6886426780,fit,0.98,1,1,27e9e962d205bfa2ae3f6055f02da1e5559e4db5b5d6d15883877aa0f41384af
verify_annotated,fpq_429,fpq,g_1ee4035c6638d7bd,fit,0.99,1,1,aef062c563a248602735dfc5eae755aa3705a121d092d10d4650a6af8040f6a7
verify_annotated,fpq_43,fpq,g_c0997e51d65d0496,dev,0.35,0,1,5d2d9dbff96c0ccb763a66f0459c892c4382509ba53f6cdc4acef6300c79e8ff
verify_annotated,fpq_434,fpq,g_578c6dbbc1b2674d,dev,0.98,1,1,9858b83bf34928aabbcc3595e77130d130671ae9197cb8a11fe860387531c610
verify_annotated,fpq_436,fpq,g_9be96888bdc63316,dev,0.99,1,1,2ff7fda82c2ea199fa20d70d146f96637e75939f01e4f6a8cd17333d563a640a
verify_annotated,fpq_438,fpq,g_0115bbd0b63fe0ec,fit,0.97,1,1,55a2e89b3115a89485fc7a3ee040a68a5bcd41d47fd342d004e2fd7ed5b748fb
verify_annotated,fpq_439,fpq,g_5390354115fe27f1,dev,0.98,1,1,8c8329e5af3f2ad4530767fa92a81dfd542cf31cc05848ec77716ba4e3cf9660
verify_annotated,fpq_44,fpq,g_c0997e51d65d0496,dev,0.35,0,1,88c7a9e96329d3e8edb6b2df0629cf178c5d5bb7bf86e2b01682e88b1439d2e3
verify_annotated,fpq_443,fpq,g_364e149fa9d4f87f,fit,0.98,1,1,8d5e92ec111a2d035f9dcf8a83e434939e2351ff0ab1d75a70b1126bf8381d17
verify_annotated,fpq_445,fpq,g_f5ee03e40ada5830,fit,0.95,1,1,5be5217caec762d2ba1e50d543f7df0fff578fdda58cd46bd5721b28082a82e2
verify_annotated,fpq_446,fpq,g_f5ee03e40ada5830,fit,0.95,1,1,018e8ab7d31b4aa50085febba7bdcc624e39a0511e1aed53afcdd8b8ec55b100
verify_annotated,fpq_45,fpq,g_3a1d44267b620661,test,0.99,1,1,645ade5d1965d131320c5af56aed6dcd4cdd57e0cc0916bec8cf7db1e7d7451d
verify_annotated,fpq_459,fpq,g_3839f964a8a11d7b,dev,0.98,1,1,5fe44646410be6a54434324367799cb2bc9cedeeb4a8b3c33f737cf4435d24b5
verify_annotated,fpq_46,fpq,g_1953e82a310dec13,fit,0.99,1,1,59c9ed1b41c93800c7e763bed278347f1df649d6bbd1b1e1673507e0492945f2
verify_annotated,fpq_460,fpq,g_3839f964a8a11d7b,dev,0.98,1,1,c35c5b7d85a617d43269974516e19223645fc5f4f4d8cab07c4eb9a7a3ac7e0e
verify_annotated,fpq_462,fpq,g_14c8ce6d8aacd7ad,fit,0.99,1,1,693e09553caefd4e680db8be135a00a7fac47d097a090216520b1a6be83629be
verify_annotated,fpq_467,fpq,g_28b02aa97926c98b,fit,0.98,1,1,75a303c9892261ee64671510fa15ca7c023c761258d376d06cd8980f9c846979
verify_annotated,fpq_47,fpq,g_1953e82a310dec13,fit,0.99,1,1,af9e6ca83535872be73087be1dc5c2d53013851915ac9183a2d72824ce71325c
verify_annotated,fpq_472,fpq,g_6091608a8d96ab67,fit,0.99,1,1,e78fbd444b88f3c2c73260de0b9d87f051ae6f26c01f8305405a42ea90e22ce7
verify_annotated,fpq_473,fpq,g_4a44fd972a94c3db,dev,0.99,1,1,a764d71e29c3318b4a35db8b00cb53cde132a266f36ac0aa5dea2d9828dd2876
verify_annotated,fpq_474,fpq,g_4a44fd972a94c3db,dev,0.99,1,1,158ed98802bc64b8a39adcf7cf976cb31272a38ceea5c025f0add2617c0aa2a8
verify_annotated,fpq_477,fpq,g_ad1bc9af0bd65616,test,0.9,1,1,2f75817b3d8a165619a993b998f99c909f6ba1d6a2cc21579c855bc80e000038
verify_annotated,fpq_479,fpq,g_322ef7eb4b0b8b42,test,0.99,1,1,70b8e1e6e5f8c497149bc8942d5e206df731d5672f4f187a9a8c1b7751b63c74
verify_annotated,fpq_48,fpq,g_677a9285e0f3e5de,fit,0.99,1,1,1088f2eb313a55f767d9856b41586659b118829dec45433d3bd71ddd777463cb
verify_annotated,fpq_484,fpq,g_525a9b81fe59a449,fit,0.99,1,1,130cbcd98f505a76d94ba88c702493f21194fdc2b8743bd68d99d33a88ddd611
verify_annotated,fpq_485,fpq,g_104997b2f8dc665e,fit,0.97,1,1,e3580f64100480f133443596dc95e05052566871b5e6b13bb9da8e0f9bf44de4
verify_annotated,fpq_487,fpq,g_fac45a3979a2caba,fit,0.99,1,1,43b84d8451db8beb538de88c14a6d390e5a5650e3ff13867b051fbc8f25a0a47
verify_annotated,fpq_488,fpq,g_fac45a3979a2caba,fit,0.99,1,1,ee429d2c2847771a7590ad2c0d4a729f801d3b6c1428b77952f126238b228c83
verify_annotated,fpq_49,fpq,g_677a9285e0f3e5de,fit,0.95,1,1,a6621830790734bb703cbbfe630d5e9d4b9a0b7916aba3cd21f00b70c172d4c5
verify_annotated,fpq_492,fpq,g_24c2810a7515e42d,fit,0.75,1,1,4733b219a365363c4bdfa5f70716226fbdd626025d59dc63c3e0f16e2d53dfba
verify_annotated,fpq_493,fpq,g_157d49e936d751a8,dev,0.98,1,1,c3e1e440717ff0ec41a25480ac30b3ce7187d9b4351afb35eaa981bc1c3cb1aa
verify_annotated,fpq_494,fpq,g_157d49e936d751a8,dev,0.95,1,1,421bd17751ccbb231453d4442ac7bc0f101a91d98b7eb82903bf7bcf894f91dc
verify_annotated,fpq_495,fpq,g_957d77a00c5f509c,fit,0.95,1,1,8d4c8d77e6bcce12d6544613a152b7fec0bc384ea2fbe0cf6efd764b916573d7
verify_annotated,fpq_497,fpq,g_e5a761c9e362bd37,test,0.98,1,1,6c2a7405267fcf96d9b6616f1771d003eb2b1f62557f4a074a5bf273d6b87c37
verify_annotated,fpq_499,fpq,g_a5e65ea6e0e0427f,dev,0.99,1,1,8297dfc92f374b5ec18d3f87e5ca213ba555fbef5e654b5bd86a2673fd6aec01
verify_annotated,fpq_5,fpq,g_b9bdc5e4663e46a5,fit,0.98,1,1,49b4e421d95be9684023cbb0377e99855912d0cee54237956eb8113e9b7a3918
verify_annotated,fpq_50,fpq,g_677a9285e0f3e5de,fit,0.99,1,1,3edb1b431a757a02318cc86bd7d42797b41c31e25bd1a916bb8c219030ad8ad3
verify_annotated,fpq_500,fpq,g_f4752a834936a70f,fit,0.99,1,1,37cd732738d96c4d7765b9765ae63a22eb20855bdd7eec46e1ef514034076960
verify_annotated,fpq_501,fpq,g_f4752a834936a70f,fit,0.99,1,1,2793c76cd57f80c68796532387bbef256422f44e9d23bb5edb17c1b57d47992b
verify_annotated,fpq_502,fpq,g_8dba62e1beed3a7d,fit,0.99,1,1,c9a874eb9c489789d9f71527bb160d1f139a13cd09687f0ba0580e30f252a11d
verify_annotated,fpq_505,fpq,g_d2e1c875a2cc9a5c,fit,0.96,1,1,797a29f09f9ce5b30882b071e57b02915cb044ca9a57f5906499490fd0897e1c
verify_annotated,fpq_506,fpq,g_14bf65c395eccad7,fit,0.97,1,1,5cb97bc46ebffb2591a0cf6df7fb6fa7c8abcb85aeb48347a1f3b325421374a7
verify_annotated,fpq_507,fpq,g_14bf65c395eccad7,fit,0.95,1,1,fdcdda3ca6eca2ef5722afa87e26805aa8f290244559a6d653baa94bb45686f7
verify_annotated,fpq_51,fpq,g_2a5a6ba709d1e6ba,fit,0.99,1,1,ab135925553b3d8a000b2898358ec9c450ca4f174979405afdffd90ad9dd3e22
verify_annotated,fpq_512,fpq,g_3bda14289ea1657e,fit,0.98,1,1,0bbef32d1411fae04712bca520698f9e52d6bc395077ffdb17cefc023b3424ef
verify_annotated,fpq_514,fpq,g_3bda14289ea1657e,fit,0.99,1,1,5abc6b7ce6bb73955445e018ecce837546e4e038c49f19f12b080f3816315324
verify_annotated,fpq_516,fpq,g_633b783ed1ae9ce6,dev,0.98,1,1,3e8b8416669ce7c2599411bb259e2c4375722b0572e88ea96c6c277cdc0a4fee
verify_annotated,fpq_517,fpq,g_adf307c1c4e0c1d9,test,0.99,1,1,691655eae4a1ab9d2c8ae5a8c2860fcf67117833da693b179ab6312ecb54caa5
verify_annotated,fpq_52,fpq,g_2a5a6ba709d1e6ba,fit,0.99,1,1,702920997ae3be9b2bcc4a193693658f95e4d7d7ebf6ede7e1bd9d3073242cfa
verify_annotated,fpq_521,fpq,g_c1d6bf1333f7e81d,fit,0.98,1,1,85de50ebabff325c5f01cf0e1de8b1ed0393c68552b463a97d50d681f8e9ebf9
verify_annotated,fpq_522,fpq,g_c1d6bf1333f7e81d,fit,0.99,1,1,3eed0148d5457c24f784cd8cfebdd73e3c3438b2cec78f8020535363ddc6abb6
verify_annotated,fpq_524,fpq,g_97d6b514ff75f8c8,fit,0.98,1,1,0ac68dfd7c4c5c98302767f2647c256cb4371a0466089105babcd48c784b909e
verify_annotated,fpq_525,fpq,g_97d6b514ff75f8c8,fit,0.95,1,1,10b0c5b27aa4fc5674f028657670e0c8da0a64d46d6e8bb6ea389b87bf2643fc
verify_annotated,fpq_53,fpq,g_2a5a6ba709d1e6ba,fit,0.99,1,1,edb2ed19e463f86f14a875c759a0039acb38cdb7031353b21652ddc16d00329c
verify_annotated,fpq_530,fpq,g_59b190d450e12f75,dev,0.99,1,1,c4e605f5713cf643df7c370ed49a814f9c379cf7a32a246e4d9b60d197056f83
verify_annotated,fpq_531,fpq,g_e562c0267bf624d5,fit,0.99,1,1,38c0313126acd238b9bd510698c1b7a17057e8129fb0a779e606a5e7416a76ee
verify_annotated,fpq_534,fpq,g_6e51e9ca91a6b310,fit,0.99,1,1,3dee38b5cd3c598ca84349dc71e9ae3d17451342d324e9ef57b11a21b68878bc
verify_annotated,fpq_535,fpq,g_6e51e9ca91a6b310,fit,0.99,1,1,99d005628280900b874bb3cd87974d62ab18f0037e779c5e559a0e9c77ec2976
verify_annotated,fpq_54,fpq,g_120d4a53c047dd85,fit,0.99,1,1,33bf777c032fa2747fc5f1cf675b1c41aa87ae255dfd5ca915ca8b467644d04a
verify_annotated,fpq_542,fpq,g_a786d0d624f2e2c9,fit,0.95,1,1,fd70d64f76b48e98079a3cfa88e6135480ba89e104cb5b785dcf4ac428d35c67
verify_annotated,fpq_543,fpq,g_a108ca476d22f926,test,0.98,1,1,feb8cca19d87b6a7a17046ea1137d8a253c7f95a6d049a2db88bf84f7d5241c1
verify_annotated,fpq_546,fpq,g_5ca9e3e3726c0aed,test,0.95,1,1,28dc2080f3bb6ac4b0f34f88e43421b3b92fd6a61b3f462752e0e084fbdfa024
verify_annotated,fpq_547,fpq,g_5ca9e3e3726c0aed,test,0.98,1,1,6d6fed01afa63f06e751396fbe04329db863fb587999a9d17ac5003b0bbf926a
verify_annotated,fpq_549,fpq,g_53ae043726b29c83,fit,0.95,1,1,feac9f10fd9e7384b0aa1922d3e9d15844f71eaccb7dfc362180f41eb874a55b
verify_annotated,fpq_55,fpq,g_1e6435ddab760f8e,test,0.99,1,1,fb352543c8d10438f411613f97c3fb7941f40a237a19e9abb26a60455f72a492
verify_annotated,fpq_550,fpq,g_57b08bdcf08d1183,dev,0.95,1,1,0edcb64958163e43a1e368d970e3fb6f8f66f6af9ecd7ee4648312d2043d8a52
verify_annotated,fpq_552,fpq,g_f157eaf72fbfc2a9,dev,0.99,1,1,2a6cd80e616b8a3af3053288bf4d80ae28f769f7985261b9bacfaedd6964828c
verify_annotated,fpq_556,fpq,g_9257e4d001b7fd7a,fit,0.99,1,1,ad672a8b2176c22672dc1edc1d5428cf5a6cc4deef0de4b0f8ff9b79ec84081a
verify_annotated,fpq_557,fpq,g_9257e4d001b7fd7a,fit,0.99,1,1,01112980e690bbec2e0f09acd3f6b9202fbfe608038e1a2d555bab44b0fceb53
verify_annotated,fpq_558,fpq,g_ec08ec5bc743aabd,test,0.98,1,1,3100f0a31410cefe49ee1264c41c4c27fd64f3d011de9d9dee43ddc884f0a0d2
verify_annotated,fpq_559,fpq,g_1df5c809ca4cda6e,test,0.99,1,1,640656f14aa0844dc01dab0fceb661441e5c9bba02f2e6f1c21e00afff746f35
verify_annotated,fpq_56,fpq,g_8d2a718344704c15,fit,0.99,1,1,c7330be8c820f81308c075d453aaee99d5729e892d99f3dc006cccdbf4901975
verify_annotated,fpq_560,fpq,g_a9f94b25b9241449,fit,0.99,1,1,d9f7e168ba75780aca187b21cfb318f046b88a1ad416040953292c6b38c6432d
verify_annotated,fpq_563,fpq,g_6511bae2f73d8756,fit,0.99,1,1,c035a5cc138fd1716feb11176807ea0a07ef8a4ea52a8783ba512835a299fa1f
verify_annotated,fpq_564,fpq,g_4bea3a7efaf6846e,fit,0.99,1,1,6e19c8105108bef19f914916093cfe1db9ef6024d5d626f3258623e0b4eaa2c4
verify_annotated,fpq_565,fpq,g_b5e0498ed763e2db,test,0.98,1,1,791098b24433a4109c14579e0e60ccce74e292397f60cf41f715d2593fc50ef7
verify_annotated,fpq_566,fpq,g_b5e0498ed763e2db,test,0.99,1,1,f67168dff9d825465e174c6ed1b5fc826484b22d6f8d2a290436154065164900
verify_annotated,fpq_57,fpq,g_261fece1aa1a84cc,fit,0.99,1,1,f5844d489d6ecd90745210f99f6f90bd8938122504f01d051b463d64dff67d78
verify_annotated,fpq_570,fpq,g_ea1b1292c8e74b26,test,0.99,1,1,9db200f4bfed41ae191659a7bd1740c498a64779cf5a2af8df745f4e2e4e5ed1
verify_annotated,fpq_572,fpq,g_47968107c0f5a9d8,dev,0.97,1,1,617cd926d0dcd8cce7661ca34512ae73c2f48546f2f704c8a43fb22d9136d297
verify_annotated,fpq_574,fpq,g_465379ee781c7767,fit,0.95,1,1,44a0d14b3dd37a4575e8a40f93ca2b6bfd7d3c5140aa9e0043471c1f8a62b15a
verify_annotated,fpq_58,fpq,g_3cf0e37d5cc8e4c7,fit,0.98,1,1,a7b210db8925edb0eaea21a55d39831e8d27808e7572b9582e2a69b659298a7e
verify_annotated,fpq_580,fpq,g_06261b9fdb31cde7,dev,0.99,1,1,ea5087d083df9bc53286ab63edc2f37b06aaa1af4f182a4bd0747b4880e4f341
verify_annotated,fpq_583,fpq,g_3282ccd5fd046b18,dev,0.99,1,1,b5d5a91be2a652e8330755af1ad2aade6d94486bdfcf231ff84d1851664e350f
verify_annotated,fpq_584,fpq,g_246dc5d5b6358326,fit,0.78,1,1,62a7933a9a37dd5f0b214b36a5b60c9e892ff5710382fa921f0d7484a3b58252
verify_annotated,fpq_586,fpq,g_b96789edde5ebe02,test,0.99,1,1,399b98ee853399391e8546f9fcf8b4566841042c4a1b40743d849a51299a775b
verify_annotated,fpq_59,fpq,g_3cf0e37d5cc8e4c7,fit,0.98,1,1,98541687aeccb743ba8f14a2fef030b623b1537d1faef0cb1504475b22317e15
verify_annotated,fpq_593,fpq,g_ed0fffb3c2864c4b,fit,0.98,1,1,6a25244f1edf3c498403486a3ddb83d35da3a56e7f38306fa5bf2d31ee8f2813
verify_annotated,fpq_595,fpq,g_08d289269282cb6c,fit,0.99,1,1,1e800ffcac9898e3b47dfc6153cc359a505f6845be5529647cf65a654d041119
verify_annotated,fpq_596,fpq,g_08d289269282cb6c,fit,0.98,1,1,4e040ddb3496bdd3c0f2284842e2e9086d387be81155bfc8ca469f9142fe7ead
verify_annotated,fpq_598,fpq,g_61f59cdc17106f31,fit,0.98,1,1,6b1a468aca3ecd7071bce3df105307d9ac6c0e660c7aeda1b59cb13b8d267f45
verify_annotated,fpq_6,fpq,g_d0558e4ba93c3774,fit,0.98,1,1,ce9e70a466157d87acc4ac37b56a1d9153c22a705e4ffac5aee5a7cca527c745
verify_annotated,fpq_60,fpq,g_3e9b3f17bf68f43b,fit,0.99,1,1,c2f549abdfcf28680937d415f6668b75196dc70dfb125c08f5ee2ed70b3c8f32
verify_annotated,fpq_600,fpq,g_f2ba2f1437dbc4b1,test,0.1,0,1,a3d95344135528ae7836279be07fa2c77dbc3dad746a8f7c927c0ba7137c40e9
verify_annotated,fpq_601,fpq,g_f2ba2f1437dbc4b1,test,0.15,0,1,4a4d08f19dc2632c3b7d987d3f7d7913a40e0c74d7ef6a55f007df3582ae9aac
verify_annotated,fpq_603,fpq,g_2db4d541c3c288f5,fit,0.99,1,1,401dcedccc1116d3d2aaad02f5608558e5eeec63d87a9b4f72ce19e6eb630c3f
verify_annotated,fpq_604,fpq,g_9a80d4288fb4a494,test,0.98,1,1,1964277e2b1f5355399a4e9d7ed10dc43549067ea1c78392e5effcecee5b8ef2
verify_annotated,fpq_606,fpq,g_c2e71cfd4489ceda,fit,0.99,1,1,0e146b05d9c028175c77ac30aaf1753088a97f8ed0486b7ec47914c83994383d
verify_annotated,fpq_607,fpq,g_1aae9e8d45a350d0,dev,0.98,1,1,371fcfa189ca56e1130e69db6a17003835f4606a717063bb534229ba165efb25
verify_annotated,fpq_608,fpq,g_ffe598021a0591dd,fit,0.95,1,1,94fa5439073f734446d7600db65fa45af42596efd772b312dc60a905dc739941
verify_annotated,fpq_609,fpq,g_ffe598021a0591dd,fit,0.85,1,1,ce82bf16ceadf7ed79bb1ca1fdfddf5574d70a14bc828af80127ebf555ce6c7e
verify_annotated,fpq_61,fpq,g_5259300d91a12b52,fit,0.99,1,1,ed5dbcde4249e773e9fa788f9ab426f329b3dfc5de6a0191dc84813eb2849617
verify_annotated,fpq_610,fpq,g_ffe598021a0591dd,fit,0.9,1,1,ed743d7a1752549ce1a8d73c609ab0a6995e961edc923b144b25d51d7714d475
verify_annotated,fpq_611,fpq,g_56fcfb23779cd978,test,0.999,1,1,6d407b9d269849d3f2ac943f14eda3aae3bf0f0bd54a6772647103832cd2e959
verify_annotated,fpq_612,fpq,g_622de1e6e0c049fd,fit,0.9,1,1,d977235abe79ea2278cb3b236fd807ee0781dd759578468dde466261ef19dc33
verify_annotated,fpq_613,fpq,g_a107636a7eec2e99,fit,0.99,1,1,ccac780274b21a64e2b09e311d59157506e282e3a0189146a58049e6f3ee260f
verify_annotated,fpq_614,fpq,g_a107636a7eec2e99,fit,0.99,1,1,1cae033b7212b6c05b93a6d7f443050942442773524bb89bab2ff1352aa002c8
verify_annotated,fpq_615,fpq,g_a107636a7eec2e99,fit,0.99,1,1,5d2a15548015267e7f7ff66705f7e9029eb8f46b5eb9ce1a5699631ff47b1de0
verify_annotated,fpq_616,fpq,g_a107636a7eec2e99,fit,0.99,1,1,028ee54c241704c4f9fe9ee19a6df0f0ffe4b341f891cd0d3325fbb84eece2e0
verify_annotated,fpq_617,fpq,g_f5ad3ce90fb8e435,fit,0.99,1,1,34f2497b619fa7d5607235055da75d5be8f1dd8e373dc7e148eefac7d8373c4a
verify_annotated,fpq_618,fpq,g_f5ad3ce90fb8e435,fit,0.99,1,1,a20d78671368b5b9645ee8755357ea1b14b7982774b3f8a654f6f095fe3ae9a5
verify_annotated,fpq_619,fpq,g_1c5665ef5c01f1d7,dev,0.99,1,1,fa6c5e32b38907e4e7887333e22373c8033db56741fdaf8272473814cd7e06d7
verify_annotated,fpq_62,fpq,g_7c76fd39492792e5,test,0.99,1,1,81229eba4577494c584469d442b31e335f3b67eb16391689059bab862a98b0c3
verify_annotated,fpq_620,fpq,g_1c5665ef5c01f1d7,dev,0.99,1,1,2e04f5ffa65747dd6c5531b639c75f2ae5ebf32ccd6ec368eb41d4857a635a5c
verify_annotated,fpq_621,fpq,g_eb8f6804d1c637b6,fit,0.99,1,1,76f60afa323595f8cd832a0c87f53c82f69450340efeaa503cf051fdb29d0ff5
verify_annotated,fpq_622,fpq,g_eb8f6804d1c637b6,fit,0.99,1,1,3c2c4ed2ad09d134aa293edd97322b912794ef3d838680da90051319e2bf534d
verify_annotated,fpq_623,fpq,g_eb8f6804d1c637b6,fit,0.98,1,1,f7a5a25955f9647d511b22901d7555788d8b14de14db36acd0dc328f0720d7b2
verify_annotated,fpq_624,fpq,g_50755827d69bcd14,fit,0.99,1,1,56e3fe3838caf01420f161628fc97d06e445fb2605d330f6e232ca9a1bac5018
verify_annotated,fpq_625,fpq,g_48daddc9a2091b80,test,0.98,1,1,cd2ce8488c17beee35a6372ef92d9a156879ec89a54cb66e234f9b597b9798d3
verify_annotated,fpq_626,fpq,g_cbd8e06081de3089,test,0.98,1,1,d87f3f4906b650d2f83d3dc952f42329c2b3edfb77d62216c145189a39d83c38
verify_annotated,fpq_628,fpq,g_f3aa8a75a159950c,dev,0.98,1,1,45c660837c9253a5389724304558e3833a7c1a18677fe30d0b30da44c4e0c56a
verify_annotated,fpq_629,fpq,g_f3aa8a75a159950c,dev,0.99,1,1,e4cde1c19dd72d2910a747dcd532bfd67876afac533dcd6b26964ccfc8df1593
verify_annotated,fpq_63,fpq,g_1c2c52fa313ede3f,test,0.99,1,1,de7e397c414dde571fb76de60fceb9ac4544bbb5595d55117fd5c50c007f44f5
verify_annotated,fpq_630,fpq,g_f3aa8a75a159950c,dev,0.99,1,1,f637d1f4e211ba718f4522273ede3e176e42dcf6895700127b0ddc67e0332988
verify_annotated,fpq_631,fpq,g_d42de5a23d21046b,fit,0.99,1,1,1edec8d558f302ab9b8eb5159293587b51926c542c7ee3508ed2bec36ce0f111
verify_annotated,fpq_632,fpq,g_d42de5a23d21046b,fit,0.99,1,1,6276ec5c7dbfaa27a1356ed864c9e84331bde1b7554648cef2ac5b8b2d2f152c
verify_annotated,fpq_633,fpq,g_d42de5a23d21046b,fit,0.99,1,1,bd33568deba34fec503e1cb0f531eb08024d245ff34c6fa1475abfd60bc059bc
verify_annotated,fpq_634,fpq,g_3501d3281d06658b,fit,0.98,1,1,41aa37d2af92eda4342dd5b180cbdfc8cacc2d686200e615b7399f2f9ffbe5d5
verify_annotated,fpq_635,fpq,g_543e733353e62deb,fit,0.99,1,1,8714ae8b90cc9830776e26ebee076d3bdee5815342e1239a3dda5485c38767e5
verify_annotated,fpq_636,fpq,g_cbd8e06081de3089,test,0.95,1,1,3193c9a2308908635b4f10d6a546ae881292f0447d424005358772f9db46a0c6
verify_annotated,fpq_638,fpq,g_cbd8e06081de3089,test,0.98,1,1,fda6ec025dda67df14def9838a28c54e0e9c8fb8b2d0b75a860185c271a6031f
verify_annotated,fpq_639,fpq,g_7a7d282b958f2563,fit,0.95,1,1,e50ad36e3d99910aa30071a0f4496a10a73ab3bfc307e486498a210561990880
verify_annotated,fpq_64,fpq,g_1c2c52fa313ede3f,test,0.99,1,1,57300d789e0520db5cd302f85c6924029b39a7a42b3d792abb47bb44eb0d573c
verify_annotated,fpq_640,fpq,g_7b40dfc7097a1344,test,0.95,1,1,1fec888f15f69c235498b07d1d8fb9d31ed802f15fad83716694552c0ebcdf94
verify_annotated,fpq_641,fpq,g_7b40dfc7097a1344,test,0.98,1,1,6a182338faad2cf06c89895b6415b0ef5ba57798e427229eec52ede161c9036a
verify_annotated,fpq_643,fpq,g_3f3f074567621eab,dev,0.97,1,1,0e042cb560b8b9a8949aa77fca31a862e5d3ac160160efbe9c48d0571dd93eef
verify_annotated,fpq_644,fpq,g_8dde43bf29e73433,fit,0.99,1,1,260e2622cea47a14adfed662ef59d45b2adef8492b6ab66ae151c3a846627bd3
verify_annotated,fpq_645,fpq,g_c8b946a990d498cb,fit,0.99,1,1,a40f848eaee496a5da14854d71e01c4f99db41f0158e10eb56905c40a2dd5fd3
verify_annotated,fpq_646,fpq,g_c8b946a990d498cb,fit,0.99,1,1,0ec322b1f760f7d240e419e9db87e4ff291ea3da5c6e140bcebf23c2046af846
verify_annotated,fpq_647,fpq,g_c8b946a990d498cb,fit,0.99,1,1,b37d39606f9d7eaa6e6abc0efe5fcd4e9886571949e00aad1dcf489c4245d1f3
verify_annotated,fpq_649,fpq,g_89e6313cbb50c271,fit,0.99,1,1,ea0a411677d45cb052e738da3032666176654dacf76b4fe582e52f2d6cba3e10
verify_annotated,fpq_65,fpq,g_73e83bdeacfff794,dev,0.95,1,1,afac59178e6e02ae1ea9728dd98263d31d93a4130bcf997beeaa0058d9b66621
verify_annotated,fpq_650,fpq,g_89e6313cbb50c271,fit,0.99,1,1,6b041ef89a3b2622978b96a732f3b46560136e11ef8da3ae7ce286dac2eabfcc
verify_annotated,fpq_652,fpq,g_a11eb7ec011a3efc,fit,0.98,1,1,b6b8de6828c7f7adf2442398a16fdce290bdc05743c043b547ab088c2eedc4f3
verify_annotated,fpq_653,fpq,g_4acf2752c5f6a27e,test,0.99,1,1,18b300f801afcfbd7cffcc3cd1a1a61575941353926ec66d6505912f43176086
verify_annotated,fpq_654,fpq,g_0b84d27b6c84a4d5,fit,0.99,1,1,7d06bb68ac03ef2e2927bf2b2894beeffdf3fa795828f5d78be5882f5ea21be7
verify_annotated,fpq_655,fpq,g_df5010db83d03311,fit,0.99,1,1,9d7ff0a07d6441d125b15fedbfa07862ff883c50b8f360bd0da3bf8d8a00bd33
verify_annotated,fpq_657,fpq,g_df5010db83d03311,fit,0.99,1,1,21b061cb2aa3ccd539606344d80250e071870f12213d116138ba4098d54d1ba7
verify_annotated,fpq_659,fpq,g_347d09921d3f89c9,fit,0.99,1,1,d6bd25751a85801cd82e6aa4131cbec1b4b0380929e81c3e2989f2ddbe721c6b
verify_annotated,fpq_66,fpq,g_9fd46b63211f28f0,test,0.99,1,1,6d2c95b37f31f3fd62961a581a1eb1d60d32b5f2abbf186c26e4ef09ce97854f
verify_annotated,fpq_661,fpq,g_b361b7e403261e2f,dev,0.99,1,1,04da10041e7dd2f4006652c7481fc65fde883ad0cb686de445cb301946a7b02e
verify_annotated,fpq_662,fpq,g_5cc24a9ca907104f,fit,0.99,1,1,1aaa7b59759ec66869d60e52ba4bfa420c1070ce46a4facc152b7c4b2c179560
verify_annotated,fpq_663,fpq,g_5cc24a9ca907104f,fit,0.99,1,1,a889dbcd104197baf19979b504c5383e1e157119ca6434d818a7ba28bd04305e
verify_annotated,fpq_666,fpq,g_a7f4db6c2258d390,test,0.99,1,1,0895a8c71080b80af44e83d832cb7d52505ef07aaf42572adc87f3199f5db169
verify_annotated,fpq_669,fpq,g_acc7ea77b7fbcaaa,fit,1.0,1,1,491db3be7dcc5535524430792422efc564eec805867dbe9a3aabffa5a13dfb07
verify_annotated,fpq_67,fpq,g_9fd46b63211f28f0,test,0.99,1,1,f6d64d92e27839ca18c0d95ae3fcd707bbf53de60364dde42059beaaef90142d
verify_annotated,fpq_671,fpq,g_6745c8f45534b8ce,dev,0.99,1,1,03ee9ac6d4cd47c92b424782a1b99b138ffbed054885a0093930ab7f79d10628
verify_annotated,fpq_675,fpq,g_d213d38533744fa8,fit,0.98,1,1,10deab7ebcb67eab8b14f018a96dedde7c3afc8434225065795b98a9f94f1374
verify_annotated,fpq_676,fpq,g_24b2a452f573fbc0,fit,0.99,1,1,d6ed688e4a32a9d29bbd10f7e43af43112eb8a6f6456a786ac145b16ef3acd6c
verify_annotated,fpq_677,fpq,g_24b2a452f573fbc0,fit,0.99,1,1,156d507fedcb424991a1a2c2014e67bda4903ce78d40a04985e56ea650e80dcc
verify_annotated,fpq_678,fpq,g_84ecf92350142eb6,fit,0.99,1,1,5208e4154554be5bb0a5a1557bf9efcd6be646c419d9e84046339506c157469c
verify_annotated,fpq_68,fpq,g_6f53b0356755aa72,fit,0.99,1,1,abea013ad6c0fc9a79e163d3c3f24e088fa031d2aea98263615a72f7c7f8ecd7
verify_annotated,fpq_682,fpq,g_97ec18577a7cface,dev,0.98,1,1,2e7e3b8abe2b1ae677cb405c524e132836e17e29383568be59591c4a2169c1de
verify_annotated,fpq_685,fpq,g_17e434e1e324de3d,test,0.99,1,1,f310e7abf409c2500bfdc7e4c80504520d22254427d71f24822c7b5b25fd53c4
verify_annotated,fpq_687,fpq,g_ce8c27d75c213f16,fit,0.98,1,1,2243c59b5cd86382b3cbd6ca50a9935b4852c6404da84edb2a47d0279f75f010
verify_annotated,fpq_689,fpq,g_ce8c27d75c213f16,fit,0.98,1,1,3ca16e1637ab28d9e8029668626dd76484f13de12872a18c40f91a6beadb9057
verify_annotated,fpq_69,fpq,g_623be088511381ce,fit,0.98,1,1,e52362022bfb9277bda6b2259672e88c9e0f89318014ed031d5e9eb656af2a36
verify_annotated,fpq_690,fpq,g_2403a6b529c02e5a,fit,0.98,1,1,5e7927348c1672be18085536ba30dba0b3d9b06cb99076abeb555a3752fe4582
verify_annotated,fpq_691,fpq,g_2403a6b529c02e5a,fit,0.99,1,1,bb74325d2a4c5fbf81291fff3baa07f25fa5c244ac1de353fa12b7efd6970aaa
verify_annotated,fpq_692,fpq,g_f297dcc30d3f8e37,test,0.35,0,1,f7584d4d7ab4b55ca4c8641735d1002ca86869dbb9d5cba521bc1798e9f46a96
verify_annotated,fpq_694,fpq,g_10ab7b8526f7b2bc,fit,0.98,1,1,c4d0d54df5b393ad6268190e8c09a5c0a86f09e94b0098158a561dc220d7bc7e
verify_annotated,fpq_695,fpq,g_10ab7b8526f7b2bc,fit,0.98,1,1,93afa43679951038a8094dc97f221d6a4325e8adf7eba6429a375cbf075443cf
verify_annotated,fpq_696,fpq,g_10ab7b8526f7b2bc,fit,0.95,1,1,01ccc3d3d5b9c0a2bd2a67a4e287af5722ed0038f4213a64e2b995d51f49efcd
verify_annotated,fpq_697,fpq,g_9f0da153b94bf67a,dev,0.99,1,1,ee8d0aab077dd4496c08950bf72d36afa8cd1587df3d65189fcf7b1b3edd6295
verify_annotated,fpq_699,fpq,g_dd0725db080da088,fit,0.98,1,1,939f7b4c29c4d297f8ccf22b0b68ea48a6a0811e9962919dc890747ec344b1de
verify_annotated,fpq_7,fpq,g_9d488808e645e145,fit,0.99,1,1,11da1833390531e56dae8e5f859748bc4847efa7ae8679261ea2fafdb6917595
verify_annotated,fpq_70,fpq,g_879787cb22d42c3c,dev,0.99,1,1,3c46c1b46d4cdee7348ba5860b9876922f201f4bd959417cefc4d92670fa9a91
verify_annotated,fpq_702,fpq,g_c8f5a0ba89c3ac26,fit,0.98,1,1,fb91a09dad74762a610ea21d208161482afe22af9022036a8ef9405d2faad59e
verify_annotated,fpq_703,fpq,g_c8f5a0ba89c3ac26,fit,0.98,1,1,0cf9dc50e685b3dd220e0aaf04f4281a3296b410fa520a499034d53b2a08c176
verify_annotated,fpq_704,fpq,g_59a4f8c0862b20a2,dev,0.99,1,1,8b0d564f8b509e352acc5dc1ede8a73925ad508e098cb03bed33f3f114e47f51
verify_annotated,fpq_705,fpq,g_aecf7d1293092c31,dev,0.98,1,1,86dc5c8b4fefb6ba64aa8bd345e85e2337e18891ade3ded40b14433c7002b5ec
verify_annotated,fpq_706,fpq,g_febeb13ab3854627,fit,0.99,1,1,9f78c689770066ba98fccf3343e83e04ff20500362e412a3180dc23b3e46e85a
verify_annotated,fpq_71,fpq,g_879787cb22d42c3c,dev,0.99,1,1,5ee71c7b2b38c577929a812e7efc121737a4a2188d9fe59aa6a5d515b0d4483e
verify_annotated,fpq_712,fpq,g_8e47b53225b890e8,fit,0.99,1,1,e5ffc8fa800aff7f02860d1467ccd85a9538381f9f7db3ad9532cb6292dd2c69
verify_annotated,fpq_713,fpq,g_934919d7f1afbc27,fit,0.9,1,1,88c0d3232a80658e62be45c175ad1526078f8284b8206fe458526ca08bbce40b
verify_annotated,fpq_72,fpq,g_d51f767991e614c8,fit,0.9,1,1,362c45277d3d0555f15bf34d163af9a68acf1afc85088f40ea066f7a9faf4750
verify_annotated,fpq_721,fpq,g_793434b301ecb98f,dev,0.98,1,1,1421786b1cee67a5aaba1403acaf4487e8467ebad44ad03ded6e9e1bd76d902f
verify_annotated,fpq_722,fpq,g_793434b301ecb98f,dev,0.95,1,1,b119b65cc7184ae9fcc2f54f6048b0d17199c6186127e76fc3d8e70b78db07d2
verify_annotated,fpq_723,fpq,g_fcea2ef492fea180,dev,0.99,1,1,6c08f21b7e23c80051b5099692be935c688857b46a0df17b885487e7013f264b
verify_annotated,fpq_724,fpq,g_3f9c4d31bf083495,test,0.99,1,1,4402600c79db57b41cac97fa972f1e7b6ba6bb246ae3f076a8cab325fd176dbe
verify_annotated,fpq_725,fpq,g_6282c3955ec9a11e,dev,0.99,1,1,41f3889fa0b6edce695e0a32715fd00adedd7d6a1eda8205bc80142c7d418f38
verify_annotated,fpq_726,fpq,g_3a0efef295c5adc4,fit,0.85,1,1,a4642c1aecbca531d46e74bb9a22af91e6500e8e2bd2b6900319051816ee3019
verify_annotated,fpq_727,fpq,g_1fc84291f05020ed,test,0.99,1,1,58c7ec11748ccb8cf10c32a4c23c5e424569a22699b0d8749307505dc67535be
verify_annotated,fpq_728,fpq,g_1fc84291f05020ed,test,0.99,1,1,5181f0fa709ee244b2cc741e08571a69a157007376bf68c26bbdc556ee9b3380
verify_annotated,fpq_729,fpq,g_968e7c60f5d28f55,fit,0.99,1,1,ba7a0a9ebaf34a4269695f666c72be46703df8b6ce45c4c8dbbffa63ec8dc9b1
verify_annotated,fpq_73,fpq,g_56d6a600166c30ab,dev,0.85,1,1,ccf9ef9fbaaa1e98d8122a61d60d5da6a5304b27875880597f9a1d0a2b5d3e56
verify_annotated,fpq_730,fpq,g_1d60144819a5e36e,fit,0.9,1,1,7a5651babd9c77595e5d6f07c573a8e4db2a6b9d79afb6d33277acbcefa08dee
verify_annotated,fpq_735,fpq,g_a8909707f4162e6e,dev,0.99,1,1,01edc4dd8bc27e59df69a445f8f758564d9215f6fc7dc2491299817a5dbb83fe
verify_annotated,fpq_736,fpq,g_a8909707f4162e6e,dev,0.98,1,1,bcb0533acc8144210424f5b4a3af7959798467e2ca59ae7e30c377a7eb2ecc6a
verify_annotated,fpq_738,fpq,g_9a80d4288fb4a494,test,0.98,1,1,a7bd5fd5db2c1cadfa56840954e301be24ee8108ad589aae6424840a2b7e54be
verify_annotated,fpq_739,fpq,g_0157d379f2d95a20,fit,0.95,1,1,6d9f364c30fdd1b2369b6c225a30394b8e093cbfe62c496a8e26167117eee755
verify_annotated,fpq_74,fpq,g_56d6a600166c30ab,dev,0.99,1,1,e701b970083c02d1f4fe9170e8e30f5c5626a763247dbdbf95cd964882e1ff60
verify_annotated,fpq_740,fpq,g_2f72bb4be6403b44,fit,0.99,1,1,29d7617e2660d251144c2bc14b48fea7011ee340ff6aca5a1ef776b2a10d757b
verify_annotated,fpq_741,fpq,g_906b9e8c0c0517d1,test,0.97,1,1,72c9900c64db4747515a679b5314d7aa6f6794a17c3e5b9b8381cfb5a403d9c6
verify_annotated,fpq_743,fpq,g_b07e4772a464be48,test,0.95,1,1,9fbadfc4c9b5109a38afbd0f37507994e1cb0aede2850ca2679fbba93b61bee5
verify_annotated,fpq_744,fpq,g_b07e4772a464be48,test,0.9,1,1,a0f4c039558c95227b2223e626365668365d6b384125c14ff8b5141a7166c0d4
verify_annotated,fpq_745,fpq,g_b07e4772a464be48,test,0.9,1,1,c1fecd4fdb9aa177c6b908fdacedbcb68c6abc994006104a9fbdb88af3bc1620
verify_annotated,fpq_746,fpq,g_6385f4f592c98c5f,test,0.97,1,1,f69cd0f6fe8ad3a96eaf9e44a7ebab08528e958f1e9d0e1c25c1b764cf567857
verify_annotated,fpq_747,fpq,g_c14890750c41d9c4,fit,0.99,1,1,293c32e6a48512ac4531a6f0ad5bc142e29dce43388a6bc082025d0721cba5ca
verify_annotated,fpq_749,fpq,g_86438a78d793baa9,fit,0.99,1,1,1e76c969666aaf90f18e340e2260083441a2a560248d65f1c4e76c43e34112c3
verify_annotated,fpq_75,fpq,g_4606044722220183,test,0.99,1,1,dc77fd9d58276ed06c7163f83257f52582096c684818460e2828e0a8fb8fbc01
verify_annotated,fpq_750,fpq,g_50fa490ab9768889,dev,0.85,1,1,e2959d8881f9267fe6a022cf44f3530502b6e51d24c656110d6417faa321ad9f
verify_annotated,fpq_751,fpq,g_eb166e935eed5801,dev,0.99,1,1,5314909a8527eb44c7028b5eed30961d4b665f6f8be7aa95d40fcf3303a91e2c
verify_annotated,fpq_753,fpq,g_e0c70ad838746da5,fit,0.98,1,1,aba60ca2184fbe4d91975f6b24a9e4a9263a0251ec901a1edef163890eacbda3
verify_annotated,fpq_754,fpq,g_b69fc8387174b628,fit,0.99,1,1,7b42685648fe07d0b7a9aae014fa4bcd4ae5468201bac225949333f03061219e
verify_annotated,fpq_755,fpq,g_3d2bb1ca5fddfb2e,dev,0.99,1,1,315dfa661a7483a9fc5df32baf4ca92e1ef461f37a1f2c8fe5cab35936c3e252
verify_annotated,fpq_76,fpq,g_b9bdc5e4663e46a5,fit,0.98,1,1,b03467de6e1ce2cef756ceb4f64fc166f51e8d3d49e686a48d79079062a936fa
verify_annotated,fpq_761,fpq,g_e92017decc3e369f,fit,0.99,1,1,f135ae5f93d7e0bab474108ae2d201f6f80f17c43feeab26177f4361cf0f100c
verify_annotated,fpq_762,fpq,g_e1113816a5288199,fit,0.99,1,1,e28b8073d95fb7e74a7a7d05680cc34c0624badb844aae8106e80f314f5b5e12
verify_annotated,fpq_763,fpq,g_bbc61a39746e49fc,fit,0.92,1,1,4bf187a52adbf95d0e90b8cbda7e7c0fb017fc6535cb0b824d17cfc980cf938f
verify_annotated,fpq_764,fpq,g_bbc61a39746e49fc,fit,0.9,1,1,454c39535245972ddda8a09cb088162a2feb2b7ed52795fc4f40518978b99b42
verify_annotated,fpq_77,fpq,g_b9bdc5e4663e46a5,fit,0.98,1,1,6a5a41dd8ec06c4a1e83f58d2346c2a11499194fba6633c4b73e539c274f283e
verify_annotated,fpq_771,fpq,g_8f401a225532467d,fit,0.98,1,1,a4be169e1f628e44deb0efdab6d49379c0508604f8d3cf13547421c718430458
verify_annotated,fpq_772,fpq,g_8f401a225532467d,fit,0.95,1,1,4a3b017ce8bb43e01b517d6d8a94f49ea384166015e66a1f3a0723e8dd18c8f2
verify_annotated,fpq_773,fpq,g_5ee72da23f515702,fit,0.98,1,1,31cd1efb2531827d5cd5b641c77f19055393db1c8cbfc5a13156f637e099eeaf
verify_annotated,fpq_774,fpq,g_5ee72da23f515702,fit,0.98,1,1,a35cf261981ac67d734f62cb1bd0848dc316a5ee496824b8d7767d6796d17123
verify_annotated,fpq_775,fpq,g_90bd6c6ed64dca89,test,0.99,1,1,b7a695e52f2fc67b0f7df3206857d65d4d7da3180976ae5651d73bff2a5c3d5d
verify_annotated,fpq_776,fpq,g_90bd6c6ed64dca89,test,0.99,1,1,cc9957d3458df8d9d0d70ecd61b9a4eaf26e26810110282192d2f0257bd5afd5
verify_annotated,fpq_777,fpq,g_90bd6c6ed64dca89,test,0.99,1,1,495294d82ca585836100d82020e3e087642cd0621f1a241435b0b7d7825571cd
verify_annotated,fpq_778,fpq,g_154cd22f42fd549b,fit,0.99,1,1,3a3fdade6b4c0ebc8b580a3cf6f17c769893b323a4700a9f0af4df81bb2a702b
verify_annotated,fpq_78,fpq,g_b9bdc5e4663e46a5,fit,0.98,1,1,52ed79aa2484f624b519aeab0879946f248c91ea6b5590f8bca8e7cf96bbeef8
verify_annotated,fpq_780,fpq,g_74caadd15d94fa3e,test,0.98,1,1,5d50716501214c8ebe76e3244169a87ec23e803a63009aca3b735e0a5c6da898
verify_annotated,fpq_781,fpq,g_5ef26aca81075ee9,test,0.85,1,1,b05f80e8e7b90024addb93a7f9f7ebc3289aea6801ce23435542561e01806c9c
verify_annotated,fpq_789,fpq,g_8e3b98a6c1d1d8e5,fit,0.99,1,1,7585bc26ca1c171ac4d275ec3b51ba4b71ccfd2e3776b6d9cfcd6245d954f2c9
verify_annotated,fpq_794,fpq,g_ec0536b04409d548,test,0.98,1,1,84f0a3928aab32e8e42458aa59d90a3be05bda82d210afb64bbc2bdfcae7e8c2
verify_annotated,fpq_797,fpq,g_331c7cc9179e1c1a,fit,0.95,1,1,494c871ace06d6a544b920c3883639cb23caa9229509bb10e515a8cfe7776d96
verify_annotated,fpq_798,fpq,g_331c7cc9179e1c1a,fit,0.9,1,1,e2a0f555374e391cd391ccf7e24daea9180bbb04964b768c347e75a3f23d7daf
verify_annotated,fpq_799,fpq,g_530a5de630a03a77,fit,0.99,1,1,3ba3139b50d951776b99052e154131222bc6cacf1451b5bdf6c59d2bdf39b652
verify_annotated,fpq_8,fpq,g_9d488808e645e145,fit,0.98,1,1,51cacac8fddc72f4e52405e2512878f33e344304a43f2178fbb864d786cbf1c2
verify_annotated,fpq_80,fpq,g_5cea8849e3d5e09d,dev,0.7,1,1,3ab90dc888f44bc165404cf9703e7b4d29bd480b2a259d11429f7e19c1c5b286
verify_annotated,fpq_801,fpq,g_d9f855016027d449,test,0.95,1,1,facd6abaaad0f43b8729db7fe0deb815c3a0c63b67303fe3a7047ff71c1b5318
verify_annotated,fpq_802,fpq,g_d9f855016027d449,test,0.99,1,1,d35db81d1d5de4d8e9ad25d6b07d75243664d38101325c4cf4f930305757cda8
verify_annotated,fpq_804,fpq,g_89b700dccbd81fab,fit,0.99,1,1,2d9fadbced93089c628d029c2ef6d6f4fa9054440fe94f7d76e618157888f6be
verify_annotated,fpq_805,fpq,g_3e9a786a73765d70,fit,0.98,1,1,87575019bf336b084fb71c875f364d8b2f1717ef7219ba2b6ac051a402a53f98
verify_annotated,fpq_806,fpq,g_a3eb2eadc31e0867,fit,0.98,1,1,478c7032f1e695d6c3fd03bdc66d41404b9b9669acff1578a2b3ab9ca8726784
verify_annotated,fpq_807,fpq,g_a3eb2eadc31e0867,fit,0.98,1,1,0a9525e394b0f6a4bc84607d9fa847748aa049b37a4c48a0e4e13fccc5dc7927
verify_annotated,fpq_808,fpq,g_8d9454600169c6b2,fit,0.95,1,1,c693cce358f6cb9ef4a0e2937a08e4f65ad00247cac62040874db3e9e10d1791
verify_annotated,fpq_81,fpq,g_bf7120dde2b7a065,fit,0.99,1,1,87f7f885d1c701d17696dfe839398f664c26948b5aecf67bfdacda36db1280eb
verify_annotated,fpq_813,fpq,g_0f9e2fb7a93c5c61,fit,0.98,1,1,11c59fc80e170a1251ddd87f6183e3e3812fa33696dd8d05542fef1ef12c56ff
verify_annotated,fpq_814,fpq,g_0f9e2fb7a93c5c61,fit,0.95,1,1,32883182cccb28e706e8a9bab947fc5ff3c8f2e37449b765f5e5b03e8828ccbd
verify_annotated,fpq_817,fpq,g_a1a72bbbfd1466ac,dev,0.99,1,1,ec058ed0e7a5fad0fe13d31339f3256b94d7e5f16b8fd67bb9e402e278091390
verify_annotated,fpq_818,fpq,g_a1a72bbbfd1466ac,dev,0.99,1,1,64d59af10a95eca288d76bff09659965457a68b93d14ead80f30900e252bfda4
verify_annotated,fpq_82,fpq,g_13a47a3e847a04f6,fit,0.99,1,1,b7aea2d7cc3d616e9021c8793818e9f875c7f5c4c46dc42180e8746099e49faa
verify_annotated,fpq_820,fpq,g_8308b02c35d2fd58,fit,0.99,1,1,56f980e4be6df9b4cbebde9fa4f5319c76368a23ea538c6b712247a646bca796
verify_annotated,fpq_823,fpq,g_cdad56ce64e001c4,dev,0.98,1,1,3adf62b574b6ea8adf3f427eedf4173dfc5714a5e3193cdc0db418e7753ba48c
verify_annotated,fpq_824,fpq,g_dec60e6529614579,fit,0.98,1,1,162307c81b45af256423c72f2034f3aa9620bf8c48c30778734c5351a28f5399
verify_annotated,fpq_827,fpq,g_fb918ca18dd653ae,dev,0.95,1,1,ca0004ce2330242e31697c85b62b6e6ba09da52d2d6dc8ca4bea3a0059146184
verify_annotated,fpq_828,fpq,g_2b489445c1c9064f,test,0.99,1,1,d9f8856047899a5639f99556e2c85d5d5e5443fbd5e99716425826c6d0607381
verify_annotated,fpq_829,fpq,g_2b489445c1c9064f,test,0.99,1,1,a90808a542090e523b1fd93883ab3f0e38e47f142330012a08e8a5832602e035
verify_annotated,fpq_830,fpq,g_aac68710f603cab3,dev,0.99,1,1,3883c499b12f3f281abf32fa66a92958fec98c049db64381c83750c9cdf68da6
verify_annotated,fpq_831,fpq,g_aac68710f603cab3,dev,0.99,1,1,5f147c73f65064c6dd7cf4b324f747678b1a1220b65cd92c7c7a423e35ba4301
verify_annotated,fpq_832,fpq,g_4856ccb2444ee815,fit,0.95,1,1,18d8f4abb798ec1be9924153ad5722f4f17236ecacc4c96c94b96ccf899b870e
verify_annotated,fpq_833,fpq,g_669f7412c9f3f19b,fit,0.98,1,1,3e24c4b3ecf02222f5f55dd2417ec1765b78d3e6f268be15b0b059e73a547e4e
verify_annotated,fpq_834,fpq,g_669f7412c9f3f19b,fit,0.98,1,1,c5a8f86e5cda5a61bcd7a1bf644622a7c4a72addc128e7529aec702248ffe3aa
verify_annotated,fpq_835,fpq,g_11fde16f0c8cca46,test,0.99,1,1,972bd6e93b3c7f200c5dcaabe147018222f22ce3f6739b00fcb74dc747257e6a
verify_annotated,fpq_836,fpq,g_11fde16f0c8cca46,test,0.99,1,1,db2bc5a578cc3773112f78166a35d76cca88c804f34b8248cc0b25473e4ead9d
verify_annotated,fpq_837,fpq,g_11fde16f0c8cca46,test,0.99,1,1,93d307b4c90b3a5a0783dc7fac5d35dacc1c90a206738db101391370036286b8
verify_annotated,fpq_838,fpq,g_f92ddbcc1f634f0b,dev,0.99,1,1,70d9c72fccf7dcbd7585394bd760a4fcf80e05402d9916ba6d068b8581761bd5
verify_annotated,fpq_839,fpq,g_f92ddbcc1f634f0b,dev,0.99,1,1,2b03ba74b2da3fc6db8f77a455ced2f4f37161774efce1761227ad444c098225
verify_annotated,fpq_84,fpq,g_db45277df8b457d2,dev,0.99,1,1,7db4413ac90fd9edfd77c376e5d95b76735965dbbb61a629596842e894f40d1e
verify_annotated,fpq_840,fpq,g_3f937aaf8e8d8a35,dev,0.99,1,1,3a31da5aa5b1ca68493b0d058b20ea5f3d48b14114a70fca56cffc571cffd1ff
verify_annotated,fpq_844,fpq,g_22c8588c92e14e07,test,0.98,1,1,5029667ce6368f55954fa89c156ef2f5a0f7f29fcd46f8a76b3a565382db4761
verify_annotated,fpq_846,fpq,g_d009eb1ebebd1c8e,test,0.99,1,1,87e46652694794c1a9fc347c279e317d4abd36055780803619f711709ca3b538
verify_annotated,fpq_847,fpq,g_d009eb1ebebd1c8e,test,0.99,1,1,3f8904954fd05e86a0fb551b38dcdb6786529eb5e3baa8608a834e12f4418689
verify_annotated,fpq_848,fpq,g_85d62e48f03c7a3c,dev,0.99,1,1,2feba86abda7ac4d8c75a3ebfd3265cd4f38332901b62bf890e5ddc2135c7b4a
verify_annotated,fpq_849,fpq,g_85d62e48f03c7a3c,dev,0.99,1,1,d746b19cdfbc58298163ef750024fc95c0c063fbb62cb4af570986a6c775d49f
verify_annotated,fpq_85,fpq,g_db45277df8b457d2,dev,0.99,1,1,0924388707bd83dd6e84bc740e4c4f6a76b43822681c165104d27c4aab872ad6
verify_annotated,fpq_850,fpq,g_85d62e48f03c7a3c,dev,0.98,1,1,3ef843af5fa2c8f7bd4bdb2d3f6b15e4acbf159393136b20a3ffb7f0e22bee16
verify_annotated,fpq_851,fpq,g_7a2638904ead299e,test,0.98,1,1,2190a56941a1cc5e555a4713e488aae45323cd5995e08c067fc040d403e0a583
verify_annotated,fpq_852,fpq,g_69ab39542ebedb58,test,0.99,1,1,04741ce9e7eb1a0dc505554fe0b3e5ae257122ac2406f4a524f1e2388af13adc
verify_annotated,fpq_854,fpq,g_69ab39542ebedb58,test,0.99,1,1,04f9f500642f85ba264f21635b30e54aa7613fa75e7080d010aee096e8d23d8f
verify_annotated,fpq_855,fpq,g_4e090a8e9a88d032,dev,0.99,1,1,78f5114c0c7477784653829fb19e5e409f3fb38a8993d294b3cb4c0749a3b4a7
verify_annotated,fpq_858,fpq,g_a7e2f43f9dd68625,test,0.99,1,1,ec8c7e78d5cabd583e53182c0996f904ac061563c1650c00406137b9a678ba89
verify_annotated,fpq_859,fpq,g_8955d243852d149b,fit,0.99,1,1,5c70646b8bce9ddd6437d3e4e514ae7b3ceee4be1ff86663d8be9918086b128e
verify_annotated,fpq_860,fpq,g_8955d243852d149b,fit,0.99,1,1,f0fcdd75c6b7a235f473f4bcc40000f74dcbb875ddb6405ed4f0b430bc5d83ec
verify_annotated,fpq_861,fpq,g_f9e1c7fe82335874,fit,0.99,1,1,fdbbe6f95f06464aefe35de33395f908a6dc44cab5128645ac47b554f1321570
verify_annotated,fpq_862,fpq,g_c29ea773317be5eb,fit,0.98,1,1,363c966e44ca6ae728bad81ab447ab7d8e9a3d0137385bdd6b1af038961f00af
verify_annotated,fpq_863,fpq,g_5f056dbe40531947,fit,0.99,1,1,4bc7e4a9315b5f62116994d2217c1da6b794ef5804a01dfb3b1dc4af90d2541a
verify_annotated,fpq_864,fpq,g_5f056dbe40531947,fit,0.95,1,1,b816f65ab4de6cf1214e1805818d2a384f963287bb8817475b074626909dc33b
verify_annotated,fpq_865,fpq,g_b9dbaf70b8b06d4b,fit,0.95,1,1,bfe33a7989ae0c1df40c66078603c0a73562b00c4052058e4b33385c36ec5702
verify_annotated,fpq_866,fpq,g_6231ce260b9add43,dev,0.95,1,1,d617acc17c675a5b6921a5d64c1b6b4fedae6148f649f8dae4fbcc4e3e837744
verify_annotated,fpq_869,fpq,g_11a21a27ad496bda,dev,0.99,1,1,6b095e280e4c58eb274c95ae2df42909ada3010b282cd8f601d8beebab93ffde
verify_annotated,fpq_87,fpq,g_846fcef047e655d9,fit,0.95,1,1,f9ea167b39023d0167200ed808b663295240a0199a10bf7219f56e4edec54e98
verify_annotated,fpq_870,fpq,g_cc9afb0fc748923e,fit,0.99,1,1,2f8f6ce7f82c11df5390546c53f2f133cd7493e021e6cfe9b52abee67c5fdde1
verify_annotated,fpq_871,fpq,g_cc9afb0fc748923e,fit,0.99,1,1,0ec03ca27ff64f034038b26e80576e1daca76f92269070d13261a5f971d51aa9
verify_annotated,fpq_872,fpq,g_cc9afb0fc748923e,fit,0.99,1,1,928b3efdd8228ef530fc6012ca13983140568ad406c15716fed1d585a0cd06f7
verify_annotated,fpq_88,fpq,g_0546ac634af40b22,fit,0.98,1,1,d42b576eab0110f5cdc60f1be81667a8a3966563640c36c3a49a09ef99348775
verify_annotated,fpq_89,fpq,g_c385ff6e98a203cc,test,0.98,1,1,0f026ece864a84aa6e078ecfc88ea7e7533a81957e9a5a245e09f84e00c672b8
verify_annotated,fpq_9,fpq,g_5cea8849e3d5e09d,dev,0.85,1,1,ed87e52334b89bd29ae3174dd5dce0b5f3c8b1302093dade131c1b17c70e3f31
verify_annotated,fpq_90,fpq,g_c385ff6e98a203cc,test,0.98,1,1,e7f6f2da41a187584d269c3cbe7143e8ac2f1a4fc87d549d5cccdd9956dee92d
verify_annotated,fpq_91,fpq,g_f73449782f83e067,dev,0.99,1,1,e7b7f462e3eb05c183913e181aaa79bb6ecceded1449a0ee29cb857cce66b3ec
verify_annotated,fpq_92,fpq,g_9e9ab7463642dd76,fit,0.98,1,1,721a67fa366ed83a41ffb0022921bcbc9becfe0fe714600461128eac8cc7ac64
verify_annotated,fpq_94,fpq,g_a30fe563ea9cb798,fit,0.99,1,1,cc0f9790ac071099062cface22130590a405369ccdbb754bf29039b03c55b974
verify_annotated,fpq_95,fpq,g_a30fe563ea9cb798,fit,0.99,1,1,d481ce58e66fdd8d860e42f1aba6d6fff90b29214fa28d0c8e50f7d2c25dacd4
verify_annotated,fpq_96,fpq,g_bc782fff330561e5,dev,0.99,1,1,9ded91daa48d423eab9de63875071847d3a5cb6fb9d27dcae6dc72d49bf7c4b2
verify_annotated,fpq_97,fpq,g_378a18daed031554,dev,0.98,1,1,23032b7b5a912d1eb08c25a4b5535ad95edf2df64287f920eda5e8b593e3c2c1
verify_annotated,fpq_98,fpq,g_378a18daed031554,dev,0.98,1,1,1f2982df1636123578eb0d6463b31c7c1e365b9cad5da0211a7a44a6d6b29403
verify_annotated,fpq_99,fpq,g_c0997e51d65d0496,dev,0.45,0,1,65691c33aaf296b6eace5489c80161f4479ccdfcd5d6cb77052bc1548fb163f6
verify_annotated,nfp_1000,nfp,g_b515ce473d61814c,fit,0.2,0,1,3f286ee389e0c0eda3917b75e8189f8d062f82d8ea178572e58467651de98a72
verify_annotated,nfp_1001,nfp,g_2bb1095ecad09dfe,fit,0.99,1,1,1abac220b31d4e7c5cfe1b66de3859c63ceca3c8473430c0b79297d7ca1f144f
verify_annotated,nfp_1004,nfp,g_ee7a062cb00ef613,test,0.85,1,1,aa9ff2caa5b8e8738645840c669e3bea2590c4be4210538e71898f1d6a5d14b1
verify_annotated,nfp_1005,nfp,g_37c348b0c4277481,fit,0.95,1,1,1bd068e07f24c1b9326d24d436f3ab1316806621ac8aa5a93bf1e7a8cca9589a
verify_annotated,nfp_1006,nfp,g_297cdaa9fd66c13e,dev,0.3,0,2,aa32f137d744f40a91a262c4d6a818e575d6b952d2944aa844ee103bbe77aaa5
verify_annotated,nfp_1008,nfp,g_72dee60505a8a41c,fit,0.9,1,1,3f30e0fd65fff195de592e4edf8254cdd1f9a8146448835aa288ce34d980c9b6
verify_annotated,nfp_1009,nfp,g_049d816d1248bf38,fit,0.95,1,1,4e4cafa84ac3811cb088a3214bdb4e26343ccc895564e89f92b1013c42ba9c25
verify_annotated,nfp_1010,nfp,g_17bff1c899a169da,dev,0.97,1,1,97978a51c563efd2c717d09343baec0e53fdf00f0927f8b894017114fc6ebdd4
verify_annotated,nfp_1011,nfp,g_905798f6469780ed,test,0.9,1,1,a957c94e899789eceb0a7fe666564a6c50fb49a3b5c767e762ed56f26edb5605
verify_annotated,nfp_1012,nfp,g_60a7d99c918bda2a,fit,0.85,1,1,a146dc07a95ef230eba3eb1aa3bfc98c649f61a186cc2c7d0064e829f14d21de
verify_annotated,nfp_1013,nfp,g_5e1b54921da2ee83,dev,0.93,1,1,8d21df3a09861c97e9bc240b088b0ea36a01c641328bb7d7c7a7707f6956804e
verify_annotated,nfp_1014,nfp,g_5c363e4c7adb64aa,fit,0.15,0,1,9bdee69e5d2c19904a94a84417f1ea5919179c62a005205b2ebe0076ef4418dd
verify_annotated,nfp_1015,nfp,g_5342ae3daa3c7434,test,0.85,1,1,1ed39a798f6d8348cc1ce306a5cb6fc311384a6b2487a6cfcb8c67b062db907f
verify_annotated,nfp_1016,nfp,g_67032c1bef5d96ac,dev,0.95,1,1,4d9675216985b8085f44649ac1d308dbe22d139cefe098e962fda7a2ff06f397
verify_annotated,nfp_1017,nfp,g_90d87fd42f3e6ced,fit,0.98,1,1,9e185831f1237ff5e738d9a7ec5292a2252f278e6a2d40f45584226b8cd0aa4b
verify_annotated,nfp_1018,nfp,g_726e9e549f432cce,test,0.05,0,1,6c4539cdf8365c9d987d277f81e2e243db982522efcfb888d8287a5ffa47321f
verify_annotated,nfp_1019,nfp,g_a0845f8eac299ae9,fit,0.9,1,2,78be31ac87e274231bced69103ce84e4991a3aba05a7841351e1dfb2ebaff3ce
verify_annotated,nfp_1020,nfp,g_ddc65185bd88231a,fit,0.8,1,1,60a136ff4a6b157a8b8b62dec72828f5db2edcecc4aa3d12b396f59118f6b53a
verify_annotated,nfp_1021,nfp,g_4f8755aa476cd854,fit,0.95,1,1,dd3f82a696512c8b09278066b4871d9ffe96388661d34b9deb1436cf37c019a2
verify_annotated,nfp_1022,nfp,g_26fe02908f531fd6,dev,0.03,0,1,84fe3486975e3df7fac9e402beac59e3bc6c8f6088ecb2e65290c88c91677ade
verify_annotated,nfp_1023,nfp,g_74b9464b5d58a496,test,0.98,1,1,fa8e3a4e999781773f29e113730bf9924a8ecb6348ebc38a28a4f94395775570
verify_annotated,nfp_1024,nfp,g_2acb1d96825bc240,fit,0.98,1,2,fa6a8e3290f97b4b4b79bdf8ab9eda60c0948e8e7712a7ffee15ffa86784eade
verify_annotated,nfp_1025,nfp,g_38c5a119b8fda33d,test,0.45,0,1,abfbf71df79974dcdd170045cad0cd4ceb0596b163480fd749c369ce6d2359c5
verify_annotated,nfp_1026,nfp,g_0fa64114423bfadd,fit,0.9,1,1,d867cdfe3f8a11b220a741c47a9b438261227663ddde92744b9c54d2b6cff2e8
verify_annotated,nfp_1027,nfp,g_7487e207b7e38b3d,test,0.05,0,1,5140e6862af4d6b4f6a4be40c6a81ce78fd15df256461444320b06377904c83a
verify_annotated,nfp_1028,nfp,g_9d078dce2f08f4a2,fit,0.9,1,1,c6080859ea865bfb4d5c4b3a36ad2d046f10269351f546754987f8ca7151cfa1
verify_annotated,nfp_1029,nfp,g_5acdd4fa38837fab,fit,0.98,1,1,aa2b230d371d156d9b61bbd66cf818e7789c28ff94b9f10ab8f02a74359ea0f2
verify_annotated,nfp_1030,nfp,g_ed494aefb6216f11,test,0.95,1,1,4b8f6d8e15dc0ef6b41bcd2c685777d30f4c9834d6db39bc0a50b51679a2a6ec
verify_annotated,nfp_1031,nfp,g_023287bf137a2d36,test,0.85,1,1,67f73a2f86d01dc52edcf7e1389f4711dfcc48a94e3918fb3292588aa1d842b4
verify_annotated,nfp_1032,nfp,g_a69e35017720c04d,fit,0.85,1,2,9cbed81d75b4b3a573aa478d12d61c880814596c7db5ff8c4ac8f1fb08bf6048
verify_annotated,nfp_1033,nfp,g_b0c4fc55867bae76,fit,0.75,1,1,a7011ce2835d31749d3932ef20bc0e40e9e99fd11a8d788416c6b42180ab23a5
verify_annotated,nfp_1034,nfp,g_db7945e98518ed4c,fit,0.95,1,1,f8e097bdad9a8cb1ec94504429697a6b654c7f77ed8f60744f120b0abb5db565
verify_annotated,nfp_1035,nfp,g_8ad205d52532e606,fit,0.35,0,1,79fbab955f9f241c030bc3a091b16b63d4631580654770f7ef750e57e93121a7
verify_annotated,nfp_1036,nfp,g_09dead9591063a2b,fit,0.95,1,1,56b9a84e60bd4f8e10be9b714dc9d56beebb8dd05e884c5065f9129224fdcccf
verify_annotated,nfp_1037,nfp,g_ca05107d50dfbce2,dev,0.55,1,1,ed3245a5b11e071c712c2ae1ca310fce19623a6effd6cfd9ec3e956006468e3e
verify_annotated,nfp_1038,nfp,g_590237bec7270dc8,fit,0.15,0,1,8619c6630d8972576f76fb33cc059fb4ef4daca436823cbd14e072ca38cc3fdc
verify_annotated,nfp_1039,nfp,g_b2741745864ec3c4,fit,0.98,1,1,aec6bd12f95b44abd068e22f0a54bd636964fb41ea72f28b0a055d8847796f4e
verify_annotated,nfp_1040,nfp,g_3cc46a35063d98d8,fit,0.01,0,2,e3bcf2e9a7c11f1e166f6f5b5fc9c9a950043b9ca93fce5be53c51dfa48e5b7b
verify_annotated,nfp_1041,nfp,g_e0d1d4f7260b07d8,fit,0.97,1,1,08616c34c02dc61421064063dbb2b139d0218aa6c56c69f8f63436ec9e732e79
verify_annotated,nfp_1042,nfp,g_6a51bd12bb30c2cf,fit,0.1,0,1,2a888390b4faef4b909fee31f6d4c1d872f8019792c0a2a19a635a89817fcc58
verify_annotated,nfp_1043,nfp,g_875024c3f522bef3,test,0.8,1,1,0f02e9dcc819fd923f52f5ca65e921b20b31bc5fa564da5ef7b617405ccb39b0
verify_annotated,nfp_1044,nfp,g_77fdd807ddb682e3,test,0.95,1,1,4813fe572153579142bd020c4ba671feda6c98635d1bbd77ad4791660771ccef
verify_annotated,nfp_1045,nfp,g_6999d719e7f404f9,fit,0.85,1,1,6eef6631cf7043595d3c999ef4f1383e991cd1043f69a902d44e4dd5ba6de925
verify_annotated,nfp_1046,nfp,g_2cb3ada3e6d7ab34,fit,0.85,1,1,23874889048ac42365d78a8fbea66343fe4ec687aa7a30cfbe13ed2ce01cca8b
verify_annotated,nfp_1047,nfp,g_ea8b0e7382fc2ca4,fit,0.9,1,2,85ad5da74e9d6850b30e1f0b67c7c34f70ab5a1b5b6dcf9722c23a36e79a93b8
verify_annotated,nfp_1048,nfp,g_72672c52bf3b6500,dev,0.9,1,2,202deef152838f184af3b021e3237f2ba6f84da3a111d066892adc7eeaf9b737
verify_annotated,nfp_1049,nfp,g_2e4529a696711a47,fit,0.75,1,1,098f4e2da880fc18ad0109b1933869f2d2b227186521c4dc056924798c950b32
verify_annotated,nfp_1050,nfp,g_0274515d395819f7,fit,0.02,0,1,f75fcbb0b8571c97ebbf0f8309ea31ce07bccc218708e89d585d92e561cfd90e
verify_annotated,nfp_1051,nfp,g_72ce52bdee35ee7d,test,0.9,1,1,51979f0a1ac5960522984ca5534a3018cc9b6ae549d1a1f7756efac180e78147
verify_annotated,nfp_1052,nfp,g_17576a9ee980b82a,test,0.8,1,1,c15f1e08f1981f1a54529aa3ce940ac6bc0f08ae1e91532dfaf3dab2e222da62
verify_annotated,nfp_1053,nfp,g_82305c525bae71ce,fit,0.05,0,2,cb80fb1eed30b9d92bac3db19295f9c86385f0c66a323f5240743faf3f86e452
verify_annotated,nfp_1054,nfp,g_63fa60e7792ecec4,fit,0.65,1,1,372778e70b9e2a0207a2601cb05ab66ccf9413c369b31b307e3be65a453e6908
verify_annotated,nfp_1055,nfp,g_85b63d80433b4780,fit,0.85,1,2,dceb156740c01e9d60e7dde721b6c3b437a2b2696308d779547b3982993ce9ed
verify_annotated,nfp_1056,nfp,g_3f970328bf6a67c4,test,0.98,1,1,3acd25c98c726c29e8ae8cba2d073b4ea74eb29405f99e30a15278c31702b582
verify_annotated,nfp_1057,nfp,g_f43aeb570f6a70be,dev,0.98,1,1,0c7a7dc1233d259e3bfb3d676b3766bdfad30bd4f10f0c1cc5af3fcd35b0bdf0
verify_annotated,nfp_1058,nfp,g_ffb0c5b426cf1395,fit,0.9,1,2,8a26286fa2b15d779c0c7784658b4e5c5c56ee1ba49150b40735d23d91e9bd51
verify_annotated,nfp_1059,nfp,g_f409d19c9daf239d,fit,0.9,1,2,ef3775ccb895b21be05c70219d674766cbeb68227f61eac9b7f25c1d8a16e9af
verify_annotated,nfp_1060,nfp,g_1bcd350208021c58,fit,0.9,1,1,c72504d44861fd9d46c2a0c8e645b1b7a57ce22cfd86ae26a730b86ec16eb599
verify_annotated,nfp_1061,nfp,g_73e75fd31cb22d00,fit,0.25,0,1,53dcb874bf0313f64980d195e20869d5b227e3a69bb53f624a74dcdd92e1739d
verify_annotated,nfp_1062,nfp,g_ea335c6cbe720637,fit,0.9,1,2,9e25b6312262e3c80cf0d5d693bafd37a545fcda3cef113ece3d93291db9c56a
verify_annotated,nfp_1063,nfp,g_2fbf542ba550b425,dev,0.85,1,1,c99eaaea7c7815a9bfddecef110fa76b279355287362c3a8e1a3b3098f1ddb61
verify_annotated,nfp_1064,nfp,g_ef572b88daf1e529,dev,0.7,1,1,5636c6133c3a66630b90e6255e1872ba0e024ceb6f851dbcc3ee5ea135cc0b41
verify_annotated,nfp_1065,nfp,g_0de106ae331b0bd0,fit,0.95,1,1,43b4ce57d6ef322c21d2539e5f5c26a0d27256adc9fef0d617032621daaa8ca0
verify_annotated,nfp_1066,nfp,g_22a17f7a411a59ba,fit,0.35,0,1,76ff3168c1a2a1600e814a0b5468f049d04e4cc7d5a0dc811a945e2cc4c1bc8b
verify_annotated,nfp_1067,nfp,g_0a1f2f733e8d5f67,fit,0.85,1,1,6c79935b061750b1d498f78e0406873516af30de89fac7f399bece4c4cf2d8f1
verify_annotated,nfp_1068,nfp,g_ccb6d08a1a1c39d0,fit,0.9,1,1,7b54ce2b8eb350aa016f7db8e114a426c401ff464c07a69d6b5e2498c133f017
verify_annotated,nfp_1069,nfp,g_681e4c84f5e024df,dev,0.85,1,1,09386af1e7ad515745cbb2dcbb1439dd29c109035e10f2176e8d82d5b39d09f2
verify_annotated,nfp_1070,nfp,g_0ba0a7f95dae4a27,test,0.85,1,1,821446fb1737c8af7c74b8495d7c3b5290e6428c34215fc051f5cf12ae90783e
verify_annotated,nfp_1071,nfp,g_eac780faee7c861c,fit,0.68,1,1,f6f3ba7ac3f4a2eab4785bd1e95effbd7b4e26f169f6ba2174374a9607cf872c
verify_annotated,nfp_1072,nfp,g_d96f348ae6ac86dc,fit,0.98,1,1,5286a21e473906fec8142fbd21454445f360b4659a98d4f6ae226c5af0d432a0
verify_annotated,nfp_1073,nfp,g_141872196da1af1e,dev,0.02,0,1,a6e7f5d119eff588058a648c29edb8c896cc127ce0f564c2327b48c18f20e731
verify_annotated,nfp_1074,nfp,g_e2500c50726bc97d,test,0.25,0,1,dd038b7aa1f87299f1863550a7704f4eeb796cda135d7a362a0e2951941066f4
verify_annotated,nfp_1075,nfp,g_fd82b773057129b5,fit,0.8,1,2,6210b9257b6bd9cabef4fd9be31172ebbfa048253ef4d532601d5ec4b8d5d34b
verify_annotated,nfp_1076,nfp,g_79d1944fc789fc24,test,0.35,0,1,3eef9ac3c16b3851b01fc768876fa61bb8e9b86e3969129befdc212496f1063d
verify_annotated,nfp_1077,nfp,g_d67551f50be2afbf,dev,0.2,0,1,d2976d3bdc3c9745230953f5d3d6dfe304fb9b37bc6498fcbb134e879fcc2111
verify_annotated,nfp_1078,nfp,g_ebdbe98d9e748ebc,fit,0.85,1,1,d4fb611c5880d4beed103c14fd03e48db40c1056f390db77b12ff5d9a0d3976f
verify_annotated,nfp_1079,nfp,g_b067fbc42e1b96d0,fit,0.85,1,1,7c2fc0909b64c0098fbd256592430123a772646a3a4a6f2d31cacd69840a3b02
verify_annotated,nfp_1080,nfp,g_89dc9c3367d53304,dev,0.05,0,1,1c7b4b65308916fcd75ea744f47fa638b44b22f7c1d439d9e6bbe677f8769dc7
verify_annotated,nfp_1081,nfp,g_c562c518282b0383,dev,0.95,1,1,6082a054d8867746896362d77d65c34844d4d808f26ac39fe0309cc3c87e1430
verify_annotated,nfp_1082,nfp,g_3efab1e679bd95d7,fit,0.95,1,2,29fce59538e93e1f9e51f1245c97ccb45dec97595f2b03ef16822a1fec4455da
verify_annotated,nfp_1083,nfp,g_37db5c7cd4009473,test,0.98,1,1,2128d2dbc537325d4e239916180cbeb7fdfd30561b27a2c32d919c612beaffcb
verify_annotated,nfp_1084,nfp,g_d8500b15bfb5d0f1,test,0.9,1,2,f94cef726055594109358394e541e97499a8ca5b2a33a53d9a313ff840c48aac
verify_annotated,nfp_1085,nfp,g_f87b03c409b490f9,dev,0.85,1,1,d931df3d49176d7d7eab1106fcc0e2f164aadf39afdfd5c1635a72c12ca79d7f
verify_annotated,nfp_1086,nfp,g_54419292364e7e16,fit,0.82,1,1,ee8eb6b0ee88dc8e8cd2d91def197505e05e3bcd323bbb9a7c78eb93f5b4da97
verify_annotated,nfp_1087,nfp,g_d644ff903573f577,dev,0.85,1,2,2bfa72adca094b2d66d8da000d12e2ea68b4e1a34f12faa49cfbbdaa9083060a
verify_annotated,nfp_1088,nfp,g_7cbb865a72ea4512,fit,0.95,1,1,850def37cf66c447217dffae9d85500ced0e9e06a3daccdeb1f7dc848008d0b8
verify_annotated,nfp_1089,nfp,g_bd1dc50cd81dce8b,test,0.9,1,1,f25e35ed7e4dec33bf249a2a898f7460eaf0939bedcab2d0fd0b8cebfd498485
verify_annotated,nfp_1090,nfp,g_a821a3e2c0cf44ca,fit,0.85,1,1,f4ea09ae7d0fbe2b50ef92e2c21f3ac9148ed62ef602cdb9a174f3af9521965d
verify_annotated,nfp_1091,nfp,g_fda86c97edf476e0,fit,0.08,0,1,42bf65fa96cad537587d9a73ab5165425b63940ffa12237a04ee781f7135f850
verify_annotated,nfp_1092,nfp,g_7f869cb0ede4ccc6,fit,0.9,1,1,156cae07d24d9cb784ad16d2a96912566209c54ea2eebfcd7853b2484e2dfdb9
verify_annotated,nfp_1093,nfp,g_c133e7884ff15bf3,fit,0.05,0,1,538d8d3af72f27dcba45200e3a5448a5b2d1869d31ccca15beb0fae2eb5ee942
verify_annotated,nfp_1094,nfp,g_11239780ec2ad095,dev,0.75,1,1,e2bc1d39bd367c8a9c29ff2178c8c03c1bf5991ce1787b4dde2c01752b44f6ff
verify_annotated,nfp_1095,nfp,g_309e738949b151ec,dev,0.2,0,1,12074368b35d03fadf7ce85e7ec7bec5320e5432b6ae6d20e09574e28236b095
verify_annotated,nfp_1096,nfp,g_463dd570c542a130,fit,0.9,1,1,2e5f2b1123094ffced1101eda2be9bf40c36d5d3463f270920a4534beccd4908
verify_annotated,nfp_1097,nfp,g_a04b51042e579fcb,fit,0.98,1,1,45919b29075a3ef0afb1129bd6b848c5e11bbfbf19054e037600684eed56a0a0
verify_annotated,nfp_1098,nfp,g_a7e4fdd453e66b64,fit,0.85,1,1,901258936238ef52d771f6363c6e7affb2f0e2365367de4305b356f300d19016
verify_annotated,nfp_1099,nfp,g_871c24732bb05933,test,0.8,1,2,8287dcb922a9298dfa233e9a17f7cd2342eba4390803ef396dbe16e7865318a4
verify_annotated,nfp_1100,nfp,g_e5c94b0361279024,fit,0.08,0,1,cc43deff75187967fe457857597f4b902c675c870d1384c05ec9dee51f6d739d
verify_annotated,nfp_1101,nfp,g_3fd7f6000501b9ed,test,0.85,1,1,c1c4e6e42ecdeee03eea9959735659dd4915423a10bd91b6b62bd3851ffda640
verify_annotated,nfp_1102,nfp,g_c43ae36246c19be8,fit,0.85,1,1,f1f5b607b7f740ca82cff16c0f52f73b17b406c98ad4484e545ec487a6864b6e
verify_annotated,nfp_1103,nfp,g_adb65923e7a2611b,dev,0.98,1,1,1fd34062cfc7ea1fb390f63ca8db8d8f696cb21e7236893a5c752854aebc91a0
verify_annotated,nfp_1104,nfp,g_88ada7b4e9558cff,fit,0.95,1,1,ed9fc3daf23950b76a6fb7975479544b2e8268384cac7a45ef930fdcc3d7443c
verify_annotated,nfp_1105,nfp,g_7e8e236fa353b582,dev,0.95,1,1,f8ecc6b37c119abac4eebd58e3110b137a2f57c055149f7bef9535a1dc14c730
verify_annotated,nfp_1106,nfp,g_d1263135930dd9d8,fit,0.7,1,2,a7fa0697261d2ae9c85b22a1ff03e55f3d963df444b78a4b642dca18336b8237
verify_annotated,nfp_1107,nfp,g_6f7f645166a77d05,fit,0.98,1,1,9eac50db9ffe211aa6a44e371cc60f08b20d2b36a076ce414f92e20d659255a2
verify_annotated,nfp_1108,nfp,g_406cb31e3788a5ac,fit,0.75,1,2,832b9199294ee2a4157c1f339309c1e2aa06c46006ddb81ae944ae6bdd02545f
verify_annotated,nfp_1109,nfp,g_fea7f11d2e3a626a,fit,0.2,0,1,71b398592d2c67144462e3f4d8f5ec7ee098ad1a492bf4fc3f6bcfccef5a34ab
verify_annotated,nfp_1110,nfp,g_d5b84d54263328d5,fit,0.98,1,1,dcec4afb4c3af326ca906190e496a79dd681816c3d8823df6750d95328285631
verify_annotated,nfp_1111,nfp,g_5480d248f19133f5,fit,0.85,1,1,657df17171bf39b6c7d0ff6526e9ed2450e08575e71e6900913858548636923a
verify_annotated,nfp_1112,nfp,g_d7ea6f3465db8b63,test,0.35,0,1,1048cdb675ffa7d4dd343c919344682067b9be22ee4cd5c530650c21b6474ce0
verify_annotated,nfp_1113,nfp,g_b659e249edfbdf68,fit,0.25,0,1,ca410ef04a0eac4920ae7231497f02aefddb79e3a3198275b8e010597ac8aae5
verify_annotated,nfp_1114,nfp,g_f021a8f45ac5359f,dev,0.75,1,1,54e8e67e898339ed190859811b11a2461ddb540a834e0924a96d1a5bdc0e24b0
verify_annotated,nfp_1115,nfp,g_40a4d591e83e7e74,dev,0.35,0,1,4f81c49e42d8f88c441a89b85aec93ae5a06cf75446e8fa572ee13f2a2af51d2
verify_annotated,nfp_1116,nfp,g_96e01a3e504ed5c1,test,0.8,1,1,7edbd25da837634510ace583f4befd358010cb5db5113a61d1fafad2a98e3c42
verify_annotated,nfp_1117,nfp,g_39b994016d05ec50,fit,0.25,0,1,308dc696c1ae8c23437716aaf162bd49fc9d9c22b0969824875e3572e0927d92
verify_annotated,nfp_1118,nfp,g_c0ba83e99d5b9beb,test,0.1,0,1,42fd745f0eb7d001d9e5e34c50e513d5ba4f95949889e358be81db948d4e1866
verify_annotated,nfp_1119,nfp,g_97a93a9aa5c8200a,test,0.9,1,2,390a319694d6ac0c4a4e7b54d14500db846526582f135f07d439c328b5f776e7
verify_annotated,nfp_1120,nfp,g_09f6b6e2f8976aa1,test,0.15,0,1,892534f54bd9747d23e275b17f3eb094a8cbf3e00261f28a0bacfd1ed407d9dc
verify_annotated,nfp_1121,nfp,g_ef0538784fe1ffc5,fit,0.85,1,1,983a1f04d9949bededf5e5274f763e8f4e2ac4ee8ec8e3ceeca421c6e70cf58e
verify_annotated,nfp_1122,nfp,g_253b77749d3b7958,fit,0.98,1,1,35c9791ae776a4585015f03bac1f52f884d97a45f3ce75325d74c6fc4215c785
verify_annotated,nfp_1123,nfp,g_ab900b3c65c6fd0f,fit,0.9,1,2,0ed1f47375ef77a0d2bf1b50d65de9c5313c228a504ae669f9364cec8336d117
verify_annotated,nfp_1124,nfp,g_df1414fe7d9fb750,fit,0.97,1,1,661dbdbc65056810b3e8c4049347faa68070a0f2ffba7d3ca87539db0f0b040a
verify_annotated,nfp_1125,nfp,g_18b376e84af637f3,fit,0.95,1,1,4df01cff3db8dd2fe68a2fa756702acd25b9acfb9c631dc2b62838351d123626
verify_annotated,nfp_1126,nfp,g_957401aca986fdbb,fit,0.85,1,1,a9f9fff91b5dfcd14e6ab35db040b5895c9ab29668899f5c6423d2ede1907238
verify_annotated,nfp_1127,nfp,g_1fc0d35e2372953f,fit,0.2,0,2,210811854f955832080175b0f1a73bc8c5438a710800bf4d77977fcbc580853c
verify_annotated,nfp_1128,nfp,g_c03ce4015a3ba730,dev,0.9,1,1,86d1498d4aca5208a33d949f69b84519d6ad26920bc3faf122d92d6ad0cbaec2
verify_annotated,nfp_1129,nfp,g_39253ec30588d028,test,0.95,1,1,78067f56c8b98a292d010053ecad12241e9e05bc3b377406cd92a1b7e1e0fa74
verify_annotated,nfp_1130,nfp,g_c62b909623a22334,test,0.95,1,1,65704cc01841e89a9e5c8df7adb255e3ec284dbcd4c2f980fabe45d9c8e94c78
verify_annotated,nfp_1131,nfp,g_a5798a99de5831d0,fit,0.95,1,1,ff5c295850c71ad57578bcff76542f29f5920c01172b903d83b9625ee5feef9d
verify_annotated,nfp_1132,nfp,g_ea9dae93fa9530a2,fit,0.85,1,1,8b6f4bb399cf0dd69cb6c7dce14ba4525c0b31bce66011767e9aebf474075cef
verify_annotated,nfp_1133,nfp,g_3768a7d9c374e060,fit,0.88,1,1,282adcfe436626117ac3f9ef65b4c42bbe49112759b18e0431063cfad6763dce
verify_annotated,nfp_1134,nfp,g_494d451eb99fad4b,fit,0.05,0,1,475fde0d3595c45b4b56a45cc3ec801813bd5a78c307c7e7b78bf071bfc3d325
verify_annotated,nfp_1135,nfp,g_2aebf16024eaf22c,fit,0.98,1,2,84351c6e2a7058a7610c7bd59782bda7f8e2209fa732a5ae7a8a5559d0db8b8b
verify_annotated,nfp_1136,nfp,g_7c14b2b4d84cee2f,dev,0.95,1,1,f8959f68de70291e4d49d57b3a6d53842927fe232e2b9b26221a3124b6b7b27f
verify_annotated,nfp_1137,nfp,g_9ba118a134d88e59,fit,0.95,1,2,c5e14f5793ff73a533bf24be55bd612924792bc9158b24eb713ec3eaa8819af2
verify_annotated,nfp_1138,nfp,g_260386fe3ee7c7f6,dev,0.9,1,2,900f8f92140b0a7f122d2ec395c5f69427545f60452fab37e9af765068aeb5df
verify_annotated,nfp_1139,nfp,g_61f0226e4520c63c,fit,0.98,1,2,25cdf40799d794849f902565b61d1e31ffe67f2903d77ddd031594632baae019
verify_annotated,nfp_1140,nfp,g_e877b34361cd93f1,fit,0.85,1,2,459968939accf458de89d95908f4c9e243fc3e32c18e2b3b7d37bb1ea60695f1
verify_annotated,nfp_1141,nfp,g_1e7c9dc5e4b83795,fit,0.98,1,1,2a9eb903f7b3cf9e3da8d635c671205bc411d1c6afb1fdbf3261d429c86571f3
verify_annotated,nfp_1142,nfp,g_39f621c8085e4c8d,dev,0.98,1,1,de42e86e36e57d5d944a0a464687cdc264917f8ed1bbf47b8a7bea3df87c7126
verify_annotated,nfp_1143,nfp,g_2583f3f881a97214,fit,0.75,1,3,0dba9299e8a0302ecaf5dd4d10124166af0647d7924314627e6fb0fd81d22670
verify_annotated,nfp_1144,nfp,g_aeae73a3fb6f4db8,test,0.8,1,2,e0a90e5c2ae68b3a4b4cc1364a946aeb73154bb1e4e6fbac97b81f84aa6c0a91
verify_annotated,nfp_1145,nfp,g_9cc0beeafd47f952,dev,0.35,0,1,0fe11f557b0b134583c98655e96daad8fb4500be5c1d1cd6bd6e181bdcb8afa6
verify_annotated,nfp_1146,nfp,g_27cc601d9bd91fc4,fit,0.3,0,1,bd3d114424fce58f76a1a5c0e29d20b47e76dc485cfa2f5e04cfb1ff6795b80d
verify_annotated,nfp_1147,nfp,g_b907a80c42330a9e,dev,0.95,1,1,fa0ff38f6d7344067d0825bcf6bab836980eb545ddb25517cc53580fc569bf39
verify_annotated,nfp_1148,nfp,g_d0ebc3705e830e29,dev,0.95,1,1,8753a306609ad6fc0a2f31d4807ea2fa30a62c27730ac4232459634903e19a5a
verify_annotated,nfp_1149,nfp,g_a5819042ea243e01,fit,0.15,0,1,886f1ca15176b95cf275c64e0122ef350f2c0f363fc78fc12e28832b5ae1c11f
