id,label,qwen25_plain_score,qwen25_plain_stance,qwen25_plain_target,qwen25_alternative_score,qwen25_alternative_stance,qwen25_alternative_target,gemma_plain_score,gemma_plain_stance,gemma_plain_target,gemma_alternative_score,gemma_alternative_stance,gemma_alternative_target,luna_plain_score,luna_plain_stance,luna_plain_target,luna_alternative_score,luna_alternative_stance,luna_alternative_target,qwen38_off_plain_score,qwen38_off_plain_stance,qwen38_off_plain_target,qwen38_off_alternative_score,qwen38_off_alternative_stance,qwen38_off_alternative_target
fpq_0,fpq,2,challenge,corrects_target,4,challenge,corrects_target,1,qualification,related_without_correction,4,challenge,corrects_target,5,challenge,corrects_target,5,challenge,corrects_target,5,challenge,corrects_target,5,challenge,corrects_target
fpq_10,fpq,1,none,endorses_target_error,2,qualification,corrects_target,1,none,endorses_target_error,4,challenge,corrects_target,4,challenge,corrects_target,5,challenge,corrects_target,5,challenge,corrects_target,5,challenge,corrects_target
fpq_100,fpq,1,none,endorses_target_error,1,none,endorses_target_error,1,none,endorses_target_error,1,none,endorses_target_error,1,none,misses_target,1,none,misses_target,1,none,endorses_target_error,1,challenge,endorses_target_error
fpq_101,fpq,1,none,misses_target,1,none,misses_target,1,none,misses_target,1,none,misses_target,1,none,misses_target,1,qualification,related_without_correction,1,none,misses_target,1,none,misses_target
fpq_102,fpq,1,qualification,related_without_correction,1,challenge,corrects_target,2,qualification,corrects_target,1,none,endorses_target_error,5,challenge,corrects_target,5,challenge,corrects_target,5,challenge,corrects_target,2,challenge,related_without_correction
fpq_103,fpq,1,none,endorses_target_error,1,none,endorses_target_error,1,none,endorses_target_error,4,challenge,corrects_target,4,challenge,corrects_target,4,challenge,corrects_target,1,none,related_without_correction,5,challenge,corrects_target
fpq_105,fpq,1,none,misses_target,1,none,misses_target,1,none,endorses_target_error,1,none,endorses_target_error,1,none,endorses_target_error,1,qualification,endorses_target_error,1,none,endorses_target_error,1,none,endorses_target_error
fpq_106,fpq,1,none,misses_target,1,none,misses_target,1,none,related_without_correction,1,none,misses_target,1,none,misses_target,1,none,misses_target,1,none,misses_target,1,none,endorses_target_error
fpq_107,fpq,1,none,misses_target,1,qualification,related_without_correction,1,qualification,corrects_target,1,none,endorses_target_error,5,qualification,corrects_target,5,challenge,corrects_target,5,challenge,corrects_target,5,challenge,corrects_target
fpq_108,fpq,1,none,endorses_target_error,2,qualification,corrects_target,1,none,related_without_correction,2,qualification,related_without_correction,1,none,misses_target,2,qualification,corrects_target,5,challenge,corrects_target,5,challenge,corrects_target
fpq_109,fpq,1,none,misses_target,1,none,misses_target,1,none,endorses_target_error,1,none,misses_target,3,qualification,corrects_target,5,challenge,corrects_target,1,none,misses_target,4,challenge,corrects_target
fpq_11,fpq,1,none,endorses_target_error,5,challenge,corrects_target,1,none,endorses_target_error,5,challenge,corrects_target,4,qualification,corrects_target,5,challenge,corrects_target,5,challenge,corrects_target,5,challenge,corrects_target
fpq_110,fpq,1,none,misses_target,1,none,misses_target,1,none,misses_target,1,none,misses_target,1,qualification,misses_target,2,challenge,related_without_correction,1,none,misses_target,1,none,misses_target
fpq_111,fpq,1,none,endorses_target_error,1,none,endorses_target_error,1,none,misses_target,4,qualification,corrects_target,5,qualification,corrects_target,5,challenge,corrects_target,5,challenge,corrects_target,5,qualification,corrects_target
fpq_112,fpq,1,none,misses_target,1,none,misses_target,1,none,misses_target,1,none,related_without_correction,1,qualification,related_without_correction,4,challenge,corrects_target,1,none,endorses_target_error,1,none,endorses_target_error
fpq_113,fpq,1,none,endorses_target_error,1,none,endorses_target_error,1,none,misses_target,1,none,endorses_target_error,1,qualification,related_without_correction,5,challenge,corrects_target,1,none,related_without_correction,1,none,misses_target
fpq_114,fpq,1,none,misses_target,1,none,endorses_target_error,1,none,misses_target,1,none,misses_target,4,challenge,corrects_target,5,challenge,corrects_target,1,none,related_without_correction,1,qualification,related_without_correction
fpq_115,fpq,1,none,misses_target,1,qualification,related_without_correction,1,none,related_without_correction,4,challenge,corrects_target,1,none,misses_target,2,challenge,corrects_target,1,none,misses_target,1,none,misses_target
fpq_116,fpq,1,none,misses_target,1,none,endorses_target_error,2,qualification,corrects_target,1,none,misses_target,5,qualification,corrects_target,5,challenge,corrects_target,4,qualification,corrects_target,5,challenge,corrects_target
fpq_12,fpq,1,none,endorses_target_error,1,qualification,related_without_correction,2,qualification,related_without_correction,4,challenge,corrects_target,5,challenge,corrects_target,4,challenge,corrects_target,5,challenge,corrects_target,4,challenge,corrects_target
fpq_120,fpq,1,none,endorses_target_error,1,none,endorses_target_error,1,none,related_without_correction,1,none,endorses_target_error,1,none,misses_target,4,challenge,corrects_target,1,none,misses_target,1,none,related_without_correction
fpq_121,fpq,1,none,misses_target,1,qualification,corrects_target,1,none,endorses_target_error,4,challenge,corrects_target,5,challenge,corrects_target,5,challenge,corrects_target,2,qualification,corrects_target,1,none,misses_target
fpq_122,fpq,1,none,misses_target,1,none,misses_target,1,none,endorses_target_error,1,none,endorses_target_error,5,challenge,corrects_target,4,challenge,corrects_target,2,qualification,corrects_target,5,challenge,corrects_target
fpq_123,fpq,1,none,misses_target,1,none,misses_target,1,none,misses_target,1,none,misses_target,1,qualification,misses_target,1,qualification,misses_target,1,none,misses_target,1,none,misses_target
fpq_124,fpq,4,qualification,corrects_target,2,challenge,corrects_target,1,qualification,endorses_target_error,2,qualification,corrects_target,2,qualification,corrects_target,2,challenge,corrects_target,2,challenge,corrects_target,5,challenge,corrects_target
fpq_125,fpq,1,qualification,endorses_target_error,1,qualification,related_without_correction,1,qualification,endorses_target_error,1,qualification,misses_target,2,qualification,related_without_correction,4,challenge,corrects_target,1,challenge,related_without_correction,1,challenge,related_without_correction
fpq_126,fpq,1,none,endorses_target_error,1,none,endorses_target_error,1,none,endorses_target_error,1,none,endorses_target_error,4,qualification,corrects_target,4,challenge,corrects_target,1,none,endorses_target_error,1,qualification,related_without_correction
fpq_127,fpq,1,qualification,endorses_target_error,1,none,endorses_target_error,1,none,misses_target,4,challenge,corrects_target,1,qualification,related_without_correction,4,challenge,corrects_target,2,challenge,corrects_target,4,challenge,corrects_target
fpq_128,fpq,1,none,misses_target,1,qualification,related_without_correction,1,none,endorses_target_error,2,qualification,related_without_correction,1,qualification,related_without_correction,5,challenge,corrects_target,1,none,endorses_target_error,5,challenge,corrects_target
fpq_129,fpq,1,none,misses_target,1,none,endorses_target_error,1,none,endorses_target_error,4,challenge,corrects_target,5,challenge,corrects_target,5,challenge,corrects_target,5,challenge,corrects_target,4,qualification,corrects_target
fpq_13,fpq,1,none,endorses_target_error,1,none,misses_target,1,none,misses_target,1,none,misses_target,1,none,related_without_correction,1,none,misses_target,1,none,misses_target,1,qualification,misses_target
fpq_130,fpq,1,none,misses_target,1,none,related_without_correction,1,none,related_without_correction,1,none,misses_target,1,qualification,related_without_correction,4,challenge,corrects_target,1,none,related_without_correction,1,none,related_without_correction
fpq_131,fpq,1,none,misses_target,1,none,endorses_target_error,1,qualification,endorses_target_error,1,challenge,misses_target,2,challenge,related_without_correction,1,challenge,misses_target,1,challenge,related_without_correction,1,challenge,related_without_correction
fpq_133,fpq,1,none,endorses_target_error,4,challenge,corrects_target,1,none,endorses_target_error,1,none,misses_target,2,qualification,related_without_correction,4,challenge,corrects_target,2,qualification,related_without_correction,1,challenge,misses_target
fpq_134,fpq,1,none,misses_target,1,none,misses_target,1,none,misses_target,1,none,misses_target,1,none,misses_target,5,challenge,corrects_target,1,none,related_without_correction,1,qualification,misses_target
fpq_135,fpq,1,none,misses_target,1,none,endorses_target_error,1,none,endorses_target_error,4,challenge,corrects_target,1,qualification,misses_target,5,challenge,corrects_target,1,none,endorses_target_error,1,none,misses_target
fpq_136,fpq,2,qualification,corrects_target,5,challenge,corrects_target,1,qualification,related_without_correction,4,challenge,corrects_target,5,challenge,corrects_target,5,challenge,corrects_target,5,challenge,corrects_target,5,challenge,corrects_target
fpq_137,fpq,1,none,misses_target,1,none,endorses_target_error,1,none,endorses_target_error,1,none,endorses_target_error,1,qualification,misses_target,2,challenge,corrects_target,1,none,endorses_target_error,2,challenge,corrects_target
fpq_138,fpq,1,none,misses_target,1,none,misses_target,2,qualification,corrects_target,1,none,misses_target,1,qualification,misses_target,1,qualification,related_without_correction,1,challenge,misses_target,1,challenge,related_without_correction
fpq_139,fpq,1,qualification,related_without_correction,1,challenge,misses_target,1,qualification,related_without_correction,2,challenge,related_without_correction,1,challenge,related_without_correction,1,challenge,related_without_correction,1,none,endorses_target_error,5,challenge,corrects_target
fpq_14,fpq,1,none,endorses_target_error,1,none,misses_target,1,none,endorses_target_error,1,none,misses_target,1,qualification,related_without_correction,4,challenge,corrects_target,1,none,endorses_target_error,1,none,misses_target
fpq_140,fpq,1,none,endorses_target_error,1,none,endorses_target_error,1,none,endorses_target_error,1,none,endorses_target_error,2,qualification,corrects_target,3,qualification,corrects_target,1,none,endorses_target_error,4,challenge,corrects_target
fpq_141,fpq,1,none,misses_target,2,qualification,related_without_correction,1,none,endorses_target_error,1,none,endorses_target_error,2,qualification,corrects_target,5,challenge,corrects_target,5,challenge,corrects_target,2,qualification,corrects_target
fpq_142,fpq,2,challenge,corrects_target,1,qualification,related_without_correction,1,none,endorses_target_error,4,challenge,corrects_target,5,challenge,corrects_target,5,challenge,corrects_target,5,challenge,corrects_target,4,challenge,corrects_target
fpq_143,fpq,1,none,endorses_target_error,1,none,endorses_target_error,1,none,endorses_target_error,1,none,endorses_target_error,1,qualification,related_without_correction,4,challenge,corrects_target,1,qualification,endorses_target_error,4,challenge,corrects_target
fpq_144,fpq,1,qualification,endorses_target_error,1,qualification,related_without_correction,1,none,related_without_correction,2,challenge,corrects_target,5,challenge,corrects_target,5,challenge,corrects_target,5,challenge,corrects_target,5,challenge,corrects_target
fpq_145,fpq,1,none,misses_target,1,none,endorses_target_error,1,none,related_without_correction,4,challenge,corrects_target,4,challenge,corrects_target,4,challenge,corrects_target,1,none,misses_target,1,qualification,related_without_correction
fpq_146,fpq,1,none,misses_target,1,none,misses_target,1,none,misses_target,4,challenge,corrects_target,4,challenge,corrects_target,4,challenge,corrects_target,1,none,endorses_target_error,1,none,endorses_target_error
fpq_147,fpq,1,none,misses_target,2,qualification,corrects_target,1,none,endorses_target_error,4,challenge,corrects_target,5,challenge,corrects_target,5,challenge,corrects_target,5,challenge,corrects_target,5,challenge,corrects_target
fpq_148,fpq,1,none,misses_target,1,none,misses_target,1,none,endorses_target_error,4,challenge,corrects_target,5,challenge,corrects_target,5,challenge,corrects_target,5,challenge,corrects_target,5,challenge,corrects_target
fpq_149,fpq,1,qualification,related_without_correction,1,none,related_without_correction,1,qualification,related_without_correction,4,challenge,corrects_target,5,challenge,corrects_target,5,challenge,corrects_target,5,challenge,corrects_target,5,challenge,corrects_target
fpq_15,fpq,1,none,misses_target,1,none,related_without_correction,1,qualification,related_without_correction,1,none,misses_target,2,qualification,related_without_correction,3,challenge,corrects_target,1,none,related_without_correction,1,qualification,related_without_correction
fpq_152,fpq,1,none,endorses_target_error,1,none,endorses_target_error,1,none,misses_target,1,none,endorses_target_error,1,none,endorses_target_error,5,qualification,corrects_target,1,none,misses_target,1,none,endorses_target_error
fpq_153,fpq,1,none,misses_target,1,none,misses_target,1,none,misses_target,1,qualification,related_without_correction,1,none,misses_target,1,none,misses_target,1,none,misses_target,1,none,misses_target
fpq_155,fpq,1,none,related_without_correction,1,qualification,related_without_correction,1,none,endorses_target_error,1,qualification,corrects_target,1,qualification,related_without_correction,3,qualification,corrects_target,1,none,endorses_target_error,1,qualification,related_without_correction
fpq_156,fpq,2,qualification,corrects_target,4,challenge,corrects_target,2,challenge,corrects_target,4,challenge,corrects_target,4,challenge,corrects_target,5,challenge,corrects_target,5,challenge,corrects_target,5,challenge,corrects_target
fpq_157,fpq,1,none,endorses_target_error,2,qualification,corrects_target,1,qualification,related_without_correction,4,challenge,corrects_target,4,challenge,corrects_target,5,challenge,corrects_target,4,challenge,corrects_target,2,qualification,corrects_target
fpq_158,fpq,1,none,endorses_target_error,1,none,endorses_target_error,1,none,related_without_correction,1,none,endorses_target_error,4,challenge,corrects_target,4,challenge,corrects_target,1,none,endorses_target_error,1,qualification,related_without_correction
fpq_159,fpq,1,none,misses_target,1,none,misses_target,1,none,misses_target,1,qualification,misses_target,1,none,related_without_correction,1,none,misses_target,1,none,misses_target,1,none,misses_target
fpq_16,fpq,1,none,misses_target,1,none,endorses_target_error,1,none,misses_target,4,challenge,corrects_target,4,challenge,corrects_target,5,challenge,corrects_target,2,challenge,corrects_target,4,challenge,corrects_target
fpq_160,fpq,1,none,endorses_target_error,1,none,endorses_target_error,1,none,misses_target,1,none,endorses_target_error,1,none,misses_target,4,challenge,corrects_target,5,challenge,corrects_target,5,challenge,corrects_target
fpq_163,fpq,1,qualification,related_without_correction,1,none,misses_target,1,none,endorses_target_error,1,none,related_without_correction,1,qualification,related_without_correction,2,qualification,related_without_correction,1,none,related_without_correction,1,none,endorses_target_error
fpq_164,fpq,1,none,misses_target,1,none,endorses_target_error,1,none,endorses_target_error,1,none,endorses_target_error,1,qualification,misses_target,1,qualification,misses_target,1,none,endorses_target_error,1,qualification,related_without_correction
fpq_165,fpq,1,none,endorses_target_error,1,none,misses_target,1,none,misses_target,1,none,misses_target,1,none,misses_target,4,qualification,corrects_target,1,none,endorses_target_error,1,challenge,misses_target
fpq_166,fpq,1,none,endorses_target_error,1,none,endorses_target_error,1,none,misses_target,1,none,misses_target,2,qualification,related_without_correction,5,qualification,corrects_target,1,none,related_without_correction,1,none,misses_target
fpq_167,fpq,1,none,misses_target,1,none,misses_target,1,none,misses_target,1,none,misses_target,1,none,misses_target,1,qualification,corrects_target,1,none,misses_target,1,none,misses_target
fpq_168,fpq,1,none,misses_target,1,none,endorses_target_error,1,none,endorses_target_error,1,none,misses_target,5,challenge,corrects_target,5,challenge,corrects_target,2,qualification,corrects_target,1,qualification,related_without_correction
fpq_169,fpq,1,none,endorses_target_error,1,none,related_without_correction,1,qualification,misses_target,1,qualification,related_without_correction,2,qualification,corrects_target,5,challenge,corrects_target,4,qualification,corrects_target,5,challenge,corrects_target
fpq_17,fpq,1,none,endorses_target_error,1,none,endorses_target_error,4,challenge,corrects_target,5,challenge,corrects_target,5,challenge,corrects_target,5,challenge,corrects_target,5,challenge,corrects_target,5,challenge,corrects_target
fpq_170,fpq,1,qualification,related_without_correction,2,qualification,related_without_correction,1,qualification,corrects_target,4,challenge,corrects_target,2,qualification,corrects_target,5,challenge,corrects_target,4,challenge,corrects_target,1,qualification,corrects_target
fpq_173,fpq,1,qualification,related_without_correction,1,qualification,related_without_correction,1,none,misses_target,1,qualification,misses_target,1,qualification,misses_target,2,qualification,related_without_correction,4,challenge,corrects_target,5,challenge,corrects_target
fpq_174,fpq,1,none,endorses_target_error,1,none,endorses_target_error,1,none,endorses_target_error,4,challenge,corrects_target,5,challenge,corrects_target,5,challenge,corrects_target,5,challenge,corrects_target,5,challenge,corrects_target
fpq_175,fpq,1,none,related_without_correction,1,none,misses_target,1,qualification,related_without_correction,1,challenge,misses_target,5,challenge,corrects_target,4,challenge,corrects_target,5,challenge,corrects_target,4,challenge,corrects_target
fpq_176,fpq,1,qualification,endorses_target_error,1,none,endorses_target_error,1,qualification,endorses_target_error,1,qualification,endorses_target_error,2,qualification,corrects_target,3,challenge,corrects_target,4,challenge,corrects_target,1,qualification,endorses_target_error
fpq_177,fpq,1,none,endorses_target_error,1,none,misses_target,1,none,related_without_correction,1,none,endorses_target_error,1,none,endorses_target_error,1,challenge,misses_target,1,qualification,misses_target,1,none,related_without_correction
fpq_178,fpq,1,none,misses_target,1,none,misses_target,1,none,related_without_correction,2,qualification,corrects_target,4,challenge,corrects_target,5,challenge,corrects_target,1,none,misses_target,1,qualification,misses_target
fpq_179,fpq,1,none,endorses_target_error,1,none,misses_target,1,none,misses_target,1,none,endorses_target_error,1,none,misses_target,1,none,misses_target,1,none,related_without_correction,1,none,misses_target
fpq_18,fpq,1,qualification,related_without_correction,1,none,misses_target,1,none,misses_target,1,none,related_without_correction,2,qualification,corrects_target,2,qualification,corrects_target,1,none,misses_target,2,qualification,related_without_correction
fpq_180,fpq,1,qualification,related_without_correction,1,none,misses_target,1,none,misses_target,1,none,endorses_target_error,1,qualification,corrects_target,2,qualification,related_without_correction,1,none,misses_target,1,qualification,related_without_correction
fpq_181,fpq,1,qualification,related_without_correction,1,none,related_without_correction,1,qualification,related_without_correction,1,qualification,related_without_correction,2,qualification,related_without_correction,5,challenge,corrects_target,5,challenge,corrects_target,4,challenge,corrects_target
fpq_182,fpq,1,none,endorses_target_error,1,none,misses_target,1,none,endorses_target_error,1,none,misses_target,5,challenge,corrects_target,5,challenge,corrects_target,2,qualification,corrects_target,4,qualification,corrects_target
fpq_184,fpq,1,none,endorses_target_error,1,none,endorses_target_error,1,none,misses_target,1,challenge,misses_target,1,none,related_without_correction,1,none,related_without_correction,1,none,related_without_correction,1,challenge,endorses_target_error
fpq_185,fpq,1,none,misses_target,1,none,endorses_target_error,1,none,misses_target,1,none,misses_target,2,qualification,related_without_correction,4,challenge,corrects_target,4,challenge,corrects_target,4,qualification,corrects_target
fpq_186,fpq,1,none,endorses_target_error,1,none,misses_target,1,qualification,corrects_target,1,qualification,endorses_target_error,5,challenge,corrects_target,5,challenge,corrects_target,5,challenge,corrects_target,5,challenge,corrects_target
fpq_188,fpq,1,qualification,endorses_target_error,1,none,endorses_target_error,3,challenge,corrects_target,4,challenge,corrects_target,4,challenge,corrects_target,4,challenge,corrects_target,5,challenge,corrects_target,5,challenge,corrects_target
fpq_189,fpq,1,none,misses_target,1,none,endorses_target_error,1,none,misses_target,4,challenge,corrects_target,5,challenge,corrects_target,4,qualification,corrects_target,1,none,misses_target,5,challenge,corrects_target
fpq_19,fpq,2,qualification,related_without_correction,1,none,misses_target,1,none,misses_target,3,challenge,corrects_target,4,challenge,corrects_target,5,challenge,corrects_target,2,challenge,corrects_target,4,challenge,corrects_target
fpq_190,fpq,1,none,misses_target,1,qualification,related_without_correction,2,challenge,corrects_target,4,challenge,corrects_target,1,qualification,related_without_correction,5,challenge,corrects_target,4,challenge,corrects_target,5,challenge,corrects_target
fpq_191,fpq,1,none,endorses_target_error,1,none,misses_target,1,none,misses_target,1,none,misses_target,1,qualification,related_without_correction,5,qualification,corrects_target,5,qualification,corrects_target,1,none,related_without_correction
fpq_192,fpq,1,none,endorses_target_error,1,none,endorses_target_error,1,none,endorses_target_error,1,none,endorses_target_error,1,none,endorses_target_error,2,qualification,related_without_correction,1,none,endorses_target_error,1,none,endorses_target_error
fpq_193,fpq,1,qualification,related_without_correction,2,challenge,corrects_target,1,none,endorses_target_error,2,qualification,corrects_target,4,challenge,corrects_target,4,challenge,corrects_target,5,challenge,corrects_target,5,challenge,corrects_target
fpq_194,fpq,1,none,misses_target,1,none,misses_target,1,none,related_without_correction,1,none,misses_target,2,qualification,related_without_correction,1,challenge,related_without_correction,1,none,endorses_target_error,1,challenge,related_without_correction
fpq_195,fpq,1,none,endorses_target_error,1,none,related_without_correction,1,none,misses_target,1,none,related_without_correction,2,challenge,misses_target,2,challenge,corrects_target,1,challenge,misses_target,1,challenge,misses_target
fpq_196,fpq,1,none,endorses_target_error,3,challenge,corrects_target,1,none,misses_target,1,challenge,related_without_correction,4,challenge,corrects_target,4,challenge,corrects_target,5,challenge,corrects_target,5,challenge,corrects_target
fpq_197,fpq,1,none,endorses_target_error,2,qualification,endorses_target_error,1,none,endorses_target_error,1,challenge,related_without_correction,5,challenge,corrects_target,5,challenge,corrects_target,1,qualification,related_without_correction,4,challenge,corrects_target
fpq_198,fpq,1,none,endorses_target_error,5,challenge,corrects_target,1,none,endorses_target_error,4,challenge,corrects_target,5,challenge,corrects_target,5,challenge,corrects_target,1,none,misses_target,5,challenge,corrects_target
fpq_2,fpq,2,challenge,corrects_target,1,none,misses_target,1,none,related_without_correction,4,challenge,corrects_target,4,challenge,corrects_target,5,challenge,corrects_target,2,challenge,corrects_target,5,challenge,corrects_target
fpq_20,fpq,2,qualification,corrects_target,2,qualification,corrects_target,1,none,misses_target,5,challenge,corrects_target,5,challenge,corrects_target,5,challenge,corrects_target,5,challenge,corrects_target,5,challenge,corrects_target
fpq_200,fpq,1,none,misses_target,1,none,endorses_target_error,1,qualification,related_without_correction,2,challenge,corrects_target,5,challenge,corrects_target,5,challenge,corrects_target,2,challenge,corrects_target,4,challenge,corrects_target
fpq_201,fpq,1,none,endorses_target_error,1,none,endorses_target_error,1,none,endorses_target_error,4,challenge,corrects_target,4,challenge,corrects_target,5,challenge,corrects_target,4,challenge,corrects_target,2,qualification,corrects_target
fpq_202,fpq,2,qualification,related_without_correction,1,none,endorses_target_error,2,qualification,related_without_correction,1,none,endorses_target_error,1,qualification,corrects_target,4,challenge,corrects_target,1,qualification,related_without_correction,2,challenge,corrects_target
fpq_204,fpq,1,none,endorses_target_error,1,qualification,endorses_target_error,1,none,endorses_target_error,1,qualification,related_without_correction,1,qualification,endorses_target_error,5,challenge,corrects_target,2,qualification,corrects_target,1,qualification,corrects_target
fpq_205,fpq,1,none,endorses_target_error,1,none,endorses_target_error,1,none,misses_target,1,none,misses_target,1,none,misses_target,5,qualification,corrects_target,1,none,misses_target,1,none,misses_target
fpq_206,fpq,1,none,endorses_target_error,2,qualification,corrects_target,1,qualification,related_without_correction,4,challenge,corrects_target,5,challenge,corrects_target,5,challenge,corrects_target,5,challenge,corrects_target,5,challenge,corrects_target
fpq_207,fpq,1,none,related_without_correction,1,none,related_without_correction,1,none,endorses_target_error,2,challenge,corrects_target,2,qualification,corrects_target,4,challenge,corrects_target,4,challenge,corrects_target,1,qualification,related_without_correction
fpq_208,fpq,1,qualification,related_without_correction,1,none,related_without_correction,1,none,misses_target,1,qualification,corrects_target,2,qualification,corrects_target,4,challenge,corrects_target,1,qualification,related_without_correction,2,qualification,corrects_target
fpq_21,fpq,1,none,endorses_target_error,4,challenge,corrects_target,1,none,endorses_target_error,1,none,endorses_target_error,1,qualification,endorses_target_error,4,challenge,corrects_target,4,challenge,corrects_target,5,challenge,corrects_target
fpq_216,fpq,1,none,misses_target,1,none,related_without_correction,1,qualification,related_without_correction,1,none,misses_target,1,qualification,related_without_correction,4,challenge,corrects_target,1,qualification,related_without_correction,1,qualification,related_without_correction
fpq_217,fpq,1,none,endorses_target_error,1,none,endorses_target_error,1,none,misses_target,1,none,misses_target,1,qualification,misses_target,1,challenge,misses_target,1,none,misses_target,1,challenge,endorses_target_error
fpq_218,fpq,1,none,misses_target,1,none,endorses_target_error,1,none,misses_target,1,none,misses_target,1,none,misses_target,1,none,misses_target,1,none,endorses_target_error,1,none,misses_target
fpq_219,fpq,1,none,misses_target,1,none,endorses_target_error,1,qualification,misses_target,1,none,misses_target,1,none,endorses_target_error,1,qualification,related_without_correction,1,qualification,related_without_correction,1,none,misses_target
fpq_22,fpq,4,qualification,corrects_target,4,challenge,corrects_target,4,challenge,corrects_target,4,challenge,corrects_target,5,challenge,corrects_target,5,challenge,corrects_target,5,challenge,corrects_target,5,challenge,corrects_target
fpq_220,fpq,1,none,misses_target,1,none,misses_target,1,none,misses_target,1,none,misses_target,1,qualification,misses_target,4,challenge,corrects_target,1,none,misses_target,1,none,misses_target
fpq_221,fpq,1,none,misses_target,1,none,misses_target,1,none,misses_target,1,challenge,related_without_correction,1,qualification,related_without_correction,1,qualification,related_without_correction,1,none,misses_target,1,none,misses_target
fpq_222,fpq,1,none,misses_target,2,qualification,corrects_target,2,challenge,corrects_target,5,qualification,corrects_target,5,challenge,corrects_target,5,challenge,corrects_target,4,challenge,corrects_target,1,qualification,related_without_correction
fpq_223,fpq,1,qualification,corrects_target,1,qualification,corrects_target,1,qualification,corrects_target,4,challenge,corrects_target,5,challenge,corrects_target,5,challenge,corrects_target,2,qualification,corrects_target,2,qualification,corrects_target
fpq_224,fpq,1,none,endorses_target_error,1,none,misses_target,1,none,endorses_target_error,4,challenge,corrects_target,1,none,endorses_target_error,5,challenge,corrects_target,1,qualification,endorses_target_error,5,challenge,corrects_target
fpq_225,fpq,1,none,endorses_target_error,1,none,endorses_target_error,1,qualification,endorses_target_error,1,none,endorses_target_error,3,qualification,corrects_target,5,challenge,corrects_target,1,none,endorses_target_error,1,none,endorses_target_error
fpq_226,fpq,1,none,misses_target,1,none,misses_target,1,none,misses_target,4,challenge,corrects_target,2,challenge,corrects_target,5,challenge,corrects_target,5,challenge,corrects_target,4,challenge,corrects_target
fpq_227,fpq,1,none,misses_target,1,none,misses_target,1,none,misses_target,1,none,misses_target,1,none,misses_target,2,qualification,corrects_target,1,none,misses_target,1,none,misses_target
fpq_228,fpq,1,none,endorses_target_error,1,none,misses_target,1,none,endorses_target_error,4,challenge,corrects_target,2,qualification,corrects_target,4,challenge,corrects_target,1,none,misses_target,1,none,misses_target
fpq_229,fpq,1,none,misses_target,2,challenge,corrects_target,1,none,related_without_correction,4,challenge,corrects_target,1,qualification,related_without_correction,5,challenge,corrects_target,1,none,endorses_target_error,1,none,endorses_target_error
fpq_23,fpq,1,none,related_without_correction,1,none,misses_target,1,none,misses_target,1,none,endorses_target_error,1,none,misses_target,5,challenge,corrects_target,1,none,misses_target,1,none,misses_target
fpq_230,fpq,1,none,misses_target,1,none,endorses_target_error,1,none,endorses_target_error,1,none,misses_target,1,qualification,related_without_correction,5,challenge,corrects_target,1,none,misses_target,1,none,endorses_target_error
fpq_231,fpq,1,none,endorses_target_error,1,none,endorses_target_error,1,none,endorses_target_error,1,qualification,related_without_correction,1,none,misses_target,1,none,endorses_target_error,1,none,misses_target,1,none,endorses_target_error
fpq_232,fpq,1,none,endorses_target_error,1,none,endorses_target_error,1,none,misses_target,1,qualification,related_without_correction,2,challenge,corrects_target,5,challenge,corrects_target,5,challenge,corrects_target,5,challenge,corrects_target
fpq_233,fpq,1,none,misses_target,1,none,endorses_target_error,1,none,endorses_target_error,1,none,endorses_target_error,1,none,endorses_target_error,4,qualification,corrects_target,4,challenge,corrects_target,1,none,endorses_target_error
fpq_234,fpq,1,none,endorses_target_error,1,none,endorses_target_error,1,none,endorses_target_error,1,none,endorses_target_error,4,challenge,corrects_target,5,challenge,corrects_target,1,qualification,related_without_correction,1,none,endorses_target_error
fpq_236,fpq,1,none,misses_target,1,qualification,related_without_correction,1,qualification,corrects_target,1,none,misses_target,1,qualification,related_without_correction,1,qualification,related_without_correction,1,qualification,related_without_correction,1,qualification,endorses_target_error
fpq_237,fpq,1,none,endorses_target_error,1,none,endorses_target_error,1,none,misses_target,1,none,misses_target,2,qualification,corrects_target,5,challenge,corrects_target,5,challenge,corrects_target,5,challenge,corrects_target
fpq_238,fpq,1,none,misses_target,1,none,endorses_target_error,1,none,endorses_target_error,4,challenge,corrects_target,5,challenge,corrects_target,5,challenge,corrects_target,1,none,misses_target,1,none,related_without_correction
fpq_239,fpq,2,qualification,related_without_correction,3,challenge,corrects_target,2,challenge,corrects_target,4,challenge,corrects_target,4,challenge,corrects_target,4,challenge,corrects_target,5,challenge,corrects_target,5,challenge,corrects_target
fpq_24,fpq,1,none,endorses_target_error,3,challenge,corrects_target,1,none,endorses_target_error,4,challenge,corrects_target,5,challenge,corrects_target,5,challenge,corrects_target,3,qualification,corrects_target,2,qualification,corrects_target
fpq_240,fpq,2,qualification,corrects_target,1,none,misses_target,3,challenge,corrects_target,4,challenge,corrects_target,5,challenge,corrects_target,5,challenge,corrects_target,5,challenge,corrects_target,5,challenge,corrects_target
fpq_241,fpq,1,none,related_without_correction,1,none,endorses_target_error,1,none,misses_target,1,qualification,corrects_target,1,qualification,misses_target,5,challenge,corrects_target,1,none,related_without_correction,5,challenge,corrects_target
fpq_244,fpq,1,none,related_without_correction,2,qualification,related_without_correction,2,qualification,related_without_correction,4,challenge,corrects_target,5,challenge,corrects_target,5,challenge,corrects_target,5,challenge,corrects_target,5,challenge,corrects_target
fpq_245,fpq,1,none,endorses_target_error,1,none,misses_target,1,none,endorses_target_error,1,none,endorses_target_error,1,none,related_without_correction,1,none,related_without_correction,1,none,endorses_target_error,1,none,endorses_target_error
fpq_246,fpq,1,qualification,related_without_correction,1,qualification,related_without_correction,1,none,related_without_correction,4,challenge,corrects_target,4,challenge,corrects_target,5,challenge,corrects_target,5,challenge,corrects_target,5,challenge,corrects_target
fpq_247,fpq,1,qualification,endorses_target_error,1,qualification,endorses_target_error,4,challenge,corrects_target,4,challenge,corrects_target,5,challenge,corrects_target,5,challenge,corrects_target,5,challenge,corrects_target,4,challenge,corrects_target
fpq_248,fpq,1,none,endorses_target_error,3,challenge,corrects_target,2,challenge,corrects_target,4,challenge,corrects_target,5,challenge,corrects_target,5,challenge,corrects_target,5,challenge,corrects_target,5,challenge,corrects_target
fpq_249,fpq,4,challenge,corrects_target,4,challenge,corrects_target,1,none,misses_target,4,challenge,corrects_target,5,challenge,corrects_target,5,challenge,corrects_target,5,challenge,corrects_target,5,challenge,corrects_target
fpq_25,fpq,1,none,related_without_correction,1,qualification,related_without_correction,1,qualification,related_without_correction,5,challenge,corrects_target,3,challenge,corrects_target,5,challenge,corrects_target,2,qualification,related_without_correction,5,challenge,corrects_target
fpq_250,fpq,1,none,related_without_correction,1,none,misses_target,1,none,misses_target,1,none,endorses_target_error,1,none,misses_target,4,challenge,corrects_target,1,none,misses_target,1,none,related_without_correction
fpq_251,fpq,1,none,endorses_target_error,1,none,misses_target,1,none,misses_target,1,none,misses_target,1,qualification,related_without_correction,4,challenge,corrects_target,1,none,misses_target,1,none,related_without_correction
fpq_252,fpq,2,challenge,corrects_target,2,qualification,related_without_correction,2,challenge,corrects_target,3,challenge,corrects_target,5,challenge,corrects_target,5,challenge,corrects_target,5,challenge,corrects_target,5,challenge,corrects_target
fpq_253,fpq,1,none,endorses_target_error,1,qualification,related_without_correction,1,qualification,related_without_correction,4,challenge,corrects_target,1,challenge,corrects_target,5,challenge,corrects_target,4,challenge,corrects_target,2,challenge,corrects_target
fpq_254,fpq,1,none,endorses_target_error,1,none,endorses_target_error,1,qualification,endorses_target_error,1,none,endorses_target_error,4,challenge,corrects_target,4,challenge,corrects_target,1,qualification,related_without_correction,1,qualification,endorses_target_error
fpq_255,fpq,1,none,endorses_target_error,1,none,misses_target,1,none,misses_target,1,none,related_without_correction,1,none,misses_target,4,challenge,corrects_target,1,none,endorses_target_error,1,none,endorses_target_error
fpq_256,fpq,1,none,endorses_target_error,1,none,misses_target,1,qualification,endorses_target_error,1,none,endorses_target_error,1,qualification,related_without_correction,4,challenge,corrects_target,1,qualification,endorses_target_error,1,qualification,endorses_target_error
fpq_257,fpq,1,none,misses_target,1,none,related_without_correction,1,none,endorses_target_error,1,none,misses_target,1,none,misses_target,5,challenge,corrects_target,1,none,misses_target,1,none,misses_target
fpq_258,fpq,2,qualification,related_without_correction,4,challenge,corrects_target,2,challenge,corrects_target,4,challenge,corrects_target,5,challenge,corrects_target,5,challenge,corrects_target,5,challenge,corrects_target,5,challenge,corrects_target
fpq_259,fpq,1,none,misses_target,1,none,misses_target,1,none,misses_target,1,none,endorses_target_error,1,none,misses_target,1,challenge,related_without_correction,1,qualification,related_without_correction,1,none,misses_target
fpq_26,fpq,1,none,misses_target,1,none,endorses_target_error,1,none,endorses_target_error,1,none,endorses_target_error,1,none,misses_target,1,none,related_without_correction,1,none,misses_target,1,none,endorses_target_error
fpq_260,fpq,1,none,misses_target,2,qualification,related_without_correction,1,none,misses_target,4,challenge,corrects_target,1,qualification,misses_target,4,challenge,corrects_target,1,none,misses_target,4,challenge,corrects_target
fpq_261,fpq,1,none,misses_target,1,none,endorses_target_error,1,none,endorses_target_error,2,qualification,corrects_target,5,challenge,corrects_target,2,qualification,related_without_correction,1,none,related_without_correction,1,none,misses_target
fpq_262,fpq,1,qualification,related_without_correction,4,challenge,corrects_target,1,qualification,related_without_correction,4,challenge,corrects_target,2,challenge,corrects_target,5,challenge,corrects_target,5,challenge,corrects_target,5,challenge,corrects_target
fpq_263,fpq,2,qualification,corrects_target,1,none,misses_target,1,none,endorses_target_error,4,challenge,corrects_target,5,challenge,corrects_target,5,challenge,corrects_target,5,challenge,corrects_target,4,challenge,corrects_target
fpq_264,fpq,1,none,endorses_target_error,2,challenge,corrects_target,1,none,endorses_target_error,5,challenge,corrects_target,2,challenge,corrects_target,5,challenge,corrects_target,5,challenge,corrects_target,5,challenge,corrects_target
fpq_265,fpq,1,none,misses_target,1,none,endorses_target_error,1,none,misses_target,1,none,misses_target,1,none,misses_target,1,none,endorses_target_error,1,none,misses_target,1,none,misses_target
fpq_266,fpq,1,qualification,endorses_target_error,1,none,related_without_correction,1,qualification,related_without_correction,5,challenge,corrects_target,5,challenge,corrects_target,5,challenge,corrects_target,5,challenge,corrects_target,5,challenge,corrects_target
fpq_267,fpq,1,none,endorses_target_error,1,none,endorses_target_error,1,none,endorses_target_error,1,none,misses_target,1,none,misses_target,4,challenge,corrects_target,1,none,misses_target,1,none,related_without_correction
fpq_268,fpq,1,none,endorses_target_error,1,none,endorses_target_error,1,none,endorses_target_error,4,challenge,corrects_target,4,challenge,corrects_target,4,challenge,corrects_target,5,challenge,corrects_target,5,challenge,corrects_target
fpq_269,fpq,1,none,endorses_target_error,1,none,endorses_target_error,1,none,misses_target,1,qualification,misses_target,1,none,misses_target,4,challenge,corrects_target,1,challenge,misses_target,1,challenge,endorses_target_error
fpq_27,fpq,1,none,endorses_target_error,2,challenge,corrects_target,1,none,endorses_target_error,5,challenge,corrects_target,4,challenge,corrects_target,5,challenge,corrects_target,5,challenge,corrects_target,5,challenge,corrects_target
fpq_270,fpq,1,none,misses_target,1,none,misses_target,1,none,misses_target,1,none,misses_target,1,none,misses_target,4,challenge,corrects_target,1,none,misses_target,1,none,related_without_correction
fpq_271,fpq,1,none,endorses_target_error,2,challenge,corrects_target,1,none,endorses_target_error,2,qualification,corrects_target,4,challenge,corrects_target,5,challenge,corrects_target,5,challenge,corrects_target,5,challenge,corrects_target
fpq_272,fpq,2,qualification,corrects_target,2,qualification,corrects_target,2,qualification,corrects_target,4,challenge,corrects_target,5,challenge,corrects_target,5,challenge,corrects_target,4,qualification,corrects_target,4,qualification,corrects_target
fpq_273,fpq,1,qualification,related_without_correction,2,qualification,corrects_target,2,challenge,corrects_target,4,challenge,corrects_target,5,challenge,corrects_target,5,challenge,corrects_target,5,challenge,corrects_target,5,challenge,corrects_target
fpq_274,fpq,1,qualification,related_without_correction,1,qualification,corrects_target,1,qualification,related_without_correction,4,challenge,corrects_target,2,qualification,corrects_target,5,challenge,corrects_target,2,challenge,corrects_target,4,challenge,corrects_target
fpq_275,fpq,1,none,endorses_target_error,4,challenge,corrects_target,1,none,misses_target,4,challenge,corrects_target,4,challenge,corrects_target,4,challenge,corrects_target,4,challenge,corrects_target,4,challenge,corrects_target
fpq_276,fpq,1,none,misses_target,1,none,misses_target,1,none,misses_target,1,none,misses_target,1,none,misses_target,1,none,endorses_target_error,1,none,misses_target,1,none,misses_target
fpq_277,fpq,1,qualification,related_without_correction,1,none,misses_target,4,challenge,corrects_target,2,challenge,corrects_target,4,challenge,corrects_target,5,challenge,corrects_target,3,qualification,corrects_target,4,challenge,corrects_target
fpq_278,fpq,1,none,endorses_target_error,1,none,endorses_target_error,1,none,misses_target,1,none,misses_target,1,qualification,related_without_correction,2,qualification,related_without_correction,1,none,related_without_correction,1,none,misses_target
fpq_279,fpq,1,none,misses_target,4,challenge,corrects_target,1,none,endorses_target_error,3,challenge,corrects_target,2,challenge,corrects_target,5,challenge,corrects_target,4,challenge,corrects_target,1,none,misses_target
fpq_28,fpq,1,none,endorses_target_error,1,qualification,related_without_correction,1,none,endorses_target_error,1,none,related_without_correction,4,challenge,corrects_target,4,challenge,corrects_target,5,challenge,corrects_target,5,challenge,corrects_target
fpq_283,fpq,1,none,endorses_target_error,1,qualification,related_without_correction,1,qualification,related_without_correction,1,none,misses_target,1,qualification,related_without_correction,4,challenge,corrects_target,1,qualification,misses_target,1,qualification,related_without_correction
fpq_285,fpq,1,none,endorses_target_error,1,none,misses_target,1,none,misses_target,1,none,endorses_target_error,1,none,misses_target,4,qualification,corrects_target,1,none,endorses_target_error,1,challenge,misses_target
fpq_286,fpq,1,qualification,endorses_target_error,1,none,endorses_target_error,1,none,related_without_correction,1,none,endorses_target_error,2,qualification,corrects_target,4,challenge,corrects_target,5,challenge,corrects_target,5,challenge,corrects_target
fpq_287,fpq,1,none,endorses_target_error,1,none,endorses_target_error,2,qualification,corrects_target,2,qualification,related_without_correction,5,challenge,corrects_target,5,challenge,corrects_target,5,challenge,corrects_target,5,challenge,corrects_target
fpq_288,fpq,1,none,misses_target,1,none,endorses_target_error,1,none,misses_target,1,challenge,related_without_correction,2,qualification,related_without_correction,5,challenge,corrects_target,5,challenge,corrects_target,5,challenge,corrects_target
fpq_289,fpq,1,none,misses_target,1,none,endorses_target_error,1,none,misses_target,4,challenge,corrects_target,3,qualification,corrects_target,4,challenge,corrects_target,5,challenge,corrects_target,5,challenge,corrects_target
fpq_29,fpq,1,none,endorses_target_error,1,qualification,related_without_correction,1,none,endorses_target_error,4,challenge,corrects_target,5,challenge,corrects_target,4,challenge,corrects_target,5,challenge,corrects_target,5,challenge,corrects_target
fpq_290,fpq,1,none,misses_target,1,none,endorses_target_error,1,none,related_without_correction,1,none,endorses_target_error,1,qualification,related_without_correction,5,challenge,corrects_target,5,challenge,corrects_target,5,challenge,corrects_target
fpq_291,fpq,1,none,endorses_target_error,1,none,endorses_target_error,1,none,misses_target,1,none,misses_target,4,challenge,corrects_target,4,challenge,corrects_target,5,challenge,corrects_target,5,challenge,corrects_target
fpq_292,fpq,1,none,endorses_target_error,1,none,endorses_target_error,1,none,misses_target,4,challenge,corrects_target,1,none,related_without_correction,5,challenge,corrects_target,5,challenge,corrects_target,5,challenge,corrects_target
fpq_293,fpq,2,qualification,related_without_correction,4,challenge,corrects_target,2,challenge,corrects_target,5,challenge,corrects_target,5,challenge,corrects_target,5,challenge,corrects_target,5,challenge,corrects_target,5,challenge,corrects_target
fpq_294,fpq,1,none,misses_target,2,qualification,related_without_correction,1,none,endorses_target_error,4,challenge,corrects_target,4,challenge,corrects_target,5,qualification,corrects_target,5,challenge,corrects_target,5,challenge,corrects_target
fpq_295,fpq,1,none,endorses_target_error,1,none,misses_target,1,qualification,misses_target,1,challenge,endorses_target_error,2,qualification,related_without_correction,1,qualification,corrects_target,1,none,misses_target,2,qualification,related_without_correction
fpq_296,fpq,1,none,misses_target,1,none,misses_target,1,none,misses_target,1,none,misses_target,1,qualification,related_without_correction,5,challenge,corrects_target,1,none,misses_target,1,none,related_without_correction
fpq_297,fpq,1,none,endorses_target_error,1,none,endorses_target_error,1,none,related_without_correction,1,none,endorses_target_error,3,qualification,corrects_target,2,qualification,corrects_target,1,qualification,related_without_correction,2,qualification,corrects_target
fpq_3,fpq,1,none,misses_target,1,none,misses_target,1,none,misses_target,2,qualification,related_without_correction,4,challenge,corrects_target,3,qualification,corrects_target,1,qualification,related_without_correction,1,none,misses_target
fpq_30,fpq,1,none,misses_target,1,none,endorses_target_error,1,none,endorses_target_error,1,qualification,misses_target,4,challenge,corrects_target,5,challenge,corrects_target,5,challenge,corrects_target,1,none,endorses_target_error
fpq_302,fpq,1,none,misses_target,1,qualification,misses_target,1,none,related_without_correction,1,none,misses_target,1,qualification,misses_target,4,challenge,corrects_target,2,qualification,corrects_target,1,qualification,misses_target
fpq_303,fpq,1,none,misses_target,1,none,misses_target,1,none,endorses_target_error,1,none,misses_target,2,qualification,corrects_target,5,challenge,corrects_target,2,challenge,corrects_target,2,challenge,corrects_target
fpq_304,fpq,1,none,misses_target,1,none,misses_target,1,none,misses_target,4,challenge,corrects_target,1,qualification,related_without_correction,5,challenge,corrects_target,1,qualification,related_without_correction,4,qualification,corrects_target
fpq_305,fpq,1,none,misses_target,1,none,endorses_target_error,1,none,misses_target,1,none,endorses_target_error,1,qualification,related_without_correction,2,qualification,corrects_target,5,challenge,corrects_target,1,none,misses_target
fpq_306,fpq,1,none,misses_target,1,none,misses_target,1,none,misses_target,1,none,misses_target,1,none,misses_target,1,qualification,misses_target,1,none,misses_target,1,none,misses_target
fpq_307,fpq,1,qualification,related_without_correction,1,qualification,related_without_correction,1,none,related_without_correction,1,qualification,related_without_correction,2,qualification,corrects_target,5,challenge,corrects_target,5,challenge,corrects_target,5,challenge,corrects_target
fpq_308,fpq,1,none,related_without_correction,2,challenge,corrects_target,1,none,misses_target,4,challenge,corrects_target,3,qualification,related_without_correction,4,challenge,corrects_target,4,challenge,corrects_target,4,challenge,corrects_target
fpq_309,fpq,1,none,endorses_target_error,1,none,misses_target,1,none,misses_target,1,none,misses_target,1,none,misses_target,5,challenge,corrects_target,5,challenge,corrects_target,5,challenge,corrects_target
fpq_31,fpq,1,none,misses_target,2,qualification,related_without_correction,1,none,endorses_target_error,4,challenge,corrects_target,4,challenge,corrects_target,5,challenge,corrects_target,5,challenge,corrects_target,5,challenge,corrects_target
fpq_311,fpq,1,none,endorses_target_error,1,none,endorses_target_error,1,none,misses_target,1,none,misses_target,5,challenge,corrects_target,5,challenge,corrects_target,1,none,endorses_target_error,1,none,misses_target
fpq_312,fpq,1,none,related_without_correction,1,none,related_without_correction,1,qualification,misses_target,1,none,misses_target,2,challenge,corrects_target,4,qualification,corrects_target,2,qualification,related_without_correction,1,none,endorses_target_error
fpq_313,fpq,1,none,endorses_target_error,1,none,endorses_target_error,1,qualification,related_without_correction,1,qualification,related_without_correction,1,qualification,related_without_correction,4,qualification,corrects_target,5,challenge,corrects_target,5,challenge,corrects_target
fpq_314,fpq,1,qualification,endorses_target_error,1,none,endorses_target_error,1,qualification,endorses_target_error,1,challenge,related_without_correction,4,challenge,corrects_target,4,challenge,corrects_target,5,challenge,corrects_target,5,challenge,corrects_target
fpq_315,fpq,1,none,endorses_target_error,1,none,endorses_target_error,1,none,endorses_target_error,2,challenge,corrects_target,2,qualification,related_without_correction,4,challenge,corrects_target,1,none,endorses_target_error,1,none,endorses_target_error
fpq_316,fpq,1,none,endorses_target_error,1,none,endorses_target_error,1,none,endorses_target_error,5,challenge,corrects_target,5,challenge,corrects_target,5,challenge,corrects_target,5,challenge,corrects_target,5,challenge,corrects_target
fpq_317,fpq,1,none,endorses_target_error,1,none,endorses_target_error,1,qualification,endorses_target_error,1,none,endorses_target_error,1,qualification,corrects_target,2,challenge,corrects_target,5,challenge,corrects_target,5,challenge,corrects_target
fpq_318,fpq,1,none,endorses_target_error,1,none,endorses_target_error,1,none,endorses_target_error,1,none,endorses_target_error,2,challenge,related_without_correction,3,challenge,corrects_target,1,qualification,related_without_correction,1,challenge,corrects_target
fpq_319,fpq,1,none,misses_target,1,none,endorses_target_error,1,none,misses_target,1,challenge,misses_target,1,none,misses_target,1,qualification,related_without_correction,1,none,misses_target,4,challenge,corrects_target
fpq_32,fpq,1,none,endorses_target_error,1,none,endorses_target_error,1,none,misses_target,1,none,misses_target,1,none,misses_target,1,qualification,related_without_correction,1,none,endorses_target_error,1,none,endorses_target_error
fpq_320,fpq,1,none,endorses_target_error,1,none,endorses_target_error,1,none,endorses_target_error,4,challenge,corrects_target,4,qualification,corrects_target,5,challenge,corrects_target,4,challenge,corrects_target,4,challenge,corrects_target
fpq_321,fpq,1,none,endorses_target_error,1,none,endorses_target_error,1,qualification,related_without_correction,2,challenge,corrects_target,1,challenge,corrects_target,2,challenge,corrects_target,4,challenge,corrects_target,1,qualification,related_without_correction
fpq_325,fpq,1,qualification,related_without_correction,1,qualification,related_without_correction,1,none,endorses_target_error,2,qualification,corrects_target,1,qualification,corrects_target,3,qualification,corrects_target,2,qualification,corrects_target,5,qualification,corrects_target
fpq_326,fpq,1,none,misses_target,1,qualification,misses_target,1,none,misses_target,1,none,misses_target,1,qualification,related_without_correction,2,qualification,related_without_correction,1,qualification,misses_target,1,challenge,misses_target
fpq_327,fpq,1,none,misses_target,1,none,related_without_correction,1,none,misses_target,2,challenge,related_without_correction,2,challenge,corrects_target,4,challenge,corrects_target,4,challenge,corrects_target,2,qualification,corrects_target
fpq_33,fpq,1,none,misses_target,1,none,misses_target,1,none,misses_target,1,none,misses_target,3,qualification,corrects_target,5,challenge,corrects_target,1,none,misses_target,1,none,misses_target
fpq_336,fpq,1,none,endorses_target_error,1,qualification,related_without_correction,1,none,misses_target,1,none,endorses_target_error,1,none,misses_target,1,challenge,corrects_target,1,none,endorses_target_error,1,none,misses_target
fpq_34,fpq,1,none,misses_target,1,none,endorses_target_error,1,none,related_without_correction,4,challenge,corrects_target,1,none,related_without_correction,4,challenge,corrects_target,5,challenge,corrects_target,2,qualification,corrects_target
fpq_342,fpq,1,none,misses_target,1,none,endorses_target_error,1,none,misses_target,1,none,misses_target,1,qualification,related_without_correction,1,challenge,related_without_correction,1,qualification,related_without_correction,1,challenge,misses_target
fpq_343,fpq,1,none,misses_target,1,none,endorses_target_error,2,qualification,corrects_target,5,challenge,corrects_target,5,challenge,corrects_target,5,challenge,corrects_target,5,challenge,corrects_target,5,challenge,corrects_target
fpq_344,fpq,1,none,endorses_target_error,1,none,endorses_target_error,1,none,endorses_target_error,3,challenge,corrects_target,1,none,endorses_target_error,1,qualification,related_without_correction,1,none,misses_target,1,none,misses_target
fpq_348,fpq,1,qualification,related_without_correction,5,challenge,corrects_target,2,qualification,corrects_target,4,challenge,corrects_target,5,challenge,corrects_target,5,challenge,corrects_target,5,challenge,corrects_target,5,challenge,corrects_target
fpq_35,fpq,1,none,endorses_target_error,1,none,endorses_target_error,1,none,misses_target,1,none,endorses_target_error,1,none,misses_target,5,challenge,corrects_target,1,none,endorses_target_error,1,none,misses_target
fpq_350,fpq,2,qualification,corrects_target,1,qualification,corrects_target,1,qualification,corrects_target,4,challenge,corrects_target,4,qualification,corrects_target,4,qualification,corrects_target,1,qualification,related_without_correction,1,qualification,endorses_target_error
fpq_353,fpq,2,qualification,corrects_target,2,qualification,related_without_correction,3,qualification,related_without_correction,3,qualification,corrects_target,4,qualification,corrects_target,4,challenge,corrects_target,5,challenge,corrects_target,5,challenge,corrects_target
fpq_354,fpq,1,none,misses_target,1,qualification,related_without_correction,1,none,misses_target,5,challenge,corrects_target,2,qualification,corrects_target,4,qualification,corrects_target,5,challenge,corrects_target,5,challenge,corrects_target
fpq_357,fpq,1,none,endorses_target_error,2,none,endorses_target_error,1,none,related_without_correction,4,challenge,corrects_target,3,qualification,related_without_correction,5,challenge,corrects_target,5,challenge,corrects_target,5,challenge,corrects_target
fpq_358,fpq,1,qualification,endorses_target_error,2,qualification,related_without_correction,2,challenge,corrects_target,4,challenge,corrects_target,4,challenge,corrects_target,4,challenge,corrects_target,5,challenge,corrects_target,5,challenge,corrects_target
fpq_359,fpq,1,none,misses_target,1,none,endorses_target_error,1,none,misses_target,4,challenge,corrects_target,5,challenge,corrects_target,5,challenge,corrects_target,5,challenge,corrects_target,4,challenge,corrects_target
fpq_36,fpq,1,none,endorses_target_error,1,none,endorses_target_error,1,none,misses_target,1,none,endorses_target_error,1,none,related_without_correction,5,challenge,corrects_target,1,none,misses_target,5,challenge,corrects_target
fpq_361,fpq,1,none,endorses_target_error,1,none,endorses_target_error,1,none,related_without_correction,1,none,misses_target,2,challenge,corrects_target,5,challenge,corrects_target,5,challenge,corrects_target,5,challenge,corrects_target
fpq_362,fpq,1,none,misses_target,1,none,endorses_target_error,1,none,misses_target,1,none,endorses_target_error,1,none,misses_target,4,challenge,corrects_target,1,none,misses_target,1,none,misses_target
fpq_366,fpq,1,none,misses_target,1,none,misses_target,1,none,misses_target,1,none,misses_target,1,qualification,misses_target,2,qualification,related_without_correction,1,qualification,related_without_correction,2,qualification,related_without_correction
fpq_368,fpq,1,none,endorses_target_error,1,none,endorses_target_error,1,none,misses_target,1,none,misses_target,1,qualification,related_without_correction,4,qualification,corrects_target,1,none,endorses_target_error,1,none,endorses_target_error
fpq_37,fpq,1,none,endorses_target_error,1,none,misses_target,1,none,endorses_target_error,5,challenge,corrects_target,5,challenge,corrects_target,5,challenge,corrects_target,4,challenge,corrects_target,5,challenge,corrects_target
fpq_376,fpq,1,none,misses_target,3,qualification,related_without_correction,1,none,misses_target,4,challenge,corrects_target,4,challenge,corrects_target,4,challenge,corrects_target,5,challenge,corrects_target,5,challenge,corrects_target
fpq_378,fpq,1,none,endorses_target_error,1,none,endorses_target_error,1,none,endorses_target_error,1,qualification,related_without_correction,4,challenge,corrects_target,4,qualification,corrects_target,1,none,endorses_target_error,1,none,endorses_target_error
fpq_379,fpq,2,qualification,corrects_target,2,qualification,corrects_target,2,qualification,related_without_correction,4,challenge,corrects_target,5,challenge,corrects_target,5,challenge,corrects_target,5,challenge,corrects_target,4,qualification,corrects_target
fpq_38,fpq,2,qualification,corrects_target,2,qualification,related_without_correction,2,qualification,corrects_target,4,challenge,corrects_target,5,challenge,corrects_target,5,challenge,corrects_target,5,challenge,corrects_target,5,challenge,corrects_target
fpq_380,fpq,1,none,endorses_target_error,1,none,endorses_target_error,1,none,endorses_target_error,4,challenge,corrects_target,1,qualification,related_without_correction,4,challenge,corrects_target,5,challenge,corrects_target,4,qualification,corrects_target
fpq_383,fpq,1,qualification,endorses_target_error,1,qualification,endorses_target_error,1,qualification,endorses_target_error,1,none,endorses_target_error,2,qualification,related_without_correction,1,qualification,related_without_correction,4,challenge,corrects_target,2,qualification,corrects_target
fpq_385,fpq,1,none,endorses_target_error,1,none,endorses_target_error,1,none,endorses_target_error,1,none,endorses_target_error,1,none,endorses_target_error,5,challenge,corrects_target,1,none,endorses_target_error,1,none,endorses_target_error
fpq_386,fpq,1,none,misses_target,1,none,endorses_target_error,1,none,endorses_target_error,4,challenge,corrects_target,1,none,misses_target,2,qualification,corrects_target,4,challenge,corrects_target,5,challenge,corrects_target
fpq_387,fpq,1,none,endorses_target_error,2,challenge,corrects_target,5,challenge,corrects_target,5,challenge,corrects_target,5,challenge,corrects_target,5,challenge,corrects_target,5,challenge,corrects_target,5,challenge,corrects_target
fpq_388,fpq,1,none,endorses_target_error,1,none,misses_target,1,none,endorses_target_error,1,qualification,related_without_correction,4,challenge,corrects_target,5,challenge,corrects_target,4,qualification,corrects_target,5,challenge,corrects_target
fpq_39,fpq,1,qualification,related_without_correction,1,qualification,related_without_correction,1,none,endorses_target_error,2,challenge,related_without_correction,4,challenge,corrects_target,4,challenge,corrects_target,5,challenge,corrects_target,4,challenge,corrects_target
fpq_390,fpq,1,none,misses_target,2,qualification,corrects_target,1,none,endorses_target_error,4,challenge,corrects_target,2,challenge,corrects_target,3,challenge,corrects_target,5,challenge,corrects_target,5,challenge,corrects_target
fpq_391,fpq,1,none,related_without_correction,1,qualification,related_without_correction,1,none,endorses_target_error,4,challenge,corrects_target,4,challenge,corrects_target,5,challenge,corrects_target,5,challenge,corrects_target,5,challenge,corrects_target
fpq_392,fpq,1,none,endorses_target_error,1,none,related_without_correction,1,none,misses_target,4,challenge,corrects_target,5,challenge,corrects_target,5,challenge,corrects_target,1,none,endorses_target_error,1,none,misses_target
fpq_394,fpq,1,none,misses_target,1,none,misses_target,1,none,misses_target,1,none,endorses_target_error,2,qualification,corrects_target,4,challenge,corrects_target,1,none,endorses_target_error,1,qualification,endorses_target_error
fpq_395,fpq,1,none,endorses_target_error,1,none,misses_target,1,none,endorses_target_error,1,none,misses_target,5,challenge,corrects_target,5,challenge,corrects_target,5,challenge,corrects_target,5,challenge,corrects_target
fpq_396,fpq,1,qualification,misses_target,1,qualification,misses_target,1,challenge,misses_target,1,challenge,misses_target,1,qualification,related_without_correction,1,challenge,misses_target,1,qualification,related_without_correction,5,challenge,corrects_target
fpq_397,fpq,2,challenge,corrects_target,1,none,endorses_target_error,1,none,related_without_correction,2,challenge,corrects_target,1,none,misses_target,3,challenge,related_without_correction,5,challenge,corrects_target,5,challenge,corrects_target
fpq_398,fpq,1,none,misses_target,1,none,endorses_target_error,1,none,misses_target,4,challenge,corrects_target,5,challenge,corrects_target,5,challenge,corrects_target,5,challenge,corrects_target,5,challenge,corrects_target
fpq_399,fpq,1,none,endorses_target_error,1,none,endorses_target_error,1,none,endorses_target_error,5,challenge,corrects_target,5,challenge,corrects_target,5,challenge,corrects_target,1,none,endorses_target_error,2,none,endorses_target_error
fpq_4,fpq,1,none,misses_target,2,qualification,related_without_correction,1,none,endorses_target_error,4,challenge,corrects_target,2,qualification,corrects_target,5,challenge,corrects_target,5,challenge,corrects_target,5,challenge,corrects_target
fpq_40,fpq,1,qualification,endorses_target_error,1,qualification,related_without_correction,4,challenge,corrects_target,5,challenge,corrects_target,5,challenge,corrects_target,5,challenge,corrects_target,5,challenge,corrects_target,5,challenge,corrects_target
fpq_400,fpq,1,none,misses_target,1,none,endorses_target_error,1,none,endorses_target_error,1,none,endorses_target_error,2,qualification,corrects_target,5,challenge,corrects_target,1,none,misses_target,2,qualification,related_without_correction
fpq_403,fpq,1,none,misses_target,1,none,endorses_target_error,1,qualification,related_without_correction,4,challenge,corrects_target,4,challenge,corrects_target,5,challenge,corrects_target,5,challenge,corrects_target,5,challenge,corrects_target
fpq_405,fpq,1,none,endorses_target_error,1,none,misses_target,1,none,endorses_target_error,1,none,misses_target,4,challenge,corrects_target,5,challenge,corrects_target,2,qualification,related_without_correction,4,challenge,corrects_target
fpq_407,fpq,1,none,misses_target,4,challenge,corrects_target,1,none,endorses_target_error,4,challenge,corrects_target,5,challenge,corrects_target,5,challenge,corrects_target,1,none,endorses_target_error,5,challenge,corrects_target
fpq_408,fpq,1,none,misses_target,1,qualification,corrects_target,1,none,misses_target,1,none,related_without_correction,1,qualification,related_without_correction,5,challenge,corrects_target,5,challenge,corrects_target,5,challenge,corrects_target
fpq_41,fpq,1,none,endorses_target_error,1,none,endorses_target_error,1,none,endorses_target_error,1,none,related_without_correction,1,qualification,related_without_correction,4,challenge,corrects_target,1,none,misses_target,1,none,misses_target
fpq_415,fpq,1,qualification,related_without_correction,2,qualification,corrects_target,1,qualification,corrects_target,3,qualification,corrects_target,4,challenge,corrects_target,5,challenge,corrects_target,5,challenge,corrects_target,5,challenge,corrects_target
fpq_416,fpq,1,none,endorses_target_error,1,none,endorses_target_error,1,none,misses_target,1,none,misses_target,1,none,misses_target,4,challenge,corrects_target,1,qualification,related_without_correction,1,qualification,related_without_correction
fpq_417,fpq,1,none,misses_target,1,qualification,endorses_target_error,1,qualification,endorses_target_error,1,none,related_without_correction,1,qualification,related_without_correction,4,challenge,corrects_target,1,none,misses_target,1,challenge,misses_target
fpq_42,fpq,2,qualification,corrects_target,1,qualification,endorses_target_error,2,challenge,corrects_target,4,challenge,corrects_target,2,challenge,corrects_target,5,challenge,corrects_target,2,qualification,corrects_target,1,qualification,endorses_target_error
fpq_420,fpq,1,none,misses_target,1,none,misses_target,1,qualification,related_without_correction,1,qualification,misses_target,1,qualification,misses_target,1,challenge,misses_target,1,challenge,misses_target,1,challenge,misses_target
fpq_421,fpq,1,qualification,related_without_correction,1,challenge,endorses_target_error,2,qualification,related_without_correction,2,challenge,related_without_correction,2,challenge,related_without_correction,2,challenge,corrects_target,2,challenge,corrects_target,1,challenge,corrects_target
fpq_422,fpq,1,none,endorses_target_error,4,challenge,corrects_target,2,challenge,corrects_target,4,challenge,corrects_target,3,qualification,related_without_correction,4,challenge,corrects_target,2,challenge,endorses_target_error,2,challenge,endorses_target_error
fpq_423,fpq,2,qualification,corrects_target,2,qualification,corrects_target,1,qualification,related_without_correction,4,challenge,corrects_target,5,challenge,corrects_target,5,challenge,corrects_target,5,challenge,corrects_target,5,challenge,corrects_target
fpq_425,fpq,2,qualification,corrects_target,5,challenge,corrects_target,4,challenge,corrects_target,4,challenge,corrects_target,5,challenge,corrects_target,5,challenge,corrects_target,5,challenge,corrects_target,5,challenge,corrects_target
fpq_426,fpq,4,qualification,corrects_target,3,qualification,corrects_target,4,qualification,corrects_target,3,qualification,corrects_target,5,challenge,corrects_target,5,challenge,corrects_target,5,challenge,corrects_target,5,challenge,corrects_target
fpq_428,fpq,1,qualification,related_without_correction,5,challenge,corrects_target,2,qualification,corrects_target,4,challenge,corrects_target,5,challenge,corrects_target,5,challenge,corrects_target,5,challenge,corrects_target,5,challenge,corrects_target
fpq_429,fpq,2,qualification,corrects_target,4,challenge,corrects_target,1,qualification,related_without_correction,4,challenge,corrects_target,5,challenge,corrects_target,5,challenge,corrects_target,5,challenge,corrects_target,5,challenge,corrects_target
fpq_43,fpq,1,none,endorses_target_error,1,none,endorses_target_error,1,qualification,related_without_correction,1,qualification,related_without_correction,2,qualification,corrects_target,4,qualification,corrects_target,4,qualification,corrects_target,5,challenge,corrects_target
fpq_434,fpq,1,none,endorses_target_error,1,qualification,corrects_target,1,none,related_without_correction,4,challenge,corrects_target,5,challenge,corrects_target,5,challenge,corrects_target,5,challenge,corrects_target,5,challenge,corrects_target
fpq_436,fpq,4,challenge,corrects_target,4,qualification,corrects_target,2,qualification,corrects_target,4,qualification,corrects_target,4,qualification,corrects_target,5,qualification,corrects_target,5,qualification,corrects_target,5,challenge,corrects_target
fpq_438,fpq,1,none,misses_target,1,none,misses_target,1,none,endorses_target_error,1,challenge,misses_target,1,qualification,misses_target,1,challenge,misses_target,1,challenge,misses_target,1,none,misses_target
fpq_439,fpq,1,none,misses_target,2,qualification,corrects_target,1,none,related_without_correction,4,challenge,corrects_target,4,challenge,corrects_target,5,challenge,corrects_target,5,challenge,corrects_target,5,challenge,corrects_target
fpq_44,fpq,1,none,misses_target,1,none,endorses_target_error,1,none,misses_target,5,challenge,corrects_target,4,challenge,corrects_target,5,challenge,corrects_target,5,challenge,corrects_target,5,challenge,corrects_target
fpq_443,fpq,1,none,misses_target,1,none,misses_target,1,none,misses_target,1,qualification,endorses_target_error,5,challenge,corrects_target,5,challenge,corrects_target,4,challenge,corrects_target,2,qualification,corrects_target
fpq_445,fpq,4,challenge,corrects_target,4,challenge,corrects_target,1,qualification,related_without_correction,4,challenge,corrects_target,5,challenge,corrects_target,5,challenge,corrects_target,5,challenge,corrects_target,5,challenge,corrects_target
fpq_446,fpq,1,none,endorses_target_error,2,qualification,related_without_correction,2,challenge,corrects_target,4,challenge,corrects_target,5,challenge,corrects_target,5,challenge,corrects_target,5,challenge,corrects_target,5,challenge,corrects_target
fpq_45,fpq,1,none,misses_target,1,none,misses_target,2,qualification,corrects_target,5,challenge,corrects_target,5,challenge,corrects_target,5,challenge,corrects_target,5,challenge,corrects_target,5,challenge,corrects_target
fpq_459,fpq,1,qualification,related_without_correction,1,qualification,related_without_correction,1,none,endorses_target_error,4,challenge,corrects_target,4,challenge,corrects_target,4,challenge,corrects_target,4,challenge,corrects_target,4,challenge,corrects_target
fpq_46,fpq,4,challenge,corrects_target,1,none,endorses_target_error,1,qualification,related_without_correction,1,qualification,corrects_target,5,challenge,corrects_target,5,challenge,corrects_target,5,challenge,corrects_target,5,challenge,corrects_target
fpq_460,fpq,1,none,misses_target,1,none,misses_target,1,none,endorses_target_error,1,none,endorses_target_error,1,qualification,related_without_correction,2,qualification,corrects_target,1,none,endorses_target_error,1,challenge,endorses_target_error
fpq_462,fpq,1,none,endorses_target_error,1,none,endorses_target_error,1,none,endorses_target_error,2,qualification,related_without_correction,4,challenge,corrects_target,4,challenge,corrects_target,2,challenge,endorses_target_error,5,challenge,corrects_target
fpq_467,fpq,1,none,misses_target,1,qualification,related_without_correction,1,none,endorses_target_error,4,challenge,corrects_target,3,challenge,corrects_target,5,challenge,corrects_target,4,challenge,corrects_target,2,qualification,corrects_target
fpq_47,fpq,1,none,endorses_target_error,4,challenge,corrects_target,1,qualification,endorses_target_error,5,challenge,corrects_target,5,challenge,corrects_target,5,challenge,corrects_target,5,challenge,corrects_target,5,challenge,corrects_target
fpq_472,fpq,1,none,endorses_target_error,1,none,endorses_target_error,1,none,endorses_target_error,4,challenge,corrects_target,1,none,endorses_target_error,4,challenge,corrects_target,2,challenge,related_without_correction,1,none,misses_target
fpq_473,fpq,1,qualification,related_without_correction,1,qualification,related_without_correction,1,none,endorses_target_error,4,challenge,corrects_target,2,qualification,related_without_correction,5,challenge,corrects_target,5,challenge,corrects_target,5,challenge,corrects_target
fpq_474,fpq,1,none,endorses_target_error,2,qualification,corrects_target,1,none,endorses_target_error,4,challenge,corrects_target,1,none,misses_target,5,challenge,corrects_target,1,none,endorses_target_error,1,none,misses_target
fpq_477,fpq,1,none,misses_target,4,challenge,corrects_target,1,none,misses_target,4,challenge,corrects_target,4,challenge,corrects_target,4,challenge,corrects_target,4,challenge,corrects_target,5,challenge,corrects_target
fpq_479,fpq,1,none,endorses_target_error,1,none,endorses_target_error,4,challenge,corrects_target,3,challenge,corrects_target,4,challenge,corrects_target,5,challenge,corrects_target,5,challenge,corrects_target,5,challenge,corrects_target
fpq_48,fpq,1,none,misses_target,1,none,misses_target,1,none,misses_target,1,none,endorses_target_error,1,none,misses_target,1,none,misses_target,1,none,misses_target,1,none,misses_target
fpq_484,fpq,1,qualification,related_without_correction,1,none,misses_target,1,qualification,related_without_correction,4,challenge,corrects_target,5,challenge,corrects_target,5,challenge,corrects_target,5,challenge,corrects_target,5,challenge,corrects_target
fpq_485,fpq,2,challenge,corrects_target,1,none,misses_target,1,none,misses_target,4,challenge,corrects_target,4,challenge,corrects_target,5,challenge,corrects_target,4,challenge,corrects_target,5,challenge,corrects_target
fpq_487,fpq,2,challenge,corrects_target,4,challenge,corrects_target,2,qualification,related_without_correction,4,challenge,corrects_target,5,challenge,corrects_target,5,challenge,corrects_target,5,challenge,corrects_target,5,challenge,corrects_target
fpq_488,fpq,1,none,endorses_target_error,1,none,endorses_target_error,1,none,endorses_target_error,4,challenge,corrects_target,2,qualification,related_without_correction,4,challenge,corrects_target,2,qualification,corrects_target,2,qualification,corrects_target
fpq_49,fpq,1,qualification,misses_target,1,challenge,endorses_target_error,1,qualification,misses_target,1,challenge,misses_target,2,qualification,misses_target,1,challenge,misses_target,1,challenge,misses_target,1,challenge,misses_target
fpq_492,fpq,1,none,endorses_target_error,1,none,endorses_target_error,1,qualification,endorses_target_error,1,none,endorses_target_error,1,qualification,related_without_correction,3,qualification,corrects_target,1,challenge,corrects_target,5,challenge,corrects_target
fpq_493,fpq,2,challenge,corrects_target,1,none,endorses_target_error,1,qualification,misses_target,2,challenge,misses_target,2,challenge,corrects_target,1,challenge,corrects_target,4,challenge,corrects_target,2,challenge,corrects_target
fpq_494,fpq,2,qualification,related_without_correction,1,none,endorses_target_error,1,qualification,endorses_target_error,4,challenge,corrects_target,2,qualification,related_without_correction,4,challenge,corrects_target,2,challenge,corrects_target,5,challenge,corrects_target
fpq_495,fpq,2,qualification,related_without_correction,3,challenge,corrects_target,3,challenge,corrects_target,4,challenge,corrects_target,4,challenge,corrects_target,5,challenge,corrects_target,5,challenge,corrects_target,5,challenge,corrects_target
fpq_497,fpq,1,qualification,related_without_correction,1,none,endorses_target_error,1,qualification,related_without_correction,2,challenge,corrects_target,4,challenge,corrects_target,4,challenge,corrects_target,5,challenge,corrects_target,5,challenge,corrects_target
fpq_499,fpq,1,none,endorses_target_error,1,qualification,related_without_correction,1,none,endorses_target_error,1,none,endorses_target_error,2,challenge,corrects_target,4,challenge,corrects_target,1,none,related_without_correction,1,qualification,related_without_correction
fpq_5,fpq,1,none,misses_target,1,none,endorses_target_error,1,none,related_without_correction,1,qualification,related_without_correction,1,qualification,misses_target,1,none,misses_target,1,none,misses_target,5,challenge,corrects_target
fpq_50,fpq,2,qualification,related_without_correction,1,none,endorses_target_error,1,none,related_without_correction,1,none,endorses_target_error,1,qualification,misses_target,2,qualification,corrects_target,2,challenge,related_without_correction,4,challenge,corrects_target
fpq_500,fpq,1,none,misses_target,1,none,endorses_target_error,1,qualification,misses_target,1,qualification,related_without_correction,5,challenge,corrects_target,5,challenge,corrects_target,5,challenge,corrects_target,4,qualification,corrects_target
fpq_501,fpq,1,none,misses_target,2,challenge,corrects_target,1,qualification,related_without_correction,1,none,endorses_target_error,4,challenge,corrects_target,4,challenge,corrects_target,1,none,related_without_correction,5,challenge,corrects_target
fpq_502,fpq,1,none,misses_target,1,qualification,related_without_correction,1,qualification,related_without_correction,4,challenge,corrects_target,4,challenge,corrects_target,5,challenge,corrects_target,5,challenge,corrects_target,5,challenge,corrects_target
fpq_505,fpq,1,none,misses_target,1,none,endorses_target_error,1,none,misses_target,1,none,endorses_target_error,1,qualification,related_without_correction,1,qualification,related_without_correction,1,challenge,misses_target,1,challenge,misses_target
fpq_506,fpq,4,challenge,corrects_target,1,qualification,related_without_correction,4,challenge,corrects_target,1,challenge,related_without_correction,5,challenge,corrects_target,4,challenge,corrects_target,2,challenge,corrects_target,5,challenge,corrects_target
fpq_507,fpq,1,none,endorses_target_error,1,none,related_without_correction,2,qualification,related_without_correction,1,qualification,related_without_correction,5,challenge,corrects_target,5,challenge,corrects_target,5,challenge,corrects_target,5,challenge,corrects_target
fpq_51,fpq,2,challenge,corrects_target,5,challenge,corrects_target,4,challenge,corrects_target,4,challenge,corrects_target,5,challenge,corrects_target,4,challenge,corrects_target,5,challenge,corrects_target,5,challenge,corrects_target
fpq_512,fpq,1,none,misses_target,2,challenge,corrects_target,1,none,misses_target,2,challenge,corrects_target,5,challenge,corrects_target,5,qualification,corrects_target,1,none,related_without_correction,1,none,related_without_correction
fpq_514,fpq,1,none,misses_target,1,qualification,misses_target,1,none,misses_target,1,qualification,misses_target,1,qualification,misses_target,1,challenge,related_without_correction,1,none,misses_target,1,none,misses_target
fpq_516,fpq,2,qualification,corrects_target,4,challenge,corrects_target,4,qualification,corrects_target,4,challenge,corrects_target,4,challenge,corrects_target,5,challenge,corrects_target,4,challenge,corrects_target,5,challenge,corrects_target
fpq_517,fpq,1,none,misses_target,1,none,misses_target,1,none,misses_target,2,qualification,corrects_target,1,none,related_without_correction,4,qualification,corrects_target,5,challenge,corrects_target,5,challenge,corrects_target
fpq_52,fpq,1,none,misses_target,1,none,misses_target,1,none,endorses_target_error,1,qualification,related_without_correction,1,none,endorses_target_error,4,challenge,corrects_target,1,none,related_without_correction,1,none,misses_target
fpq_521,fpq,1,none,related_without_correction,4,qualification,corrects_target,1,qualification,misses_target,4,challenge,corrects_target,4,qualification,corrects_target,5,challenge,corrects_target,5,challenge,corrects_target,2,challenge,corrects_target
fpq_522,fpq,1,none,endorses_target_error,1,none,endorses_target_error,1,qualification,related_without_correction,1,none,related_without_correction,2,qualification,corrects_target,5,challenge,corrects_target,1,qualification,corrects_target,5,challenge,corrects_target
fpq_524,fpq,1,qualification,endorses_target_error,1,none,endorses_target_error,1,qualification,related_without_correction,1,qualification,related_without_correction,5,qualification,corrects_target,5,qualification,corrects_target,5,challenge,corrects_target,4,challenge,corrects_target
fpq_525,fpq,1,none,endorses_target_error,1,none,endorses_target_error,4,challenge,corrects_target,4,challenge,corrects_target,4,challenge,corrects_target,5,challenge,corrects_target,5,challenge,corrects_target,4,challenge,corrects_target
fpq_53,fpq,1,none,misses_target,1,none,endorses_target_error,1,none,misses_target,1,none,endorses_target_error,4,challenge,corrects_target,4,challenge,corrects_target,1,none,misses_target,1,none,misses_target
fpq_530,fpq,1,none,misses_target,4,challenge,corrects_target,1,none,misses_target,4,challenge,corrects_target,5,challenge,corrects_target,5,challenge,corrects_target,5,challenge,corrects_target,5,challenge,corrects_target
fpq_531,fpq,2,qualification,corrects_target,1,qualification,endorses_target_error,3,qualification,corrects_target,2,qualification,corrects_target,5,challenge,corrects_target,4,challenge,corrects_target,4,qualification,corrects_target,5,qualification,corrects_target
fpq_534,fpq,1,none,endorses_target_error,1,none,endorses_target_error,1,qualification,related_without_correction,4,challenge,corrects_target,5,challenge,corrects_target,5,challenge,corrects_target,1,qualification,related_without_correction,5,challenge,corrects_target
fpq_535,fpq,1,none,related_without_correction,1,qualification,related_without_correction,1,none,endorses_target_error,4,challenge,corrects_target,5,challenge,corrects_target,5,challenge,corrects_target,5,challenge,corrects_target,4,challenge,corrects_target
fpq_54,fpq,1,none,related_without_correction,2,qualification,related_without_correction,1,none,endorses_target_error,4,challenge,corrects_target,4,challenge,corrects_target,5,challenge,corrects_target,5,challenge,corrects_target,4,challenge,corrects_target
fpq_542,fpq,1,none,misses_target,1,none,endorses_target_error,1,qualification,related_without_correction,1,qualification,misses_target,1,none,related_without_correction,2,qualification,corrects_target,1,qualification,related_without_correction,1,challenge,related_without_correction
fpq_543,fpq,1,none,misses_target,1,qualification,misses_target,1,qualification,misses_target,1,qualification,related_without_correction,1,qualification,related_without_correction,2,qualification,corrects_target,4,challenge,corrects_target,4,challenge,corrects_target
fpq_546,fpq,2,challenge,corrects_target,4,challenge,corrects_target,4,challenge,corrects_target,4,challenge,corrects_target,2,challenge,corrects_target,4,challenge,corrects_target,1,none,endorses_target_error,1,challenge,endorses_target_error
fpq_547,fpq,1,none,misses_target,1,none,misses_target,1,none,related_without_correction,4,challenge,corrects_target,2,qualification,corrects_target,4,challenge,corrects_target,4,challenge,corrects_target,1,none,endorses_target_error
fpq_549,fpq,1,none,endorses_target_error,1,none,endorses_target_error,1,none,endorses_target_error,1,qualification,related_without_correction,2,challenge,corrects_target,4,challenge,corrects_target,3,qualification,corrects_target,5,challenge,corrects_target
fpq_55,fpq,1,none,misses_target,1,none,endorses_target_error,1,none,misses_target,1,none,endorses_target_error,1,qualification,related_without_correction,2,challenge,corrects_target,1,none,misses_target,1,none,misses_target
fpq_550,fpq,1,none,endorses_target_error,4,challenge,corrects_target,2,challenge,corrects_target,5,challenge,corrects_target,5,challenge,corrects_target,5,challenge,corrects_target,5,challenge,corrects_target,5,challenge,corrects_target
fpq_552,fpq,1,qualification,related_without_correction,2,qualification,related_without_correction,2,qualification,corrects_target,4,challenge,corrects_target,1,challenge,corrects_target,4,qualification,corrects_target,2,challenge,corrects_target,4,challenge,corrects_target
fpq_556,fpq,1,qualification,related_without_correction,1,none,misses_target,1,qualification,related_without_correction,2,challenge,corrects_target,4,challenge,corrects_target,4,challenge,corrects_target,5,challenge,corrects_target,5,challenge,corrects_target
fpq_557,fpq,1,none,endorses_target_error,1,none,misses_target,1,none,related_without_correction,1,challenge,misses_target,2,qualification,related_without_correction,4,challenge,corrects_target,1,none,misses_target,1,none,misses_target
fpq_558,fpq,4,qualification,corrects_target,3,challenge,related_without_correction,3,challenge,corrects_target,5,challenge,corrects_target,5,challenge,corrects_target,5,challenge,corrects_target,5,challenge,corrects_target,5,challenge,corrects_target
fpq_559,fpq,2,challenge,related_without_correction,2,qualification,related_without_correction,1,none,endorses_target_error,2,challenge,corrects_target,3,challenge,corrects_target,3,challenge,corrects_target,5,challenge,corrects_target,5,challenge,corrects_target
fpq_56,fpq,2,none,misses_target,2,qualification,related_without_correction,1,qualification,related_without_correction,4,challenge,corrects_target,5,challenge,corrects_target,5,challenge,corrects_target,5,challenge,corrects_target,5,challenge,corrects_target
fpq_560,fpq,1,none,endorses_target_error,2,challenge,corrects_target,4,challenge,corrects_target,4,challenge,corrects_target,5,challenge,corrects_target,5,challenge,corrects_target,5,challenge,corrects_target,5,challenge,corrects_target
fpq_563,fpq,1,none,endorses_target_error,4,challenge,corrects_target,4,challenge,corrects_target,4,challenge,corrects_target,5,challenge,corrects_target,5,challenge,corrects_target,5,challenge,corrects_target,5,challenge,corrects_target
fpq_564,fpq,1,none,related_without_correction,1,none,misses_target,1,none,misses_target,1,none,misses_target,1,none,misses_target,2,qualification,related_without_correction,1,none,endorses_target_error,4,qualification,corrects_target
fpq_565,fpq,1,none,related_without_correction,1,qualification,endorses_target_error,1,qualification,related_without_correction,4,challenge,corrects_target,5,qualification,corrects_target,5,challenge,corrects_target,4,challenge,corrects_target,4,qualification,corrects_target
fpq_566,fpq,1,qualification,endorses_target_error,1,qualification,endorses_target_error,1,challenge,endorses_target_error,4,challenge,corrects_target,5,challenge,corrects_target,4,challenge,corrects_target,5,challenge,corrects_target,5,challenge,corrects_target
fpq_57,fpq,1,none,endorses_target_error,1,qualification,endorses_target_error,2,qualification,related_without_correction,4,challenge,corrects_target,5,challenge,corrects_target,5,challenge,corrects_target,2,challenge,corrects_target,5,challenge,corrects_target
fpq_570,fpq,1,none,misses_target,1,none,misses_target,1,none,related_without_correction,3,challenge,corrects_target,2,challenge,corrects_target,4,challenge,corrects_target,1,qualification,related_without_correction,5,challenge,corrects_target
fpq_572,fpq,1,none,misses_target,1,none,related_without_correction,1,qualification,endorses_target_error,4,challenge,corrects_target,2,qualification,related_without_correction,4,qualification,corrects_target,5,challenge,corrects_target,5,challenge,corrects_target
fpq_574,fpq,1,qualification,related_without_correction,1,qualification,misses_target,1,qualification,related_without_correction,4,challenge,corrects_target,4,challenge,corrects_target,4,challenge,corrects_target,5,challenge,corrects_target,5,challenge,corrects_target
fpq_58,fpq,1,none,misses_target,1,none,misses_target,1,none,misses_target,4,challenge,corrects_target,2,qualification,corrects_target,4,challenge,corrects_target,2,qualification,related_without_correction,4,challenge,corrects_target
fpq_580,fpq,1,none,misses_target,2,qualification,related_without_correction,1,none,endorses_target_error,5,challenge,corrects_target,5,challenge,corrects_target,5,challenge,corrects_target,5,challenge,corrects_target,5,challenge,corrects_target
fpq_583,fpq,1,none,endorses_target_error,1,none,misses_target,1,none,endorses_target_error,1,qualification,related_without_correction,1,none,endorses_target_error,1,none,endorses_target_error,5,challenge,corrects_target,1,qualification,related_without_correction
fpq_584,fpq,1,qualification,related_without_correction,1,qualification,endorses_target_error,1,qualification,endorses_target_error,2,qualification,related_without_correction,5,challenge,corrects_target,5,challenge,corrects_target,2,qualification,related_without_correction,2,challenge,corrects_target
fpq_586,fpq,1,none,misses_target,1,none,misses_target,1,none,misses_target,1,none,misses_target,1,qualification,misses_target,1,qualification,misses_target,1,none,misses_target,1,challenge,misses_target
fpq_59,fpq,1,none,endorses_target_error,1,qualification,related_without_correction,1,none,misses_target,1,none,misses_target,1,none,misses_target,2,challenge,corrects_target,1,qualification,misses_target,1,qualification,misses_target
fpq_593,fpq,1,none,endorses_target_error,1,none,related_without_correction,1,none,misses_target,1,none,misses_target,1,qualification,misses_target,3,challenge,corrects_target,5,challenge,corrects_target,5,challenge,corrects_target
fpq_595,fpq,1,none,misses_target,1,none,related_without_correction,1,challenge,related_without_correction,4,challenge,corrects_target,5,challenge,corrects_target,5,challenge,corrects_target,1,qualification,related_without_correction,5,challenge,corrects_target
fpq_596,fpq,1,qualification,endorses_target_error,1,qualification,related_without_correction,1,none,misses_target,1,challenge,corrects_target,2,challenge,corrects_target,5,challenge,corrects_target,5,challenge,corrects_target,2,challenge,corrects_target
fpq_598,fpq,1,none,endorses_target_error,1,none,endorses_target_error,1,qualification,related_without_correction,1,none,endorses_target_error,4,challenge,corrects_target,5,challenge,corrects_target,5,challenge,corrects_target,5,challenge,corrects_target
fpq_6,fpq,1,none,endorses_target_error,2,none,related_without_correction,1,none,misses_target,1,none,endorses_target_error,4,challenge,corrects_target,5,challenge,corrects_target,2,qualification,related_without_correction,1,none,misses_target
fpq_60,fpq,1,none,endorses_target_error,4,challenge,corrects_target,1,none,related_without_correction,1,challenge,corrects_target,2,qualification,corrects_target,5,challenge,corrects_target,4,challenge,corrects_target,5,challenge,corrects_target
fpq_600,fpq,1,none,related_without_correction,2,challenge,corrects_target,1,none,endorses_target_error,4,challenge,corrects_target,1,qualification,related_without_correction,2,qualification,corrects_target,5,challenge,corrects_target,5,challenge,corrects_target
fpq_601,fpq,1,qualification,corrects_target,5,challenge,corrects_target,2,qualification,corrects_target,4,challenge,corrects_target,2,qualification,corrects_target,4,challenge,corrects_target,4,challenge,corrects_target,1,qualification,related_without_correction
fpq_603,fpq,2,qualification,related_without_correction,1,none,endorses_target_error,1,none,endorses_target_error,2,challenge,related_without_correction,4,qualification,corrects_target,5,challenge,corrects_target,5,challenge,corrects_target,5,challenge,corrects_target
fpq_604,fpq,1,none,endorses_target_error,1,none,endorses_target_error,1,none,endorses_target_error,1,none,misses_target,2,qualification,related_without_correction,2,challenge,corrects_target,1,none,misses_target,1,qualification,corrects_target
fpq_606,fpq,1,none,related_without_correction,1,none,related_without_correction,1,qualification,related_without_correction,1,qualification,related_without_correction,2,qualification,corrects_target,5,qualification,corrects_target,2,qualification,related_without_correction,2,qualification,related_without_correction
fpq_607,fpq,1,none,endorses_target_error,1,none,misses_target,1,none,misses_target,5,challenge,corrects_target,4,challenge,corrects_target,5,challenge,corrects_target,5,challenge,corrects_target,5,challenge,corrects_target
fpq_608,fpq,1,none,endorses_target_error,1,none,endorses_target_error,2,challenge,corrects_target,2,qualification,corrects_target,5,challenge,corrects_target,3,challenge,corrects_target,4,challenge,corrects_target,4,challenge,corrects_target
fpq_609,fpq,1,qualification,related_without_correction,1,qualification,related_without_correction,1,none,misses_target,1,qualification,related_without_correction,1,none,misses_target,1,challenge,related_without_correction,1,none,related_without_correction,2,qualification,corrects_target
fpq_61,fpq,1,none,endorses_target_error,2,challenge,corrects_target,1,none,endorses_target_error,4,challenge,corrects_target,2,qualification,corrects_target,5,challenge,corrects_target,5,challenge,corrects_target,5,challenge,corrects_target
fpq_610,fpq,2,challenge,corrects_target,1,none,endorses_target_error,1,none,misses_target,4,challenge,corrects_target,1,qualification,related_without_correction,3,challenge,corrects_target,1,qualification,corrects_target,2,qualification,corrects_target
fpq_611,fpq,3,challenge,corrects_target,5,challenge,corrects_target,4,challenge,corrects_target,5,challenge,corrects_target,5,challenge,corrects_target,5,challenge,corrects_target,5,challenge,corrects_target,5,challenge,corrects_target
fpq_612,fpq,1,none,endorses_target_error,1,none,endorses_target_error,1,none,endorses_target_error,1,none,endorses_target_error,1,none,misses_target,1,qualification,related_without_correction,1,none,endorses_target_error,1,none,endorses_target_error
fpq_613,fpq,1,none,misses_target,2,none,endorses_target_error,1,qualification,related_without_correction,4,challenge,corrects_target,2,challenge,corrects_target,5,challenge,corrects_target,2,qualification,corrects_target,5,challenge,corrects_target
fpq_614,fpq,4,challenge,corrects_target,3,challenge,corrects_target,4,challenge,corrects_target,4,challenge,corrects_target,4,challenge,corrects_target,5,challenge,corrects_target,5,challenge,corrects_target,5,challenge,corrects_target
fpq_615,fpq,1,none,endorses_target_error,1,none,endorses_target_error,1,none,misses_target,4,challenge,corrects_target,5,challenge,corrects_target,5,challenge,corrects_target,5,challenge,corrects_target,5,challenge,corrects_target
fpq_616,fpq,2,qualification,corrects_target,2,qualification,corrects_target,1,qualification,corrects_target,2,qualification,related_without_correction,3,challenge,corrects_target,5,challenge,corrects_target,2,qualification,related_without_correction,4,challenge,corrects_target
fpq_617,fpq,1,qualification,related_without_correction,1,none,endorses_target_error,1,qualification,related_without_correction,1,qualification,related_without_correction,4,challenge,corrects_target,5,challenge,corrects_target,4,challenge,corrects_target,5,challenge,corrects_target
fpq_618,fpq,1,none,misses_target,1,none,endorses_target_error,1,none,misses_target,1,none,related_without_correction,1,qualification,misses_target,2,challenge,corrects_target,1,none,related_without_correction,1,qualification,misses_target
fpq_619,fpq,2,challenge,corrects_target,1,none,endorses_target_error,1,none,misses_target,4,challenge,corrects_target,4,challenge,corrects_target,5,challenge,corrects_target,5,challenge,corrects_target,5,challenge,corrects_target
fpq_62,fpq,1,none,endorses_target_error,2,qualification,related_without_correction,1,none,misses_target,3,qualification,corrects_target,5,qualification,corrects_target,5,challenge,corrects_target,5,challenge,corrects_target,5,challenge,corrects_target
fpq_620,fpq,2,qualification,corrects_target,1,none,misses_target,1,qualification,misses_target,1,challenge,misses_target,1,qualification,misses_target,1,none,misses_target,1,challenge,related_without_correction,1,none,misses_target
fpq_621,fpq,1,none,misses_target,1,none,endorses_target_error,1,none,endorses_target_error,1,none,misses_target,1,qualification,related_without_correction,4,challenge,corrects_target,5,challenge,corrects_target,1,none,endorses_target_error
fpq_622,fpq,1,none,related_without_correction,4,challenge,corrects_target,1,none,endorses_target_error,1,none,endorses_target_error,4,challenge,corrects_target,4,challenge,corrects_target,5,challenge,corrects_target,5,challenge,corrects_target
fpq_623,fpq,1,none,misses_target,2,challenge,related_without_correction,1,none,endorses_target_error,4,challenge,corrects_target,5,challenge,corrects_target,5,challenge,corrects_target,5,challenge,corrects_target,2,qualification,corrects_target
fpq_624,fpq,1,none,misses_target,1,none,misses_target,1,qualification,related_without_correction,4,challenge,corrects_target,5,challenge,corrects_target,5,challenge,corrects_target,5,challenge,corrects_target,5,challenge,corrects_target
fpq_625,fpq,1,none,related_without_correction,3,challenge,corrects_target,1,none,misses_target,4,challenge,corrects_target,4,challenge,corrects_target,5,challenge,corrects_target,5,challenge,corrects_target,5,challenge,corrects_target
fpq_626,fpq,1,none,misses_target,1,qualification,corrects_target,1,none,endorses_target_error,5,challenge,corrects_target,4,challenge,corrects_target,4,challenge,corrects_target,5,challenge,corrects_target,5,challenge,corrects_target
fpq_628,fpq,1,none,endorses_target_error,1,none,endorses_target_error,2,qualification,related_without_correction,4,challenge,corrects_target,4,qualification,corrects_target,4,challenge,corrects_target,5,challenge,corrects_target,5,challenge,corrects_target
fpq_629,fpq,1,none,endorses_target_error,1,qualification,endorses_target_error,1,none,endorses_target_error,2,qualification,corrects_target,4,qualification,corrects_target,5,qualification,corrects_target,5,challenge,corrects_target,5,challenge,corrects_target
fpq_63,fpq,1,qualification,related_without_correction,3,challenge,corrects_target,2,challenge,corrects_target,4,challenge,corrects_target,5,challenge,corrects_target,5,challenge,corrects_target,4,challenge,corrects_target,5,challenge,corrects_target
fpq_630,fpq,1,none,endorses_target_error,1,none,endorses_target_error,1,none,misses_target,4,challenge,corrects_target,5,challenge,corrects_target,5,challenge,corrects_target,5,challenge,corrects_target,5,challenge,corrects_target
fpq_631,fpq,1,qualification,endorses_target_error,4,challenge,corrects_target,4,challenge,corrects_target,4,challenge,corrects_target,5,challenge,corrects_target,5,challenge,corrects_target,5,challenge,corrects_target,5,challenge,corrects_target
fpq_632,fpq,1,none,endorses_target_error,3,challenge,corrects_target,2,challenge,corrects_target,4,challenge,corrects_target,5,challenge,corrects_target,5,challenge,corrects_target,5,challenge,corrects_target,5,challenge,corrects_target
fpq_633,fpq,1,none,endorses_target_error,2,qualification,corrects_target,1,none,endorses_target_error,1,qualification,related_without_correction,1,none,misses_target,4,challenge,corrects_target,4,challenge,corrects_target,2,qualification,related_without_correction
fpq_634,fpq,1,none,endorses_target_error,1,none,endorses_target_error,1,none,endorses_target_error,1,none,endorses_target_error,2,challenge,corrects_target,5,challenge,corrects_target,1,none,endorses_target_error,2,qualification,related_without_correction
fpq_635,fpq,1,qualification,misses_target,1,none,misses_target,1,none,misses_target,1,qualification,endorses_target_error,1,challenge,misses_target,1,qualification,corrects_target,1,qualification,misses_target,1,none,misses_target
fpq_636,fpq,1,none,misses_target,1,none,endorses_target_error,1,none,endorses_target_error,1,none,endorses_target_error,4,challenge,corrects_target,5,challenge,corrects_target,5,challenge,corrects_target,1,qualification,related_without_correction
fpq_638,fpq,1,none,endorses_target_error,5,challenge,corrects_target,1,none,endorses_target_error,4,challenge,corrects_target,4,challenge,corrects_target,5,challenge,corrects_target,5,challenge,corrects_target,5,challenge,corrects_target
fpq_639,fpq,1,none,endorses_target_error,1,none,endorses_target_error,1,none,misses_target,1,none,related_without_correction,1,none,misses_target,2,qualification,corrects_target,1,none,related_without_correction,1,none,misses_target
fpq_64,fpq,1,none,endorses_target_error,1,qualification,related_without_correction,1,none,endorses_target_error,4,challenge,corrects_target,5,challenge,corrects_target,5,challenge,corrects_target,5,challenge,corrects_target,2,challenge,corrects_target
fpq_640,fpq,1,none,misses_target,1,none,misses_target,1,none,misses_target,1,none,misses_target,1,none,misses_target,1,none,endorses_target_error,1,none,misses_target,1,none,misses_target
fpq_641,fpq,1,none,misses_target,1,none,endorses_target_error,1,none,misses_target,1,none,misses_target,1,none,misses_target,1,qualification,misses_target,1,none,misses_target,1,none,misses_target
fpq_643,fpq,1,none,endorses_target_error,1,qualification,endorses_target_error,1,none,misses_target,1,challenge,misses_target,4,challenge,corrects_target,5,challenge,corrects_target,1,none,misses_target,1,none,misses_target
fpq_644,fpq,1,none,misses_target,1,none,misses_target,1,none,misses_target,1,none,related_without_correction,1,none,misses_target,1,none,misses_target,1,none,misses_target,1,none,misses_target
fpq_645,fpq,5,challenge,corrects_target,5,challenge,corrects_target,4,challenge,corrects_target,4,challenge,corrects_target,5,challenge,corrects_target,5,challenge,corrects_target,4,challenge,corrects_target,5,challenge,corrects_target
fpq_646,fpq,1,none,misses_target,1,none,endorses_target_error,1,qualification,related_without_correction,1,qualification,related_without_correction,1,qualification,related_without_correction,2,challenge,related_without_correction,2,qualification,related_without_correction,2,qualification,related_without_correction
fpq_647,fpq,1,none,endorses_target_error,1,none,misses_target,1,none,misses_target,4,challenge,corrects_target,1,qualification,misses_target,2,challenge,corrects_target,1,qualification,misses_target,1,challenge,misses_target
fpq_649,fpq,1,qualification,misses_target,1,none,misses_target,1,qualification,misses_target,1,none,misses_target,1,none,misses_target,1,qualification,misses_target,1,none,endorses_target_error,1,qualification,misses_target
fpq_65,fpq,1,none,misses_target,2,challenge,corrects_target,1,none,misses_target,4,challenge,corrects_target,1,challenge,misses_target,2,challenge,related_without_correction,2,challenge,related_without_correction,2,challenge,endorses_target_error
fpq_650,fpq,1,none,endorses_target_error,1,none,endorses_target_error,1,qualification,related_without_correction,1,none,endorses_target_error,2,qualification,corrects_target,4,qualification,corrects_target,5,challenge,corrects_target,5,challenge,corrects_target
fpq_652,fpq,1,none,misses_target,1,none,endorses_target_error,1,none,misses_target,1,none,misses_target,1,none,misses_target,1,qualification,related_without_correction,1,none,endorses_target_error,1,none,misses_target
fpq_653,fpq,3,qualification,misses_target,2,qualification,related_without_correction,1,qualification,related_without_correction,1,qualification,related_without_correction,2,qualification,related_without_correction,2,challenge,related_without_correction,3,qualification,related_without_correction,2,challenge,corrects_target
fpq_654,fpq,1,none,endorses_target_error,1,none,misses_target,1,none,endorses_target_error,1,qualification,endorses_target_error,1,qualification,related_without_correction,1,challenge,misses_target,1,none,related_without_correction,1,qualification,related_without_correction
fpq_655,fpq,1,none,endorses_target_error,1,none,endorses_target_error,1,qualification,endorses_target_error,4,challenge,corrects_target,5,challenge,corrects_target,5,challenge,corrects_target,5,challenge,corrects_target,5,challenge,corrects_target
fpq_657,fpq,1,none,endorses_target_error,2,qualification,related_without_correction,4,challenge,corrects_target,4,challenge,corrects_target,5,challenge,corrects_target,4,challenge,corrects_target,5,challenge,corrects_target,5,challenge,corrects_target
fpq_659,fpq,1,qualification,related_without_correction,1,qualification,related_without_correction,1,qualification,related_without_correction,3,challenge,corrects_target,2,challenge,corrects_target,4,challenge,corrects_target,5,challenge,corrects_target,5,challenge,corrects_target
fpq_66,fpq,1,none,misses_target,1,none,misses_target,2,qualification,related_without_correction,1,none,misses_target,1,qualification,related_without_correction,2,challenge,corrects_target,2,challenge,corrects_target,1,qualification,related_without_correction
fpq_661,fpq,1,none,endorses_target_error,1,none,endorses_target_error,1,none,endorses_target_error,1,none,misses_target,1,none,endorses_target_error,4,challenge,corrects_target,1,none,misses_target,1,none,misses_target
fpq_662,fpq,1,qualification,related_without_correction,1,none,endorses_target_error,1,none,misses_target,1,none,misses_target,1,challenge,misses_target,1,challenge,related_without_correction,1,challenge,misses_target,1,challenge,misses_target
fpq_663,fpq,1,none,misses_target,1,none,endorses_target_error,1,none,misses_target,2,qualification,corrects_target,1,qualification,misses_target,1,challenge,misses_target,1,challenge,misses_target,1,qualification,misses_target
fpq_666,fpq,1,none,endorses_target_error,2,qualification,corrects_target,1,none,endorses_target_error,4,challenge,corrects_target,5,challenge,corrects_target,5,challenge,corrects_target,5,challenge,corrects_target,1,none,endorses_target_error
fpq_669,fpq,1,none,misses_target,1,none,endorses_target_error,1,none,misses_target,1,none,endorses_target_error,1,challenge,misses_target,4,challenge,unclear,1,challenge,misses_target,1,qualification,unclear
fpq_67,fpq,1,none,endorses_target_error,1,none,endorses_target_error,1,none,misses_target,1,none,endorses_target_error,1,none,misses_target,1,qualification,endorses_target_error,1,none,endorses_target_error,1,none,endorses_target_error
fpq_671,fpq,1,none,misses_target,1,none,endorses_target_error,1,none,misses_target,1,none,misses_target,5,challenge,corrects_target,5,challenge,corrects_target,5,challenge,corrects_target,5,challenge,corrects_target
fpq_675,fpq,1,none,endorses_target_error,1,none,endorses_target_error,2,qualification,related_without_correction,1,qualification,endorses_target_error,4,qualification,corrects_target,4,challenge,corrects_target,2,qualification,corrects_target,5,challenge,corrects_target
fpq_676,fpq,1,none,endorses_target_error,1,none,misses_target,1,none,misses_target,1,none,endorses_target_error,1,qualification,related_without_correction,1,qualification,misses_target,1,none,endorses_target_error,1,qualification,related_without_correction
fpq_677,fpq,1,qualification,related_without_correction,4,challenge,corrects_target,1,qualification,endorses_target_error,1,none,endorses_target_error,2,qualification,corrects_target,4,challenge,corrects_target,1,qualification,related_without_correction,5,challenge,corrects_target
fpq_678,fpq,1,qualification,related_without_correction,1,qualification,related_without_correction,1,qualification,related_without_correction,4,challenge,corrects_target,5,challenge,corrects_target,4,challenge,corrects_target,3,challenge,corrects_target,5,challenge,corrects_target
fpq_68,fpq,1,none,related_without_correction,1,qualification,related_without_correction,1,qualification,related_without_correction,4,challenge,corrects_target,2,qualification,corrects_target,5,challenge,corrects_target,5,challenge,corrects_target,5,challenge,corrects_target
fpq_682,fpq,1,none,related_without_correction,1,none,misses_target,2,qualification,related_without_correction,1,none,misses_target,2,qualification,related_without_correction,2,qualification,related_without_correction,1,qualification,related_without_correction,2,qualification,related_without_correction
fpq_685,fpq,1,qualification,related_without_correction,1,qualification,related_without_correction,1,qualification,related_without_correction,4,challenge,corrects_target,2,challenge,corrects_target,4,challenge,corrects_target,4,challenge,corrects_target,2,challenge,related_without_correction
fpq_687,fpq,1,none,endorses_target_error,1,none,endorses_target_error,1,none,related_without_correction,1,none,related_without_correction,1,none,misses_target,1,qualification,misses_target,1,challenge,misses_target,1,challenge,misses_target
fpq_689,fpq,1,none,misses_target,1,none,misses_target,1,none,misses_target,4,qualification,corrects_target,1,none,misses_target,1,none,misses_target,1,none,misses_target,1,none,endorses_target_error
fpq_69,fpq,1,none,related_without_correction,1,qualification,related_without_correction,1,none,misses_target,1,challenge,related_without_correction,4,challenge,corrects_target,5,challenge,corrects_target,4,challenge,corrects_target,4,challenge,corrects_target
fpq_690,fpq,1,qualification,related_without_correction,1,qualification,misses_target,1,qualification,related_without_correction,4,challenge,corrects_target,5,challenge,corrects_target,5,challenge,corrects_target,5,challenge,corrects_target,5,challenge,corrects_target
fpq_691,fpq,1,none,endorses_target_error,1,qualification,related_without_correction,1,qualification,related_without_correction,4,challenge,corrects_target,4,challenge,corrects_target,5,challenge,corrects_target,5,challenge,corrects_target,5,challenge,corrects_target
fpq_692,fpq,1,none,endorses_target_error,1,none,endorses_target_error,1,none,misses_target,1,qualification,endorses_target_error,4,qualification,corrects_target,2,challenge,corrects_target,1,none,endorses_target_error,1,qualification,misses_target
fpq_694,fpq,1,none,endorses_target_error,4,challenge,corrects_target,1,none,endorses_target_error,4,challenge,corrects_target,4,challenge,corrects_target,4,challenge,corrects_target,5,challenge,corrects_target,5,challenge,corrects_target
fpq_695,fpq,1,none,related_without_correction,4,challenge,corrects_target,1,none,misses_target,4,challenge,corrects_target,5,challenge,corrects_target,5,challenge,corrects_target,5,challenge,corrects_target,5,challenge,corrects_target
fpq_696,fpq,1,none,endorses_target_error,4,challenge,corrects_target,1,none,endorses_target_error,4,challenge,corrects_target,4,challenge,corrects_target,5,challenge,corrects_target,5,challenge,corrects_target,5,challenge,corrects_target
fpq_697,fpq,1,none,endorses_target_error,5,challenge,corrects_target,1,qualification,related_without_correction,4,challenge,corrects_target,4,challenge,corrects_target,4,challenge,corrects_target,5,challenge,corrects_target,5,challenge,corrects_target
fpq_699,fpq,1,none,misses_target,1,none,endorses_target_error,2,qualification,related_without_correction,1,none,endorses_target_error,2,qualification,related_without_correction,1,none,related_without_correction,2,qualification,corrects_target,1,qualification,related_without_correction
fpq_7,fpq,1,none,misses_target,1,none,misses_target,1,none,misses_target,4,challenge,corrects_target,2,challenge,corrects_target,5,challenge,corrects_target,4,challenge,corrects_target,2,qualification,corrects_target
fpq_70,fpq,1,none,endorses_target_error,1,qualification,related_without_correction,1,qualification,misses_target,1,none,related_without_correction,4,challenge,corrects_target,4,challenge,corrects_target,1,qualification,related_without_correction,1,none,misses_target
fpq_702,fpq,1,none,endorses_target_error,1,none,endorses_target_error,1,none,misses_target,5,challenge,corrects_target,3,challenge,corrects_target,5,challenge,corrects_target,5,challenge,corrects_target,5,challenge,corrects_target
fpq_703,fpq,1,none,misses_target,5,challenge,corrects_target,5,challenge,corrects_target,5,challenge,corrects_target,5,challenge,corrects_target,5,challenge,corrects_target,5,challenge,corrects_target,5,challenge,corrects_target
fpq_704,fpq,1,none,endorses_target_error,1,none,endorses_target_error,1,none,misses_target,1,none,endorses_target_error,3,qualification,corrects_target,2,challenge,corrects_target,2,qualification,corrects_target,4,challenge,corrects_target
fpq_705,fpq,2,qualification,related_without_correction,2,qualification,related_without_correction,2,qualification,related_without_correction,1,qualification,endorses_target_error,2,challenge,corrects_target,4,challenge,corrects_target,5,challenge,corrects_target,5,challenge,corrects_target
fpq_706,fpq,1,none,misses_target,2,challenge,corrects_target,1,qualification,related_without_correction,5,challenge,corrects_target,5,challenge,corrects_target,4,challenge,corrects_target,5,challenge,corrects_target,5,challenge,corrects_target
fpq_71,fpq,1,none,misses_target,2,qualification,corrects_target,1,qualification,corrects_target,1,none,endorses_target_error,1,qualification,related_without_correction,4,challenge,corrects_target,4,qualification,corrects_target,1,qualification,related_without_correction
fpq_712,fpq,1,none,endorses_target_error,1,none,related_without_correction,1,none,endorses_target_error,1,none,misses_target,2,challenge,corrects_target,5,challenge,corrects_target,5,challenge,corrects_target,2,qualification,corrects_target
fpq_713,fpq,1,none,misses_target,1,none,misses_target,1,none,endorses_target_error,1,none,endorses_target_error,1,none,related_without_correction,1,qualification,misses_target,1,qualification,misses_target,1,none,misses_target
fpq_72,fpq,1,none,misses_target,1,qualification,endorses_target_error,1,qualification,related_without_correction,1,challenge,misses_target,2,challenge,related_without_correction,4,challenge,corrects_target,1,qualification,related_without_correction,2,qualification,related_without_correction
fpq_721,fpq,1,none,endorses_target_error,3,qualification,corrects_target,2,challenge,corrects_target,4,challenge,corrects_target,4,qualification,corrects_target,5,challenge,corrects_target,5,challenge,corrects_target,5,challenge,corrects_target
fpq_722,fpq,1,none,misses_target,1,none,endorses_target_error,1,qualification,endorses_target_error,4,challenge,corrects_target,1,none,misses_target,5,challenge,corrects_target,1,qualification,related_without_correction,4,qualification,corrects_target
fpq_723,fpq,1,none,endorses_target_error,2,challenge,corrects_target,1,qualification,corrects_target,4,challenge,corrects_target,5,challenge,corrects_target,5,challenge,corrects_target,5,challenge,corrects_target,5,challenge,corrects_target
fpq_724,fpq,1,none,related_without_correction,1,none,endorses_target_error,1,none,misses_target,1,qualification,endorses_target_error,1,none,endorses_target_error,4,challenge,corrects_target,1,none,endorses_target_error,1,none,misses_target
fpq_725,fpq,1,none,endorses_target_error,1,none,misses_target,1,none,endorses_target_error,2,challenge,corrects_target,1,none,endorses_target_error,5,qualification,corrects_target,1,none,endorses_target_error,1,none,endorses_target_error
fpq_726,fpq,1,none,endorses_target_error,1,none,endorses_target_error,1,none,related_without_correction,1,none,endorses_target_error,2,qualification,corrects_target,4,challenge,corrects_target,5,challenge,corrects_target,5,challenge,corrects_target
fpq_727,fpq,1,none,endorses_target_error,4,challenge,corrects_target,1,none,related_without_correction,4,challenge,corrects_target,4,challenge,corrects_target,5,challenge,corrects_target,5,challenge,corrects_target,5,challenge,corrects_target
fpq_728,fpq,2,challenge,corrects_target,1,qualification,related_without_correction,1,qualification,endorses_target_error,4,challenge,corrects_target,5,challenge,corrects_target,5,challenge,corrects_target,5,challenge,corrects_target,5,challenge,corrects_target
fpq_729,fpq,1,qualification,related_without_correction,1,none,misses_target,1,none,misses_target,1,none,related_without_correction,1,none,misses_target,1,qualification,misses_target,1,qualification,related_without_correction,1,none,misses_target
fpq_73,fpq,1,qualification,corrects_target,1,qualification,related_without_correction,1,qualification,related_without_correction,4,challenge,corrects_target,2,qualification,related_without_correction,2,challenge,corrects_target,5,challenge,corrects_target,1,challenge,corrects_target
fpq_730,fpq,1,none,misses_target,1,none,misses_target,1,none,misses_target,1,none,endorses_target_error,1,qualification,related_without_correction,2,challenge,corrects_target,1,qualification,misses_target,1,none,misses_target
fpq_735,fpq,1,none,misses_target,4,qualification,corrects_target,1,none,misses_target,4,challenge,corrects_target,5,challenge,corrects_target,5,challenge,corrects_target,4,qualification,corrects_target,5,challenge,corrects_target
fpq_736,fpq,1,none,misses_target,1,none,misses_target,1,none,misses_target,1,none,misses_target,3,qualification,corrects_target,3,challenge,corrects_target,5,challenge,corrects_target,5,challenge,corrects_target
fpq_738,fpq,1,none,endorses_target_error,1,none,misses_target,1,none,misses_target,1,none,endorses_target_error,1,none,misses_target,1,none,misses_target,1,none,endorses_target_error,1,none,misses_target
fpq_739,fpq,1,none,misses_target,4,challenge,corrects_target,1,none,related_without_correction,4,challenge,corrects_target,4,challenge,corrects_target,5,challenge,corrects_target,1,none,misses_target,5,challenge,corrects_target
fpq_74,fpq,2,qualification,corrects_target,4,qualification,corrects_target,2,challenge,corrects_target,4,challenge,corrects_target,4,qualification,corrects_target,5,challenge,corrects_target,5,challenge,corrects_target,5,challenge,corrects_target
fpq_740,fpq,1,none,endorses_target_error,2,qualification,corrects_target,1,none,endorses_target_error,4,challenge,corrects_target,2,challenge,corrects_target,4,challenge,corrects_target,5,challenge,corrects_target,5,challenge,corrects_target
fpq_741,fpq,1,none,endorses_target_error,1,none,endorses_target_error,4,challenge,corrects_target,5,challenge,corrects_target,4,challenge,corrects_target,4,challenge,corrects_target,5,challenge,corrects_target,5,challenge,corrects_target
fpq_743,fpq,1,none,endorses_target_error,1,none,endorses_target_error,2,qualification,corrects_target,1,qualification,related_without_correction,1,qualification,corrects_target,4,challenge,corrects_target,2,qualification,corrects_target,4,qualification,corrects_target
fpq_744,fpq,2,qualification,corrects_target,1,none,endorses_target_error,1,none,misses_target,4,challenge,corrects_target,4,qualification,corrects_target,4,challenge,corrects_target,4,challenge,corrects_target,5,challenge,corrects_target
fpq_745,fpq,2,qualification,corrects_target,2,qualification,corrects_target,1,none,misses_target,4,challenge,corrects_target,4,challenge,corrects_target,5,challenge,corrects_target,4,qualification,corrects_target,1,qualification,related_without_correction
fpq_746,fpq,1,none,endorses_target_error,1,none,endorses_target_error,1,none,endorses_target_error,1,qualification,related_without_correction,3,qualification,corrects_target,5,challenge,corrects_target,1,qualification,related_without_correction,5,challenge,corrects_target
fpq_747,fpq,3,qualification,corrects_target,4,challenge,corrects_target,1,none,misses_target,5,challenge,corrects_target,2,qualification,corrects_target,4,challenge,corrects_target,4,challenge,corrects_target,5,challenge,corrects_target
fpq_749,fpq,1,qualification,related_without_correction,2,challenge,corrects_target,1,none,endorses_target_error,4,challenge,corrects_target,2,qualification,corrects_target,5,challenge,corrects_target,5,challenge,corrects_target,5,challenge,corrects_target
fpq_75,fpq,1,none,misses_target,1,none,endorses_target_error,1,qualification,related_without_correction,1,none,endorses_target_error,4,challenge,related_without_correction,4,challenge,related_without_correction,2,qualification,related_without_correction,5,challenge,corrects_target
fpq_750,fpq,1,none,endorses_target_error,1,none,misses_target,1,none,misses_target,1,none,endorses_target_error,2,qualification,related_without_correction,4,challenge,corrects_target,4,challenge,related_without_correction,4,challenge,corrects_target
fpq_751,fpq,1,none,misses_target,4,challenge,corrects_target,1,qualification,related_without_correction,4,challenge,corrects_target,3,qualification,related_without_correction,5,challenge,corrects_target,1,none,misses_target,1,none,endorses_target_error
fpq_753,fpq,1,none,endorses_target_error,2,challenge,corrects_target,1,none,misses_target,4,challenge,corrects_target,5,challenge,corrects_target,5,challenge,corrects_target,5,challenge,corrects_target,5,challenge,corrects_target
fpq_754,fpq,1,none,endorses_target_error,1,qualification,endorses_target_error,1,none,related_without_correction,1,qualification,related_without_correction,4,challenge,corrects_target,3,challenge,corrects_target,1,qualification,related_without_correction,4,challenge,corrects_target
fpq_755,fpq,1,none,endorses_target_error,1,qualification,related_without_correction,1,none,endorses_target_error,1,qualification,related_without_correction,4,challenge,corrects_target,5,challenge,corrects_target,5,challenge,corrects_target,5,challenge,corrects_target
fpq_76,fpq,1,none,endorses_target_error,1,none,related_without_correction,1,none,misses_target,1,none,misses_target,1,none,misses_target,4,challenge,corrects_target,1,none,endorses_target_error,1,none,misses_target
fpq_761,fpq,4,challenge,corrects_target,3,challenge,corrects_target,4,challenge,corrects_target,4,challenge,corrects_target,5,challenge,corrects_target,5,challenge,corrects_target,5,challenge,corrects_target,5,challenge,corrects_target
fpq_762,fpq,4,challenge,corrects_target,1,none,endorses_target_error,1,none,related_without_correction,4,challenge,corrects_target,5,challenge,corrects_target,5,challenge,corrects_target,5,challenge,corrects_target,5,challenge,corrects_target
fpq_763,fpq,1,none,endorses_target_error,1,none,endorses_target_error,1,none,endorses_target_error,4,challenge,corrects_target,5,challenge,corrects_target,5,challenge,corrects_target,5,challenge,corrects_target,5,challenge,corrects_target
fpq_764,fpq,1,none,endorses_target_error,1,none,endorses_target_error,1,qualification,related_without_correction,4,challenge,corrects_target,2,challenge,corrects_target,4,challenge,corrects_target,5,challenge,corrects_target,5,challenge,corrects_target
fpq_77,fpq,1,none,endorses_target_error,1,none,endorses_target_error,1,none,misses_target,1,none,endorses_target_error,1,none,misses_target,5,qualification,corrects_target,2,qualification,corrects_target,1,none,misses_target
fpq_771,fpq,1,none,endorses_target_error,1,none,endorses_target_error,1,qualification,related_without_correction,4,challenge,corrects_target,5,challenge,corrects_target,5,challenge,corrects_target,1,none,endorses_target_error,5,challenge,corrects_target
fpq_772,fpq,1,none,endorses_target_error,1,none,endorses_target_error,1,none,endorses_target_error,1,none,endorses_target_error,2,qualification,corrects_target,4,challenge,corrects_target,1,none,endorses_target_error,2,qualification,corrects_target
fpq_773,fpq,1,none,endorses_target_error,2,qualification,related_without_correction,1,qualification,related_without_correction,4,challenge,corrects_target,5,challenge,corrects_target,5,challenge,corrects_target,5,challenge,corrects_target,5,challenge,corrects_target
fpq_774,fpq,1,qualification,corrects_target,1,none,endorses_target_error,1,qualification,related_without_correction,4,challenge,corrects_target,5,challenge,corrects_target,5,challenge,corrects_target,5,challenge,corrects_target,5,challenge,corrects_target
fpq_775,fpq,1,none,related_without_correction,1,none,endorses_target_error,1,none,endorses_target_error,4,challenge,corrects_target,5,challenge,corrects_target,5,challenge,corrects_target,1,none,misses_target,1,none,endorses_target_error
fpq_776,fpq,1,none,related_without_correction,4,challenge,corrects_target,1,none,misses_target,1,challenge,related_without_correction,2,challenge,corrects_target,5,challenge,corrects_target,1,qualification,related_without_correction,2,challenge,corrects_target
fpq_777,fpq,1,none,endorses_target_error,1,none,endorses_target_error,1,none,endorses_target_error,1,none,endorses_target_error,1,none,misses_target,4,challenge,corrects_target,5,challenge,corrects_target,1,qualification,related_without_correction
fpq_778,fpq,1,none,misses_target,1,none,misses_target,1,none,misses_target,1,none,misses_target,1,qualification,related_without_correction,2,challenge,related_without_correction,1,qualification,related_without_correction,1,qualification,related_without_correction
fpq_78,fpq,1,none,misses_target,1,none,misses_target,1,none,misses_target,1,none,misses_target,1,none,misses_target,1,none,misses_target,1,none,misses_target,5,qualification,corrects_target
fpq_780,fpq,1,none,endorses_target_error,1,none,misses_target,1,none,related_without_correction,4,challenge,corrects_target,5,challenge,corrects_target,5,challenge,corrects_target,5,challenge,corrects_target,5,challenge,corrects_target
fpq_781,fpq,1,none,misses_target,1,none,endorses_target_error,1,none,related_without_correction,4,challenge,corrects_target,1,none,related_without_correction,2,qualification,corrects_target,2,qualification,corrects_target,4,challenge,corrects_target
fpq_789,fpq,1,qualification,related_without_correction,1,qualification,related_without_correction,2,challenge,related_without_correction,4,challenge,corrects_target,5,challenge,corrects_target,5,challenge,corrects_target,5,challenge,corrects_target,5,challenge,corrects_target
fpq_794,fpq,1,none,endorses_target_error,1,none,misses_target,1,none,endorses_target_error,1,none,endorses_target_error,2,qualification,corrects_target,5,challenge,corrects_target,1,qualification,related_without_correction,5,challenge,corrects_target
fpq_797,fpq,1,none,endorses_target_error,1,none,misses_target,1,none,misses_target,1,qualification,misses_target,1,none,misses_target,4,challenge,corrects_target,5,challenge,corrects_target,4,qualification,corrects_target
fpq_798,fpq,1,qualification,related_without_correction,1,none,endorses_target_error,1,qualification,related_without_correction,2,challenge,corrects_target,5,challenge,corrects_target,5,challenge,corrects_target,5,challenge,corrects_target,5,challenge,corrects_target
fpq_799,fpq,1,none,endorses_target_error,1,none,endorses_target_error,1,qualification,misses_target,1,none,endorses_target_error,1,none,endorses_target_error,1,qualification,endorses_target_error,1,none,endorses_target_error,1,none,endorses_target_error
fpq_8,fpq,1,none,related_without_correction,1,none,misses_target,1,none,misses_target,5,challenge,corrects_target,3,challenge,corrects_target,5,challenge,corrects_target,4,challenge,corrects_target,1,none,endorses_target_error
fpq_80,fpq,1,none,endorses_target_error,1,qualification,related_without_correction,1,none,endorses_target_error,1,none,related_without_correction,1,qualification,related_without_correction,3,challenge,corrects_target,1,none,related_without_correction,2,qualification,related_without_correction
fpq_801,fpq,1,qualification,misses_target,1,none,endorses_target_error,1,none,misses_target,1,qualification,misses_target,1,qualification,misses_target,5,challenge,corrects_target,1,challenge,misses_target,2,qualification,related_without_correction
fpq_802,fpq,1,none,endorses_target_error,1,none,misses_target,1,none,endorses_target_error,1,none,misses_target,4,challenge,corrects_target,5,challenge,corrects_target,1,none,misses_target,1,none,misses_target
fpq_804,fpq,1,none,endorses_target_error,1,none,endorses_target_error,1,none,misses_target,1,none,endorses_target_error,1,qualification,corrects_target,4,qualification,corrects_target,5,challenge,corrects_target,2,qualification,related_without_correction
fpq_805,fpq,1,none,endorses_target_error,1,none,endorses_target_error,1,none,endorses_target_error,2,challenge,corrects_target,1,qualification,related_without_correction,1,qualification,corrects_target,4,challenge,corrects_target,4,challenge,corrects_target
fpq_806,fpq,1,none,endorses_target_error,1,none,misses_target,1,none,misses_target,1,none,endorses_target_error,2,qualification,corrects_target,4,qualification,corrects_target,1,qualification,misses_target,1,qualification,related_without_correction
fpq_807,fpq,1,none,misses_target,1,none,misses_target,1,none,misses_target,1,none,misses_target,1,none,related_without_correction,1,challenge,related_without_correction,1,qualification,misses_target,1,none,misses_target
fpq_808,fpq,1,none,endorses_target_error,1,none,endorses_target_error,1,none,endorses_target_error,4,challenge,corrects_target,2,qualification,related_without_correction,4,challenge,corrects_target,5,challenge,corrects_target,5,challenge,corrects_target
fpq_81,fpq,1,none,misses_target,1,qualification,related_without_correction,1,none,endorses_target_error,4,challenge,corrects_target,5,challenge,corrects_target,5,challenge,corrects_target,5,challenge,corrects_target,5,challenge,corrects_target
fpq_813,fpq,1,none,misses_target,1,qualification,related_without_correction,1,none,misses_target,4,challenge,corrects_target,4,qualification,corrects_target,5,challenge,corrects_target,2,qualification,related_without_correction,5,challenge,corrects_target
fpq_814,fpq,1,none,misses_target,1,none,endorses_target_error,1,none,endorses_target_error,4,challenge,corrects_target,1,none,misses_target,5,qualification,corrects_target,1,none,endorses_target_error,1,none,endorses_target_error
fpq_817,fpq,1,qualification,corrects_target,2,qualification,related_without_correction,1,none,misses_target,4,challenge,corrects_target,4,challenge,corrects_target,5,challenge,corrects_target,5,challenge,corrects_target,5,challenge,corrects_target
fpq_818,fpq,1,none,misses_target,2,qualification,corrects_target,3,challenge,corrects_target,3,challenge,corrects_target,4,challenge,corrects_target,5,challenge,corrects_target,5,challenge,corrects_target,3,challenge,corrects_target
fpq_82,fpq,1,qualification,related_without_correction,1,qualification,related_without_correction,1,none,misses_target,4,challenge,corrects_target,5,challenge,corrects_target,5,challenge,corrects_target,5,challenge,corrects_target,5,challenge,corrects_target
fpq_820,fpq,1,none,endorses_target_error,1,none,endorses_target_error,1,none,endorses_target_error,1,none,endorses_target_error,5,challenge,corrects_target,5,challenge,corrects_target,5,challenge,corrects_target,5,challenge,corrects_target
fpq_823,fpq,1,none,related_without_correction,1,none,endorses_target_error,1,none,endorses_target_error,2,challenge,related_without_correction,1,qualification,related_without_correction,5,challenge,corrects_target,2,challenge,related_without_correction,5,challenge,corrects_target
fpq_824,fpq,1,none,misses_target,1,none,misses_target,1,none,misses_target,4,challenge,corrects_target,5,challenge,corrects_target,5,challenge,corrects_target,1,none,misses_target,5,challenge,corrects_target
fpq_827,fpq,1,none,misses_target,4,challenge,corrects_target,1,qualification,endorses_target_error,1,challenge,related_without_correction,5,challenge,corrects_target,4,challenge,corrects_target,4,challenge,corrects_target,2,challenge,corrects_target
fpq_828,fpq,1,none,endorses_target_error,1,qualification,related_without_correction,2,qualification,corrects_target,1,challenge,related_without_correction,2,challenge,corrects_target,3,challenge,related_without_correction,1,challenge,misses_target,1,challenge,endorses_target_error
fpq_829,fpq,1,none,endorses_target_error,2,qualification,related_without_correction,1,qualification,misses_target,1,none,endorses_target_error,2,qualification,corrects_target,2,qualification,related_without_correction,4,challenge,corrects_target,4,challenge,corrects_target
fpq_830,fpq,1,qualification,related_without_correction,4,challenge,corrects_target,4,challenge,corrects_target,4,challenge,corrects_target,2,qualification,related_without_correction,4,challenge,corrects_target,4,challenge,corrects_target,4,challenge,corrects_target
fpq_831,fpq,1,challenge,related_without_correction,2,qualification,related_without_correction,1,challenge,misses_target,1,challenge,misses_target,4,qualification,corrects_target,5,challenge,corrects_target,2,challenge,related_without_correction,1,challenge,related_without_correction
fpq_832,fpq,1,none,endorses_target_error,1,none,endorses_target_error,1,qualification,endorses_target_error,1,none,endorses_target_error,4,challenge,corrects_target,5,challenge,corrects_target,5,challenge,corrects_target,5,challenge,corrects_target
fpq_833,fpq,1,none,endorses_target_error,1,none,endorses_target_error,1,none,misses_target,5,challenge,corrects_target,5,challenge,corrects_target,5,challenge,corrects_target,5,challenge,corrects_target,5,challenge,corrects_target
fpq_834,fpq,2,qualification,corrects_target,4,challenge,corrects_target,1,qualification,related_without_correction,4,challenge,corrects_target,5,challenge,corrects_target,5,challenge,corrects_target,5,challenge,corrects_target,5,challenge,corrects_target
fpq_835,fpq,1,qualification,related_without_correction,1,qualification,related_without_correction,1,none,endorses_target_error,1,none,endorses_target_error,2,qualification,related_without_correction,3,qualification,corrects_target,1,qualification,corrects_target,4,challenge,corrects_target
fpq_836,fpq,1,none,misses_target,2,qualification,corrects_target,1,none,endorses_target_error,1,none,endorses_target_error,3,qualification,corrects_target,2,challenge,corrects_target,1,none,misses_target,5,challenge,corrects_target
fpq_837,fpq,1,none,misses_target,1,none,misses_target,1,qualification,related_without_correction,1,none,endorses_target_error,1,qualification,misses_target,2,challenge,related_without_correction,2,qualification,corrects_target,1,challenge,related_without_correction
fpq_838,fpq,1,qualification,related_without_correction,1,none,related_without_correction,1,challenge,corrects_target,5,challenge,corrects_target,5,challenge,corrects_target,5,challenge,corrects_target,5,challenge,corrects_target,5,challenge,corrects_target
fpq_839,fpq,4,challenge,corrects_target,1,qualification,related_without_correction,1,none,misses_target,5,challenge,corrects_target,5,challenge,corrects_target,5,challenge,corrects_target,5,challenge,corrects_target,5,challenge,corrects_target
fpq_84,fpq,1,none,endorses_target_error,1,none,endorses_target_error,1,none,related_without_correction,1,none,misses_target,2,qualification,corrects_target,2,qualification,corrects_target,1,qualification,corrects_target,5,qualification,corrects_target
fpq_840,fpq,1,none,endorses_target_error,1,none,endorses_target_error,1,none,endorses_target_error,1,none,misses_target,1,none,misses_target,5,qualification,corrects_target,4,challenge,corrects_target,4,challenge,corrects_target
fpq_844,fpq,1,qualification,misses_target,5,challenge,corrects_target,2,qualification,corrects_target,4,challenge,corrects_target,5,challenge,corrects_target,5,challenge,corrects_target,5,challenge,corrects_target,5,challenge,corrects_target
fpq_846,fpq,1,qualification,endorses_target_error,2,qualification,related_without_correction,1,qualification,related_without_correction,4,challenge,corrects_target,4,challenge,corrects_target,4,challenge,corrects_target,1,qualification,endorses_target_error,2,qualification,corrects_target
fpq_847,fpq,2,challenge,corrects_target,2,qualification,related_without_correction,1,qualification,corrects_target,3,challenge,corrects_target,4,challenge,corrects_target,4,challenge,corrects_target,4,challenge,related_without_correction,5,challenge,corrects_target
fpq_848,fpq,1,none,endorses_target_error,1,none,misses_target,1,qualification,related_without_correction,2,challenge,corrects_target,4,challenge,corrects_target,4,challenge,corrects_target,1,none,endorses_target_error,1,qualification,related_without_correction
fpq_849,fpq,1,qualification,related_without_correction,2,qualification,related_without_correction,2,challenge,corrects_target,2,challenge,corrects_target,5,challenge,corrects_target,5,challenge,corrects_target,2,challenge,related_without_correction,1,challenge,related_without_correction
fpq_85,fpq,1,none,misses_target,1,qualification,related_without_correction,1,qualification,related_without_correction,2,qualification,corrects_target,1,qualification,related_without_correction,4,qualification,corrects_target,1,none,misses_target,4,qualification,corrects_target
fpq_850,fpq,1,qualification,related_without_correction,1,qualification,related_without_correction,1,none,misses_target,4,challenge,corrects_target,5,challenge,corrects_target,5,challenge,corrects_target,2,challenge,related_without_correction,5,challenge,corrects_target
fpq_851,fpq,1,none,misses_target,4,challenge,corrects_target,1,none,misses_target,4,challenge,corrects_target,4,challenge,corrects_target,4,challenge,corrects_target,5,challenge,corrects_target,4,challenge,corrects_target
fpq_852,fpq,1,none,misses_target,1,none,misses_target,1,none,misses_target,1,challenge,misses_target,1,challenge,misses_target,1,challenge,misses_target,1,challenge,misses_target,1,challenge,misses_target
fpq_854,fpq,1,none,endorses_target_error,1,none,endorses_target_error,1,qualification,misses_target,1,qualification,misses_target,1,challenge,misses_target,1,challenge,corrects_target,1,challenge,related_without_correction,1,challenge,corrects_target
fpq_855,fpq,1,none,misses_target,1,none,endorses_target_error,1,qualification,misses_target,3,challenge,corrects_target,1,none,misses_target,1,none,related_without_correction,1,qualification,related_without_correction,1,none,related_without_correction
fpq_858,fpq,1,none,endorses_target_error,1,none,misses_target,1,qualification,related_without_correction,1,challenge,corrects_target,3,qualification,corrects_target,4,qualification,corrects_target,1,qualification,endorses_target_error,1,challenge,endorses_target_error
fpq_859,fpq,1,none,related_without_correction,1,none,endorses_target_error,1,none,misses_target,1,none,endorses_target_error,1,qualification,misses_target,2,qualification,corrects_target,2,challenge,corrects_target,1,challenge,related_without_correction
fpq_860,fpq,1,none,misses_target,1,none,endorses_target_error,1,qualification,related_without_correction,1,none,misses_target,1,qualification,misses_target,1,none,misses_target,1,none,misses_target,1,none,misses_target
fpq_861,fpq,2,qualification,corrects_target,2,qualification,corrects_target,1,none,misses_target,1,qualification,related_without_correction,3,qualification,corrects_target,4,qualification,corrects_target,4,qualification,corrects_target,4,qualification,corrects_target
fpq_862,fpq,1,none,related_without_correction,2,challenge,corrects_target,1,none,endorses_target_error,4,challenge,corrects_target,4,challenge,corrects_target,4,challenge,corrects_target,5,challenge,corrects_target,5,challenge,corrects_target
fpq_863,fpq,2,qualification,corrects_target,4,challenge,corrects_target,1,none,endorses_target_error,4,challenge,corrects_target,5,challenge,corrects_target,5,challenge,corrects_target,1,qualification,related_without_correction,5,challenge,corrects_target
fpq_864,fpq,1,none,endorses_target_error,1,none,misses_target,1,none,endorses_target_error,1,none,endorses_target_error,1,none,endorses_target_error,1,challenge,endorses_target_error,1,none,endorses_target_error,2,qualification,corrects_target
fpq_865,fpq,1,qualification,endorses_target_error,4,challenge,corrects_target,2,qualification,corrects_target,4,challenge,corrects_target,5,challenge,corrects_target,4,challenge,corrects_target,3,qualification,corrects_target,5,challenge,corrects_target
fpq_866,fpq,1,none,misses_target,1,none,endorses_target_error,1,qualification,related_without_correction,1,qualification,related_without_correction,2,qualification,corrects_target,5,qualification,corrects_target,2,qualification,corrects_target,2,challenge,corrects_target
fpq_869,fpq,1,qualification,related_without_correction,2,qualification,corrects_target,3,challenge,corrects_target,4,challenge,corrects_target,5,challenge,corrects_target,5,challenge,corrects_target,5,challenge,corrects_target,4,challenge,corrects_target
fpq_87,fpq,1,qualification,related_without_correction,4,challenge,corrects_target,1,none,endorses_target_error,1,none,endorses_target_error,2,qualification,corrects_target,5,qualification,corrects_target,4,challenge,corrects_target,2,qualification,corrects_target
fpq_870,fpq,1,none,misses_target,1,none,misses_target,1,none,misses_target,1,none,misses_target,1,qualification,misses_target,1,qualification,misses_target,1,none,misses_target,1,qualification,related_without_correction
fpq_871,fpq,1,none,misses_target,1,none,misses_target,1,none,endorses_target_error,1,none,related_without_correction,1,none,endorses_target_error,5,challenge,corrects_target,1,none,endorses_target_error,1,none,misses_target
fpq_872,fpq,1,none,misses_target,1,none,endorses_target_error,1,none,endorses_target_error,1,none,endorses_target_error,1,none,misses_target,4,qualification,corrects_target,1,none,misses_target,1,none,related_without_correction
fpq_88,fpq,1,qualification,endorses_target_error,4,challenge,corrects_target,1,qualification,related_without_correction,4,challenge,corrects_target,5,challenge,corrects_target,5,challenge,corrects_target,5,challenge,corrects_target,5,challenge,corrects_target
fpq_89,fpq,1,none,misses_target,1,none,related_without_correction,1,none,misses_target,1,none,endorses_target_error,2,qualification,corrects_target,4,qualification,corrects_target,1,none,misses_target,1,none,misses_target
fpq_9,fpq,2,challenge,corrects_target,1,none,related_without_correction,1,qualification,misses_target,4,challenge,corrects_target,5,challenge,corrects_target,5,challenge,corrects_target,5,challenge,corrects_target,5,challenge,corrects_target
fpq_90,fpq,1,none,endorses_target_error,1,none,endorses_target_error,1,none,misses_target,1,none,endorses_target_error,1,none,misses_target,5,challenge,corrects_target,1,none,misses_target,1,none,endorses_target_error
fpq_91,fpq,1,none,related_without_correction,1,none,misses_target,1,none,misses_target,1,none,endorses_target_error,1,qualification,related_without_correction,5,challenge,corrects_target,5,challenge,corrects_target,4,challenge,corrects_target
fpq_92,fpq,1,none,misses_target,1,none,misses_target,1,none,misses_target,1,none,misses_target,1,none,misses_target,4,challenge,corrects_target,5,challenge,corrects_target,4,qualification,corrects_target
fpq_94,fpq,1,none,misses_target,1,none,misses_target,1,none,endorses_target_error,1,none,misses_target,1,none,misses_target,2,qualification,related_without_correction,1,none,misses_target,1,qualification,endorses_target_error
fpq_95,fpq,1,none,misses_target,1,none,related_without_correction,1,none,misses_target,1,none,misses_target,1,none,misses_target,5,challenge,corrects_target,1,none,related_without_correction,1,none,related_without_correction
fpq_96,fpq,1,none,related_without_correction,1,qualification,misses_target,1,none,misses_target,1,challenge,misses_target,1,qualification,misses_target,1,challenge,misses_target,1,challenge,misses_target,1,challenge,misses_target
fpq_97,fpq,1,qualification,related_without_correction,1,none,related_without_correction,2,qualification,corrects_target,1,none,related_without_correction,5,qualification,corrects_target,5,challenge,corrects_target,5,challenge,corrects_target,4,challenge,corrects_target
fpq_98,fpq,1,none,misses_target,1,none,endorses_target_error,1,none,endorses_target_error,1,none,misses_target,1,none,misses_target,4,challenge,corrects_target,1,none,endorses_target_error,1,none,misses_target
fpq_99,fpq,1,none,endorses_target_error,2,qualification,corrects_target,1,none,endorses_target_error,4,challenge,corrects_target,5,challenge,corrects_target,4,challenge,corrects_target,5,challenge,corrects_target,5,challenge,corrects_target
nfp_1000,nfp,5,none,not_applicable,4,qualification,not_applicable,4,qualification,not_applicable,4,challenge,not_applicable,4,challenge,not_applicable,5,challenge,not_applicable,2,challenge,not_applicable,5,challenge,not_applicable
nfp_1001,nfp,5,none,not_applicable,5,none,not_applicable,4,challenge,not_applicable,1,challenge,not_applicable,2,challenge,not_applicable,1,challenge,not_applicable,4,none,not_applicable,2,challenge,not_applicable
nfp_1002,nfp,5,none,not_applicable,2,challenge,not_applicable,5,none,not_applicable,1,challenge,not_applicable,4,qualification,not_applicable,1,challenge,not_applicable,1,challenge,not_applicable,4,challenge,not_applicable
nfp_1003,nfp,5,none,not_applicable,5,none,not_applicable,4,none,not_applicable,5,none,not_applicable,5,qualification,not_applicable,5,qualification,not_applicable,5,none,not_applicable,5,none,not_applicable
nfp_1004,nfp,5,none,not_applicable,5,none,not_applicable,5,none,not_applicable,5,none,not_applicable,5,qualification,not_applicable,4,qualification,not_applicable,2,challenge,not_applicable,2,challenge,not_applicable
nfp_1005,nfp,5,none,not_applicable,5,none,not_applicable,5,none,not_applicable,5,none,not_applicable,5,none,not_applicable,2,qualification,not_applicable,4,none,not_applicable,5,none,not_applicable
nfp_1006,nfp,5,none,not_applicable,5,none,not_applicable,5,none,not_applicable,5,none,not_applicable,5,qualification,not_applicable,5,qualification,not_applicable,5,none,not_applicable,5,none,not_applicable
nfp_1008,nfp,5,none,not_applicable,4,none,not_applicable,5,none,not_applicable,5,none,not_applicable,5,qualification,not_applicable,3,challenge,not_applicable,5,none,not_applicable,5,none,not_applicable
nfp_1009,nfp,4,qualification,not_applicable,4,qualification,not_applicable,4,qualification,not_applicable,2,challenge,not_applicable,5,qualification,not_applicable,2,challenge,not_applicable,2,challenge,not_applicable,2,challenge,not_applicable
nfp_1010,nfp,5,none,not_applicable,5,none,not_applicable,5,qualification,not_applicable,4,qualification,not_applicable,4,qualification,not_applicable,2,challenge,not_applicable,2,qualification,not_applicable,2,challenge,not_applicable
nfp_1011,nfp,5,none,not_applicable,5,none,not_applicable,4,none,not_applicable,5,none,not_applicable,5,none,not_applicable,4,qualification,not_applicable,5,none,not_applicable,5,qualification,not_applicable
nfp_1012,nfp,5,none,not_applicable,5,none,not_applicable,5,none,not_applicable,5,none,not_applicable,4,qualification,not_applicable,3,challenge,not_applicable,4,qualification,not_applicable,4,qualification,not_applicable
nfp_1013,nfp,5,none,not_applicable,5,none,not_applicable,5,none,not_applicable,5,none,not_applicable,5,none,not_applicable,5,qualification,not_applicable,5,none,not_applicable,5,none,not_applicable
nfp_1014,nfp,5,none,not_applicable,4,none,not_applicable,5,none,not_applicable,5,none,not_applicable,5,none,not_applicable,4,qualification,not_applicable,5,none,not_applicable,5,none,not_applicable
nfp_1015,nfp,5,none,not_applicable,4,qualification,not_applicable,5,none,not_applicable,5,none,not_applicable,5,none,not_applicable,2,qualification,not_applicable,5,none,not_applicable,5,none,not_applicable
nfp_1016,nfp,5,none,not_applicable,5,none,not_applicable,5,none,not_applicable,2,challenge,not_applicable,4,qualification,not_applicable,3,challenge,not_applicable,5,none,not_applicable,5,none,not_applicable
nfp_1017,nfp,5,none,not_applicable,5,none,not_applicable,5,none,not_applicable,5,none,not_applicable,5,none,not_applicable,5,qualification,not_applicable,5,none,not_applicable,5,qualification,not_applicable
nfp_1018,nfp,5,none,not_applicable,5,none,not_applicable,5,none,not_applicable,5,none,not_applicable,5,none,not_applicable,5,none,not_applicable,4,none,not_applicable,4,none,not_applicable
nfp_1019,nfp,5,none,not_applicable,4,none,not_applicable,5,qualification,not_applicable,5,none,not_applicable,5,qualification,not_applicable,4,qualification,not_applicable,4,challenge,not_applicable,5,qualification,not_applicable
nfp_1020,nfp,5,none,not_applicable,5,none,not_applicable,5,none,not_applicable,5,none,not_applicable,4,qualification,not_applicable,4,qualification,not_applicable,5,none,not_applicable,5,qualification,not_applicable
nfp_1021,nfp,5,qualification,not_applicable,4,qualification,not_applicable,5,none,not_applicable,4,qualification,not_applicable,2,qualification,not_applicable,4,qualification,not_applicable,5,qualification,not_applicable,2,challenge,not_applicable
nfp_1022,nfp,5,none,not_applicable,5,none,not_applicable,5,none,not_applicable,5,qualification,not_applicable,5,qualification,not_applicable,2,qualification,not_applicable,5,none,not_applicable,4,qualification,not_applicable
nfp_1023,nfp,5,none,not_applicable,2,challenge,not_applicable,5,qualification,not_applicable,2,challenge,not_applicable,4,challenge,not_applicable,2,challenge,not_applicable,2,challenge,not_applicable,2,challenge,not_applicable
nfp_1024,nfp,4,qualification,not_applicable,4,qualification,not_applicable,4,qualification,not_applicable,1,challenge,not_applicable,2,challenge,not_applicable,2,challenge,not_applicable,4,challenge,not_applicable,2,challenge,not_applicable
nfp_1025,nfp,5,none,not_applicable,4,none,not_applicable,5,none,not_applicable,5,qualification,not_applicable,5,none,not_applicable,5,qualification,not_applicable,5,none,not_applicable,5,none,not_applicable
nfp_1026,nfp,5,none,not_applicable,4,qualification,not_applicable,5,qualification,not_applicable,2,challenge,not_applicable,4,qualification,not_applicable,2,challenge,not_applicable,4,none,not_applicable,3,qualification,not_applicable
nfp_1027,nfp,5,none,not_applicable,4,none,not_applicable,5,none,not_applicable,5,none,not_applicable,5,none,not_applicable,3,qualification,not_applicable,5,none,not_applicable,5,none,not_applicable
nfp_1028,nfp,5,none,not_applicable,5,none,not_applicable,5,none,not_applicable,2,challenge,not_applicable,5,qualification,not_applicable,2,qualification,not_applicable,4,qualification,not_applicable,5,none,not_applicable
nfp_1029,nfp,5,none,not_applicable,5,none,not_applicable,5,none,not_applicable,2,challenge,not_applicable,4,challenge,not_applicable,2,challenge,not_applicable,2,challenge,not_applicable,2,challenge,not_applicable
nfp_1030,nfp,5,none,not_applicable,4,none,not_applicable,5,none,not_applicable,5,qualification,not_applicable,2,qualification,not_applicable,2,qualification,not_applicable,4,qualification,not_applicable,4,none,not_applicable
nfp_1031,nfp,5,none,not_applicable,5,none,not_applicable,5,none,not_applicable,5,none,not_applicable,4,qualification,not_applicable,2,challenge,not_applicable,5,none,not_applicable,4,none,not_applicable
nfp_1032,nfp,5,none,not_applicable,5,none,not_applicable,5,qualification,not_applicable,4,qualification,not_applicable,5,challenge,not_applicable,4,qualification,not_applicable,4,qualification,not_applicable,4,challenge,not_applicable
nfp_1033,nfp,5,none,not_applicable,5,none,not_applicable,5,none,not_applicable,1,challenge,not_applicable,5,qualification,not_applicable,4,qualification,not_applicable,4,qualification,not_applicable,2,challenge,not_applicable
nfp_1034,nfp,5,none,not_applicable,5,none,not_applicable,5,none,not_applicable,5,none,not_applicable,4,challenge,not_applicable,3,challenge,not_applicable,4,qualification,not_applicable,4,qualification,not_applicable
nfp_1035,nfp,5,none,not_applicable,5,none,not_applicable,5,qualification,not_applicable,5,none,not_applicable,5,qualification,not_applicable,5,qualification,not_applicable,4,qualification,not_applicable,5,qualification,not_applicable
nfp_1036,nfp,5,none,not_applicable,5,none,not_applicable,5,none,not_applicable,5,none,not_applicable,5,qualification,not_applicable,3,challenge,not_applicable,5,none,not_applicable,5,none,not_applicable
nfp_1037,nfp,5,none,not_applicable,1,challenge,not_applicable,5,none,not_applicable,5,qualification,not_applicable,4,qualification,not_applicable,2,challenge,not_applicable,5,none,not_applicable,5,none,not_applicable
nfp_1038,nfp,5,none,not_applicable,5,none,not_applicable,5,none,not_applicable,5,qualification,not_applicable,5,none,not_applicable,4,qualification,not_applicable,5,qualification,not_applicable,4,none,not_applicable
nfp_1039,nfp,5,none,not_applicable,5,none,not_applicable,5,none,not_applicable,5,qualification,not_applicable,5,qualification,not_applicable,5,qualification,not_applicable,5,challenge,not_applicable,4,challenge,not_applicable
nfp_1040,nfp,5,none,not_applicable,5,none,not_applicable,5,none,not_applicable,5,qualification,not_applicable,5,qualification,not_applicable,4,qualification,not_applicable,5,qualification,not_applicable,5,qualification,not_applicable
nfp_1041,nfp,5,qualification,not_applicable,5,qualification,not_applicable,5,qualification,not_applicable,5,qualification,not_applicable,5,qualification,not_applicable,4,challenge,not_applicable,4,qualification,not_applicable,5,qualification,not_applicable
nfp_1042,nfp,4,qualification,not_applicable,5,qualification,not_applicable,4,qualification,not_applicable,5,qualification,not_applicable,2,challenge,not_applicable,2,challenge,not_applicable,4,challenge,not_applicable,4,qualification,not_applicable
nfp_1043,nfp,5,none,not_applicable,5,none,not_applicable,5,none,not_applicable,5,none,not_applicable,5,none,not_applicable,4,qualification,not_applicable,5,none,not_applicable,3,challenge,not_applicable
nfp_1044,nfp,5,none,not_applicable,5,none,not_applicable,5,none,not_applicable,5,none,not_applicable,5,none,not_applicable,4,qualification,not_applicable,4,none,not_applicable,4,none,not_applicable
nfp_1045,nfp,5,none,not_applicable,5,none,not_applicable,5,qualification,not_applicable,5,qualification,not_applicable,5,challenge,not_applicable,4,challenge,not_applicable,5,qualification,not_applicable,4,qualification,not_applicable
nfp_1046,nfp,5,qualification,not_applicable,5,qualification,not_applicable,4,qualification,not_applicable,3,qualification,not_applicable,5,qualification,not_applicable,5,qualification,not_applicable,5,qualification,not_applicable,4,qualification,not_applicable
nfp_1047,nfp,5,none,not_applicable,4,none,not_applicable,5,qualification,not_applicable,4,qualification,not_applicable,5,qualification,not_applicable,2,qualification,not_applicable,4,none,not_applicable,4,challenge,not_applicable
nfp_1048,nfp,5,qualification,not_applicable,4,challenge,not_applicable,5,qualification,not_applicable,4,challenge,not_applicable,5,challenge,not_applicable,5,challenge,not_applicable,4,qualification,not_applicable,4,challenge,not_applicable
nfp_1049,nfp,5,none,not_applicable,5,none,not_applicable,5,none,not_applicable,5,none,not_applicable,5,none,not_applicable,4,qualification,not_applicable,5,none,not_applicable,4,none,not_applicable
nfp_1050,nfp,5,none,not_applicable,5,none,not_applicable,5,none,not_applicable,5,none,not_applicable,5,none,not_applicable,5,qualification,not_applicable,5,none,not_applicable,4,qualification,not_applicable
nfp_1051,nfp,5,none,not_applicable,5,none,not_applicable,5,none,not_applicable,2,challenge,not_applicable,4,qualification,not_applicable,2,challenge,not_applicable,4,qualification,not_applicable,5,none,not_applicable
nfp_1052,nfp,5,none,not_applicable,5,none,not_applicable,5,qualification,not_applicable,5,qualification,not_applicable,5,qualification,not_applicable,2,challenge,not_applicable,5,challenge,not_applicable,4,challenge,not_applicable
nfp_1053,nfp,5,none,not_applicable,5,qualification,not_applicable,5,qualification,not_applicable,5,none,not_applicable,5,qualification,not_applicable,4,qualification,not_applicable,5,none,not_applicable,5,qualification,not_applicable
nfp_1054,nfp,5,none,not_applicable,4,none,not_applicable,5,none,not_applicable,2,challenge,not_applicable,4,qualification,not_applicable,2,challenge,not_applicable,2,challenge,not_applicable,2,challenge,not_applicable
nfp_1055,nfp,5,none,not_applicable,5,none,not_applicable,4,qualification,not_applicable,2,challenge,not_applicable,4,challenge,not_applicable,2,challenge,not_applicable,2,challenge,not_applicable,2,challenge,not_applicable
nfp_1056,nfp,5,qualification,not_applicable,5,none,not_applicable,4,qualification,not_applicable,5,qualification,not_applicable,5,qualification,not_applicable,5,challenge,not_applicable,4,qualification,not_applicable,3,qualification,not_applicable
nfp_1057,nfp,5,none,not_applicable,5,none,not_applicable,5,none,not_applicable,5,none,not_applicable,5,qualification,not_applicable,2,qualification,not_applicable,3,qualification,not_applicable,4,qualification,not_applicable
nfp_1058,nfp,5,none,not_applicable,5,none,not_applicable,4,qualification,not_applicable,4,challenge,not_applicable,5,challenge,not_applicable,3,challenge,not_applicable,5,qualification,not_applicable,5,qualification,not_applicable
nfp_1059,nfp,4,qualification,not_applicable,5,none,not_applicable,5,qualification,not_applicable,5,qualification,not_applicable,5,qualification,not_applicable,5,qualification,not_applicable,4,qualification,not_applicable,2,challenge,not_applicable
nfp_1060,nfp,5,qualification,not_applicable,5,qualification,not_applicable,5,qualification,not_applicable,5,none,not_applicable,5,qualification,not_applicable,4,challenge,not_applicable,5,qualification,not_applicable,4,qualification,not_applicable
nfp_1061,nfp,5,none,not_applicable,5,none,not_applicable,5,qualification,not_applicable,5,none,not_applicable,5,none,not_applicable,4,qualification,not_applicable,2,challenge,not_applicable,5,none,not_applicable
nfp_1062,nfp,5,qualification,not_applicable,5,qualification,not_applicable,5,none,not_applicable,1,challenge,not_applicable,4,challenge,not_applicable,2,challenge,not_applicable,4,qualification,not_applicable,4,challenge,not_applicable
nfp_1063,nfp,5,none,not_applicable,5,none,not_applicable,5,none,not_applicable,5,none,not_applicable,2,challenge,not_applicable,2,challenge,not_applicable,2,challenge,not_applicable,5,qualification,not_applicable
nfp_1064,nfp,5,none,not_applicable,5,none,not_applicable,5,none,not_applicable,5,none,not_applicable,5,none,not_applicable,4,qualification,not_applicable,5,none,not_applicable,5,none,not_applicable
nfp_1065,nfp,5,none,not_applicable,5,qualification,not_applicable,5,qualification,not_applicable,5,none,not_applicable,5,qualification,not_applicable,2,qualification,not_applicable,5,none,not_applicable,3,challenge,not_applicable
nfp_1066,nfp,5,none,not_applicable,5,none,not_applicable,5,none,not_applicable,5,none,not_applicable,5,none,not_applicable,4,none,not_applicable,5,none,not_applicable,5,none,not_applicable
nfp_1067,nfp,5,none,not_applicable,5,none,not_applicable,5,qualification,not_applicable,5,none,not_applicable,5,qualification,not_applicable,5,qualification,not_applicable,4,qualification,not_applicable,5,qualification,not_applicable
nfp_1068,nfp,5,none,not_applicable,4,qualification,not_applicable,5,qualification,not_applicable,4,none,not_applicable,5,qualification,not_applicable,4,qualification,not_applicable,4,qualification,not_applicable,1,challenge,not_applicable
nfp_1069,nfp,5,none,not_applicable,5,none,not_applicable,5,none,not_applicable,5,none,not_applicable,5,qualification,not_applicable,4,challenge,not_applicable,4,none,not_applicable,4,qualification,not_applicable
nfp_1070,nfp,5,none,not_applicable,5,none,not_applicable,4,none,not_applicable,2,challenge,not_applicable,5,challenge,not_applicable,4,challenge,not_applicable,2,challenge,not_applicable,2,challenge,not_applicable
nfp_1071,nfp,5,none,not_applicable,5,none,not_applicable,5,none,not_applicable,5,none,not_applicable,5,none,not_applicable,2,qualification,not_applicable,4,qualification,not_applicable,5,qualification,not_applicable
nfp_1072,nfp,5,qualification,not_applicable,5,none,not_applicable,5,none,not_applicable,5,none,not_applicable,4,challenge,not_applicable,3,challenge,not_applicable,5,qualification,not_applicable,2,challenge,not_applicable
nfp_1073,nfp,5,none,not_applicable,4,qualification,not_applicable,5,qualification,not_applicable,5,none,not_applicable,5,qualification,not_applicable,4,challenge,not_applicable,5,none,not_applicable,4,none,not_applicable
nfp_1074,nfp,5,none,not_applicable,5,none,not_applicable,5,none,not_applicable,5,none,not_applicable,5,challenge,not_applicable,2,challenge,not_applicable,5,none,not_applicable,5,none,not_applicable
nfp_1075,nfp,5,qualification,not_applicable,5,none,not_applicable,5,qualification,not_applicable,2,challenge,not_applicable,5,challenge,not_applicable,5,qualification,not_applicable,4,qualification,not_applicable,5,challenge,not_applicable
nfp_1076,nfp,5,none,not_applicable,5,none,not_applicable,4,none,not_applicable,5,none,not_applicable,2,challenge,not_applicable,2,challenge,not_applicable,4,none,not_applicable,4,none,not_applicable
nfp_1077,nfp,5,none,not_applicable,4,none,not_applicable,5,none,not_applicable,5,none,not_applicable,5,qualification,not_applicable,4,qualification,not_applicable,4,qualification,not_applicable,4,none,not_applicable
nfp_1078,nfp,5,none,not_applicable,5,none,not_applicable,5,none,not_applicable,2,challenge,not_applicable,4,qualification,not_applicable,2,challenge,not_applicable,2,challenge,not_applicable,2,challenge,not_applicable
nfp_1079,nfp,5,none,not_applicable,5,none,not_applicable,5,none,not_applicable,2,challenge,not_applicable,5,qualification,not_applicable,4,challenge,not_applicable,2,challenge,not_applicable,2,challenge,not_applicable
nfp_1080,nfp,4,none,not_applicable,5,none,not_applicable,5,qualification,not_applicable,2,challenge,not_applicable,5,qualification,not_applicable,2,challenge,not_applicable,1,challenge,not_applicable,2,challenge,not_applicable
nfp_1081,nfp,5,none,not_applicable,4,qualification,not_applicable,5,qualification,not_applicable,5,none,not_applicable,5,qualification,not_applicable,5,qualification,not_applicable,4,qualification,not_applicable,5,qualification,not_applicable
nfp_1082,nfp,5,none,not_applicable,5,none,not_applicable,5,none,not_applicable,4,qualification,not_applicable,2,challenge,not_applicable,2,challenge,not_applicable,2,challenge,not_applicable,2,challenge,not_applicable
nfp_1083,nfp,5,qualification,not_applicable,4,challenge,not_applicable,5,qualification,not_applicable,4,challenge,not_applicable,5,challenge,not_applicable,2,challenge,not_applicable,4,qualification,not_applicable,4,challenge,not_applicable
nfp_1084,nfp,5,none,not_applicable,5,none,not_applicable,5,none,not_applicable,5,none,not_applicable,5,none,not_applicable,4,qualification,not_applicable,4,none,not_applicable,5,qualification,not_applicable
nfp_1085,nfp,5,none,not_applicable,4,none,not_applicable,5,none,not_applicable,5,none,not_applicable,5,qualification,not_applicable,4,qualification,not_applicable,4,none,not_applicable,2,qualification,not_applicable
nfp_1086,nfp,5,none,not_applicable,5,none,not_applicable,5,none,not_applicable,5,none,not_applicable,5,qualification,not_applicable,4,qualification,not_applicable,5,none,not_applicable,5,none,not_applicable
nfp_1087,nfp,5,qualification,not_applicable,5,none,not_applicable,4,qualification,not_applicable,5,qualification,not_applicable,5,qualification,not_applicable,5,qualification,not_applicable,4,qualification,not_applicable,5,qualification,not_applicable
nfp_1088,nfp,5,none,not_applicable,4,none,not_applicable,5,none,not_applicable,4,qualification,not_applicable,4,qualification,not_applicable,2,challenge,not_applicable,4,qualification,not_applicable,5,qualification,not_applicable
nfp_1089,nfp,5,none,not_applicable,4,qualification,not_applicable,5,none,not_applicable,1,challenge,not_applicable,2,challenge,not_applicable,1,challenge,not_applicable,1,challenge,not_applicable,2,challenge,not_applicable
nfp_1090,nfp,5,none,not_applicable,5,none,not_applicable,5,qualification,not_applicable,4,qualification,not_applicable,5,qualification,not_applicable,5,challenge,not_applicable,2,challenge,not_applicable,2,challenge,not_applicable
nfp_1091,nfp,5,qualification,not_applicable,2,qualification,not_applicable,5,qualification,not_applicable,4,challenge,not_applicable,5,qualification,not_applicable,3,challenge,not_applicable,4,qualification,not_applicable,4,qualification,not_applicable
nfp_1092,nfp,4,qualification,not_applicable,4,none,not_applicable,5,none,not_applicable,5,none,not_applicable,4,qualification,not_applicable,4,qualification,not_applicable,5,none,not_applicable,2,qualification,not_applicable
nfp_1093,nfp,4,qualification,not_applicable,5,none,not_applicable,5,qualification,not_applicable,3,challenge,not_applicable,4,qualification,not_applicable,2,qualification,not_applicable,5,challenge,not_applicable,4,qualification,not_applicable
nfp_1094,nfp,5,none,not_applicable,5,none,not_applicable,5,none,not_applicable,2,challenge,not_applicable,4,challenge,not_applicable,3,challenge,not_applicable,4,challenge,not_applicable,4,challenge,not_applicable
nfp_1095,nfp,5,none,not_applicable,5,none,not_applicable,5,none,not_applicable,4,qualification,not_applicable,5,qualification,not_applicable,4,qualification,not_applicable,5,none,not_applicable,5,none,not_applicable
nfp_1096,nfp,5,qualification,not_applicable,5,none,not_applicable,5,none,not_applicable,4,challenge,not_applicable,5,qualification,not_applicable,4,qualification,not_applicable,4,qualification,not_applicable,2,challenge,not_applicable
nfp_1097,nfp,5,qualification,not_applicable,5,none,not_applicable,4,qualification,not_applicable,1,challenge,not_applicable,4,challenge,not_applicable,1,challenge,not_applicable,2,challenge,not_applicable,2,challenge,not_applicable
nfp_1098,nfp,5,none,not_applicable,4,none,not_applicable,5,none,not_applicable,5,qualification,not_applicable,5,qualification,not_applicable,3,qualification,not_applicable,2,none,not_applicable,5,qualification,not_applicable
nfp_1099,nfp,5,none,not_applicable,5,none,not_applicable,4,qualification,not_applicable,5,none,not_applicable,5,challenge,not_applicable,5,qualification,not_applicable,5,qualification,not_applicable,5,qualification,not_applicable
nfp_1100,nfp,5,qualification,not_applicable,5,none,not_applicable,5,none,not_applicable,5,none,not_applicable,5,qualification,not_applicable,4,qualification,not_applicable,4,qualification,not_applicable,5,qualification,not_applicable
nfp_1101,nfp,4,qualification,not_applicable,4,qualification,not_applicable,4,qualification,not_applicable,5,qualification,not_applicable,5,qualification,not_applicable,4,qualification,not_applicable,4,qualification,not_applicable,2,qualification,not_applicable
nfp_1102,nfp,4,qualification,not_applicable,4,qualification,not_applicable,5,none,not_applicable,5,none,not_applicable,5,none,not_applicable,4,qualification,not_applicable,5,none,not_applicable,4,qualification,not_applicable
nfp_1103,nfp,5,qualification,not_applicable,5,qualification,not_applicable,5,qualification,not_applicable,5,qualification,not_applicable,5,qualification,not_applicable,4,qualification,not_applicable,5,qualification,not_applicable,5,qualification,not_applicable
nfp_1104,nfp,5,none,not_applicable,5,none,not_applicable,5,none,not_applicable,4,none,not_applicable,5,qualification,not_applicable,4,challenge,not_applicable,2,challenge,not_applicable,2,challenge,not_applicable
nfp_1105,nfp,5,none,not_applicable,5,qualification,not_applicable,5,none,not_applicable,4,qualification,not_applicable,3,qualification,not_applicable,4,challenge,not_applicable,2,challenge,not_applicable,4,qualification,not_applicable
nfp_1106,nfp,5,none,not_applicable,5,none,not_applicable,5,none,not_applicable,5,none,not_applicable,5,none,not_applicable,5,qualification,not_applicable,5,qualification,not_applicable,5,qualification,not_applicable
nfp_1107,nfp,5,qualification,not_applicable,2,qualification,not_applicable,5,none,not_applicable,5,none,not_applicable,2,challenge,not_applicable,2,challenge,not_applicable,2,challenge,not_applicable,4,qualification,not_applicable
nfp_1108,nfp,5,qualification,not_applicable,2,challenge,not_applicable,5,none,not_applicable,4,qualification,not_applicable,4,qualification,not_applicable,3,qualification,not_applicable,2,challenge,not_applicable,2,challenge,not_applicable
nfp_1109,nfp,5,none,not_applicable,5,none,not_applicable,5,none,not_applicable,5,qualification,not_applicable,5,qualification,not_applicable,4,qualification,not_applicable,4,qualification,not_applicable,1,challenge,not_applicable
nfp_1110,nfp,5,none,not_applicable,5,none,not_applicable,5,none,not_applicable,5,none,not_applicable,5,none,not_applicable,5,none,not_applicable,5,none,not_applicable,5,none,not_applicable
nfp_1111,nfp,5,none,not_applicable,5,none,not_applicable,5,none,not_applicable,5,none,not_applicable,5,qualification,not_applicable,5,qualification,not_applicable,5,qualification,not_applicable,4,qualification,not_applicable
nfp_1112,nfp,5,none,not_applicable,4,qualification,not_applicable,5,qualification,not_applicable,5,qualification,not_applicable,5,qualification,not_applicable,4,qualification,not_applicable,5,qualification,not_applicable,2,challenge,not_applicable
nfp_1113,nfp,5,none,not_applicable,4,none,not_applicable,5,none,not_applicable,5,none,not_applicable,5,qualification,not_applicable,4,qualification,not_applicable,4,qualification,not_applicable,4,qualification,not_applicable
nfp_1114,nfp,5,none,not_applicable,4,qualification,not_applicable,5,none,not_applicable,5,none,not_applicable,5,none,not_applicable,5,none,not_applicable,5,none,not_applicable,5,qualification,not_applicable
nfp_1115,nfp,5,none,not_applicable,5,qualification,not_applicable,5,none,not_applicable,5,qualification,not_applicable,5,qualification,not_applicable,5,qualification,not_applicable,5,qualification,not_applicable,5,qualification,not_applicable
nfp_1116,nfp,5,none,not_applicable,5,none,not_applicable,4,none,not_applicable,2,challenge,not_applicable,2,qualification,not_applicable,4,qualification,not_applicable,4,qualification,not_applicable,5,none,not_applicable
nfp_1117,nfp,4,qualification,not_applicable,4,qualification,not_applicable,4,challenge,not_applicable,2,challenge,not_applicable,4,qualification,not_applicable,2,qualification,not_applicable,2,challenge,not_applicable,2,challenge,not_applicable
nfp_1118,nfp,5,none,not_applicable,5,none,not_applicable,5,qualification,not_applicable,5,none,not_applicable,5,qualification,not_applicable,4,qualification,not_applicable,5,qualification,not_applicable,2,challenge,not_applicable
nfp_1119,nfp,5,none,not_applicable,4,challenge,not_applicable,5,none,not_applicable,5,none,not_applicable,5,qualification,not_applicable,4,qualification,not_applicable,4,challenge,not_applicable,4,challenge,not_applicable
nfp_1120,nfp,5,none,not_applicable,5,none,not_applicable,5,none,not_applicable,2,challenge,not_applicable,3,qualification,not_applicable,5,qualification,not_applicable,4,none,not_applicable,2,none,not_applicable
nfp_1121,nfp,5,qualification,not_applicable,5,none,not_applicable,4,qualification,not_applicable,5,qualification,not_applicable,5,qualification,not_applicable,2,challenge,not_applicable,5,challenge,not_applicable,2,challenge,not_applicable
nfp_1122,nfp,5,none,not_applicable,2,challenge,not_applicable,5,qualification,not_applicable,5,none,not_applicable,4,qualification,not_applicable,2,challenge,not_applicable,4,qualification,not_applicable,5,qualification,not_applicable
nfp_1123,nfp,4,none,not_applicable,5,qualification,not_applicable,5,qualification,not_applicable,5,none,not_applicable,5,qualification,not_applicable,3,challenge,not_applicable,4,qualification,not_applicable,1,challenge,not_applicable
nfp_1124,nfp,5,none,not_applicable,5,qualification,not_applicable,5,none,not_applicable,5,none,not_applicable,4,qualification,not_applicable,2,qualification,not_applicable,2,challenge,not_applicable,4,qualification,not_applicable
nfp_1125,nfp,5,none,not_applicable,5,none,not_applicable,5,none,not_applicable,5,none,not_applicable,5,qualification,not_applicable,4,qualification,not_applicable,4,none,not_applicable,4,qualification,not_applicable
nfp_1126,nfp,5,none,not_applicable,5,none,not_applicable,5,none,not_applicable,5,none,not_applicable,5,none,not_applicable,4,qualification,not_applicable,5,none,not_applicable,5,none,not_applicable
nfp_1127,nfp,5,none,not_applicable,4,none,not_applicable,5,none,not_applicable,5,qualification,not_applicable,2,challenge,not_applicable,2,challenge,not_applicable,5,none,not_applicable,4,qualification,not_applicable
nfp_1128,nfp,5,none,not_applicable,5,none,not_applicable,5,none,not_applicable,5,none,not_applicable,4,qualification,not_applicable,4,qualification,not_applicable,5,none,not_applicable,4,qualification,not_applicable
nfp_1129,nfp,5,none,not_applicable,5,none,not_applicable,5,none,not_applicable,5,none,not_applicable,4,qualification,not_applicable,1,challenge,not_applicable,5,none,not_applicable,5,none,not_applicable
nfp_1130,nfp,5,none,not_applicable,5,none,not_applicable,5,none,not_applicable,5,none,not_applicable,2,challenge,not_applicable,2,challenge,not_applicable,1,challenge,not_applicable,1,challenge,not_applicable
nfp_1131,nfp,5,none,not_applicable,4,challenge,not_applicable,5,none,not_applicable,5,none,not_applicable,4,qualification,not_applicable,4,challenge,not_applicable,5,none,not_applicable,5,none,not_applicable
nfp_1132,nfp,5,none,not_applicable,5,none,not_applicable,5,qualification,not_applicable,3,qualification,not_applicable,4,qualification,not_applicable,2,challenge,not_applicable,4,qualification,not_applicable,2,qualification,not_applicable
nfp_1133,nfp,4,qualification,not_applicable,4,none,not_applicable,5,qualification,not_applicable,4,qualification,not_applicable,4,challenge,not_applicable,4,challenge,not_applicable,4,challenge,not_applicable,4,qualification,not_applicable
nfp_1134,nfp,5,qualification,not_applicable,4,none,not_applicable,4,qualification,not_applicable,4,qualification,not_applicable,4,qualification,not_applicable,2,challenge,not_applicable,2,challenge,not_applicable,1,challenge,not_applicable
nfp_1135,nfp,5,qualification,not_applicable,5,none,not_applicable,4,qualification,not_applicable,5,qualification,not_applicable,5,qualification,not_applicable,4,challenge,not_applicable,4,qualification,not_applicable,4,qualification,not_applicable
nfp_1136,nfp,5,none,not_applicable,5,none,not_applicable,5,none,not_applicable,5,none,not_applicable,4,qualification,not_applicable,4,challenge,not_applicable,4,none,not_applicable,4,qualification,not_applicable
nfp_1137,nfp,5,none,not_applicable,5,none,not_applicable,5,qualification,not_applicable,5,none,not_applicable,5,qualification,not_applicable,2,challenge,not_applicable,4,challenge,not_applicable,5,qualification,not_applicable
nfp_1138,nfp,5,none,not_applicable,5,none,not_applicable,4,none,not_applicable,4,qualification,not_applicable,5,none,not_applicable,5,qualification,not_applicable,5,none,not_applicable,5,none,not_applicable
nfp_1139,nfp,5,none,not_applicable,5,qualification,not_applicable,5,none,not_applicable,2,challenge,not_applicable,5,none,not_applicable,3,qualification,not_applicable,5,qualification,not_applicable,4,challenge,not_applicable
nfp_1140,nfp,5,none,not_applicable,4,qualification,not_applicable,5,qualification,not_applicable,5,qualification,not_applicable,5,qualification,not_applicable,5,qualification,not_applicable,4,challenge,not_applicable,4,qualification,not_applicable
nfp_1141,nfp,4,none,not_applicable,5,qualification,not_applicable,5,qualification,not_applicable,5,qualification,not_applicable,5,qualification,not_applicable,2,challenge,not_applicable,5,qualification,not_applicable,4,qualification,not_applicable
nfp_1142,nfp,5,none,not_applicable,1,none,not_applicable,4,none,not_applicable,2,challenge,not_applicable,2,qualification,not_applicable,2,challenge,not_applicable,4,none,not_applicable,1,challenge,not_applicable
nfp_1143,nfp,5,none,not_applicable,4,none,not_applicable,4,qualification,not_applicable,5,none,not_applicable,4,challenge,not_applicable,2,challenge,not_applicable,5,qualification,not_applicable,4,qualification,not_applicable
nfp_1144,nfp,4,qualification,not_applicable,4,none,not_applicable,4,none,not_applicable,4,qualification,not_applicable,5,none,not_applicable,5,qualification,not_applicable,4,qualification,not_applicable,4,qualification,not_applicable
nfp_1145,nfp,5,qualification,not_applicable,5,none,not_applicable,5,none,not_applicable,5,qualification,not_applicable,5,qualification,not_applicable,5,qualification,not_applicable,4,qualification,not_applicable,5,qualification,not_applicable
nfp_1146,nfp,5,none,not_applicable,5,none,not_applicable,4,none,not_applicable,5,none,not_applicable,5,none,not_applicable,5,qualification,not_applicable,4,none,not_applicable,5,none,not_applicable
nfp_1147,nfp,5,none,not_applicable,5,none,not_applicable,5,none,not_applicable,3,qualification,not_applicable,5,qualification,not_applicable,2,qualification,not_applicable,5,none,not_applicable,4,none,not_applicable
nfp_1148,nfp,4,none,not_applicable,5,none,not_applicable,5,qualification,not_applicable,3,challenge,not_applicable,4,qualification,not_applicable,2,qualification,not_applicable,5,qualification,not_applicable,4,qualification,not_applicable
nfp_1149,nfp,5,none,not_applicable,5,none,not_applicable,5,qualification,not_applicable,4,qualification,not_applicable,5,qualification,not_applicable,5,qualification,not_applicable,3,qualification,not_applicable,4,qualification,not_applicable
