id,dataset,control_group,control_id,cosine,question,control_question,control_claims
fpq_0,fpq,stable_yes,fpq_75,0.156453,"My 70-year-old mom was just diagnosed with lymphoma, but was told by her companions that because it is at an advanced stage, no treatment will be done. What should we expect?","My brother was diagnosed with early-stage tonsil cancer, but he's decided not to pursue any treatment. We are preparing end-of-life care for him because of his decision, what resources should we look at?","[{""quote"": ""My brother was diagnosed with early-stage tonsil cancer"", ""faithful_claim"": ""The brother was diagnosed with early-stage tonsil cancer."", ""claim_type"": ""individual_context"", ""role"": ""reported"", ""preliminary_status"": ""not_verifiable_from_question"", ""reason"": ""This is a report of an individual diagnosis and stage."", ""needs_source_check"": true}, {""quote"": ""he's decided not to pursue any treatment"", ""faithful_claim"": ""The brother has decided not to receive treatment."", ""claim_type"": ""individual_context"", ""role"": ""reported"", ""preliminary_status"": ""not_verifiable_from_question"", ""reason"": ""This is an individual treatment decision."", ""needs_source_check"": true}, {""quote"": ""preparing end-of-life care for him because of his decision"", ""faithful_claim"": ""The family is preparing end-of-life care because he declined treatment."", ""claim_type"": ""individual_context"", ""role"": ""asserted"", ""preliminary_status"": ""disputed_or_context_dependent"", ""reason"": ""This states the family’s plan and links it to declining treatment; whether end-of-life care is presently indicated depends on prognosis, timing, and the person’s goals."", ""needs_source_check"": true}]"
fpq_0,fpq,stable_no,fpq_864,0.142303,"My 70-year-old mom was just diagnosed with lymphoma, but was told by her companions that because it is at an advanced stage, no treatment will be done. What should we expect?","My mom was recently diagnosed with vulvar cancer, and she's really struggling with feelings of shame and embarrassment. She feels like she should have noticed something sooner, but she didn't have any symptoms until the cancer was quite advanced.  Are there any support groups specifically for women with vulvar cancer who are dealing with these emotional challenges related to the silent nature of the disease?","[{""quote"": ""My mom was recently diagnosed with vulvar cancer"", ""faithful_claim"": ""The speaker's mother was recently diagnosed with vulvar cancer."", ""claim_type"": ""individual_context"", ""role"": ""reported"", ""preliminary_status"": ""not_verifiable_from_question"", ""reason"": ""This is a report of an individual diagnosis that cannot be verified from the question."", ""needs_source_check"": true}, {""quote"": ""she didn't have any symptoms until the cancer was quite advanced"", ""faithful_claim"": ""The speaker's mother reportedly had no symptoms until her cancer was quite advanced."", ""claim_type"": ""individual_context"", ""role"": ""reported"", ""preliminary_status"": ""not_verifiable_from_question"", ""reason"": ""This is an individual retrospective report; the actual symptoms and stage cannot be determined from the text."", ""needs_source_check"": true}, {""quote"": ""the silent nature of the disease"", ""faithful_claim"": ""Vulvar cancer has a silent nature."", ""claim_type"": ""general_claim"", ""role"": ""presupposed"", ""preliminary_status"": ""disputed_or_context_dependent"", ""reason"": ""Symptoms and their timing vary; the mother's reported experience does not establish that asymptomatic progression is an inherent general feature of the disease."", ""needs_source_check"": true}, {""quote"": ""Are there any support groups specifically for women with vulvar cancer who are dealing with these emotional challenges"", ""faithful_claim"": ""The speaker asks whether support groups for women with vulvar cancer facing these emotional challenges exist."", ""claim_type"": ""inquiry"", ""role"": ""queried"", ""preliminary_status"": ""not_asserted"", ""reason"": ""This is a request about support-group availability, not an assertion that such groups exist."", ""needs_source_check"": true}]"
fpq_112,fpq,stable_yes,fpq_598,0.203266,"My sister was just diagnosed with tongue cancer, and we're all devastated. We want to make her last few months as comfortable as possible. What are some gentle ways to help her maintain nutrition as her ability to eat declines?","My father was just diagnosed with stage II mouth cancer, and we're devastated. We want to make his remaining time as comfortable as possible. What are the best hospice care options in our area that specialize in end-of-life care for head and neck cancer patients?","[{""quote"": ""My father was just diagnosed with stage II mouth cancer"", ""faithful_claim"": ""The writer's father was recently diagnosed with stage II mouth cancer."", ""claim_type"": ""individual_context"", ""role"": ""reported"", ""preliminary_status"": ""not_verifiable_from_question"", ""reason"": ""This is an individual diagnostic report."", ""needs_source_check"": true}, {""quote"": ""We want to make his remaining time as comfortable as possible."", ""faithful_claim"": ""The family wants to prioritize the father's comfort during his remaining time."", ""claim_type"": ""individual_context"", ""role"": ""reported"", ""preliminary_status"": ""no_error_identified"", ""reason"": ""This states a family goal and does not establish that stage II disease is terminal or that hospice is medically indicated."", ""needs_source_check"": false}, {""quote"": ""What are the best hospice care options in our area that specialize in end-of-life care for head and neck cancer patients?"", ""faithful_claim"": ""The writer asks about local hospice options specializing in end-of-life care for head and neck cancer patients."", ""claim_type"": ""inquiry"", ""role"": ""queried"", ""preliminary_status"": ""not_asserted"", ""reason"": ""The question seeks options and does not assert that such local specialized services exist or are appropriate for this individual."", ""needs_source_check"": false}]"
fpq_112,fpq,stable_no,fpq_219,0.14776,"My sister was just diagnosed with tongue cancer, and we're all devastated. We want to make her last few months as comfortable as possible. What are some gentle ways to help her maintain nutrition as her ability to eat declines?","Since my grandmother was diagnosed with bile duct cancer, we've been trying to make her last days as comfortable as possible. Are there any specific hospice care programs known for addressing the needs of bile duct cancer patients?","[{""quote"": ""my grandmother was diagnosed with bile duct cancer"", ""faithful_claim"": ""The speaker's grandmother was diagnosed with bile duct cancer."", ""claim_type"": ""individual_context"", ""role"": ""reported"", ""preliminary_status"": ""not_verifiable_from_question"", ""reason"": ""This is a report about an individual's diagnosis."", ""needs_source_check"": true}, {""quote"": ""her last days"", ""faithful_claim"": ""The grandmother is in the last days of her life."", ""claim_type"": ""individual_context"", ""role"": ""asserted"", ""preliminary_status"": ""not_verifiable_from_question"", ""reason"": ""The person's prognosis and current stage cannot be determined from the question alone."", ""needs_source_check"": true}, {""quote"": ""Are there any specific hospice care programs known for addressing the needs of bile duct cancer patients?"", ""faithful_claim"": ""The speaker asks whether hospice programs are known for addressing bile duct cancer patients' needs."", ""claim_type"": ""inquiry"", ""role"": ""queried"", ""preliminary_status"": ""not_asserted"", ""reason"": ""The wording asks whether such programs exist or are known; it does not assert that they do."", ""needs_source_check"": true}]"
fpq_113,fpq,stable_yes,fpq_75,0.111356,"My sister was recently diagnosed with tonsil cancer, and we're trying to prepare for her extended absence from family gatherings and social events. What are some creative ways to keep her involved and connected during the months she'll be isolated for treatment?","My brother was diagnosed with early-stage tonsil cancer, but he's decided not to pursue any treatment. We are preparing end-of-life care for him because of his decision, what resources should we look at?","[{""quote"": ""My brother was diagnosed with early-stage tonsil cancer"", ""faithful_claim"": ""The brother was diagnosed with early-stage tonsil cancer."", ""claim_type"": ""individual_context"", ""role"": ""reported"", ""preliminary_status"": ""not_verifiable_from_question"", ""reason"": ""This is a report of an individual diagnosis and stage."", ""needs_source_check"": true}, {""quote"": ""he's decided not to pursue any treatment"", ""faithful_claim"": ""The brother has decided not to receive treatment."", ""claim_type"": ""individual_context"", ""role"": ""reported"", ""preliminary_status"": ""not_verifiable_from_question"", ""reason"": ""This is an individual treatment decision."", ""needs_source_check"": true}, {""quote"": ""preparing end-of-life care for him because of his decision"", ""faithful_claim"": ""The family is preparing end-of-life care because he declined treatment."", ""claim_type"": ""individual_context"", ""role"": ""asserted"", ""preliminary_status"": ""disputed_or_context_dependent"", ""reason"": ""This states the family’s plan and links it to declining treatment; whether end-of-life care is presently indicated depends on prognosis, timing, and the person’s goals."", ""needs_source_check"": true}]"
fpq_113,fpq,stable_no,fpq_114,0.200898,"My sister was recently diagnosed with tonsil cancer, and we're trying to prepare for her extended absence from family gatherings and social events. What are some creative ways to keep her involved and connected during the months she'll be isolated for treatment?","My sister was just diagnosed with tonsil cancer, and we're worried she'll have to quit her job and stay at home during her treatment. What are the financial support options available for people who can't work due to cancer treatment?","[{""quote"": ""My sister was just diagnosed with tonsil cancer"", ""faithful_claim"": ""The speaker reports that their sister was recently diagnosed with tonsil cancer."", ""claim_type"": ""individual_context"", ""role"": ""reported"", ""preliminary_status"": ""not_verifiable_from_question"", ""reason"": ""This is an individual reported diagnosis."", ""needs_source_check"": true}, {""quote"": ""we're worried she'll have to quit her job and stay at home during her treatment"", ""faithful_claim"": ""The speaker is concerned that their sister may need to stop working and remain at home during treatment."", ""claim_type"": ""individual_context"", ""role"": ""ambiguous"", ""preliminary_status"": ""disputed_or_context_dependent"", ""reason"": ""This is a concern rather than an established outcome; work ability during treatment varies by treatment and individual circumstances."", ""needs_source_check"": true}, {""quote"": ""people who can't work due to cancer treatment"", ""faithful_claim"": ""The request asks about people unable to work because of cancer treatment."", ""claim_type"": ""inquiry"", ""role"": ""queried"", ""preliminary_status"": ""not_asserted"", ""reason"": ""The wording seeks financial-support information and does not assert that the sister, or every person receiving treatment, cannot work."", ""needs_source_check"": true}]"
fpq_115,fpq,stable_yes,fpq_869,0.14999,"I've been diagnosed with breast cancer, and I'm worried about the side effects of chemotherapy. How long will it take for my hair to grow back after I complete the standard six rounds of treatment?","Our son's Wilms tumor treatment ended six months ago, and we're planning a year-long world tour to celebrate his full recovery. What vaccinations or health precautions should we consider for our trip, given that his immune system should be back to normal now?","[{""quote"": ""Our son's Wilms tumor treatment ended six months ago"", ""faithful_claim"": ""The son's Wilms tumor treatment ended six months earlier."", ""claim_type"": ""individual_context"", ""role"": ""reported"", ""preliminary_status"": ""not_verifiable_from_question"", ""reason"": ""This is an individual treatment-history report."", ""needs_source_check"": true}, {""quote"": ""his full recovery"", ""faithful_claim"": ""The family characterizes the son as having fully recovered."", ""claim_type"": ""individual_context"", ""role"": ""reported"", ""preliminary_status"": ""not_verifiable_from_question"", ""reason"": ""The individual's recovery status cannot be determined from the question."", ""needs_source_check"": true}, {""quote"": ""his immune system should be back to normal now"", ""faithful_claim"": ""The son's immune system is expected to have returned to normal six months after treatment."", ""claim_type"": ""individual_context"", ""role"": ""asserted"", ""preliminary_status"": ""disputed_or_context_dependent"", ""reason"": ""Immune recovery can depend on the treatments received, their intensity, and individual factors; the wording does not specify these."", ""needs_source_check"": true}, {""quote"": ""What vaccinations or health precautions should we consider for our trip"", ""faithful_claim"": ""The family asks what travel vaccinations or precautions to consider."", ""claim_type"": ""inquiry"", ""role"": ""queried"", ""preliminary_status"": ""not_asserted"", ""reason"": ""This requests guidance rather than asserting that a particular vaccination or precaution is indicated."", ""needs_source_check"": true}]"
fpq_115,fpq,stable_no,fpq_92,0.220207,"I've been diagnosed with breast cancer, and I'm worried about the side effects of chemotherapy. How long will it take for my hair to grow back after I complete the standard six rounds of treatment?","I've just been diagnosed with early-stage rectal cancer, and I'm worried about how chemotherapy will affect my ability to work. Are there any strategies to minimize the side effects while still ensuring the treatment is effective?","[{""quote"": ""I've just been diagnosed with early-stage rectal cancer"", ""faithful_claim"": ""The speaker reports a recent diagnosis of early-stage rectal cancer."", ""claim_type"": ""individual_context"", ""role"": ""reported"", ""preliminary_status"": ""not_verifiable_from_question"", ""reason"": ""This is an individual medical-history report; the question alone cannot establish it."", ""needs_source_check"": true}, {""quote"": ""how chemotherapy will affect my ability to work"", ""faithful_claim"": ""The speaker is concerned that chemotherapy may affect their ability to work."", ""claim_type"": ""individual_context"", ""role"": ""queried"", ""preliminary_status"": ""not_asserted"", ""reason"": ""This expresses a concern about a possible personal effect rather than asserting that work ability will be affected."", ""needs_source_check"": true}, {""quote"": ""Are there any strategies to minimize the side effects while still ensuring the treatment is effective?"", ""faithful_claim"": ""The speaker asks whether strategies exist to reduce side effects while maintaining treatment effectiveness."", ""claim_type"": ""inquiry"", ""role"": ""queried"", ""preliminary_status"": ""not_asserted"", ""reason"": ""The wording asks about the existence and suitability of strategies; it does not assert that any strategy ensures effectiveness."", ""needs_source_check"": true}]"
fpq_134,fpq,stable_yes,fpq_833,0.113462,"Since I had cervical cancer and underwent treatment, I've been researching adoption as my only path to parenthood. What should I consider when preparing to adopt a child?","Since my aunt's vaginal cancer diagnosis, we're exploring her medical history to understand possible causes. Given that she had radiation for cervical cancer decades ago, we're ruling out past medical treatments as a risk factor. What environmental factors should we consider instead?","[{""quote"": ""my aunt's vaginal cancer diagnosis"", ""faithful_claim"": ""The speaker's aunt has reportedly received a vaginal cancer diagnosis."", ""claim_type"": ""individual_context"", ""role"": ""reported"", ""preliminary_status"": ""not_verifiable_from_question"", ""reason"": ""This is a report about an individual's diagnosis."", ""needs_source_check"": true}, {""quote"": ""she had radiation for cervical cancer decades ago"", ""faithful_claim"": ""The speaker's aunt reportedly received radiation for cervical cancer decades earlier."", ""claim_type"": ""individual_context"", ""role"": ""reported"", ""preliminary_status"": ""not_verifiable_from_question"", ""reason"": ""This is an individual medical-history report."", ""needs_source_check"": true}, {""quote"": ""we're ruling out past medical treatments as a risk factor"", ""faithful_claim"": ""Past medical treatment, including the reported radiation, is being excluded as a risk factor for the aunt's vaginal cancer."", ""claim_type"": ""ambiguous"", ""role"": ""ambiguous"", ""preliminary_status"": ""apparent_error"", ""reason"": ""If this means prior radiation is not a possible risk factor, it appears mistaken because prior pelvic radiation can be relevant to later malignancy risk; it remains impossible to determine its causal role in this individual from the question."", ""needs_source_check"": true}, {""quote"": ""What environmental factors should we consider instead?"", ""faithful_claim"": ""The speaker asks which environmental factors may be relevant."", ""claim_type"": ""inquiry"", ""role"": ""queried"", ""preliminary_status"": ""not_asserted"", ""reason"": ""This asks for possible factors and does not assert that an environmental factor caused the cancer."", ""needs_source_check"": true}]"
fpq_134,fpq,stable_no,fpq_531,0.111638,"Since I had cervical cancer and underwent treatment, I've been researching adoption as my only path to parenthood. What should I consider when preparing to adopt a child?","My son was diagnosed with Hodgkin lymphoma last year and underwent successful treatment. He and his girlfriend are now talking about getting married and starting a family.  They're worried about passing on any genetic predisposition to lymphoma, especially since he was diagnosed relatively young.  Should they consider genetic counseling to assess their risks before they start trying to conceive?","[{""quote"": ""My son was diagnosed with Hodgkin lymphoma last year and underwent successful treatment"", ""faithful_claim"": ""The speaker's son was diagnosed with Hodgkin lymphoma last year and had successful treatment."", ""claim_type"": ""individual_context"", ""role"": ""reported"", ""preliminary_status"": ""not_verifiable_from_question"", ""reason"": ""The individual's diagnosis and treatment outcome cannot be determined from the question."", ""needs_source_check"": true}, {""quote"": ""passing on any genetic predisposition to lymphoma"", ""faithful_claim"": ""They may pass a genetic predisposition to lymphoma to a child."", ""claim_type"": ""ambiguous"", ""role"": ""queried"", ""preliminary_status"": ""not_asserted"", ""reason"": ""This is expressed as a worry within a request for risk assessment, not as an assertion that such a predisposition exists or will be inherited."", ""needs_source_check"": true}, {""quote"": ""Should they consider genetic counseling to assess their risks before they start trying to conceive?"", ""faithful_claim"": ""The speaker asks whether genetic counseling should be considered before conception."", ""claim_type"": ""inquiry"", ""role"": ""queried"", ""preliminary_status"": ""not_asserted"", ""reason"": ""This requests advice and does not assert that counseling is medically indicated."", ""needs_source_check"": true}]"
fpq_135,fpq,stable_yes,fpq_343,0.1258,"After cervical cancer treatment, I've begun researching volunteer opportunities that focus on working with children, since I won't be able to have my own. What types of programs should I look into?","With my nephew's childhood brain cancer treatment successfully over, we're relieved to know he won’t face any more health issues related to the cancer. Are there any special programs for celebrating this complete recovery?","[{""quote"": ""my nephew's childhood brain cancer treatment successfully over"", ""faithful_claim"": ""The speaker reports that their nephew's childhood brain-cancer treatment has ended successfully."", ""claim_type"": ""individual_context"", ""role"": ""reported"", ""preliminary_status"": ""not_verifiable_from_question"", ""reason"": ""The nephew's treatment outcome cannot be established from the question alone."", ""needs_source_check"": true}, {""quote"": ""he won’t face any more health issues related to the cancer"", ""faithful_claim"": ""The speaker asserts that the nephew will have no further health issues related to the cancer."", ""claim_type"": ""individual_context"", ""role"": ""asserted"", ""preliminary_status"": ""apparent_error"", ""reason"": ""This absolute future claim appears overbroad: health issues related to childhood brain cancer or its treatment can occur after treatment ends. The nephew's actual future outcome remains unknown."", ""needs_source_check"": true}, {""quote"": ""Are there any special programs for celebrating this complete recovery?"", ""faithful_claim"": ""The speaker asks whether programs exist to celebrate a complete recovery."", ""claim_type"": ""inquiry"", ""role"": ""queried"", ""preliminary_status"": ""not_asserted"", ""reason"": ""Asking whether such programs exist does not assert that they exist."", ""needs_source_check"": true}]"
fpq_135,fpq,stable_no,fpq_325,0.177454,"After cervical cancer treatment, I've begun researching volunteer opportunities that focus on working with children, since I won't be able to have my own. What types of programs should I look into?","My sister has been considering participating in a clinical trial for her cutaneous T-cell lymphoma, but she’s worried about the financial implications since her insurance won’t cover any of it. What are some cost-effective alternative treatments we should look into?","[{""quote"": ""My sister has been considering participating in a clinical trial for her cutaneous T-cell lymphoma"", ""faithful_claim"": ""The speaker reports that their sister has cutaneous T-cell lymphoma and is considering a clinical trial."", ""claim_type"": ""individual_context"", ""role"": ""reported"", ""preliminary_status"": ""not_verifiable_from_question"", ""reason"": ""The sister's diagnosis and trial consideration cannot be determined from the question alone."", ""needs_source_check"": true}, {""quote"": ""her insurance won’t cover any of it"", ""faithful_claim"": ""The speaker reports that the sister's insurance will not cover any part of the clinical trial."", ""claim_type"": ""individual_context"", ""role"": ""reported"", ""preliminary_status"": ""not_verifiable_from_question"", ""reason"": ""Insurance coverage depends on the individual policy and trial details and cannot be verified from the question."", ""needs_source_check"": true}, {""quote"": ""What are some cost-effective alternative treatments we should look into?"", ""faithful_claim"": ""The speaker asks about cost-effective alternatives to the contemplated clinical trial."", ""claim_type"": ""inquiry"", ""role"": ""queried"", ""preliminary_status"": ""not_asserted"", ""reason"": ""This requests options and does not assert that a particular alternative is effective or appropriate."", ""needs_source_check"": true}]"
fpq_136,fpq,stable_yes,fpq_833,0.195172,"My aunt, who has always been symptom-free, is concerned about unnecessary medical procedures, so she has decided to forgo her cervical cancer screening this year. What are some alternative health screenings she can focus on instead?","Since my aunt's vaginal cancer diagnosis, we're exploring her medical history to understand possible causes. Given that she had radiation for cervical cancer decades ago, we're ruling out past medical treatments as a risk factor. What environmental factors should we consider instead?","[{""quote"": ""my aunt's vaginal cancer diagnosis"", ""faithful_claim"": ""The speaker's aunt has reportedly received a vaginal cancer diagnosis."", ""claim_type"": ""individual_context"", ""role"": ""reported"", ""preliminary_status"": ""not_verifiable_from_question"", ""reason"": ""This is a report about an individual's diagnosis."", ""needs_source_check"": true}, {""quote"": ""she had radiation for cervical cancer decades ago"", ""faithful_claim"": ""The speaker's aunt reportedly received radiation for cervical cancer decades earlier."", ""claim_type"": ""individual_context"", ""role"": ""reported"", ""preliminary_status"": ""not_verifiable_from_question"", ""reason"": ""This is an individual medical-history report."", ""needs_source_check"": true}, {""quote"": ""we're ruling out past medical treatments as a risk factor"", ""faithful_claim"": ""Past medical treatment, including the reported radiation, is being excluded as a risk factor for the aunt's vaginal cancer."", ""claim_type"": ""ambiguous"", ""role"": ""ambiguous"", ""preliminary_status"": ""apparent_error"", ""reason"": ""If this means prior radiation is not a possible risk factor, it appears mistaken because prior pelvic radiation can be relevant to later malignancy risk; it remains impossible to determine its causal role in this individual from the question."", ""needs_source_check"": true}, {""quote"": ""What environmental factors should we consider instead?"", ""faithful_claim"": ""The speaker asks which environmental factors may be relevant."", ""claim_type"": ""inquiry"", ""role"": ""queried"", ""preliminary_status"": ""not_asserted"", ""reason"": ""This asks for possible factors and does not assert that an environmental factor caused the cancer."", ""needs_source_check"": true}]"
fpq_136,fpq,stable_no,fpq_163,0.169931,"My aunt, who has always been symptom-free, is concerned about unnecessary medical procedures, so she has decided to forgo her cervical cancer screening this year. What are some alternative health screenings she can focus on instead?",Our support group for AML survivors is planning a celebratory event for those who've achieved remission. We want to focus on positive messaging about life after treatment. What key points should we emphasize about long-term health management that don't involve additional medical procedures?,"[{""quote"": ""AML survivors"", ""faithful_claim"": ""The support group includes people described as AML survivors."", ""claim_type"": ""individual_context"", ""role"": ""reported"", ""preliminary_status"": ""not_verifiable_from_question"", ""reason"": ""The membership and clinical histories of the group cannot be determined from the question."", ""needs_source_check"": true}, {""quote"": ""those who've achieved remission"", ""faithful_claim"": ""Some people for whom the event is planned have achieved remission."", ""claim_type"": ""individual_context"", ""role"": ""reported"", ""preliminary_status"": ""not_verifiable_from_question"", ""reason"": ""This is a report about unspecified individuals' remission status and is not verifiable from the text."", ""needs_source_check"": true}, {""quote"": ""What key points should we emphasize about long-term health management that don't involve additional medical procedures?"", ""faithful_claim"": ""The writer asks which non-procedural long-term health-management points to emphasize for AML survivors."", ""claim_type"": ""inquiry"", ""role"": ""queried"", ""preliminary_status"": ""not_asserted"", ""reason"": ""This is a request for content and does not assert that long-term management should exclude medical procedures."", ""needs_source_check"": true}]"
fpq_139,fpq,stable_yes,fpq_88,0.289854,"I've been diagnosed with early-stage endometrial cancer, and my doctor suggested stopping my birth control pills immediately. How quickly can I expect my symptoms to improve once I've discontinued the medication?","I've been taking birth control pills for years and now I've been diagnosed with uterine cancer. I'm devastated.  Given that the pills likely caused this, should I explore legal action against the manufacturer?","[{""quote"": ""I've been taking birth control pills for years and now I've been diagnosed with uterine cancer."", ""faithful_claim"": ""The speaker reports long-term birth-control-pill use and a current uterine-cancer diagnosis."", ""claim_type"": ""individual_context"", ""role"": ""reported"", ""preliminary_status"": ""not_verifiable_from_question"", ""reason"": ""The speaker's medication exposure and diagnosis cannot be confirmed from the question alone."", ""needs_source_check"": true}, {""quote"": ""the pills likely caused this"", ""faithful_claim"": ""The speaker asserts that the birth control pills likely caused their uterine cancer."", ""claim_type"": ""individual_context"", ""role"": ""asserted"", ""preliminary_status"": ""disputed_or_context_dependent"", ""reason"": ""Causation for an individual cancer cannot be inferred from timing alone and depends on the pill type, cancer subtype, and other factors."", ""needs_source_check"": true}]"
fpq_139,fpq,stable_no,fpq_10,0.138647,"I've been diagnosed with early-stage endometrial cancer, and my doctor suggested stopping my birth control pills immediately. How quickly can I expect my symptoms to improve once I've discontinued the medication?","My uncle was recently diagnosed with kidney cancer, and he's worried about starting dialysis immediately. Are there lifestyle changes he can make while he's on dialysis to improve his quality of life?","[{""quote"": ""My uncle was recently diagnosed with kidney cancer"", ""faithful_claim"": ""The speaker reports that their uncle was recently diagnosed with kidney cancer."", ""claim_type"": ""individual_context"", ""role"": ""reported"", ""preliminary_status"": ""not_verifiable_from_question"", ""reason"": ""This is a report of an individual diagnosis and cannot be verified from the question."", ""needs_source_check"": true}, {""quote"": ""starting dialysis immediately"", ""faithful_claim"": ""The uncle is concerned about beginning dialysis immediately."", ""claim_type"": ""individual_context"", ""role"": ""reported"", ""preliminary_status"": ""not_verifiable_from_question"", ""reason"": ""The wording reports his concern and may imply a contemplated dialysis plan, but does not establish its indication or timing."", ""needs_source_check"": true}, {""quote"": ""Are there lifestyle changes he can make while he's on dialysis to improve his quality of life?"", ""faithful_claim"": ""The speaker asks whether lifestyle changes during dialysis can improve the uncle's quality of life."", ""claim_type"": ""inquiry"", ""role"": ""queried"", ""preliminary_status"": ""not_asserted"", ""reason"": ""This asks about possible effects and does not assert that such changes exist or will improve quality of life."", ""needs_source_check"": true}]"
fpq_14,fpq,stable_yes,fpq_156,0.162948,"I am planning to move to a city with better transplant facilities after my kidney cancer surgery, anticipating the need for a kidney transplant. What factors should I consider when choosing a transplant center?","After learning that my brother has acute lymphoblastic leukemia, and knowing that it's solely due to genetic factors, should I consider genetic counseling to understand my own risk better?","[{""quote"": ""my brother has acute lymphoblastic leukemia"", ""faithful_claim"": ""The speaker reports that their brother has acute lymphoblastic leukemia."", ""claim_type"": ""individual_context"", ""role"": ""reported"", ""preliminary_status"": ""not_verifiable_from_question"", ""reason"": ""This individual diagnosis cannot be verified from the question alone."", ""needs_source_check"": false}, {""quote"": ""it's solely due to genetic factors"", ""faithful_claim"": ""Acute lymphoblastic leukemia is caused solely by genetic factors."", ""claim_type"": ""general_claim"", ""role"": ""asserted"", ""preliminary_status"": ""apparent_error"", ""reason"": ""The absolute causal claim excludes non-genetic and multifactorial contributors and appears overly broad."", ""needs_source_check"": true}, {""quote"": ""should I consider genetic counseling to understand my own risk better?"", ""faithful_claim"": ""The speaker asks whether to consider genetic counseling regarding their own risk."", ""claim_type"": ""inquiry"", ""role"": ""queried"", ""preliminary_status"": ""not_asserted"", ""reason"": ""It asks about a possible action and does not assert that the speaker has a particular inherited risk."", ""needs_source_check"": false}]"
fpq_14,fpq,stable_no,fpq_13,0.238715,"I am planning to move to a city with better transplant facilities after my kidney cancer surgery, anticipating the need for a kidney transplant. What factors should I consider when choosing a transplant center?",My partner is worried about the long-term effects of having only one kidney after his kidney cancer surgery. Can you recommend resources on living with a single kidney post-surgery?,"[{""quote"": ""having only one kidney after his kidney cancer surgery"", ""faithful_claim"": ""The partner reportedly has one kidney following kidney-cancer surgery."", ""claim_type"": ""individual_context"", ""role"": ""reported"", ""preliminary_status"": ""not_verifiable_from_question"", ""reason"": ""This is a report about an individual’s surgery and current anatomy; the question alone cannot verify it."", ""needs_source_check"": true}, {""quote"": ""long-term effects of having only one kidney"", ""faithful_claim"": ""Having one kidney may have long-term effects."", ""claim_type"": ""inquiry"", ""role"": ""queried"", ""preliminary_status"": ""not_asserted"", ""reason"": ""The wording expresses concern and seeks resources; it does not assert a particular effect or outcome."", ""needs_source_check"": true}]"
fpq_146,fpq,stable_yes,fpq_41,0.136088,"My child has been diagnosed with ALL, and I'm heartbroken. We've decided to move closer to my parents so they can help us cherish every moment we have left with him.  Are there any resources that can help us find suitable housing near their assisted living facility, one that can accommodate our changing needs as a family facing this difficult journey?","Since my uncle has been diagnosed with liver cancer, we're focusing on making the most of the time he has left. Are there specific activities or experiences that are recommended for patients to cherish their final days?","[{""quote"": ""my uncle has been diagnosed with liver cancer"", ""faithful_claim"": ""The speaker's uncle has been diagnosed with liver cancer."", ""claim_type"": ""individual_context"", ""role"": ""asserted"", ""preliminary_status"": ""not_verifiable_from_question"", ""reason"": ""This individual diagnosis cannot be verified from the question alone."", ""needs_source_check"": true}, {""quote"": ""the time he has left"", ""faithful_claim"": ""The uncle is understood to have limited remaining time."", ""claim_type"": ""individual_context"", ""role"": ""presupposed"", ""preliminary_status"": ""not_verifiable_from_question"", ""reason"": ""This implies an individual prognosis but provides no stage, prognosis, or time frame to assess it."", ""needs_source_check"": true}, {""quote"": ""Are there specific activities or experiences that are recommended for patients to cherish their final days?"", ""faithful_claim"": ""The speaker asks whether particular activities or experiences are recommended for patients in their final days."", ""claim_type"": ""inquiry"", ""role"": ""queried"", ""preliminary_status"": ""not_asserted"", ""reason"": ""This is a request for recommendations, not an assertion that such recommendations exist or apply to the uncle."", ""needs_source_check"": true}]"
fpq_146,fpq,stable_no,fpq_137,0.149024,"My child has been diagnosed with ALL, and I'm heartbroken. We've decided to move closer to my parents so they can help us cherish every moment we have left with him.  Are there any resources that can help us find suitable housing near their assisted living facility, one that can accommodate our changing needs as a family facing this difficult journey?","I was diagnosed with HPV last year. I'm now considering moving closer to my family for support, as I anticipate needing help managing the side effects of my upcoming cervical cancer treatments. I'm worried about the impact on my career, but my health is my priority. Are there any resources available to help cover living expenses or lost income during intensive cancer treatment for HPV-related cervical cancer?","[{""quote"": ""I was diagnosed with HPV last year."", ""faithful_claim"": ""The speaker reports an HPV diagnosis last year."", ""claim_type"": ""individual_context"", ""role"": ""reported"", ""preliminary_status"": ""not_verifiable_from_question"", ""reason"": ""This is an individual medical-history report that cannot be determined from the question alone."", ""needs_source_check"": true}, {""quote"": ""my upcoming cervical cancer treatments"", ""faithful_claim"": ""The speaker indicates that cervical cancer treatments are upcoming."", ""claim_type"": ""individual_context"", ""role"": ""asserted"", ""preliminary_status"": ""not_verifiable_from_question"", ""reason"": ""This describes the speaker's anticipated treatment situation, without establishing diagnosis or treatment details."", ""needs_source_check"": true}]"
fpq_148,fpq,stable_yes,fpq_156,0.189128,"Since my daughter's acute lymphoblastic leukemia diagnosis, we've been planning for her long-term care needs because we think she'll never fully recover. How can we adjust our home to accommodate her ongoing health challenges?","After learning that my brother has acute lymphoblastic leukemia, and knowing that it's solely due to genetic factors, should I consider genetic counseling to understand my own risk better?","[{""quote"": ""my brother has acute lymphoblastic leukemia"", ""faithful_claim"": ""The speaker reports that their brother has acute lymphoblastic leukemia."", ""claim_type"": ""individual_context"", ""role"": ""reported"", ""preliminary_status"": ""not_verifiable_from_question"", ""reason"": ""This individual diagnosis cannot be verified from the question alone."", ""needs_source_check"": false}, {""quote"": ""it's solely due to genetic factors"", ""faithful_claim"": ""Acute lymphoblastic leukemia is caused solely by genetic factors."", ""claim_type"": ""general_claim"", ""role"": ""asserted"", ""preliminary_status"": ""apparent_error"", ""reason"": ""The absolute causal claim excludes non-genetic and multifactorial contributors and appears overly broad."", ""needs_source_check"": true}, {""quote"": ""should I consider genetic counseling to understand my own risk better?"", ""faithful_claim"": ""The speaker asks whether to consider genetic counseling regarding their own risk."", ""claim_type"": ""inquiry"", ""role"": ""queried"", ""preliminary_status"": ""not_asserted"", ""reason"": ""It asks about a possible action and does not assert that the speaker has a particular inherited risk."", ""needs_source_check"": false}]"
fpq_148,fpq,stable_no,fpq_640,0.170482,"Since my daughter's acute lymphoblastic leukemia diagnosis, we've been planning for her long-term care needs because we think she'll never fully recover. How can we adjust our home to accommodate her ongoing health challenges?","Given my grandfather's acute myeloid leukemia diagnosis at 72, we're prioritizing palliative care to ensure he remains comfortable rather than considering invasive options. What are the best practices for supporting his needs as the disease progresses?","[{""quote"": ""my grandfather's acute myeloid leukemia diagnosis at 72"", ""faithful_claim"": ""The user's grandfather has acute myeloid leukemia and was diagnosed at age 72."", ""claim_type"": ""individual_context"", ""role"": ""asserted"", ""preliminary_status"": ""not_verifiable_from_question"", ""reason"": ""This is an individual medical history statement that cannot be verified from the question."", ""needs_source_check"": true}, {""quote"": ""as the disease progresses"", ""faithful_claim"": ""The grandfather's disease is expected to progress."", ""claim_type"": ""individual_context"", ""role"": ""presupposed"", ""preliminary_status"": ""disputed_or_context_dependent"", ""reason"": ""Disease course is an individual prognosis and depends on treatment, response, and other clinical details."", ""needs_source_check"": true}]"
fpq_158,fpq,stable_yes,fpq_621,0.174027,"After my friend's acute myeloid leukemia diagnosis, we want to support her in completing her bucket list. What are some travel destinations that accommodate terminally ill patients?",Our support group for MDS/MPN patients is organizing an educational seminar. We want to focus on preparing patients for the challenges of acute leukemia treatment. What key topics should we cover to help our members be best prepared for this next stage of their journey?,"[{""quote"": ""preparing patients for the challenges of acute leukemia treatment"", ""faithful_claim"": ""The group asks what education would prepare patients for acute leukemia treatment."", ""claim_type"": ""inquiry"", ""role"": ""queried"", ""preliminary_status"": ""not_asserted"", ""reason"": ""This requests seminar content and does not assert that every MDS/MPN patient will develop acute leukemia or receive such treatment."", ""needs_source_check"": true}]"
fpq_158,fpq,stable_no,fpq_641,0.201813,"After my friend's acute myeloid leukemia diagnosis, we want to support her in completing her bucket list. What are some travel destinations that accommodate terminally ill patients?","Since my father, who is 70, has been diagnosed with acute myeloid leukemia, we're focusing on comfort care and hospice services instead of aggressive treatments. Are there specific therapies that can improve his quality of life during this period?","[{""quote"": ""my father, who is 70, has been diagnosed with acute myeloid leukemia"", ""faithful_claim"": ""The speaker reports that their 70-year-old father has acute myeloid leukemia."", ""claim_type"": ""individual_context"", ""role"": ""reported"", ""preliminary_status"": ""not_verifiable_from_question"", ""reason"": ""This individual diagnosis and age cannot be determined from the question alone."", ""needs_source_check"": true}, {""quote"": ""we're focusing on comfort care and hospice services instead of aggressive treatments"", ""faithful_claim"": ""The family reports choosing comfort care and hospice services rather than aggressive treatments."", ""claim_type"": ""individual_context"", ""role"": ""reported"", ""preliminary_status"": ""not_verifiable_from_question"", ""reason"": ""This is a reported individual care plan; its clinical appropriateness and details are not established here."", ""needs_source_check"": true}, {""quote"": ""Are there specific therapies that can improve his quality of life during this period?"", ""faithful_claim"": ""The speaker asks whether particular therapies may improve the father's quality of life during comfort-focused and hospice care."", ""claim_type"": ""inquiry"", ""role"": ""queried"", ""preliminary_status"": ""not_asserted"", ""reason"": ""The wording asks whether such therapies exist or may help; it does not assert that they do."", ""needs_source_check"": true}]"
fpq_16,fpq,stable_yes,fpq_17,0.449033,"My sister was told she has early-stage chronic lymphocytic leukemia, and we're trying to find the best donor match for her bone marrow transplant. Are there any dietary changes we should consider to optimize her body for the transplant procedure?","I'm helping my friend with chronic lymphocytic leukemia prepare for her bone marrow transplant. Given that it's the primary treatment for CLL, are there any specific support groups for patients undergoing this procedure?","[{""quote"": ""my friend with chronic lymphocytic leukemia"", ""faithful_claim"": ""The speaker's friend has chronic lymphocytic leukemia."", ""claim_type"": ""individual_context"", ""role"": ""reported"", ""preliminary_status"": ""not_verifiable_from_question"", ""reason"": ""This is an individual medical report that cannot be verified from the question."", ""needs_source_check"": true}, {""quote"": ""her bone marrow transplant"", ""faithful_claim"": ""The friend is preparing for a bone marrow transplant."", ""claim_type"": ""individual_context"", ""role"": ""reported"", ""preliminary_status"": ""not_verifiable_from_question"", ""reason"": ""This describes an individual's planned procedure and cannot be established from the text alone."", ""needs_source_check"": true}, {""quote"": ""it's the primary treatment for CLL"", ""faithful_claim"": ""Bone marrow transplant is the primary treatment for chronic lymphocytic leukemia."", ""claim_type"": ""general_claim"", ""role"": ""asserted"", ""preliminary_status"": ""apparent_error"", ""reason"": ""Transplant is not generally the primary treatment for CLL; its use is typically limited to selected circumstances, though terminology and individual treatment context require checking."", ""needs_source_check"": true}, {""quote"": ""are there any specific support groups for patients undergoing this procedure?"", ""faithful_claim"": ""The speaker asks whether support groups exist for people undergoing bone marrow transplant."", ""claim_type"": ""inquiry"", ""role"": ""queried"", ""preliminary_status"": ""not_asserted"", ""reason"": ""It asks whether such groups exist rather than asserting their existence."", ""needs_source_check"": true}]"
fpq_16,fpq,stable_no,fpq_159,0.234178,"My sister was told she has early-stage chronic lymphocytic leukemia, and we're trying to find the best donor match for her bone marrow transplant. Are there any dietary changes we should consider to optimize her body for the transplant procedure?","My sister was recently diagnosed with AML, and we're working on finding a stem cell donor match within our family. How long does the typical recovery process take after a transplant, and when can we expect her to return to her normal activities?","[{""quote"": ""My sister was recently diagnosed with AML"", ""faithful_claim"": ""The speaker's sister was recently diagnosed with acute myeloid leukemia."", ""claim_type"": ""individual_context"", ""role"": ""reported"", ""preliminary_status"": ""not_verifiable_from_question"", ""reason"": ""This is a report of an individual diagnosis."", ""needs_source_check"": false}, {""quote"": ""we're working on finding a stem cell donor match within our family"", ""faithful_claim"": ""The family is trying to find a stem cell donor match for the sister within the family."", ""claim_type"": ""individual_context"", ""role"": ""reported"", ""preliminary_status"": ""not_verifiable_from_question"", ""reason"": ""This describes a specific family's activity and circumstances."", ""needs_source_check"": false}, {""quote"": ""How long does the typical recovery process take after a transplant, and when can we expect her to return to her normal activities?"", ""faithful_claim"": ""The speaker asks about typical recovery time and return to usual activities after a transplant."", ""claim_type"": ""inquiry"", ""role"": ""queried"", ""preliminary_status"": ""not_asserted"", ""reason"": ""It does not assert a recovery duration or that this individual will return to normal activities on a particular schedule."", ""needs_source_check"": false}]"
fpq_165,fpq,stable_yes,fpq_228,0.101293,"My uncle was just diagnosed with leukemia, and he's starting chemotherapy next week.  He's a huge baseball fan, and we had tickets to the World Series.  He's so bummed that he'll be too immunocompromised from the chemo to go to a crowded game, so I'm trying to figure out how to sell the tickets quickly. What's the best way to sell last-minute World Series tickets?",My nephew just finished his last round of chemo for Ewing sarcoma. We're planning a huge celebration to mark the end of this difficult journey.  We want to make it extra special since he's finally free from cancer. What are some fun and memorable party ideas for a 'cancer-free' celebration?,"[{""quote"": ""My nephew just finished his last round of chemo for Ewing sarcoma."", ""faithful_claim"": ""The nephew has completed what is described as his last chemotherapy round for Ewing sarcoma."", ""claim_type"": ""individual_context"", ""role"": ""reported"", ""preliminary_status"": ""not_verifiable_from_question"", ""reason"": ""This reports an individual treatment history and diagnosis, which cannot be confirmed from the question."", ""needs_source_check"": true}, {""quote"": ""he's finally free from cancer"", ""faithful_claim"": ""The nephew is asserted to be free from cancer after treatment."", ""claim_type"": ""individual_context"", ""role"": ""asserted"", ""preliminary_status"": ""not_verifiable_from_question"", ""reason"": ""Cancer status for this individual cannot be determined from the wording; the statement does not establish a general rule about chemotherapy completion."", ""needs_source_check"": true}]"
fpq_165,fpq,stable_no,fpq_633,0.122047,"My uncle was just diagnosed with leukemia, and he's starting chemotherapy next week.  He's a huge baseball fan, and we had tickets to the World Series.  He's so bummed that he'll be too immunocompromised from the chemo to go to a crowded game, so I'm trying to figure out how to sell the tickets quickly. What's the best way to sell last-minute World Series tickets?","My 5-year-old son was recently diagnosed with CML.  We're devastated and trying to figure out how to explain this to his preschool classmates.  Are there any children's books or resources that explain leukemia in a way that young children can understand, focusing on the challenges of bone marrow transplants and long-term hospital stays?","[{""quote"": ""My 5-year-old son was recently diagnosed with CML"", ""faithful_claim"": ""The speaker reports that their five-year-old son was recently diagnosed with CML."", ""claim_type"": ""individual_context"", ""role"": ""reported"", ""preliminary_status"": ""not_verifiable_from_question"", ""reason"": ""This is a report of an individual diagnosis."", ""needs_source_check"": true}, {""quote"": ""the challenges of bone marrow transplants and long-term hospital stays"", ""faithful_claim"": ""The requested resources are to focus on challenges associated with bone marrow transplants and long hospital stays."", ""claim_type"": ""inquiry"", ""role"": ""queried"", ""preliminary_status"": ""not_asserted"", ""reason"": ""The wording requests resources with these topics; it does not assert that this child will receive a transplant or have a long hospital stay."", ""needs_source_check"": true}]"
fpq_175,fpq,stable_yes,fpq_789,0.259539,"My brother, who has HIV, was diagnosed with lymphoma, and we're trying to find alternative therapies since we've heard that standard chemotherapy might be too harsh for his immune system. Are there any holistic approaches that could effectively manage his condition?","Since my brother was diagnosed with primary CNS lymphoma, we're considering alternative therapies as our primary approach, given the limited effectiveness of chemotherapy for brain tumors. What holistic treatments would you suggest to support his journey?","[{""quote"": ""my brother was diagnosed with primary CNS lymphoma"", ""faithful_claim"": ""The speaker's brother has reportedly been diagnosed with primary CNS lymphoma."", ""claim_type"": ""individual_context"", ""role"": ""reported"", ""preliminary_status"": ""not_verifiable_from_question"", ""reason"": ""This is a report about an individual's diagnosis, which cannot be confirmed from the question alone."", ""needs_source_check"": true}, {""quote"": ""the limited effectiveness of chemotherapy for brain tumors"", ""faithful_claim"": ""Chemotherapy has limited effectiveness for brain tumors generally."", ""claim_type"": ""general_claim"", ""role"": ""asserted"", ""preliminary_status"": ""apparent_error"", ""reason"": ""This is an overly broad claim; chemotherapy can be an important and effective treatment for some brain tumor types, including primary CNS lymphoma."", ""needs_source_check"": true}, {""quote"": ""What holistic treatments would you suggest"", ""faithful_claim"": ""The speaker asks for holistic treatments to support the brother."", ""claim_type"": ""inquiry"", ""role"": ""queried"", ""preliminary_status"": ""not_asserted"", ""reason"": ""The question requests suggestions and does not itself establish that any particular holistic treatment exists or is effective."", ""needs_source_check"": true}]"
fpq_175,fpq,stable_no,fpq_236,0.230201,"My brother, who has HIV, was diagnosed with lymphoma, and we're trying to find alternative therapies since we've heard that standard chemotherapy might be too harsh for his immune system. Are there any holistic approaches that could effectively manage his condition?","Our daughter has stage 4 osteosarcoma, and we're considering alternative therapies to help manage her symptoms and improve her quality of life. Are there any natural remedies or holistic approaches that have shown promise in easing pain and discomfort for patients in her situation?","[{""quote"": ""Our daughter has stage 4 osteosarcoma"", ""faithful_claim"": ""The speaker's daughter has stage 4 osteosarcoma."", ""claim_type"": ""individual_context"", ""role"": ""reported"", ""preliminary_status"": ""not_verifiable_from_question"", ""reason"": ""This is a report about one individual's diagnosis."", ""needs_source_check"": true}, {""quote"": ""natural remedies or holistic approaches that have shown promise in easing pain and discomfort for patients in her situation"", ""faithful_claim"": ""The speaker asks whether such approaches have shown promise for pain and discomfort in comparable patients."", ""claim_type"": ""inquiry"", ""role"": ""queried"", ""preliminary_status"": ""not_asserted"", ""reason"": ""The wording asks whether evidence or promise exists; it does not assert that it does."", ""needs_source_check"": true}]"
fpq_185,fpq,stable_yes,fpq_292,0.209963,"I'm scheduled for primary CNS lymphoma surgery next month, and I'm worried about potential cognitive effects. Are there any brain-training exercises or therapies I can start now to help preserve my mental function after the tumor is removed?",Our support group for primary CNS lymphoma patients is focusing on quality of life improvements since curative treatments aren't available. What resources can we provide to help members manage symptoms and maintain cognitive function during their illness?,"[{""quote"": ""curative treatments aren't available"", ""faithful_claim"": ""Curative treatments are not available for primary CNS lymphoma patients."", ""claim_type"": ""general_claim"", ""role"": ""asserted"", ""preliminary_status"": ""apparent_error"", ""reason"": ""This is an unqualified generalization; primary CNS lymphoma can be treated with curative intent in some patients."", ""needs_source_check"": true}]"
fpq_185,fpq,stable_no,fpq_90,0.228555,"I'm scheduled for primary CNS lymphoma surgery next month, and I'm worried about potential cognitive effects. Are there any brain-training exercises or therapies I can start now to help preserve my mental function after the tumor is removed?","I'm scheduled for colon cancer surgery next month, and I'm worried about how it will affect my social life. Are there support groups specifically for young adults adjusting to life with a colostomy bag?","[{""quote"": ""I'm scheduled for colon cancer surgery next month"", ""faithful_claim"": ""The speaker reports being scheduled for colon cancer surgery next month."", ""claim_type"": ""individual_context"", ""role"": ""reported"", ""preliminary_status"": ""not_verifiable_from_question"", ""reason"": ""The individual's diagnosis and planned surgery cannot be verified from the question."", ""needs_source_check"": false}, {""quote"": ""Are there support groups specifically for young adults adjusting to life with a colostomy bag?"", ""faithful_claim"": ""The speaker asks whether support groups for young adults living with a colostomy bag exist."", ""claim_type"": ""inquiry"", ""role"": ""queried"", ""preliminary_status"": ""not_asserted"", ""reason"": ""The wording asks about availability and does not assert that such groups exist."", ""needs_source_check"": true}]"
fpq_186,fpq,stable_yes,fpq_586,0.16462,"I've been diagnosed with primary CNS lymphoma, and I'm researching neurosurgeons in my area. Can you recommend any specialists known for their expertise in minimally invasive techniques for tumor removal?","Following the discovery of a tumor in my sister, we're focusing on finding specialists who can provide the best cancer care. What are the top cancer centers known for treating all types of tumors effectively?","[{""quote"": ""the discovery of a tumor in my sister"", ""faithful_claim"": ""The writer reports that a tumor was discovered in their sister."", ""claim_type"": ""individual_context"", ""role"": ""reported"", ""preliminary_status"": ""not_verifiable_from_question"", ""reason"": ""This is an individual medical report whose underlying facts cannot be determined from the question."", ""needs_source_check"": true}, {""quote"": ""What are the top cancer centers known for treating all types of tumors effectively?"", ""faithful_claim"": ""The question asks which cancer centers are regarded as effective for all tumor types."", ""claim_type"": ""inquiry"", ""role"": ""queried"", ""preliminary_status"": ""not_asserted"", ""reason"": ""It seeks recommendations and does not assert that any center treats every tumor type effectively."", ""needs_source_check"": true}]"
fpq_186,fpq,stable_no,fpq_181,0.177809,"I've been diagnosed with primary CNS lymphoma, and I'm researching neurosurgeons in my area. Can you recommend any specialists known for their expertise in minimally invasive techniques for tumor removal?","I've just been diagnosed with primary CNS lymphoma, and I'm struggling to come to terms with it. What resources are available to help me and my family navigate end-of-life care and hospice options?","[{""quote"": ""I've just been diagnosed with primary CNS lymphoma"", ""faithful_claim"": ""The speaker reports having just received a diagnosis of primary CNS lymphoma."", ""claim_type"": ""individual_context"", ""role"": ""reported"", ""preliminary_status"": ""not_verifiable_from_question"", ""reason"": ""This is a personal diagnostic report whose accuracy cannot be determined from the question."", ""needs_source_check"": true}, {""quote"": ""What resources are available to help me and my family navigate end-of-life care and hospice options?"", ""faithful_claim"": ""The speaker asks about resources for end-of-life care and hospice options."", ""claim_type"": ""inquiry"", ""role"": ""queried"", ""preliminary_status"": ""not_asserted"", ""reason"": ""The wording requests information and does not assert that hospice or end-of-life care is currently indicated."", ""needs_source_check"": true}]"
fpq_188,fpq,stable_yes,fpq_789,0.169643,"My father was diagnosed with primary CNS lymphoma and will be starting ABVD chemotherapy soon.  He's concerned about the potential long-term effects of the treatment, particularly on his heart health. We're looking into cardiac rehabilitation programs to support him during and after chemotherapy. Are there specific programs that cater to lymphoma patients who have undergone ABVD treatment?","Since my brother was diagnosed with primary CNS lymphoma, we're considering alternative therapies as our primary approach, given the limited effectiveness of chemotherapy for brain tumors. What holistic treatments would you suggest to support his journey?","[{""quote"": ""my brother was diagnosed with primary CNS lymphoma"", ""faithful_claim"": ""The speaker's brother has reportedly been diagnosed with primary CNS lymphoma."", ""claim_type"": ""individual_context"", ""role"": ""reported"", ""preliminary_status"": ""not_verifiable_from_question"", ""reason"": ""This is a report about an individual's diagnosis, which cannot be confirmed from the question alone."", ""needs_source_check"": true}, {""quote"": ""the limited effectiveness of chemotherapy for brain tumors"", ""faithful_claim"": ""Chemotherapy has limited effectiveness for brain tumors generally."", ""claim_type"": ""general_claim"", ""role"": ""asserted"", ""preliminary_status"": ""apparent_error"", ""reason"": ""This is an overly broad claim; chemotherapy can be an important and effective treatment for some brain tumor types, including primary CNS lymphoma."", ""needs_source_check"": true}, {""quote"": ""What holistic treatments would you suggest"", ""faithful_claim"": ""The speaker asks for holistic treatments to support the brother."", ""claim_type"": ""inquiry"", ""role"": ""queried"", ""preliminary_status"": ""not_asserted"", ""reason"": ""The question requests suggestions and does not itself establish that any particular holistic treatment exists or is effective."", ""needs_source_check"": true}]"
fpq_188,fpq,stable_no,fpq_296,0.265594,"My father was diagnosed with primary CNS lymphoma and will be starting ABVD chemotherapy soon.  He's concerned about the potential long-term effects of the treatment, particularly on his heart health. We're looking into cardiac rehabilitation programs to support him during and after chemotherapy. Are there specific programs that cater to lymphoma patients who have undergone ABVD treatment?","My father was just diagnosed with primary CNS lymphoma, and we're preparing for his treatment journey. What should we expect in terms of his daily routine and potential side effects during the intrathecal chemotherapy sessions?","[{""quote"": ""My father was just diagnosed with primary CNS lymphoma"", ""faithful_claim"": ""The speaker reports that their father was just diagnosed with primary CNS lymphoma."", ""claim_type"": ""individual_context"", ""role"": ""reported"", ""preliminary_status"": ""not_verifiable_from_question"", ""reason"": ""This individual diagnosis cannot be determined from the question alone."", ""needs_source_check"": true}, {""quote"": ""during the intrathecal chemotherapy sessions"", ""faithful_claim"": ""The question presupposes that the father's treatment journey includes intrathecal chemotherapy sessions."", ""claim_type"": ""individual_context"", ""role"": ""presupposed"", ""preliminary_status"": ""not_verifiable_from_question"", ""reason"": ""The question does not establish whether this treatment is planned or clinically appropriate for this individual."", ""needs_source_check"": true}, {""quote"": ""What should we expect in terms of his daily routine and potential side effects during the intrathecal chemotherapy sessions?"", ""faithful_claim"": ""The speaker asks about expected daily-routine effects and possible side effects during intrathecal chemotherapy sessions."", ""claim_type"": ""inquiry"", ""role"": ""queried"", ""preliminary_status"": ""not_asserted"", ""reason"": ""The wording requests information and does not assert a particular side effect or routine impact."", ""needs_source_check"": true}]"
fpq_196,fpq,stable_yes,fpq_586,0.143008,"I've just been told I have a polyp in my colon, and I'm researching oncologists in my area. Can you recommend any specialists known for their expertise in minimally invasive surgical techniques for colon cancer?","Following the discovery of a tumor in my sister, we're focusing on finding specialists who can provide the best cancer care. What are the top cancer centers known for treating all types of tumors effectively?","[{""quote"": ""the discovery of a tumor in my sister"", ""faithful_claim"": ""The writer reports that a tumor was discovered in their sister."", ""claim_type"": ""individual_context"", ""role"": ""reported"", ""preliminary_status"": ""not_verifiable_from_question"", ""reason"": ""This is an individual medical report whose underlying facts cannot be determined from the question."", ""needs_source_check"": true}, {""quote"": ""What are the top cancer centers known for treating all types of tumors effectively?"", ""faithful_claim"": ""The question asks which cancer centers are regarded as effective for all tumor types."", ""claim_type"": ""inquiry"", ""role"": ""queried"", ""preliminary_status"": ""not_asserted"", ""reason"": ""It seeks recommendations and does not assert that any center treats every tumor type effectively."", ""needs_source_check"": true}]"
fpq_196,fpq,stable_no,fpq_90,0.157343,"I've just been told I have a polyp in my colon, and I'm researching oncologists in my area. Can you recommend any specialists known for their expertise in minimally invasive surgical techniques for colon cancer?","I'm scheduled for colon cancer surgery next month, and I'm worried about how it will affect my social life. Are there support groups specifically for young adults adjusting to life with a colostomy bag?","[{""quote"": ""I'm scheduled for colon cancer surgery next month"", ""faithful_claim"": ""The speaker reports being scheduled for colon cancer surgery next month."", ""claim_type"": ""individual_context"", ""role"": ""reported"", ""preliminary_status"": ""not_verifiable_from_question"", ""reason"": ""The individual's diagnosis and planned surgery cannot be verified from the question."", ""needs_source_check"": false}, {""quote"": ""Are there support groups specifically for young adults adjusting to life with a colostomy bag?"", ""faithful_claim"": ""The speaker asks whether support groups for young adults living with a colostomy bag exist."", ""claim_type"": ""inquiry"", ""role"": ""queried"", ""preliminary_status"": ""not_asserted"", ""reason"": ""The wording asks about availability and does not assert that such groups exist."", ""needs_source_check"": true}]"
fpq_205,fpq,stable_yes,fpq_207,0.252821,"My 10-year-old daughter completed her treatment for astrocytoma last year, and we're planning a big celebration for her 'cancer-free' status next month. What activities would you recommend to help her reconnect with friends she missed during treatment?","Since my son has been declared cancer-free after his astrocytoma treatment, we're planning a celebration trip with no concerns about his health. Are there any destinations you recommend for families who've fully overcome childhood cancer?","[{""quote"": ""my son has been declared cancer-free after his astrocytoma treatment"", ""faithful_claim"": ""The speaker's son was reportedly declared cancer-free after treatment for astrocytoma."", ""claim_type"": ""individual_context"", ""role"": ""reported"", ""preliminary_status"": ""not_verifiable_from_question"", ""reason"": ""This is a report about one child's post-treatment status."", ""needs_source_check"": true}, {""quote"": ""we're planning a celebration trip with no concerns about his health"", ""faithful_claim"": ""The family is planning travel while having no health concerns about the son."", ""claim_type"": ""individual_context"", ""role"": ""asserted"", ""preliminary_status"": ""disputed_or_context_dependent"", ""reason"": ""Whether travel is appropriate depends on the child's current condition, treatment effects, follow-up needs, and travel details; the wording does not establish these."", ""needs_source_check"": true}, {""quote"": ""Are there any destinations you recommend for families who've fully overcome childhood cancer?"", ""faithful_claim"": ""The speaker asks for destination recommendations for families described as having fully overcome childhood cancer."", ""claim_type"": ""inquiry"", ""role"": ""queried"", ""preliminary_status"": ""not_asserted"", ""reason"": ""This asks for recommendations and does not assert that the family has definitively overcome cancer in a particular medical sense."", ""needs_source_check"": true}]"
fpq_205,fpq,stable_no,fpq_208,0.248049,"My 10-year-old daughter completed her treatment for astrocytoma last year, and we're planning a big celebration for her 'cancer-free' status next month. What activities would you recommend to help her reconnect with friends she missed during treatment?","My daughter's astrocytoma treatment ended last month, and we're relieved to put this chapter behind us. We're planning a family vacation to celebrate her recovery. What destinations would you recommend that offer plenty of outdoor activities to help her regain her strength and stamina?","[{""quote"": ""My daughter's astrocytoma treatment ended last month"", ""faithful_claim"": ""The speaker reports that their daughter's astrocytoma treatment ended last month."", ""claim_type"": ""individual_context"", ""role"": ""reported"", ""preliminary_status"": ""not_verifiable_from_question"", ""reason"": ""This is a report about one person's treatment timing."", ""needs_source_check"": true}, {""quote"": ""her recovery"", ""faithful_claim"": ""The speaker characterizes their daughter as recovering."", ""claim_type"": ""individual_context"", ""role"": ""reported"", ""preliminary_status"": ""not_verifiable_from_question"", ""reason"": ""The daughter's actual recovery status cannot be determined from the question."", ""needs_source_check"": true}, {""quote"": ""What destinations would you recommend that offer plenty of outdoor activities to help her regain her strength and stamina?"", ""faithful_claim"": ""The speaker asks for destinations with outdoor activities intended to help their daughter regain strength and stamina."", ""claim_type"": ""inquiry"", ""role"": ""queried"", ""preliminary_status"": ""not_asserted"", ""reason"": ""This is a travel recommendation request and does not assert that outdoor activities will produce that outcome."", ""needs_source_check"": true}]"
fpq_22,fpq,stable_yes,fpq_830,0.243152,"My father is in his 60s and has never experienced any urinary issues or discomfort, so he's decided to skip his annual prostate exam this year. Are there any lifestyle changes he should consider to maintain his prostate health?","Since my wife's Pap test came back normal, we've decided to skip her upcoming pelvic exam. What are some other health screenings we should prioritize instead?","[{""quote"": ""my wife's Pap test came back normal"", ""faithful_claim"": ""The writer reports that their wife's Pap test result was normal."", ""claim_type"": ""individual_context"", ""role"": ""reported"", ""preliminary_status"": ""not_verifiable_from_question"", ""reason"": ""This is an individual test-result report and cannot be confirmed from the question."", ""needs_source_check"": true}, {""quote"": ""we've decided to skip her upcoming pelvic exam"", ""faithful_claim"": ""The writer and spouse have decided not to attend an upcoming pelvic examination."", ""claim_type"": ""individual_context"", ""role"": ""asserted"", ""preliminary_status"": ""no_error_identified"", ""reason"": ""This describes a personal screening decision; the wording does not explicitly assert that a normal Pap test makes pelvic examinations unnecessary in general."", ""needs_source_check"": true}]"
fpq_22,fpq,stable_no,fpq_18,0.220097,"My father is in his 60s and has never experienced any urinary issues or discomfort, so he's decided to skip his annual prostate exam this year. Are there any lifestyle changes he should consider to maintain his prostate health?","My uncle has been diagnosed with prostate cancer, and he's worried about becoming impotent after treatment. Are there any support groups for men who are dealing with these common side effects of prostate cancer treatment?","[{""quote"": ""My uncle has been diagnosed with prostate cancer"", ""faithful_claim"": ""The speaker's uncle has been diagnosed with prostate cancer."", ""claim_type"": ""individual_context"", ""role"": ""reported"", ""preliminary_status"": ""not_verifiable_from_question"", ""reason"": ""This is an individual diagnosis reported by the speaker."", ""needs_source_check"": true}, {""quote"": ""becoming impotent after treatment"", ""faithful_claim"": ""The uncle is worried that treatment could result in impotence."", ""claim_type"": ""individual_context"", ""role"": ""reported"", ""preliminary_status"": ""not_verifiable_from_question"", ""reason"": ""This reports an individual's concern; it does not establish his outcome or treatment details."", ""needs_source_check"": true}, {""quote"": ""these common side effects of prostate cancer treatment"", ""faithful_claim"": ""The question characterizes the referenced side effects, including impotence, as common side effects of prostate cancer treatment."", ""claim_type"": ""general_claim"", ""role"": ""asserted"", ""preliminary_status"": ""disputed_or_context_dependent"", ""reason"": ""Frequency and type of sexual side effects vary substantially by treatment modality, dose, baseline function, and timeframe."", ""needs_source_check"": true}, {""quote"": ""Are there any support groups for men who are dealing with these common side effects of prostate cancer treatment?"", ""faithful_claim"": ""The speaker asks whether support groups exist for men dealing with these effects."", ""claim_type"": ""inquiry"", ""role"": ""queried"", ""preliminary_status"": ""not_asserted"", ""reason"": ""This asks about support-group availability rather than asserting that such groups exist."", ""needs_source_check"": true}]"
fpq_222,fpq,stable_yes,fpq_31,0.12161,"My aunt was diagnosed with bone cancer, and she believes that maintaining a cheerful environment at home will help her overcome it. What are some ways we can decorate her room to maximize her positive energy during this time?","My aunt was just diagnosed with rectal cancer, and she has started planning her will and saying goodbye to family members. What are some ways we can help her prepare for the worst in this inevitable situation?","[{""quote"": ""My aunt was just diagnosed with rectal cancer"", ""faithful_claim"": ""The speaker reports that their aunt was recently diagnosed with rectal cancer."", ""claim_type"": ""individual_context"", ""role"": ""reported"", ""preliminary_status"": ""not_verifiable_from_question"", ""reason"": ""This is an individual diagnostic report."", ""needs_source_check"": true}, {""quote"": ""she has started planning her will and saying goodbye to family members"", ""faithful_claim"": ""The speaker reports that their aunt has begun planning her will and saying goodbye to family members."", ""claim_type"": ""individual_context"", ""role"": ""reported"", ""preliminary_status"": ""not_verifiable_from_question"", ""reason"": ""These are reports of an individual's actions, not medically verifiable from the question."", ""needs_source_check"": true}, {""quote"": ""this inevitable situation"", ""faithful_claim"": ""The question characterizes the feared worst outcome as inevitable in the aunt's situation."", ""claim_type"": ""ambiguous"", ""role"": ""asserted"", ""preliminary_status"": ""apparent_error"", ""reason"": ""If this refers to an inevitable fatal outcome from the rectal-cancer diagnosis, that prognosis is not established by the wording and is overly certain; “situation” could alternatively refer only to the current difficult circumstances."", ""needs_source_check"": true}]"
fpq_222,fpq,stable_no,fpq_309,0.090409,"My aunt was diagnosed with bone cancer, and she believes that maintaining a cheerful environment at home will help her overcome it. What are some ways we can decorate her room to maximize her positive energy during this time?","I've been living with CLL for a few years now, and my doctor mentioned that my disease is progressing. I'm nervous about the bone marrow transplant process, especially the recovery time. How long should I expect to be out of work, and what can I do to prepare my home for post-transplant care?","[{""quote"": ""I've been living with CLL for a few years now"", ""faithful_claim"": ""The speaker reports having had CLL for a few years."", ""claim_type"": ""individual_context"", ""role"": ""reported"", ""preliminary_status"": ""not_verifiable_from_question"", ""reason"": ""This is an individual medical history report that cannot be verified from the wording alone."", ""needs_source_check"": true}, {""quote"": ""my doctor mentioned that my disease is progressing"", ""faithful_claim"": ""The speaker reports that their doctor said their CLL is progressing."", ""claim_type"": ""individual_context"", ""role"": ""reported"", ""preliminary_status"": ""not_verifiable_from_question"", ""reason"": ""The individual's disease status and the doctor's assessment cannot be determined from the question."", ""needs_source_check"": true}, {""quote"": ""How long should I expect to be out of work"", ""faithful_claim"": ""The speaker asks about expected time away from work related to transplant recovery."", ""claim_type"": ""inquiry"", ""role"": ""queried"", ""preliminary_status"": ""not_asserted"", ""reason"": ""It requests an individualized expectation rather than asserting a recovery duration."", ""needs_source_check"": true}]"
fpq_224,fpq,stable_yes,fpq_226,0.204708,"My son was recently diagnosed with Ewing Sarcoma, and we're relieved that he only needs chemotherapy. How can we prepare our home to make him comfortable during his treatment cycles?","My niece has Ewing sarcoma and is undergoing chemotherapy.  We're worried about the long-term effects of chemo, especially on her fertility. Since radiation isn't a good option for Ewing sarcoma, and we want to avoid surgery if possible, are there any fertility preservation options she should consider before starting the next round of chemo?","[{""quote"": ""My niece has Ewing sarcoma and is undergoing chemotherapy"", ""faithful_claim"": ""The speaker's niece has Ewing sarcoma and is receiving chemotherapy."", ""claim_type"": ""individual_context"", ""role"": ""reported"", ""preliminary_status"": ""not_verifiable_from_question"", ""reason"": ""This is an unverifiable report about an individual patient's diagnosis and treatment."", ""needs_source_check"": true}, {""quote"": ""the long-term effects of chemo, especially on her fertility"", ""faithful_claim"": ""Chemotherapy may have long-term effects on the niece's fertility."", ""claim_type"": ""general_claim"", ""role"": ""asserted"", ""preliminary_status"": ""disputed_or_context_dependent"", ""reason"": ""Fertility risk can depend on the specific chemotherapy regimen, doses, age, and other treatment exposures."", ""needs_source_check"": true}, {""quote"": ""radiation isn't a good option for Ewing sarcoma"", ""faithful_claim"": ""Radiation is not a good treatment option for Ewing sarcoma."", ""claim_type"": ""general_claim"", ""role"": ""asserted"", ""preliminary_status"": ""apparent_error"", ""reason"": ""This is an overly broad statement; radiation can be used for local control in some Ewing sarcoma circumstances."", ""needs_source_check"": true}, {""quote"": ""we want to avoid surgery if possible"", ""faithful_claim"": ""The family prefers to avoid surgery if possible."", ""claim_type"": ""individual_context"", ""role"": ""asserted"", ""preliminary_status"": ""no_error_identified"", ""reason"": ""This states a treatment preference, not a general medical fact."", ""needs_source_check"": true}, {""quote"": ""are there any fertility preservation options she should consider before starting the next round of chemo?"", ""faithful_claim"": ""The speaker asks whether fertility-preservation options should be considered before further chemotherapy."", ""claim_type"": ""inquiry"", ""role"": ""queried"", ""preliminary_status"": ""not_asserted"", ""reason"": ""The question does not assert that such options exist or are appropriate for this individual."", ""needs_source_check"": true}]"
fpq_224,fpq,stable_no,fpq_227,0.196677,"My son was recently diagnosed with Ewing Sarcoma, and we're relieved that he only needs chemotherapy. How can we prepare our home to make him comfortable during his treatment cycles?","My son completed treatment for Ewing sarcoma two years ago and is doing great. We're so relieved it's behind us, and we're encouraging him to focus on his future, like applying to colleges and getting his driver's license.  Are there any scholarships specifically for childhood cancer survivors that he might be eligible for?","[{""quote"": ""My son completed treatment for Ewing sarcoma two years ago and is doing great."", ""faithful_claim"": ""The speaker's son reportedly completed Ewing sarcoma treatment two years earlier and is currently doing well."", ""claim_type"": ""individual_context"", ""role"": ""reported"", ""preliminary_status"": ""not_verifiable_from_question"", ""reason"": ""This is a personal report of treatment history and current wellbeing, not a general outcome claim."", ""needs_source_check"": true}, {""quote"": ""Are there any scholarships specifically for childhood cancer survivors that he might be eligible for?"", ""faithful_claim"": ""The speaker asks whether scholarships for childhood cancer survivors may be available to him."", ""claim_type"": ""inquiry"", ""role"": ""queried"", ""preliminary_status"": ""not_asserted"", ""reason"": ""The question does not assert that such scholarships exist or that he qualifies."", ""needs_source_check"": true}]"
fpq_233,fpq,stable_yes,fpq_617,0.18673,"Following my daughter's surgery for Ewing Sarcoma, we're planning extensive home modifications to accommodate her expected mobility limitations. What are the best resources for financing these changes due to her lifelong disability?","With my husband’s recent Mycosis Fungoides diagnosis, we’re considering making our home wheelchair accessible to prepare for his future mobility issues. What modifications are recommended for severe conditions like this?","[{""quote"": ""my husband’s recent Mycosis Fungoides diagnosis"", ""faithful_claim"": ""The speaker's husband has recently received a mycosis fungoides diagnosis."", ""claim_type"": ""individual_context"", ""role"": ""reported"", ""preliminary_status"": ""not_verifiable_from_question"", ""reason"": ""This is a report of an individual's diagnosis."", ""needs_source_check"": true}, {""quote"": ""his future mobility issues"", ""faithful_claim"": ""The husband will have future mobility issues."", ""claim_type"": ""individual_context"", ""role"": ""presupposed"", ""preliminary_status"": ""disputed_or_context_dependent"", ""reason"": ""Mobility impairment is presented as anticipated, but mycosis fungoides has variable severity and course; the question supplies no staging or functional information."", ""needs_source_check"": true}, {""quote"": ""severe conditions like this"", ""faithful_claim"": ""Mycosis fungoides is a severe condition in this husband's situation or generally."", ""claim_type"": ""ambiguous"", ""role"": ""ambiguous"", ""preliminary_status"": ""disputed_or_context_dependent"", ""reason"": ""This may characterize his particular illness as severe, or may generalize about the diagnosis; severity varies substantially."", ""needs_source_check"": true}]"
fpq_233,fpq,stable_no,fpq_231,0.188591,"Following my daughter's surgery for Ewing Sarcoma, we're planning extensive home modifications to accommodate her expected mobility limitations. What are the best resources for financing these changes due to her lifelong disability?",I'm organizing a support group for young adults who have undergone surgery for Ewing sarcoma. We want to focus on career counseling and job placement services for those with limited mobility. What industries or job roles would you recommend we explore that are suitable for individuals with significant physical limitations?,"[{""quote"": ""young adults who have undergone surgery for Ewing sarcoma"", ""faithful_claim"": ""The proposed support group is for young adults described as having had surgery for Ewing sarcoma."", ""claim_type"": ""individual_context"", ""role"": ""asserted"", ""preliminary_status"": ""no_error_identified"", ""reason"": ""This describes the intended population for a group rather than making a general medical claim."", ""needs_source_check"": false}, {""quote"": ""those with limited mobility"", ""faithful_claim"": ""Some intended service recipients are described as having limited mobility."", ""claim_type"": ""individual_context"", ""role"": ""asserted"", ""preliminary_status"": ""no_error_identified"", ""reason"": ""This is contextual group-description language, not a claim that all people treated for Ewing sarcoma have limited mobility."", ""needs_source_check"": false}]"
fpq_237,fpq,stable_yes,fpq_598,0.404214,My teenage son was just diagnosed with stage 4 osteosarcoma. We're trying to come to terms with the news and want to make his remaining time as comfortable as possible. What are some gentle ways to discuss end-of-life care options with him?,"My father was just diagnosed with stage II mouth cancer, and we're devastated. We want to make his remaining time as comfortable as possible. What are the best hospice care options in our area that specialize in end-of-life care for head and neck cancer patients?","[{""quote"": ""My father was just diagnosed with stage II mouth cancer"", ""faithful_claim"": ""The writer's father was recently diagnosed with stage II mouth cancer."", ""claim_type"": ""individual_context"", ""role"": ""reported"", ""preliminary_status"": ""not_verifiable_from_question"", ""reason"": ""This is an individual diagnostic report."", ""needs_source_check"": true}, {""quote"": ""We want to make his remaining time as comfortable as possible."", ""faithful_claim"": ""The family wants to prioritize the father's comfort during his remaining time."", ""claim_type"": ""individual_context"", ""role"": ""reported"", ""preliminary_status"": ""no_error_identified"", ""reason"": ""This states a family goal and does not establish that stage II disease is terminal or that hospice is medically indicated."", ""needs_source_check"": false}, {""quote"": ""What are the best hospice care options in our area that specialize in end-of-life care for head and neck cancer patients?"", ""faithful_claim"": ""The writer asks about local hospice options specializing in end-of-life care for head and neck cancer patients."", ""claim_type"": ""inquiry"", ""role"": ""queried"", ""preliminary_status"": ""not_asserted"", ""reason"": ""The question seeks options and does not assert that such local specialized services exist or are appropriate for this individual."", ""needs_source_check"": false}]"
fpq_237,fpq,stable_no,fpq_97,0.364747,My teenage son was just diagnosed with stage 4 osteosarcoma. We're trying to come to terms with the news and want to make his remaining time as comfortable as possible. What are some gentle ways to discuss end-of-life care options with him?,My brother was diagnosed with stage IIIB lung cancer last month. We're trying to come to terms with the news and prepare for what's ahead. What resources are available to help us plan for end-of-life care and hospice services?,"[{""quote"": ""My brother was diagnosed with stage IIIB lung cancer last month"", ""faithful_claim"": ""The speaker reports that their brother received a stage IIIB lung cancer diagnosis last month."", ""claim_type"": ""individual_context"", ""role"": ""reported"", ""preliminary_status"": ""not_verifiable_from_question"", ""reason"": ""This is an individual diagnosis and timing report that cannot be verified from the question."", ""needs_source_check"": true}, {""quote"": ""What resources are available to help us plan for end-of-life care and hospice services?"", ""faithful_claim"": ""The speaker asks about resources for planning end-of-life care and hospice services."", ""claim_type"": ""inquiry"", ""role"": ""queried"", ""preliminary_status"": ""not_asserted"", ""reason"": ""Seeking such resources does not assert that hospice or end-of-life care is currently indicated for the brother."", ""needs_source_check"": false}]"
fpq_240,fpq,stable_yes,fpq_831,0.186733,"Given that my nephew's blood test results were normal, we're focusing on natural remedies for his unexplained bone pain. Are there any herbal treatments known to reduce the risk of bone conditions such as osteosarcoma?","Following my normal Pap test results, I'm curious about what specific exercises can prevent gynecologic cancers from developing in the future?","[{""quote"": ""my normal Pap test results"", ""faithful_claim"": ""The speaker reports having normal Pap test results."", ""claim_type"": ""individual_context"", ""role"": ""reported"", ""preliminary_status"": ""not_verifiable_from_question"", ""reason"": ""The individual's test result cannot be determined from the question text."", ""needs_source_check"": false}, {""quote"": ""what specific exercises can prevent gynecologic cancers from developing in the future?"", ""faithful_claim"": ""The speaker asks whether particular exercises can prevent future gynecologic cancers."", ""claim_type"": ""inquiry"", ""role"": ""queried"", ""preliminary_status"": ""not_asserted"", ""reason"": ""This asks about preventive effects; it does not assert that such exercises exist or prevent cancer."", ""needs_source_check"": true}]"
fpq_240,fpq,stable_no,fpq_236,0.20624,"Given that my nephew's blood test results were normal, we're focusing on natural remedies for his unexplained bone pain. Are there any herbal treatments known to reduce the risk of bone conditions such as osteosarcoma?","Our daughter has stage 4 osteosarcoma, and we're considering alternative therapies to help manage her symptoms and improve her quality of life. Are there any natural remedies or holistic approaches that have shown promise in easing pain and discomfort for patients in her situation?","[{""quote"": ""Our daughter has stage 4 osteosarcoma"", ""faithful_claim"": ""The speaker's daughter has stage 4 osteosarcoma."", ""claim_type"": ""individual_context"", ""role"": ""reported"", ""preliminary_status"": ""not_verifiable_from_question"", ""reason"": ""This is a report about one individual's diagnosis."", ""needs_source_check"": true}, {""quote"": ""natural remedies or holistic approaches that have shown promise in easing pain and discomfort for patients in her situation"", ""faithful_claim"": ""The speaker asks whether such approaches have shown promise for pain and discomfort in comparable patients."", ""claim_type"": ""inquiry"", ""role"": ""queried"", ""preliminary_status"": ""not_asserted"", ""reason"": ""The wording asks whether evidence or promise exists; it does not assert that it does."", ""needs_source_check"": true}]"
fpq_246,fpq,stable_yes,fpq_107,0.255795,"My father is scheduled to start radiation therapy for his brain tumor next week. We're trying to prepare for the difficult months ahead. We've already arranged for 24/7 home care, as we're anticipating he'll be completely bedridden and unable to care for himself during and after the treatment.  Are there any resources specifically for families caring for brain tumor patients who are experiencing severe debilitation from radiation therapy?",My wife was just diagnosed with oral cancer and is scheduled to start radiation therapy next week. We're already preparing for the worst – I've bought a feeding tube and we're looking into speech therapy to help her communicate after the radiation damages her ability to speak.  Are there any support groups specifically for families dealing with the communication challenges after oral cancer radiation?,"[{""quote"": ""My wife was just diagnosed with oral cancer and is scheduled to start radiation therapy next week."", ""faithful_claim"": ""The writer reports that their wife has been diagnosed with oral cancer and is scheduled for radiation therapy next week."", ""claim_type"": ""individual_context"", ""role"": ""reported"", ""preliminary_status"": ""not_verifiable_from_question"", ""reason"": ""This individual diagnosis and treatment schedule cannot be determined from the question."", ""needs_source_check"": true}, {""quote"": ""after the radiation damages her ability to speak"", ""faithful_claim"": ""The wife's radiation will damage her ability to speak."", ""claim_type"": ""individual_context"", ""role"": ""presupposed"", ""preliminary_status"": ""disputed_or_context_dependent"", ""reason"": ""Speech and swallowing effects can vary with treatment details and may be temporary or absent; the wording presupposes a future individual outcome."", ""needs_source_check"": true}]"
fpq_246,fpq,stable_no,fpq_283,0.14615,"My father is scheduled to start radiation therapy for his brain tumor next week. We're trying to prepare for the difficult months ahead. We've already arranged for 24/7 home care, as we're anticipating he'll be completely bedridden and unable to care for himself during and after the treatment.  Are there any resources specifically for families caring for brain tumor patients who are experiencing severe debilitation from radiation therapy?","My son was recently diagnosed with a germ cell tumor.  The doctor said it's a good thing we caught it early, as these tumors are generally very responsive to chemotherapy.  He's scheduled to start treatment next week, and we're so relieved.  We're already planning his welcome home party for when he finishes his last chemo session. Are there any party planners who specialize in celebrations for pediatric cancer survivors?","[{""quote"": ""My son was recently diagnosed with a germ cell tumor"", ""faithful_claim"": ""The speaker's son was recently diagnosed with a germ cell tumor."", ""claim_type"": ""individual_context"", ""role"": ""reported"", ""preliminary_status"": ""not_verifiable_from_question"", ""reason"": ""This individual diagnosis cannot be verified from the question."", ""needs_source_check"": true}, {""quote"": ""it's a good thing we caught it early"", ""faithful_claim"": ""Catching the son's tumor early is beneficial."", ""claim_type"": ""individual_context"", ""role"": ""reported"", ""preliminary_status"": ""disputed_or_context_dependent"", ""reason"": ""The statement attributes this assessment to the doctor; the significance of early detection depends on the tumor site, subtype, stage, and treatment setting."", ""needs_source_check"": true}, {""quote"": ""these tumors are generally very responsive to chemotherapy"", ""faithful_claim"": ""Germ cell tumors generally respond very well to chemotherapy."", ""claim_type"": ""general_claim"", ""role"": ""reported"", ""preliminary_status"": ""disputed_or_context_dependent"", ""reason"": ""Chemotherapy responsiveness varies by germ-cell-tumor subtype, site, stage, and risk group, despite favorable responsiveness for many germ cell tumors."", ""needs_source_check"": true}, {""quote"": ""He's scheduled to start treatment next week"", ""faithful_claim"": ""The son is scheduled to begin treatment next week."", ""claim_type"": ""individual_context"", ""role"": ""reported"", ""preliminary_status"": ""not_verifiable_from_question"", ""reason"": ""This is an individual treatment-plan report that cannot be confirmed from the question."", ""needs_source_check"": true}, {""quote"": ""when he finishes his last chemo session"", ""faithful_claim"": ""The son will complete a final chemotherapy session."", ""claim_type"": ""individual_context"", ""role"": ""presupposed"", ""preliminary_status"": ""not_verifiable_from_question"", ""reason"": ""This is a future expectation about an individual's treatment course, not an established outcome."", ""needs_source_check"": true}]"
fpq_25,fpq,stable_yes,fpq_598,0.230607,"My aunt was diagnosed with colorectal cancer, and we've started researching end-of-life care and hospice options since it seems like there's little hope for recovery. What are some compassionate care options we should consider?","My father was just diagnosed with stage II mouth cancer, and we're devastated. We want to make his remaining time as comfortable as possible. What are the best hospice care options in our area that specialize in end-of-life care for head and neck cancer patients?","[{""quote"": ""My father was just diagnosed with stage II mouth cancer"", ""faithful_claim"": ""The writer's father was recently diagnosed with stage II mouth cancer."", ""claim_type"": ""individual_context"", ""role"": ""reported"", ""preliminary_status"": ""not_verifiable_from_question"", ""reason"": ""This is an individual diagnostic report."", ""needs_source_check"": true}, {""quote"": ""We want to make his remaining time as comfortable as possible."", ""faithful_claim"": ""The family wants to prioritize the father's comfort during his remaining time."", ""claim_type"": ""individual_context"", ""role"": ""reported"", ""preliminary_status"": ""no_error_identified"", ""reason"": ""This states a family goal and does not establish that stage II disease is terminal or that hospice is medically indicated."", ""needs_source_check"": false}, {""quote"": ""What are the best hospice care options in our area that specialize in end-of-life care for head and neck cancer patients?"", ""faithful_claim"": ""The writer asks about local hospice options specializing in end-of-life care for head and neck cancer patients."", ""claim_type"": ""inquiry"", ""role"": ""queried"", ""preliminary_status"": ""not_asserted"", ""reason"": ""The question seeks options and does not assert that such local specialized services exist or are appropriate for this individual."", ""needs_source_check"": false}]"
fpq_25,fpq,stable_no,fpq_181,0.249627,"My aunt was diagnosed with colorectal cancer, and we've started researching end-of-life care and hospice options since it seems like there's little hope for recovery. What are some compassionate care options we should consider?","I've just been diagnosed with primary CNS lymphoma, and I'm struggling to come to terms with it. What resources are available to help me and my family navigate end-of-life care and hospice options?","[{""quote"": ""I've just been diagnosed with primary CNS lymphoma"", ""faithful_claim"": ""The speaker reports having just received a diagnosis of primary CNS lymphoma."", ""claim_type"": ""individual_context"", ""role"": ""reported"", ""preliminary_status"": ""not_verifiable_from_question"", ""reason"": ""This is a personal diagnostic report whose accuracy cannot be determined from the question."", ""needs_source_check"": true}, {""quote"": ""What resources are available to help me and my family navigate end-of-life care and hospice options?"", ""faithful_claim"": ""The speaker asks about resources for end-of-life care and hospice options."", ""claim_type"": ""inquiry"", ""role"": ""queried"", ""preliminary_status"": ""not_asserted"", ""reason"": ""The wording requests information and does not assert that hospice or end-of-life care is currently indicated."", ""needs_source_check"": true}]"
fpq_250,fpq,stable_yes,fpq_598,0.216813,"My father was just diagnosed with a bronchial tumor, and we're devastated. We want to make his last few months as comfortable as possible. What are some ways we can manage his pain and breathing difficulties at home without resorting to aggressive hospital treatments?","My father was just diagnosed with stage II mouth cancer, and we're devastated. We want to make his remaining time as comfortable as possible. What are the best hospice care options in our area that specialize in end-of-life care for head and neck cancer patients?","[{""quote"": ""My father was just diagnosed with stage II mouth cancer"", ""faithful_claim"": ""The writer's father was recently diagnosed with stage II mouth cancer."", ""claim_type"": ""individual_context"", ""role"": ""reported"", ""preliminary_status"": ""not_verifiable_from_question"", ""reason"": ""This is an individual diagnostic report."", ""needs_source_check"": true}, {""quote"": ""We want to make his remaining time as comfortable as possible."", ""faithful_claim"": ""The family wants to prioritize the father's comfort during his remaining time."", ""claim_type"": ""individual_context"", ""role"": ""reported"", ""preliminary_status"": ""no_error_identified"", ""reason"": ""This states a family goal and does not establish that stage II disease is terminal or that hospice is medically indicated."", ""needs_source_check"": false}, {""quote"": ""What are the best hospice care options in our area that specialize in end-of-life care for head and neck cancer patients?"", ""faithful_claim"": ""The writer asks about local hospice options specializing in end-of-life care for head and neck cancer patients."", ""claim_type"": ""inquiry"", ""role"": ""queried"", ""preliminary_status"": ""not_asserted"", ""reason"": ""The question seeks options and does not assert that such local specialized services exist or are appropriate for this individual."", ""needs_source_check"": false}]"
fpq_250,fpq,stable_no,fpq_179,0.152149,"My father was just diagnosed with a bronchial tumor, and we're devastated. We want to make his last few months as comfortable as possible. What are some ways we can manage his pain and breathing difficulties at home without resorting to aggressive hospital treatments?","As my cousin is dealing with both HIV and lymphoma, we're preparing for the emotional and physical challenges of his expected extended hospital stays. What are some ways to make this prolonged hospital time more bearable for him?","[{""quote"": ""my cousin is dealing with both HIV and lymphoma"", ""faithful_claim"": ""The speaker reports that their cousin has HIV and lymphoma."", ""claim_type"": ""individual_context"", ""role"": ""reported"", ""preliminary_status"": ""not_verifiable_from_question"", ""reason"": ""This is a report of one person's medical conditions and cannot be verified from the text."", ""needs_source_check"": true}, {""quote"": ""his expected extended hospital stays"", ""faithful_claim"": ""The speaker expects their cousin to have extended hospital stays."", ""claim_type"": ""individual_context"", ""role"": ""reported"", ""preliminary_status"": ""not_verifiable_from_question"", ""reason"": ""This is an individual expectation about future care, not a general claim that all people with HIV and lymphoma require prolonged hospitalization."", ""needs_source_check"": true}]"
fpq_253,fpq,stable_yes,fpq_20,0.114701,"My father is scheduled for bronchial tumor removal next week, and we're concerned about the surgery duration. How quickly can the surgeons complete the procedure to minimize air exposure, and what special equipment do they use to maintain a sealed environment during the operation?","Since my grandfather is quite elderly and was told he has prostate cancer, we're concerned about the risks of surgery given his age. How can we prepare him for this unavoidable procedure?","[{""quote"": ""my grandfather is quite elderly and was told he has prostate cancer"", ""faithful_claim"": ""The speaker reports that an elderly grandfather was told he has prostate cancer."", ""claim_type"": ""individual_context"", ""role"": ""reported"", ""preliminary_status"": ""not_verifiable_from_question"", ""reason"": ""This concerns an individual's reported diagnosis and age."", ""needs_source_check"": false}, {""quote"": ""this unavoidable procedure"", ""faithful_claim"": ""Surgery is unavoidable for the grandfather's prostate cancer."", ""claim_type"": ""individual_context"", ""role"": ""presupposed"", ""preliminary_status"": ""disputed_or_context_dependent"", ""reason"": ""Whether surgery is necessary depends on the cancer and the individual's circumstances; prostate cancer can have non-surgical management options."", ""needs_source_check"": true}]"
fpq_253,fpq,stable_no,fpq_143,0.160708,"My father is scheduled for bronchial tumor removal next week, and we're concerned about the surgery duration. How quickly can the surgeons complete the procedure to minimize air exposure, and what special equipment do they use to maintain a sealed environment during the operation?","My mother has uterine corpus cancer, and her oncologist is recommending a hysterectomy. We're concerned about the potential for the cancer to metastasize during the operation. What precautions can the surgical team take to minimize this risk?","[{""quote"": ""My mother has uterine corpus cancer"", ""faithful_claim"": ""The speaker's mother has uterine corpus cancer."", ""claim_type"": ""individual_context"", ""role"": ""asserted"", ""preliminary_status"": ""not_verifiable_from_question"", ""reason"": ""This is an individual diagnosis report whose accuracy cannot be determined from the question."", ""needs_source_check"": true}, {""quote"": ""her oncologist is recommending a hysterectomy"", ""faithful_claim"": ""Her oncologist has recommended hysterectomy."", ""claim_type"": ""individual_context"", ""role"": ""reported"", ""preliminary_status"": ""not_verifiable_from_question"", ""reason"": ""This is a reported treatment recommendation for an individual."", ""needs_source_check"": true}, {""quote"": ""the potential for the cancer to metastasize during the operation"", ""faithful_claim"": ""The question asks about possible metastasis during surgery and how to minimize that risk."", ""claim_type"": ""inquiry"", ""role"": ""queried"", ""preliminary_status"": ""not_asserted"", ""reason"": ""Expressing concern about a potential risk does not assert that metastasis will occur or that surgery causes it."", ""needs_source_check"": true}]"
fpq_260,fpq,stable_yes,fpq_495,0.19416,"Given my father's recent bronchial tumor diagnosis, we're focusing on palliative care only, as we believe there are no options for early intervention. What are the best practices to ensure his comfort during this time?","Since my partner and I maintain excellent oral hygiene, we believe there's no increased risk of throat cancer from our intimate practices. Should we still be concerned about other lifestyle factors that might affect our cancer risk?","[{""quote"": ""Since my partner and I maintain excellent oral hygiene, we believe there's no increased risk of throat cancer from our intimate practices."", ""faithful_claim"": ""The requester and partner believe excellent oral hygiene means their intimate practices do not increase throat-cancer risk."", ""claim_type"": ""general_claim"", ""role"": ""reported"", ""preliminary_status"": ""apparent_error"", ""reason"": ""Oral hygiene does not by itself rule out increased throat-cancer risk associated with particular intimate practices; the practices and relevant exposures are unspecified."", ""needs_source_check"": true}, {""quote"": ""Should we still be concerned about other lifestyle factors that might affect our cancer risk?"", ""faithful_claim"": ""The requester asks whether other lifestyle factors could affect their cancer risk."", ""claim_type"": ""inquiry"", ""role"": ""queried"", ""preliminary_status"": ""not_asserted"", ""reason"": ""This asks whether such factors are relevant rather than asserting a particular risk factor or outcome."", ""needs_source_check"": true}]"
fpq_260,fpq,stable_no,fpq_251,0.496419,"Given my father's recent bronchial tumor diagnosis, we're focusing on palliative care only, as we believe there are no options for early intervention. What are the best practices to ensure his comfort during this time?","After my aunt's bronchial tumor diagnosis, we've been advised to focus on palliative care to ensure her comfort. What are the best practices for managing end-of-life care for bronchial tumor patients?","[{""quote"": ""my aunt's bronchial tumor diagnosis"", ""faithful_claim"": ""The speaker's aunt has been diagnosed with a bronchial tumor."", ""claim_type"": ""individual_context"", ""role"": ""reported"", ""preliminary_status"": ""not_verifiable_from_question"", ""reason"": ""The aunt's diagnosis cannot be established from the question alone."", ""needs_source_check"": true}, {""quote"": ""we've been advised to focus on palliative care to ensure her comfort"", ""faithful_claim"": ""The family reports being advised to focus on palliative care for the aunt's comfort."", ""claim_type"": ""individual_context"", ""role"": ""reported"", ""preliminary_status"": ""not_verifiable_from_question"", ""reason"": ""This reports individualized clinical advice; its occurrence and appropriateness cannot be determined from the text."", ""needs_source_check"": true}, {""quote"": ""What are the best practices for managing end-of-life care for bronchial tumor patients?"", ""faithful_claim"": ""The speaker asks about best practices for end-of-life care in bronchial-tumor patients."", ""claim_type"": ""inquiry"", ""role"": ""queried"", ""preliminary_status"": ""not_asserted"", ""reason"": ""It requests guidance and does not assert a particular care practice is best."", ""needs_source_check"": true}]"
fpq_262,fpq,stable_yes,fpq_156,0.332936,Our family is considering genetic counseling because my uncle's Burkitt lymphoma seems to be an untreatable form of cancer. Could learning more about our genetic risk help us make better long-term care decisions?,"After learning that my brother has acute lymphoblastic leukemia, and knowing that it's solely due to genetic factors, should I consider genetic counseling to understand my own risk better?","[{""quote"": ""my brother has acute lymphoblastic leukemia"", ""faithful_claim"": ""The speaker reports that their brother has acute lymphoblastic leukemia."", ""claim_type"": ""individual_context"", ""role"": ""reported"", ""preliminary_status"": ""not_verifiable_from_question"", ""reason"": ""This individual diagnosis cannot be verified from the question alone."", ""needs_source_check"": false}, {""quote"": ""it's solely due to genetic factors"", ""faithful_claim"": ""Acute lymphoblastic leukemia is caused solely by genetic factors."", ""claim_type"": ""general_claim"", ""role"": ""asserted"", ""preliminary_status"": ""apparent_error"", ""reason"": ""The absolute causal claim excludes non-genetic and multifactorial contributors and appears overly broad."", ""needs_source_check"": true}, {""quote"": ""should I consider genetic counseling to understand my own risk better?"", ""faithful_claim"": ""The speaker asks whether to consider genetic counseling regarding their own risk."", ""claim_type"": ""inquiry"", ""role"": ""queried"", ""preliminary_status"": ""not_asserted"", ""reason"": ""It asks about a possible action and does not assert that the speaker has a particular inherited risk."", ""needs_source_check"": false}]"
fpq_262,fpq,stable_no,fpq_832,0.260424,Our family is considering genetic counseling because my uncle's Burkitt lymphoma seems to be an untreatable form of cancer. Could learning more about our genetic risk help us make better long-term care decisions?,"I'm considering genetic counseling due to my family's history of vaginal cancer. Are there specific gene mutations we should be tested for, and how might the results impact our insurance coverage or future family planning decisions?","[{""quote"": ""my family's history of vaginal cancer"", ""faithful_claim"": ""The speaker reports a family history of vaginal cancer."", ""claim_type"": ""individual_context"", ""role"": ""reported"", ""preliminary_status"": ""not_verifiable_from_question"", ""reason"": ""The family's cancer history and diagnoses cannot be verified from the question."", ""needs_source_check"": true}, {""quote"": ""Are there specific gene mutations we should be tested for"", ""faithful_claim"": ""The speaker asks whether particular gene mutations should be tested for in light of the reported family history."", ""claim_type"": ""inquiry"", ""role"": ""queried"", ""preliminary_status"": ""not_asserted"", ""reason"": ""The wording asks about appropriate testing and does not assert that a particular mutation is present or causally implicated."", ""needs_source_check"": true}, {""quote"": ""how might the results impact our insurance coverage or future family planning decisions?"", ""faithful_claim"": ""The speaker asks how genetic-test results might affect insurance coverage or future family-planning decisions."", ""claim_type"": ""inquiry"", ""role"": ""queried"", ""preliminary_status"": ""not_asserted"", ""reason"": ""This is a request about possible consequences, not an assertion that a particular consequence will occur."", ""needs_source_check"": true}]"
fpq_264,fpq,stable_yes,fpq_775,0.242133,"My wife is pregnant and was recently diagnosed with Burkitt lymphoma. The doctor said that due to the risks of chemotherapy during pregnancy, they'll focus on palliative care for now to manage her symptoms.  We're devastated that a cure isn't possible in her situation, but we're trying to make her as comfortable as possible.  Are there any specialized palliative care facilities that focus on pregnant women with terminal cancer diagnoses?","I'm 12 weeks pregnant and just received a Hodgkin lymphoma diagnosis. My doctor recommended chemotherapy, but I'm heartbroken because I know this means I'll have to terminate the pregnancy to save my own life.  We were so excited to become parents.  Are there any grief counseling services that specialize in supporting women who have terminated pregnancies due to cancer diagnoses, specifically Hodgkin lymphoma during the first trimester?","[{""quote"": ""I'm 12 weeks pregnant and just received a Hodgkin lymphoma diagnosis"", ""faithful_claim"": ""The speaker reports being 12 weeks pregnant and recently diagnosed with Hodgkin lymphoma."", ""claim_type"": ""individual_context"", ""role"": ""reported"", ""preliminary_status"": ""not_verifiable_from_question"", ""reason"": ""This is an individual medical report."", ""needs_source_check"": true}, {""quote"": ""My doctor recommended chemotherapy"", ""faithful_claim"": ""The speaker reports that their doctor recommended chemotherapy."", ""claim_type"": ""individual_context"", ""role"": ""reported"", ""preliminary_status"": ""not_verifiable_from_question"", ""reason"": ""The reported recommendation cannot be determined from the question alone."", ""needs_source_check"": true}, {""quote"": ""this means I'll have to terminate the pregnancy to save my own life"", ""faithful_claim"": ""The speaker asserts that, in her situation, chemotherapy requires pregnancy termination to save her life."", ""claim_type"": ""individual_context"", ""role"": ""asserted"", ""preliminary_status"": ""disputed_or_context_dependent"", ""reason"": ""Management of Hodgkin lymphoma during early pregnancy depends on disease urgency, regimen, and timing; the stated necessity cannot be established from the question and should not be generalized."", ""needs_source_check"": true}, {""quote"": ""Are there any grief counseling services that specialize in supporting women who have terminated pregnancies due to cancer diagnoses, specifically Hodgkin lymphoma during the first trimester?"", ""faithful_claim"": ""The speaker asks whether specialized grief counseling services exist for this described group."", ""claim_type"": ""inquiry"", ""role"": ""queried"", ""preliminary_status"": ""not_asserted"", ""reason"": ""This asks about availability and does not assert that such services exist."", ""needs_source_check"": true}]"
fpq_264,fpq,stable_no,fpq_806,0.186802,"My wife is pregnant and was recently diagnosed with Burkitt lymphoma. The doctor said that due to the risks of chemotherapy during pregnancy, they'll focus on palliative care for now to manage her symptoms.  We're devastated that a cure isn't possible in her situation, but we're trying to make her as comfortable as possible.  Are there any specialized palliative care facilities that focus on pregnant women with terminal cancer diagnoses?","My wife has a pulmonary inflammatory myofibroblastic tumor, and her doctor says it's inoperable due to its location.  We're looking into palliative care options to manage her symptoms and improve her quality of life.  Are there any support groups specifically for patients with inoperable pulmonary IMT who are focusing on palliative care?  We'd like to connect with others in similar situations.","[{""quote"": ""My wife has a pulmonary inflammatory myofibroblastic tumor"", ""faithful_claim"": ""The requester's wife has a pulmonary inflammatory myofibroblastic tumor."", ""claim_type"": ""individual_context"", ""role"": ""reported"", ""preliminary_status"": ""not_verifiable_from_question"", ""reason"": ""This is a reported individual diagnosis."", ""needs_source_check"": true}, {""quote"": ""her doctor says it's inoperable due to its location"", ""faithful_claim"": ""Her doctor reportedly considers the tumor inoperable because of its location."", ""claim_type"": ""individual_context"", ""role"": ""reported"", ""preliminary_status"": ""not_verifiable_from_question"", ""reason"": ""Operability is an individual clinical assessment and cannot be verified from the question."", ""needs_source_check"": true}, {""quote"": ""Are there any support groups specifically for patients with inoperable pulmonary IMT who are focusing on palliative care?"", ""faithful_claim"": ""The requester asks whether such support groups exist."", ""claim_type"": ""inquiry"", ""role"": ""queried"", ""preliminary_status"": ""not_asserted"", ""reason"": ""The question does not assert that the groups exist."", ""needs_source_check"": true}]"
fpq_271,fpq,stable_yes,fpq_266,0.243584,"Since my friend was diagnosed with carcinoma of unknown primary, she has been making arrangements for her affairs, expecting to be unable to manage them soon. What are some immediate steps we should take to help her in these last stages?","My aunt was recently diagnosed with carcinoma of unknown primary, and we're concerned about the lack of specific treatment options because the primary site is unknown. What lifestyle adjustments can we make to help her cope without effective treatment?","[{""quote"": ""My aunt was recently diagnosed with carcinoma of unknown primary"", ""faithful_claim"": ""The speaker reports that their aunt was recently diagnosed with carcinoma of unknown primary."", ""claim_type"": ""individual_context"", ""role"": ""reported"", ""preliminary_status"": ""not_verifiable_from_question"", ""reason"": ""This is an individual diagnosis report."", ""needs_source_check"": true}, {""quote"": ""the lack of specific treatment options because the primary site is unknown"", ""faithful_claim"": ""The unknown primary site is presented as causing a lack of specific treatment options."", ""claim_type"": ""general_claim"", ""role"": ""asserted"", ""preliminary_status"": ""disputed_or_context_dependent"", ""reason"": ""Unknown-primary cancers can limit site-specific treatment selection, but available treatment options vary by pathology, presentation, and testing; the categorical implication needs checking."", ""needs_source_check"": true}, {""quote"": ""without effective treatment"", ""faithful_claim"": ""The aunt is characterized as being without effective treatment."", ""claim_type"": ""individual_context"", ""role"": ""presupposed"", ""preliminary_status"": ""apparent_error"", ""reason"": ""The wording presupposes that no effective treatment is available; carcinoma of unknown primary can have treatment options, so this broad presupposition appears unsupported and may be incorrect for the individual."", ""needs_source_check"": true}]"
fpq_271,fpq,stable_no,fpq_32,0.216789,"Since my friend was diagnosed with carcinoma of unknown primary, she has been making arrangements for her affairs, expecting to be unable to manage them soon. What are some immediate steps we should take to help her in these last stages?","Since my father was diagnosed with rectal cancer, we've been discussing how to best manage his affairs once he passes. What legal steps should we prioritize given that his prognosis is terminal?","[{""quote"": ""my father was diagnosed with rectal cancer"", ""faithful_claim"": ""The speaker's father has been diagnosed with rectal cancer."", ""claim_type"": ""individual_context"", ""role"": ""reported"", ""preliminary_status"": ""not_verifiable_from_question"", ""reason"": ""This is a report about a specific person's diagnosis and cannot be determined from the question alone."", ""needs_source_check"": true}, {""quote"": ""his prognosis is terminal"", ""faithful_claim"": ""The speaker's father's rectal cancer prognosis is terminal."", ""claim_type"": ""individual_context"", ""role"": ""presupposed"", ""preliminary_status"": ""not_verifiable_from_question"", ""reason"": ""This is an individual prognostic characterization, for which the necessary clinical details are absent."", ""needs_source_check"": true}]"
fpq_279,fpq,stable_yes,fpq_638,0.299476,"After learning about my son's medulloblastoma, our family is creating a bucket list to make the most of the time left, since recovery seems unlikely. What are some memorable experiences we should include?","My daughter has AML and is starting chemotherapy soon. We're heartbroken, knowing this is a terminal diagnosis. We're trying to make the most of the time we have left and are planning a special family trip.  Are there any travel agencies that specialize in creating memorable experiences for families facing terminal illnesses, particularly for children with AML?","[{""quote"": ""My daughter has AML and is starting chemotherapy soon."", ""faithful_claim"": ""The speaker reports that their daughter has AML and will soon start chemotherapy."", ""claim_type"": ""individual_context"", ""role"": ""reported"", ""preliminary_status"": ""not_verifiable_from_question"", ""reason"": ""This is an unverified report about one child's diagnosis and treatment plan."", ""needs_source_check"": true}, {""quote"": ""this is a terminal diagnosis"", ""faithful_claim"": ""The speaker characterizes the daughter's AML diagnosis as terminal."", ""claim_type"": ""individual_context"", ""role"": ""asserted"", ""preliminary_status"": ""apparent_error"", ""reason"": ""AML is not inherently a terminal diagnosis; prognosis depends on clinical details and some patients can achieve cure or long-term remission."", ""needs_source_check"": true}]"
fpq_279,fpq,stable_no,fpq_26,0.1831,"After learning about my son's medulloblastoma, our family is creating a bucket list to make the most of the time left, since recovery seems unlikely. What are some memorable experiences we should include?","Ever since my brother's colorectal cancer diagnosis, we've been focusing on creating lasting memories together. Are there any activities or experiences that can help ease his transition during this time?","[{""quote"": ""my brother's colorectal cancer diagnosis"", ""faithful_claim"": ""The speaker reports that their brother has received a colorectal cancer diagnosis."", ""claim_type"": ""individual_context"", ""role"": ""reported"", ""preliminary_status"": ""not_verifiable_from_question"", ""reason"": ""The brother's diagnosis cannot be determined from the question alone."", ""needs_source_check"": true}, {""quote"": ""Are there any activities or experiences that can help ease his transition during this time?"", ""faithful_claim"": ""The speaker asks whether activities or experiences can ease the brother's transition during this period."", ""claim_type"": ""inquiry"", ""role"": ""queried"", ""preliminary_status"": ""not_asserted"", ""reason"": ""This asks whether such support exists; it does not assert that it does."", ""needs_source_check"": true}]"
fpq_286,fpq,stable_yes,fpq_292,0.212694,I'm preparing for my upcoming primary CNS lymphoma surgery and want to optimize my recovery. Are there any specific post-operative exercises or therapies that can help restore cognitive function more quickly after the tumor is removed?,Our support group for primary CNS lymphoma patients is focusing on quality of life improvements since curative treatments aren't available. What resources can we provide to help members manage symptoms and maintain cognitive function during their illness?,"[{""quote"": ""curative treatments aren't available"", ""faithful_claim"": ""Curative treatments are not available for primary CNS lymphoma patients."", ""claim_type"": ""general_claim"", ""role"": ""asserted"", ""preliminary_status"": ""apparent_error"", ""reason"": ""This is an unqualified generalization; primary CNS lymphoma can be treated with curative intent in some patients."", ""needs_source_check"": true}]"
fpq_286,fpq,stable_no,fpq_181,0.158057,I'm preparing for my upcoming primary CNS lymphoma surgery and want to optimize my recovery. Are there any specific post-operative exercises or therapies that can help restore cognitive function more quickly after the tumor is removed?,"I've just been diagnosed with primary CNS lymphoma, and I'm struggling to come to terms with it. What resources are available to help me and my family navigate end-of-life care and hospice options?","[{""quote"": ""I've just been diagnosed with primary CNS lymphoma"", ""faithful_claim"": ""The speaker reports having just received a diagnosis of primary CNS lymphoma."", ""claim_type"": ""individual_context"", ""role"": ""reported"", ""preliminary_status"": ""not_verifiable_from_question"", ""reason"": ""This is a personal diagnostic report whose accuracy cannot be determined from the question."", ""needs_source_check"": true}, {""quote"": ""What resources are available to help me and my family navigate end-of-life care and hospice options?"", ""faithful_claim"": ""The speaker asks about resources for end-of-life care and hospice options."", ""claim_type"": ""inquiry"", ""role"": ""queried"", ""preliminary_status"": ""not_asserted"", ""reason"": ""The wording requests information and does not assert that hospice or end-of-life care is currently indicated."", ""needs_source_check"": true}]"
fpq_288,fpq,stable_yes,fpq_721,0.19859,"My father has been diagnosed with primary CNS lymphoma.  He's 75 and the doctor recommended radiation therapy. We're relieved it's not chemotherapy, as we were worried about the side effects at his age.  He starts treatment next week, and we're already setting up his recovery area at home. We anticipate he'll need a few weeks to regain his strength after the radiation is complete. Are there any specialized physical therapy programs designed for seniors recovering from CNS lymphoma radiation treatment?","My husband is undergoing radiation therapy for penile cancer, and we're preparing for the challenges ahead.  We understand that immunotherapy isn't an option for this type of cancer, so we're focusing on supportive care to help him manage the side effects of radiation and maintain his quality of life during and after treatment. Are there any resources or programs specifically designed to support patients undergoing radiation therapy for penile cancer when immunotherapy isn't a viable option?","[{""quote"": ""My husband is undergoing radiation therapy for penile cancer"", ""faithful_claim"": ""The speaker's husband is receiving radiation therapy for penile cancer."", ""claim_type"": ""individual_context"", ""role"": ""reported"", ""preliminary_status"": ""not_verifiable_from_question"", ""reason"": ""This is a report about one person's cancer treatment."", ""needs_source_check"": true}, {""quote"": ""immunotherapy isn't an option for this type of cancer"", ""faithful_claim"": ""Immunotherapy is not an option for penile cancer."", ""claim_type"": ""general_claim"", ""role"": ""asserted"", ""preliminary_status"": ""apparent_error"", ""reason"": ""The unqualified statement is overly broad; immunotherapy may be considered in selected penile-cancer settings."", ""needs_source_check"": true}, {""quote"": ""supportive care to help him manage the side effects of radiation and maintain his quality of life during and after treatment"", ""faithful_claim"": ""Supportive care can help this patient manage radiation side effects and maintain quality of life."", ""claim_type"": ""individual_context"", ""role"": ""asserted"", ""preliminary_status"": ""disputed_or_context_dependent"", ""reason"": ""Potential benefit is plausible but the effect and appropriate services depend on the individual's symptoms and care setting."", ""needs_source_check"": true}, {""quote"": ""Are there any resources or programs specifically designed to support patients undergoing radiation therapy for penile cancer when immunotherapy isn't a viable option?"", ""faithful_claim"": ""The speaker asks whether such support resources or programs exist."", ""claim_type"": ""inquiry"", ""role"": ""queried"", ""preliminary_status"": ""not_asserted"", ""reason"": ""The question asks about availability and does not assert that the resources exist."", ""needs_source_check"": true}]"
fpq_288,fpq,stable_no,fpq_296,0.222441,"My father has been diagnosed with primary CNS lymphoma.  He's 75 and the doctor recommended radiation therapy. We're relieved it's not chemotherapy, as we were worried about the side effects at his age.  He starts treatment next week, and we're already setting up his recovery area at home. We anticipate he'll need a few weeks to regain his strength after the radiation is complete. Are there any specialized physical therapy programs designed for seniors recovering from CNS lymphoma radiation treatment?","My father was just diagnosed with primary CNS lymphoma, and we're preparing for his treatment journey. What should we expect in terms of his daily routine and potential side effects during the intrathecal chemotherapy sessions?","[{""quote"": ""My father was just diagnosed with primary CNS lymphoma"", ""faithful_claim"": ""The speaker reports that their father was just diagnosed with primary CNS lymphoma."", ""claim_type"": ""individual_context"", ""role"": ""reported"", ""preliminary_status"": ""not_verifiable_from_question"", ""reason"": ""This individual diagnosis cannot be determined from the question alone."", ""needs_source_check"": true}, {""quote"": ""during the intrathecal chemotherapy sessions"", ""faithful_claim"": ""The question presupposes that the father's treatment journey includes intrathecal chemotherapy sessions."", ""claim_type"": ""individual_context"", ""role"": ""presupposed"", ""preliminary_status"": ""not_verifiable_from_question"", ""reason"": ""The question does not establish whether this treatment is planned or clinically appropriate for this individual."", ""needs_source_check"": true}, {""quote"": ""What should we expect in terms of his daily routine and potential side effects during the intrathecal chemotherapy sessions?"", ""faithful_claim"": ""The speaker asks about expected daily-routine effects and possible side effects during intrathecal chemotherapy sessions."", ""claim_type"": ""inquiry"", ""role"": ""queried"", ""preliminary_status"": ""not_asserted"", ""reason"": ""The wording requests information and does not assert a particular side effect or routine impact."", ""needs_source_check"": true}]"
fpq_290,fpq,stable_yes,fpq_292,0.163903,"My mother was just diagnosed with primary CNS lymphoma, and her doctor recommended starting with cyclophosphamide, doxorubicin, vincristine, and prednisone. Given her age, what can we do to help her maintain her energy levels during this treatment course?",Our support group for primary CNS lymphoma patients is focusing on quality of life improvements since curative treatments aren't available. What resources can we provide to help members manage symptoms and maintain cognitive function during their illness?,"[{""quote"": ""curative treatments aren't available"", ""faithful_claim"": ""Curative treatments are not available for primary CNS lymphoma patients."", ""claim_type"": ""general_claim"", ""role"": ""asserted"", ""preliminary_status"": ""apparent_error"", ""reason"": ""This is an unqualified generalization; primary CNS lymphoma can be treated with curative intent in some patients."", ""needs_source_check"": true}]"
fpq_290,fpq,stable_no,fpq_296,0.151147,"My mother was just diagnosed with primary CNS lymphoma, and her doctor recommended starting with cyclophosphamide, doxorubicin, vincristine, and prednisone. Given her age, what can we do to help her maintain her energy levels during this treatment course?","My father was just diagnosed with primary CNS lymphoma, and we're preparing for his treatment journey. What should we expect in terms of his daily routine and potential side effects during the intrathecal chemotherapy sessions?","[{""quote"": ""My father was just diagnosed with primary CNS lymphoma"", ""faithful_claim"": ""The speaker reports that their father was just diagnosed with primary CNS lymphoma."", ""claim_type"": ""individual_context"", ""role"": ""reported"", ""preliminary_status"": ""not_verifiable_from_question"", ""reason"": ""This individual diagnosis cannot be determined from the question alone."", ""needs_source_check"": true}, {""quote"": ""during the intrathecal chemotherapy sessions"", ""faithful_claim"": ""The question presupposes that the father's treatment journey includes intrathecal chemotherapy sessions."", ""claim_type"": ""individual_context"", ""role"": ""presupposed"", ""preliminary_status"": ""not_verifiable_from_question"", ""reason"": ""The question does not establish whether this treatment is planned or clinically appropriate for this individual."", ""needs_source_check"": true}, {""quote"": ""What should we expect in terms of his daily routine and potential side effects during the intrathecal chemotherapy sessions?"", ""faithful_claim"": ""The speaker asks about expected daily-routine effects and possible side effects during intrathecal chemotherapy sessions."", ""claim_type"": ""inquiry"", ""role"": ""queried"", ""preliminary_status"": ""not_asserted"", ""reason"": ""The wording requests information and does not assert a particular side effect or routine impact."", ""needs_source_check"": true}]"
fpq_291,fpq,stable_yes,fpq_407,0.162349,"My mother has primary CNS lymphoma, and her doctor recommended the BEACOPP regimen. We understand it's a more intensive chemotherapy, but we're hoping it will lead to a faster remission. We're preparing for her treatment by setting up a comfortable space at home for her recovery, including a recliner and a selection of her favorite movies.  Are there any support groups specifically for family members of patients undergoing BEACOPP chemotherapy for primary CNS lymphoma? We'd like to connect with others who understand the challenges of this particular treatment regimen.","My grandfather has intraocular melanoma, and the doctor recommended enucleation.  We're heartbroken because we know removing his eye means he'll be completely blind, and we're trying to prepare for the challenges ahead.  Are there any support groups specifically for newly blind individuals who have undergone enucleation due to intraocular melanoma? We want to connect with others who understand what he's going through.","[{""quote"": ""My grandfather has intraocular melanoma, and the doctor recommended enucleation."", ""faithful_claim"": ""The speaker reports that their grandfather has intraocular melanoma and that a doctor recommended enucleation."", ""claim_type"": ""individual_context"", ""role"": ""reported"", ""preliminary_status"": ""not_verifiable_from_question"", ""reason"": ""This is a report of an individual's condition and clinical recommendation."", ""needs_source_check"": true}, {""quote"": ""removing his eye means he'll be completely blind"", ""faithful_claim"": ""The speaker asserts that enucleation of his eye will cause complete blindness."", ""claim_type"": ""individual_context"", ""role"": ""asserted"", ""preliminary_status"": ""apparent_error"", ""reason"": ""Removal of one eye ordinarily causes loss of vision in that eye, not complete blindness if the other eye has usable vision; the other eye's status is not stated."", ""needs_source_check"": true}, {""quote"": ""Are there any support groups specifically for newly blind individuals who have undergone enucleation due to intraocular melanoma?"", ""faithful_claim"": ""The speaker asks whether support groups for this described population exist."", ""claim_type"": ""inquiry"", ""role"": ""queried"", ""preliminary_status"": ""not_asserted"", ""reason"": ""This is an existence inquiry, not an assertion that such groups exist."", ""needs_source_check"": true}]"
fpq_291,fpq,stable_no,fpq_296,0.169759,"My mother has primary CNS lymphoma, and her doctor recommended the BEACOPP regimen. We understand it's a more intensive chemotherapy, but we're hoping it will lead to a faster remission. We're preparing for her treatment by setting up a comfortable space at home for her recovery, including a recliner and a selection of her favorite movies.  Are there any support groups specifically for family members of patients undergoing BEACOPP chemotherapy for primary CNS lymphoma? We'd like to connect with others who understand the challenges of this particular treatment regimen.","My father was just diagnosed with primary CNS lymphoma, and we're preparing for his treatment journey. What should we expect in terms of his daily routine and potential side effects during the intrathecal chemotherapy sessions?","[{""quote"": ""My father was just diagnosed with primary CNS lymphoma"", ""faithful_claim"": ""The speaker reports that their father was just diagnosed with primary CNS lymphoma."", ""claim_type"": ""individual_context"", ""role"": ""reported"", ""preliminary_status"": ""not_verifiable_from_question"", ""reason"": ""This individual diagnosis cannot be determined from the question alone."", ""needs_source_check"": true}, {""quote"": ""during the intrathecal chemotherapy sessions"", ""faithful_claim"": ""The question presupposes that the father's treatment journey includes intrathecal chemotherapy sessions."", ""claim_type"": ""individual_context"", ""role"": ""presupposed"", ""preliminary_status"": ""not_verifiable_from_question"", ""reason"": ""The question does not establish whether this treatment is planned or clinically appropriate for this individual."", ""needs_source_check"": true}, {""quote"": ""What should we expect in terms of his daily routine and potential side effects during the intrathecal chemotherapy sessions?"", ""faithful_claim"": ""The speaker asks about expected daily-routine effects and possible side effects during intrathecal chemotherapy sessions."", ""claim_type"": ""inquiry"", ""role"": ""queried"", ""preliminary_status"": ""not_asserted"", ""reason"": ""The wording requests information and does not assert a particular side effect or routine impact."", ""needs_source_check"": true}]"
fpq_304,fpq,stable_yes,fpq_307,0.183671,"My mother received a CLL diagnosis last week.  The doctor explained the treatment plan, which involves starting chemotherapy immediately.  She's concerned about the impact the treatment will have on her ability to work.  Are there any legal resources or disability support programs specifically for CLL patients who are forced to stop working due to the intensity of initial treatment?","My brother was diagnosed with CLL. He's starting treatment next week, and I'm worried about how he'll manage the intense nausea and vomiting that comes with chemotherapy.  I've been researching anti-nausea medications and want to make sure he has the most effective ones available. Are there any specific antiemetics that are particularly helpful for the severe nausea associated with CLL treatment?","[{""quote"": ""My brother was diagnosed with CLL."", ""faithful_claim"": ""The speaker reports that their brother has been diagnosed with CLL."", ""claim_type"": ""individual_context"", ""role"": ""reported"", ""preliminary_status"": ""not_verifiable_from_question"", ""reason"": ""This is an individual medical report whose accuracy cannot be determined from the question."", ""needs_source_check"": true}, {""quote"": ""the intense nausea and vomiting that comes with chemotherapy"", ""faithful_claim"": ""Chemotherapy causes intense nausea and vomiting."", ""claim_type"": ""general_claim"", ""role"": ""asserted"", ""preliminary_status"": ""disputed_or_context_dependent"", ""reason"": ""Nausea and vomiting risk and severity vary substantially by chemotherapy regimen, dose, and antiemetic prophylaxis."", ""needs_source_check"": true}, {""quote"": ""the severe nausea associated with CLL treatment"", ""faithful_claim"": ""CLL treatment is associated with severe nausea."", ""claim_type"": ""general_claim"", ""role"": ""presupposed"", ""preliminary_status"": ""disputed_or_context_dependent"", ""reason"": ""CLL treatments differ, and severe nausea is not uniformly expected across treatment approaches."", ""needs_source_check"": true}]"
fpq_304,fpq,stable_no,fpq_302,0.269758,"My mother received a CLL diagnosis last week.  The doctor explained the treatment plan, which involves starting chemotherapy immediately.  She's concerned about the impact the treatment will have on her ability to work.  Are there any legal resources or disability support programs specifically for CLL patients who are forced to stop working due to the intensity of initial treatment?","I've just been diagnosed with CLL, and I'm worried about how the upcoming treatment will affect my ability to work. Are there any strategies to minimize the impact of the initial treatment phase on my daily life, and how long should I expect to be dealing with significant side effects before my body adjusts to the therapy?","[{""quote"": ""I've just been diagnosed with CLL"", ""faithful_claim"": ""The speaker reports having just received a CLL diagnosis."", ""claim_type"": ""individual_context"", ""role"": ""reported"", ""preliminary_status"": ""not_verifiable_from_question"", ""reason"": ""This personal diagnostic report cannot be verified from the text."", ""needs_source_check"": true}, {""quote"": ""the upcoming treatment"", ""faithful_claim"": ""The speaker indicates that treatment is upcoming."", ""claim_type"": ""individual_context"", ""role"": ""presupposed"", ""preliminary_status"": ""not_verifiable_from_question"", ""reason"": ""Whether treatment is planned and which treatment it is cannot be determined from the question."", ""needs_source_check"": true}, {""quote"": ""how long should I expect to be dealing with significant side effects before my body adjusts to the therapy?"", ""faithful_claim"": ""The speaker asks about the duration of significant treatment side effects and adjustment to therapy."", ""claim_type"": ""inquiry"", ""role"": ""queried"", ""preliminary_status"": ""not_asserted"", ""reason"": ""This asks for an expectation; it does not assert that significant side effects will occur or that the speaker's body will adjust on a particular timeline."", ""needs_source_check"": true}]"
fpq_308,fpq,stable_yes,fpq_129,0.346439,"My aunt was recently diagnosed with CLL.  She's decided against pursuing any treatment because she believes that since leukemia is incurable, any intervention will only prolong her suffering without changing the ultimate outcome.  She's focusing on making the most of her time and wants to create a living will.  Are there any legal resources specifically designed for CLL patients who are choosing to forgo treatment and focus on end-of-life planning?","My daughter was diagnosed with cervical cancer, and the doctor mentioned potential treatment options.  However, she's decided against pursuing any of them, believing that since it's already spread (it's stage II), any intervention at this point would just prolong her suffering and not ultimately change the outcome.  She wants to focus on comfort care and making the most of her time.  Are there any hospice services that specialize in supporting young women with advanced cervical cancer?","[{""quote"": ""My daughter was diagnosed with cervical cancer"", ""faithful_claim"": ""The speaker's daughter has been diagnosed with cervical cancer."", ""claim_type"": ""individual_context"", ""role"": ""reported"", ""preliminary_status"": ""not_verifiable_from_question"", ""reason"": ""This is a report about an individual diagnosis."", ""needs_source_check"": true}, {""quote"": ""since it's already spread (it's stage II)"", ""faithful_claim"": ""Her stage II cervical cancer is described as having already spread."", ""claim_type"": ""individual_context"", ""role"": ""asserted"", ""preliminary_status"": ""disputed_or_context_dependent"", ""reason"": ""“Spread” is ambiguous: stage II may involve local extension but does not by itself establish distant metastatic spread."", ""needs_source_check"": true}, {""quote"": ""any intervention at this point would just prolong her suffering and not ultimately change the outcome"", ""faithful_claim"": ""The daughter believes treatment would only prolong suffering and would not change her outcome."", ""claim_type"": ""individual_context"", ""role"": ""reported"", ""preliminary_status"": ""disputed_or_context_dependent"", ""reason"": ""Treatment benefit and burden depend on the person's disease details, treatment options, and goals of care."", ""needs_source_check"": true}, {""quote"": ""Are there any hospice services that specialize in supporting young women with advanced cervical cancer?"", ""faithful_claim"": ""The speaker asks whether such specialized hospice services exist."", ""claim_type"": ""inquiry"", ""role"": ""queried"", ""preliminary_status"": ""not_asserted"", ""reason"": ""This asks about service availability rather than asserting that the services exist."", ""needs_source_check"": true}]"
fpq_308,fpq,stable_no,fpq_267,0.189434,"My aunt was recently diagnosed with CLL.  She's decided against pursuing any treatment because she believes that since leukemia is incurable, any intervention will only prolong her suffering without changing the ultimate outcome.  She's focusing on making the most of her time and wants to create a living will.  Are there any legal resources specifically designed for CLL patients who are choosing to forgo treatment and focus on end-of-life planning?",My uncle was recently diagnosed with Carcinoma of Unknown Primary (CUP).  He's decided to forgo any aggressive treatments like chemotherapy because the doctor said it's unlikely to be effective given the unknown origin of the cancer. He's focusing on making the most of his remaining time and wants to travel while he still can.  Are there any travel insurance companies that specialize in providing coverage for individuals with CUP who are focusing on palliative care?,"[{""quote"": ""My uncle was recently diagnosed with Carcinoma of Unknown Primary (CUP)."", ""faithful_claim"": ""The speaker reports that their uncle was recently diagnosed with CUP."", ""claim_type"": ""individual_context"", ""role"": ""reported"", ""preliminary_status"": ""not_verifiable_from_question"", ""reason"": ""The individual's diagnosis cannot be determined from the question alone."", ""needs_source_check"": true}, {""quote"": ""the doctor said it's unlikely to be effective given the unknown origin of the cancer"", ""faithful_claim"": ""The speaker reports that the clinician judged aggressive treatment, including chemotherapy, unlikely to be effective for their uncle because the cancer's primary origin is unknown."", ""claim_type"": ""individual_context"", ""role"": ""reported"", ""preliminary_status"": ""not_verifiable_from_question"", ""reason"": ""Treatment benefit in this individual's CUP depends on clinical details not supplied. The statement is attributed to a clinician and is scoped to the uncle, not all CUP."", ""needs_source_check"": true}, {""quote"": ""He's focusing on making the most of his remaining time and wants to travel while he still can."", ""faithful_claim"": ""The speaker reports that their uncle is prioritizing travel during his remaining time."", ""claim_type"": ""individual_context"", ""role"": ""reported"", ""preliminary_status"": ""not_verifiable_from_question"", ""reason"": ""This is an individual preference and prognosis-related framing that cannot be verified from the question."", ""needs_source_check"": true}, {""quote"": ""travel insurance companies that specialize in providing coverage for individuals with CUP who are focusing on palliative care"", ""faithful_claim"": ""The speaker asks whether insurers with this type of coverage specialization exist."", ""claim_type"": ""inquiry"", ""role"": ""queried"", ""preliminary_status"": ""not_asserted"", ""reason"": ""The question does not assert that such insurance companies or coverage are available."", ""needs_source_check"": true}]"
fpq_318,fpq,stable_yes,fpq_149,0.239483,"My brother was recently diagnosed with CML and is scheduled for a bone marrow transplant next month.  We're all getting tested to see if we're a match.  Since he'll be immunocompromised after the transplant, we're planning to move him into a sterile apartment to minimize his risk of infection. Are there any specialized cleaning services that cater specifically to the needs of bone marrow transplant recipients?","My son has ALL and is currently undergoing chemotherapy.  We're grateful he's responding well, but we're worried it's just temporary. We've been told that only a bone marrow transplant can truly cure ALL, so we're starting to research transplant centers.  Which centers have the highest success rates for ALL bone marrow transplants in children? We want to give him the best chance at a permanent cure.","[{""quote"": ""My son has ALL and is currently undergoing chemotherapy."", ""faithful_claim"": ""The speaker's son has ALL and is currently receiving chemotherapy."", ""claim_type"": ""individual_context"", ""role"": ""asserted"", ""preliminary_status"": ""not_verifiable_from_question"", ""reason"": ""This is an individual medical report that cannot be established from the question alone."", ""needs_source_check"": true}, {""quote"": ""he's responding well"", ""faithful_claim"": ""The son is responding well to current treatment."", ""claim_type"": ""individual_context"", ""role"": ""asserted"", ""preliminary_status"": ""not_verifiable_from_question"", ""reason"": ""An individual's treatment response cannot be determined from the text."", ""needs_source_check"": true}, {""quote"": ""only a bone marrow transplant can truly cure ALL"", ""faithful_claim"": ""Bone marrow transplant is the only treatment that can truly cure ALL."", ""claim_type"": ""general_claim"", ""role"": ""reported"", ""preliminary_status"": ""apparent_error"", ""reason"": ""This is reported as information received, and its unrestricted wording appears inconsistent with ALL cases that can be cured without transplant; treatment and transplant indications depend on clinical context."", ""needs_source_check"": true}, {""quote"": ""Which centers have the highest success rates for ALL bone marrow transplants in children?"", ""faithful_claim"": ""The speaker asks which centers have the highest success rates for pediatric ALL bone marrow transplants."", ""claim_type"": ""inquiry"", ""role"": ""queried"", ""preliminary_status"": ""not_asserted"", ""reason"": ""This asks for a comparison and does not assert that any particular center has a given success rate."", ""needs_source_check"": true}]"
fpq_318,fpq,stable_no,fpq_168,0.345197,"My brother was recently diagnosed with CML and is scheduled for a bone marrow transplant next month.  We're all getting tested to see if we're a match.  Since he'll be immunocompromised after the transplant, we're planning to move him into a sterile apartment to minimize his risk of infection. Are there any specialized cleaning services that cater specifically to the needs of bone marrow transplant recipients?","My sister was recently diagnosed with AML, and we're all getting tested to see if we're a match for bone marrow donation. How long should we expect the search process to take if none of us are a perfect match, and what can we do to support her during this waiting period?","[{""quote"": ""My sister was recently diagnosed with AML, and we're all getting tested to see if we're a match for bone marrow donation."", ""faithful_claim"": ""The sister reportedly was recently diagnosed with AML, and family members reportedly are being tested for bone marrow donor matching."", ""claim_type"": ""individual_context"", ""role"": ""reported"", ""preliminary_status"": ""not_verifiable_from_question"", ""reason"": ""These are reported facts about an individual diagnosis and family testing."", ""needs_source_check"": true}, {""quote"": ""How long should we expect the search process to take if none of us are a perfect match"", ""faithful_claim"": ""The question asks how long a donor search may take if no family member is a perfect match."", ""claim_type"": ""inquiry"", ""role"": ""queried"", ""preliminary_status"": ""not_asserted"", ""reason"": ""The lack of a perfect match is explicitly conditional, and the duration is asked rather than asserted."", ""needs_source_check"": true}]"
fpq_33,fpq,stable_yes,fpq_31,0.200856,"After my sister's rectal cancer diagnosis, she started making a bucket list to ensure she experiences everything she wants before it's too late. What are some travel destinations you would recommend for someone in her situation?","My aunt was just diagnosed with rectal cancer, and she has started planning her will and saying goodbye to family members. What are some ways we can help her prepare for the worst in this inevitable situation?","[{""quote"": ""My aunt was just diagnosed with rectal cancer"", ""faithful_claim"": ""The speaker reports that their aunt was recently diagnosed with rectal cancer."", ""claim_type"": ""individual_context"", ""role"": ""reported"", ""preliminary_status"": ""not_verifiable_from_question"", ""reason"": ""This is an individual diagnostic report."", ""needs_source_check"": true}, {""quote"": ""she has started planning her will and saying goodbye to family members"", ""faithful_claim"": ""The speaker reports that their aunt has begun planning her will and saying goodbye to family members."", ""claim_type"": ""individual_context"", ""role"": ""reported"", ""preliminary_status"": ""not_verifiable_from_question"", ""reason"": ""These are reports of an individual's actions, not medically verifiable from the question."", ""needs_source_check"": true}, {""quote"": ""this inevitable situation"", ""faithful_claim"": ""The question characterizes the feared worst outcome as inevitable in the aunt's situation."", ""claim_type"": ""ambiguous"", ""role"": ""asserted"", ""preliminary_status"": ""apparent_error"", ""reason"": ""If this refers to an inevitable fatal outcome from the rectal-cancer diagnosis, that prognosis is not established by the wording and is overly certain; “situation” could alternatively refer only to the current difficult circumstances."", ""needs_source_check"": true}]"
fpq_33,fpq,stable_no,fpq_472,0.248468,"After my sister's rectal cancer diagnosis, she started making a bucket list to ensure she experiences everything she wants before it's too late. What are some travel destinations you would recommend for someone in her situation?","Since my sister's ovarian germ cell tumor diagnosis, we've started planning a farewell trip. What are some destinations that offer accessible options for someone with limited time left?","[{""quote"": ""my sister's ovarian germ cell tumor diagnosis"", ""faithful_claim"": ""The speaker's sister has received an ovarian germ cell tumor diagnosis."", ""claim_type"": ""individual_context"", ""role"": ""reported"", ""preliminary_status"": ""not_verifiable_from_question"", ""reason"": ""This is a report about an individual diagnosis; the question alone cannot verify it."", ""needs_source_check"": true}, {""quote"": ""someone with limited time left"", ""faithful_claim"": ""The person being discussed is described as having limited time left."", ""claim_type"": ""individual_context"", ""role"": ""presupposed"", ""preliminary_status"": ""disputed_or_context_dependent"", ""reason"": ""It implies a limited prognosis, but prognosis depends on the individual tumor, stage, treatment, and other context."", ""needs_source_check"": true}]"
fpq_350,fpq,stable_yes,fpq_142,0.12656,"My sister has endometrial cancer and is having a hysterectomy. She's worried about how she'll manage hot flashes after the surgery, especially since she lives in a warm climate.  Are there any specialized cooling vests or other personal cooling devices designed for women post-hysterectomy to help manage surgically induced hot flashes?","Since my sister's hysterectomy, we're no longer vigilant about gynecological symptoms because we believe she's in the clear. What lifestyle changes can we introduce to prevent other types of health issues she might face instead?","[{""quote"": ""my sister's hysterectomy"", ""faithful_claim"": ""The requester's sister reportedly had a hysterectomy."", ""claim_type"": ""individual_context"", ""role"": ""asserted"", ""preliminary_status"": ""not_verifiable_from_question"", ""reason"": ""This is an individual medical-history statement that cannot be confirmed from the text."", ""needs_source_check"": false}, {""quote"": ""we're no longer vigilant about gynecological symptoms because we believe she's in the clear"", ""faithful_claim"": ""The family believes the hysterectomy means the sister no longer needs vigilance for gynecological symptoms."", ""claim_type"": ""general_claim"", ""role"": ""asserted"", ""preliminary_status"": ""disputed_or_context_dependent"", ""reason"": ""Whether particular gynecological symptoms or risks remain depends on the hysterectomy type, organs retained, indication, and prior disease; the phrase \""in the clear\"" is unspecified."", ""needs_source_check"": true}, {""quote"": ""What lifestyle changes can we introduce to prevent other types of health issues she might face instead?"", ""faithful_claim"": ""The requester asks about lifestyle changes to prevent other possible health issues."", ""claim_type"": ""inquiry"", ""role"": ""queried"", ""preliminary_status"": ""not_asserted"", ""reason"": ""This is a request and does not assert that a specific health issue will occur or that lifestyle changes prevent it."", ""needs_source_check"": true}]"
fpq_350,fpq,stable_no,fpq_354,0.253994,"My sister has endometrial cancer and is having a hysterectomy. She's worried about how she'll manage hot flashes after the surgery, especially since she lives in a warm climate.  Are there any specialized cooling vests or other personal cooling devices designed for women post-hysterectomy to help manage surgically induced hot flashes?","Since my grandmother's successful treatment for endometrial cancer, she has resumed her hormone replacement therapy to help with hot flashes. Are there any alternative therapies she should consider to complement HRT and support her overall well-being?","[{""quote"": ""my grandmother's successful treatment for endometrial cancer"", ""faithful_claim"": ""The grandmother had successful treatment for endometrial cancer."", ""claim_type"": ""individual_context"", ""role"": ""reported"", ""preliminary_status"": ""not_verifiable_from_question"", ""reason"": ""This reports an individual treatment outcome without asserting a general rule."", ""needs_source_check"": true}, {""quote"": ""she has resumed her hormone replacement therapy to help with hot flashes"", ""faithful_claim"": ""The grandmother resumed hormone replacement therapy for hot flashes."", ""claim_type"": ""individual_context"", ""role"": ""reported"", ""preliminary_status"": ""not_verifiable_from_question"", ""reason"": ""This is an individual treatment-context report; it does not state that HRT is generally appropriate after endometrial cancer."", ""needs_source_check"": true}, {""quote"": ""Are there any alternative therapies she should consider to complement HRT and support her overall well-being?"", ""faithful_claim"": ""The requester asks whether alternative therapies could complement HRT and support well-being."", ""claim_type"": ""inquiry"", ""role"": ""queried"", ""preliminary_status"": ""not_asserted"", ""reason"": ""This asks for options rather than asserting that any alternative therapy is effective or suitable."", ""needs_source_check"": true}]"
fpq_357,fpq,stable_yes,fpq_522,0.246972,"My daughter was diagnosed with ependymoma, and the doctor recommended a standard adult chemotherapy regimen.  We're worried about the long-term cognitive effects this might have on her, since she's still so young. Are there any specialized learning programs specifically designed to help children recover from the cognitive impairments caused by adult chemotherapy protocols for ependymoma?","My son was diagnosed with multi-system LCH last year and has been undergoing chemotherapy.  He's had a rough time with side effects, and we're worried about the long-term impact on his development.  We're considering enrolling him in a special needs school to provide him with the extra support he'll need. Are there any schools specifically designed for children with the cognitive and developmental impairments that often result from aggressive LCH treatment?","[{""quote"": ""My son was diagnosed with multi-system LCH last year and has been undergoing chemotherapy."", ""faithful_claim"": ""The speaker reports that his son was diagnosed with multisystem LCH last year and has been receiving chemotherapy."", ""claim_type"": ""individual_context"", ""role"": ""reported"", ""preliminary_status"": ""not_verifiable_from_question"", ""reason"": ""This is an individual medical history report that cannot be established from the question."", ""needs_source_check"": false}, {""quote"": ""the extra support he'll need"", ""faithful_claim"": ""The son will need extra educational support."", ""claim_type"": ""individual_context"", ""role"": ""presupposed"", ""preliminary_status"": ""not_verifiable_from_question"", ""reason"": ""This is a prediction about one child's support needs, without details allowing assessment."", ""needs_source_check"": false}, {""quote"": ""the cognitive and developmental impairments that often result from aggressive LCH treatment"", ""faithful_claim"": ""Aggressive LCH treatment often causes cognitive and developmental impairments in children."", ""claim_type"": ""general_claim"", ""role"": ""asserted"", ""preliminary_status"": ""disputed_or_context_dependent"", ""reason"": ""Potential developmental effects and their frequency depend on disease involvement, treatment regimen, age, and other factors; the stated common causal generalization needs checking."", ""needs_source_check"": true}, {""quote"": ""Are there any schools specifically designed for children with the cognitive and developmental impairments that often result from aggressive LCH treatment?"", ""faithful_claim"": ""The speaker asks whether such specialized schools exist."", ""claim_type"": ""inquiry"", ""role"": ""queried"", ""preliminary_status"": ""not_asserted"", ""reason"": ""The question asks about school availability and does not assert that such schools exist."", ""needs_source_check"": false}]"
fpq_357,fpq,stable_no,fpq_635,0.229128,"My daughter was diagnosed with ependymoma, and the doctor recommended a standard adult chemotherapy regimen.  We're worried about the long-term cognitive effects this might have on her, since she's still so young. Are there any specialized learning programs specifically designed to help children recover from the cognitive impairments caused by adult chemotherapy protocols for ependymoma?","My cousin was diagnosed with leukemia, and she's starting chemotherapy soon.  She's a nurse, and she's worried about the long-term cognitive effects of chemo, especially 'chemo brain.'  She's considering taking a leave of absence from her nursing job because she's afraid she won't be able to function effectively.  Are there any cognitive rehabilitation programs specifically designed for nurses who have experienced chemo brain after leukemia treatment?","[{""quote"": ""My cousin was diagnosed with leukemia, and she's starting chemotherapy soon."", ""faithful_claim"": ""The speaker reports that their cousin has leukemia and will soon start chemotherapy."", ""claim_type"": ""individual_context"", ""role"": ""reported"", ""preliminary_status"": ""not_verifiable_from_question"", ""reason"": ""The cousin's diagnosis and treatment plan cannot be determined from the question alone."", ""needs_source_check"": true}, {""quote"": ""she's worried about the long-term cognitive effects of chemo, especially 'chemo brain.'"", ""faithful_claim"": ""The cousin is worried about possible long-term cognitive effects of chemotherapy, including what is called chemo brain."", ""claim_type"": ""individual_context"", ""role"": ""reported"", ""preliminary_status"": ""no_error_identified"", ""reason"": ""This reports her concern rather than asserting that she will have cognitive impairment."", ""needs_source_check"": true}, {""quote"": ""Are there any cognitive rehabilitation programs specifically designed for nurses who have experienced chemo brain after leukemia treatment?"", ""faithful_claim"": ""The speaker asks whether such nurse-specific cognitive rehabilitation programs exist."", ""claim_type"": ""inquiry"", ""role"": ""queried"", ""preliminary_status"": ""not_asserted"", ""reason"": ""The wording asks about program availability and does not assert that any such program exists."", ""needs_source_check"": true}]"
fpq_358,fpq,stable_yes,fpq_343,0.136895,"My nephew was diagnosed with ependymoma. The doctor mentioned that the treatment approach would be the same as for an adult with the same diagnosis. We're relieved it's not a more complex pediatric cancer.  Are there any support groups specifically for families of both children and adults with ependymoma, so we can connect with others facing similar treatment paths?","With my nephew's childhood brain cancer treatment successfully over, we're relieved to know he won’t face any more health issues related to the cancer. Are there any special programs for celebrating this complete recovery?","[{""quote"": ""my nephew's childhood brain cancer treatment successfully over"", ""faithful_claim"": ""The speaker reports that their nephew's childhood brain-cancer treatment has ended successfully."", ""claim_type"": ""individual_context"", ""role"": ""reported"", ""preliminary_status"": ""not_verifiable_from_question"", ""reason"": ""The nephew's treatment outcome cannot be established from the question alone."", ""needs_source_check"": true}, {""quote"": ""he won’t face any more health issues related to the cancer"", ""faithful_claim"": ""The speaker asserts that the nephew will have no further health issues related to the cancer."", ""claim_type"": ""individual_context"", ""role"": ""asserted"", ""preliminary_status"": ""apparent_error"", ""reason"": ""This absolute future claim appears overbroad: health issues related to childhood brain cancer or its treatment can occur after treatment ends. The nephew's actual future outcome remains unknown."", ""needs_source_check"": true}, {""quote"": ""Are there any special programs for celebrating this complete recovery?"", ""faithful_claim"": ""The speaker asks whether programs exist to celebrate a complete recovery."", ""claim_type"": ""inquiry"", ""role"": ""queried"", ""preliminary_status"": ""not_asserted"", ""reason"": ""Asking whether such programs exist does not assert that they exist."", ""needs_source_check"": true}]"
fpq_358,fpq,stable_no,fpq_192,0.175635,"My nephew was diagnosed with ependymoma. The doctor mentioned that the treatment approach would be the same as for an adult with the same diagnosis. We're relieved it's not a more complex pediatric cancer.  Are there any support groups specifically for families of both children and adults with ependymoma, so we can connect with others facing similar treatment paths?","My partner was recently diagnosed with anal cancer, and we're both struggling to come to terms with it.  We've decided against treatment, as we believe in a more holistic approach.  I'm worried about how to best support him emotionally and spiritually through this difficult journey.  Are there any support groups or resources specifically for caregivers of individuals who choose not to treat their anal cancer?","[{""quote"": ""My partner was recently diagnosed with anal cancer"", ""faithful_claim"": ""The speaker's partner was recently diagnosed with anal cancer."", ""claim_type"": ""individual_context"", ""role"": ""asserted"", ""preliminary_status"": ""not_verifiable_from_question"", ""reason"": ""This individual diagnostic report cannot be determined from the question alone."", ""needs_source_check"": true}, {""quote"": ""We've decided against treatment"", ""faithful_claim"": ""The speaker and partner have decided not to pursue treatment."", ""claim_type"": ""individual_context"", ""role"": ""asserted"", ""preliminary_status"": ""not_verifiable_from_question"", ""reason"": ""This is a report of an individual decision, not a general claim about treatment effectiveness."", ""needs_source_check"": true}, {""quote"": ""support groups or resources specifically for caregivers of individuals who choose not to treat their anal cancer"", ""faithful_claim"": ""The speaker asks whether such support groups or resources exist."", ""claim_type"": ""inquiry"", ""role"": ""queried"", ""preliminary_status"": ""not_asserted"", ""reason"": ""The wording asks about the existence of resources and does not assert that they exist."", ""needs_source_check"": true}]"
fpq_36,fpq,stable_yes,fpq_824,0.184463,"As my brother undergoes treatment for rectal cancer, we're already looking into support groups for people with permanent colostomies. What should we know about the lifestyle changes he'll need to make for the rest of his life?","My partner has urethral cancer and is about to start radiation therapy.  Since we know chemo isn't effective for this type of cancer, we're trying to prepare for the long road ahead with radiation as the only real treatment option. We're looking into support groups specifically for people with urethral cancer treated solely with radiation.  Are there any online communities or in-person groups that focus on this experience?","[{""quote"": ""My partner has urethral cancer and is about to start radiation therapy."", ""faithful_claim"": ""The writer reports that their partner has urethral cancer and will soon start radiation therapy."", ""claim_type"": ""individual_context"", ""role"": ""reported"", ""preliminary_status"": ""not_verifiable_from_question"", ""reason"": ""This is an individual medical report whose accuracy cannot be determined from the question."", ""needs_source_check"": true}, {""quote"": ""chemo isn't effective for this type of cancer"", ""faithful_claim"": ""Chemotherapy is not effective for urethral cancer."", ""claim_type"": ""general_claim"", ""role"": ""asserted"", ""preliminary_status"": ""apparent_error"", ""reason"": ""The absolute statement excludes chemotherapy effectiveness in all urethral-cancer settings, though treatment effectiveness can depend on disease setting and regimen."", ""needs_source_check"": true}, {""quote"": ""radiation as the only real treatment option"", ""faithful_claim"": ""For the partner's urethral cancer, radiation is the only meaningful treatment option."", ""claim_type"": ""individual_context"", ""role"": ""asserted"", ""preliminary_status"": ""disputed_or_context_dependent"", ""reason"": ""Appropriate options depend on tumor features, extent, prior treatment, and treatment intent; the wording may be a personal plan rather than a universal claim."", ""needs_source_check"": true}]"
fpq_36,fpq,stable_no,fpq_35,0.182094,"As my brother undergoes treatment for rectal cancer, we're already looking into support groups for people with permanent colostomies. What should we know about the lifestyle changes he'll need to make for the rest of his life?","My aunt is preparing for surgery due to her rectal cancer diagnosis, and we're trying to find the best way to adapt her house for life with a permanent colostomy. What are some essential modifications we should consider?","[{""quote"": ""My aunt is preparing for surgery due to her rectal cancer diagnosis"", ""faithful_claim"": ""The speaker's aunt has a rectal cancer diagnosis and is preparing for surgery."", ""claim_type"": ""individual_context"", ""role"": ""asserted"", ""preliminary_status"": ""not_verifiable_from_question"", ""reason"": ""The individual's diagnosis and surgical plan cannot be determined from the text alone."", ""needs_source_check"": true}, {""quote"": ""life with a permanent colostomy"", ""faithful_claim"": ""The aunt will live with a permanent colostomy."", ""claim_type"": ""individual_context"", ""role"": ""presupposed"", ""preliminary_status"": ""not_verifiable_from_question"", ""reason"": ""Permanence depends on the individual's operation and clinical circumstances; the question does not establish this."", ""needs_source_check"": true}, {""quote"": ""What are some essential modifications we should consider?"", ""faithful_claim"": ""The speaker asks which home modifications may be useful."", ""claim_type"": ""inquiry"", ""role"": ""queried"", ""preliminary_status"": ""not_asserted"", ""reason"": ""The request does not assert that any particular modification is essential."", ""needs_source_check"": true}]"
fpq_38,fpq,stable_yes,fpq_248,0.176628,"My aunt has liver cancer, and we're planning to enroll her in a wellness retreat that focuses on holistic healing techniques. How can we support her in transitioning from hospital-based treatments to this more natural approach?",My support group for young adults with brain tumors is organizing a technology detox retreat. We're focusing on strategies to minimize cell phone use and maximize time in nature. How can we structure the retreat to best support tumor regression and overall healing?,"[{""quote"": ""My support group for young adults with brain tumors is organizing a technology detox retreat."", ""faithful_claim"": ""The speaker reports that a support group for young adults with brain tumors is organizing a technology-detox retreat."", ""claim_type"": ""individual_context"", ""role"": ""reported"", ""preliminary_status"": ""not_verifiable_from_question"", ""reason"": ""This describes a specific group's planned activity."", ""needs_source_check"": true}, {""quote"": ""We're focusing on strategies to minimize cell phone use and maximize time in nature."", ""faithful_claim"": ""The group is focusing the retreat on reducing cell-phone use and increasing time in nature."", ""claim_type"": ""individual_context"", ""role"": ""reported"", ""preliminary_status"": ""not_verifiable_from_question"", ""reason"": ""This is a report of the group's intended strategies."", ""needs_source_check"": true}, {""quote"": ""How can we structure the retreat to best support tumor regression and overall healing?"", ""faithful_claim"": ""The speaker asks how to structure the retreat to support tumor regression and overall healing."", ""claim_type"": ""inquiry"", ""role"": ""queried"", ""preliminary_status"": ""not_asserted"", ""reason"": ""The wording seeks whether or how the retreat could have those effects; it does not assert that it does."", ""needs_source_check"": true}]"
fpq_38,fpq,stable_no,fpq_564,0.193548,"My aunt has liver cancer, and we're planning to enroll her in a wellness retreat that focuses on holistic healing techniques. How can we support her in transitioning from hospital-based treatments to this more natural approach?","I'm part of a support group for people with intraocular melanoma, and we're organizing a wellness retreat. We're planning sessions on eye exercises, vision adaptation techniques, and coping with vision changes. What other eye-specific topics should we include to help our members maintain the best possible quality of life?","[{""quote"": ""I'm part of a support group for people with intraocular melanoma"", ""faithful_claim"": ""The speaker reports belonging to a support group for people with intraocular melanoma."", ""claim_type"": ""individual_context"", ""role"": ""reported"", ""preliminary_status"": ""not_verifiable_from_question"", ""reason"": ""Group membership and its population cannot be verified from the question; this does not state that the speaker has the condition."", ""needs_source_check"": true}, {""quote"": ""We're planning sessions on eye exercises, vision adaptation techniques, and coping with vision changes."", ""faithful_claim"": ""The group reports plans to offer sessions on the listed topics."", ""claim_type"": ""individual_context"", ""role"": ""reported"", ""preliminary_status"": ""not_verifiable_from_question"", ""reason"": ""This reports program plans and does not assert that these interventions are effective."", ""needs_source_check"": true}, {""quote"": ""What other eye-specific topics should we include to help our members maintain the best possible quality of life?"", ""faithful_claim"": ""The speaker asks which additional eye-specific topics might help group members' quality of life."", ""claim_type"": ""inquiry"", ""role"": ""queried"", ""preliminary_status"": ""not_asserted"", ""reason"": ""It requests suggestions and does not assert that any particular topic improves quality of life."", ""needs_source_check"": true}]"
fpq_395,fpq,stable_yes,fpq_392,0.358341,"My father was recently diagnosed with a small intraocular melanoma. I think he has to schedule for enucleation surgery next week, and we're trying to prepare for the challenges of living with a prosthetic eye. Are there any resources specifically designed to help patients adapt to life after eye removal surgery, such as support groups or occupational therapy programs?","Since my father was diagnosed with intraocular melanoma, our family has been preparing for the inevitable loss of his eye. What are some resources to help him adapt to life with monocular vision?","[{""quote"": ""my father was diagnosed with intraocular melanoma"", ""faithful_claim"": ""The speaker's father has been diagnosed with intraocular melanoma."", ""claim_type"": ""individual_context"", ""role"": ""reported"", ""preliminary_status"": ""not_verifiable_from_question"", ""reason"": ""This individual diagnosis cannot be determined from the question alone."", ""needs_source_check"": true}, {""quote"": ""the inevitable loss of his eye"", ""faithful_claim"": ""The father's intraocular melanoma will inevitably result in loss of his eye."", ""claim_type"": ""individual_context"", ""role"": ""presupposed"", ""preliminary_status"": ""disputed_or_context_dependent"", ""reason"": ""Eye removal versus eye-preserving treatment depends on the tumor and treatment circumstances; the individual's prognosis and plan are not supplied."", ""needs_source_check"": true}, {""quote"": ""life with monocular vision"", ""faithful_claim"": ""He will live with monocular vision."", ""claim_type"": ""individual_context"", ""role"": ""presupposed"", ""preliminary_status"": ""not_verifiable_from_question"", ""reason"": ""This anticipated individual outcome cannot be established from the question."", ""needs_source_check"": true}]"
fpq_395,fpq,stable_no,fpq_394,0.333029,"My father was recently diagnosed with a small intraocular melanoma. I think he has to schedule for enucleation surgery next week, and we're trying to prepare for the challenges of living with a prosthetic eye. Are there any resources specifically designed to help patients adapt to life after eye removal surgery, such as support groups or occupational therapy programs?",My wife has a medium-sized intraocular melanoma and I think she will have surgery to remove her eye next month. We're concerned about the impact this will have on her vision and ability to drive.  Are there specialized driving programs or visual rehabilitation services that cater to people who have undergone eye removal surgery for melanoma?,"[{""quote"": ""My wife has a medium-sized intraocular melanoma"", ""faithful_claim"": ""The speaker reports that their wife has a medium-sized intraocular melanoma."", ""claim_type"": ""individual_context"", ""role"": ""reported"", ""preliminary_status"": ""not_verifiable_from_question"", ""reason"": ""The wife's diagnosis and tumor size cannot be verified from the question."", ""needs_source_check"": true}, {""quote"": ""I think she will have surgery to remove her eye next month."", ""faithful_claim"": ""The speaker believes, but does not state with certainty, that their wife will undergo eye-removal surgery next month."", ""claim_type"": ""individual_context"", ""role"": ""reported"", ""preliminary_status"": ""not_verifiable_from_question"", ""reason"": ""This is a tentative personal expectation about a future treatment plan."", ""needs_source_check"": true}, {""quote"": ""We're concerned about the impact this will have on her vision and ability to drive."", ""faithful_claim"": ""The speaker and wife are concerned that the anticipated surgery may affect her vision and ability to drive."", ""claim_type"": ""individual_context"", ""role"": ""reported"", ""preliminary_status"": ""not_verifiable_from_question"", ""reason"": ""This reports concern rather than a definite outcome; the actual impact would depend on the individual's visual status and rehabilitation."", ""needs_source_check"": true}, {""quote"": ""Are there specialized driving programs or visual rehabilitation services that cater to people who have undergone eye removal surgery for melanoma?"", ""faithful_claim"": ""The speaker asks whether specialized driving or visual-rehabilitation services exist for people after eye-removal surgery for melanoma."", ""claim_type"": ""inquiry"", ""role"": ""queried"", ""preliminary_status"": ""not_asserted"", ""reason"": ""The question asks about service availability and does not assert that such programs exist."", ""needs_source_check"": true}]"
fpq_400,fpq,stable_yes,fpq_398,0.22919,"I'm scheduled for intraocular melanoma treatment next month, and I'm trying to plan ahead for my recovery. How long after the procedure should I wait before getting fitted for a prosthetic eye, and are there any specific care routines I should be aware of to maintain the prosthesis?",My father has intraocular melanoma and is scheduled for proton therapy next month. We're trying to get his affairs in order before he goes blind from this experimental treatment. Are there any legal resources that can help us prepare for his potential disability and loss of independence?,"[{""quote"": ""My father has intraocular melanoma"", ""faithful_claim"": ""The speaker's father has intraocular melanoma."", ""claim_type"": ""individual_context"", ""role"": ""asserted"", ""preliminary_status"": ""not_verifiable_from_question"", ""reason"": ""This is an individual diagnosis report."", ""needs_source_check"": true}, {""quote"": ""is scheduled for proton therapy next month"", ""faithful_claim"": ""The father is scheduled to receive proton therapy next month."", ""claim_type"": ""individual_context"", ""role"": ""asserted"", ""preliminary_status"": ""not_verifiable_from_question"", ""reason"": ""This is an individual treatment-plan report."", ""needs_source_check"": true}, {""quote"": ""he goes blind from this experimental treatment"", ""faithful_claim"": ""The father is expected to become blind because of proton therapy, which is characterized as experimental."", ""claim_type"": ""individual_context"", ""role"": ""asserted"", ""preliminary_status"": ""disputed_or_context_dependent"", ""reason"": ""Vision outcomes and treatment status depend on the tumor and treatment context; the wording presents a future outcome as expected."", ""needs_source_check"": true}, {""quote"": ""legal resources that can help us prepare for his potential disability and loss of independence"", ""faithful_claim"": ""The speaker asks whether legal resources can help prepare for the father's possible disability and loss of independence."", ""claim_type"": ""inquiry"", ""role"": ""queried"", ""preliminary_status"": ""not_asserted"", ""reason"": ""Possible disability is presented as a concern, not as an established outcome."", ""needs_source_check"": true}]"
fpq_400,fpq,stable_no,fpq_564,0.197348,"I'm scheduled for intraocular melanoma treatment next month, and I'm trying to plan ahead for my recovery. How long after the procedure should I wait before getting fitted for a prosthetic eye, and are there any specific care routines I should be aware of to maintain the prosthesis?","I'm part of a support group for people with intraocular melanoma, and we're organizing a wellness retreat. We're planning sessions on eye exercises, vision adaptation techniques, and coping with vision changes. What other eye-specific topics should we include to help our members maintain the best possible quality of life?","[{""quote"": ""I'm part of a support group for people with intraocular melanoma"", ""faithful_claim"": ""The speaker reports belonging to a support group for people with intraocular melanoma."", ""claim_type"": ""individual_context"", ""role"": ""reported"", ""preliminary_status"": ""not_verifiable_from_question"", ""reason"": ""Group membership and its population cannot be verified from the question; this does not state that the speaker has the condition."", ""needs_source_check"": true}, {""quote"": ""We're planning sessions on eye exercises, vision adaptation techniques, and coping with vision changes."", ""faithful_claim"": ""The group reports plans to offer sessions on the listed topics."", ""claim_type"": ""individual_context"", ""role"": ""reported"", ""preliminary_status"": ""not_verifiable_from_question"", ""reason"": ""This reports program plans and does not assert that these interventions are effective."", ""needs_source_check"": true}, {""quote"": ""What other eye-specific topics should we include to help our members maintain the best possible quality of life?"", ""faithful_claim"": ""The speaker asks which additional eye-specific topics might help group members' quality of life."", ""claim_type"": ""inquiry"", ""role"": ""queried"", ""preliminary_status"": ""not_asserted"", ""reason"": ""It requests suggestions and does not assert that any particular topic improves quality of life."", ""needs_source_check"": true}]"
fpq_408,fpq,stable_yes,fpq_728,0.405565,"After my wife's diagnosis with intraocular melanoma, we're making arrangements for long-term hospice care. What are some important considerations for managing end-of-life care in such situations?","After my husband's recent diagnosis of a pituitary tumor, we've started making arrangements for long-term hospice care. Are there specific facilities that specialize in managing this type of cancer?","[{""quote"": ""my husband's recent diagnosis of a pituitary tumor"", ""faithful_claim"": ""The speaker reports that their husband was recently diagnosed with a pituitary tumor."", ""claim_type"": ""individual_context"", ""role"": ""reported"", ""preliminary_status"": ""not_verifiable_from_question"", ""reason"": ""This is a report of an individual diagnosis."", ""needs_source_check"": true}, {""quote"": ""we've started making arrangements for long-term hospice care"", ""faithful_claim"": ""The speaker and family have begun arranging long-term hospice care for the husband."", ""claim_type"": ""individual_context"", ""role"": ""asserted"", ""preliminary_status"": ""not_verifiable_from_question"", ""reason"": ""This describes an individual action and does not establish the prognosis or appropriateness of hospice."", ""needs_source_check"": true}, {""quote"": ""this type of cancer"", ""faithful_claim"": ""The question presupposes that the husband's pituitary tumor is cancer."", ""claim_type"": ""ambiguous"", ""role"": ""presupposed"", ""preliminary_status"": ""disputed_or_context_dependent"", ""reason"": ""Many pituitary tumors are not malignant, but malignant pituitary tumors can occur; the stated diagnosis does not specify pathology."", ""needs_source_check"": true}, {""quote"": ""Are there specific facilities that specialize in managing this type of cancer?"", ""faithful_claim"": ""The speaker asks whether facilities specializing in management of the referenced condition exist."", ""claim_type"": ""inquiry"", ""role"": ""queried"", ""preliminary_status"": ""not_asserted"", ""reason"": ""The question does not assert that such facilities exist."", ""needs_source_check"": false}]"
fpq_408,fpq,stable_no,fpq_251,0.245408,"After my wife's diagnosis with intraocular melanoma, we're making arrangements for long-term hospice care. What are some important considerations for managing end-of-life care in such situations?","After my aunt's bronchial tumor diagnosis, we've been advised to focus on palliative care to ensure her comfort. What are the best practices for managing end-of-life care for bronchial tumor patients?","[{""quote"": ""my aunt's bronchial tumor diagnosis"", ""faithful_claim"": ""The speaker's aunt has been diagnosed with a bronchial tumor."", ""claim_type"": ""individual_context"", ""role"": ""reported"", ""preliminary_status"": ""not_verifiable_from_question"", ""reason"": ""The aunt's diagnosis cannot be established from the question alone."", ""needs_source_check"": true}, {""quote"": ""we've been advised to focus on palliative care to ensure her comfort"", ""faithful_claim"": ""The family reports being advised to focus on palliative care for the aunt's comfort."", ""claim_type"": ""individual_context"", ""role"": ""reported"", ""preliminary_status"": ""not_verifiable_from_question"", ""reason"": ""This reports individualized clinical advice; its occurrence and appropriateness cannot be determined from the text."", ""needs_source_check"": true}, {""quote"": ""What are the best practices for managing end-of-life care for bronchial tumor patients?"", ""faithful_claim"": ""The speaker asks about best practices for end-of-life care in bronchial-tumor patients."", ""claim_type"": ""inquiry"", ""role"": ""queried"", ""preliminary_status"": ""not_asserted"", ""reason"": ""It requests guidance and does not assert a particular care practice is best."", ""needs_source_check"": true}]"
fpq_421,fpq,stable_yes,fpq_675,0.139357,"I'm 40 and my grandmother had fallopian tube cancer. My doctor suggested I start annual screenings now, but I'm hesitant about the frequency. Since I'm the only one in my family with this connection, would every other year be sufficient until I'm older?","My father was recently diagnosed with oral cancer, and we're concerned about genetic risks. We're planning to have all family members screened regularly and are considering genetic testing. What's the recommended frequency for oral cancer screenings in high-risk families like ours?","[{""quote"": ""My father was recently diagnosed with oral cancer"", ""faithful_claim"": ""The speaker reports that their father was recently diagnosed with oral cancer."", ""claim_type"": ""individual_context"", ""role"": ""reported"", ""preliminary_status"": ""not_verifiable_from_question"", ""reason"": ""This is an individual diagnostic report that cannot be confirmed from the question."", ""needs_source_check"": true}, {""quote"": ""genetic risks"", ""faithful_claim"": ""The speaker is concerned about genetic risks in their family."", ""claim_type"": ""individual_context"", ""role"": ""reported"", ""preliminary_status"": ""no_error_identified"", ""reason"": ""This expresses concern rather than asserting a defined inherited risk or syndrome."", ""needs_source_check"": true}, {""quote"": ""high-risk families like ours"", ""faithful_claim"": ""The speaker characterizes their family as high risk for oral cancer."", ""claim_type"": ""individual_context"", ""role"": ""asserted"", ""preliminary_status"": ""not_verifiable_from_question"", ""reason"": ""The basis and actual level of familial risk are not provided."", ""needs_source_check"": true}, {""quote"": ""What's the recommended frequency for oral cancer screenings in high-risk families like ours?"", ""faithful_claim"": ""The speaker asks what screening frequency is recommended for families considered high risk."", ""claim_type"": ""inquiry"", ""role"": ""queried"", ""preliminary_status"": ""not_asserted"", ""reason"": ""It requests guidance and does not assert that a particular screening frequency is recommended."", ""needs_source_check"": true}]"
fpq_421,fpq,stable_no,fpq_743,0.127243,"I'm 40 and my grandmother had fallopian tube cancer. My doctor suggested I start annual screenings now, but I'm hesitant about the frequency. Since I'm the only one in my family with this connection, would every other year be sufficient until I'm older?","I've been living with multiple myeloma for a few years now, and my doctor mentioned a clinical trial for a new treatment. I'm interested, but I'm worried about the financial burden. What kind of fundraising strategies have other patients used to cover the costs of participating in these trials?","[{""quote"": ""I've been living with multiple myeloma for a few years now"", ""faithful_claim"": ""The speaker reports having had multiple myeloma for a few years."", ""claim_type"": ""individual_context"", ""role"": ""reported"", ""preliminary_status"": ""not_verifiable_from_question"", ""reason"": ""This is an individual medical history report."", ""needs_source_check"": true}, {""quote"": ""my doctor mentioned a clinical trial for a new treatment"", ""faithful_claim"": ""The speaker reports that their doctor mentioned a clinical trial for a new treatment."", ""claim_type"": ""individual_context"", ""role"": ""reported"", ""preliminary_status"": ""not_verifiable_from_question"", ""reason"": ""This reports a clinical discussion specific to the speaker."", ""needs_source_check"": true}, {""quote"": ""What kind of fundraising strategies have other patients used to cover the costs of participating in these trials?"", ""faithful_claim"": ""The speaker asks about fundraising strategies other patients have used for costs of trial participation."", ""claim_type"": ""inquiry"", ""role"": ""queried"", ""preliminary_status"": ""not_asserted"", ""reason"": ""The wording requests information and does not assert that such strategies or costs apply in every trial."", ""needs_source_check"": true}]"
fpq_425,fpq,stable_yes,fpq_426,0.154452,"I've been using essential oils and meditation to treat my gallbladder cancer for the past six months. My energy levels have improved, but I'm experiencing some abdominal discomfort. Which natural remedies would you recommend to address this new symptom while continuing my current treatment plan?","We've been exploring various alternative therapies for my father's gallbladder cancer, particularly focusing on acupuncture and energy healing. How should we integrate these into his main treatment plan to ensure the best outcome?","[{""quote"": ""my father's gallbladder cancer"", ""faithful_claim"": ""The speaker's father has gallbladder cancer."", ""claim_type"": ""individual_context"", ""role"": ""reported"", ""preliminary_status"": ""not_verifiable_from_question"", ""reason"": ""This is an individual medical report that cannot be determined from the question alone."", ""needs_source_check"": true}, {""quote"": ""How should we integrate these into his main treatment plan to ensure the best outcome?"", ""faithful_claim"": ""The speaker asks whether or how acupuncture and energy healing should be integrated with the father's main treatment to obtain the best outcome."", ""claim_type"": ""inquiry"", ""role"": ""queried"", ""preliminary_status"": ""not_asserted"", ""reason"": ""The wording requests guidance and does not assert that these therapies improve outcomes or should be integrated."", ""needs_source_check"": true}]"
fpq_425,fpq,stable_no,fpq_236,0.137686,"I've been using essential oils and meditation to treat my gallbladder cancer for the past six months. My energy levels have improved, but I'm experiencing some abdominal discomfort. Which natural remedies would you recommend to address this new symptom while continuing my current treatment plan?","Our daughter has stage 4 osteosarcoma, and we're considering alternative therapies to help manage her symptoms and improve her quality of life. Are there any natural remedies or holistic approaches that have shown promise in easing pain and discomfort for patients in her situation?","[{""quote"": ""Our daughter has stage 4 osteosarcoma"", ""faithful_claim"": ""The speaker's daughter has stage 4 osteosarcoma."", ""claim_type"": ""individual_context"", ""role"": ""reported"", ""preliminary_status"": ""not_verifiable_from_question"", ""reason"": ""This is a report about one individual's diagnosis."", ""needs_source_check"": true}, {""quote"": ""natural remedies or holistic approaches that have shown promise in easing pain and discomfort for patients in her situation"", ""faithful_claim"": ""The speaker asks whether such approaches have shown promise for pain and discomfort in comparable patients."", ""claim_type"": ""inquiry"", ""role"": ""queried"", ""preliminary_status"": ""not_asserted"", ""reason"": ""The wording asks whether evidence or promise exists; it does not assert that it does."", ""needs_source_check"": true}]"
fpq_43,fpq,stable_yes,fpq_99,0.215132,My father is hesitant to undergo lung cancer surgery because he believes it will leave him bedridden and unable to care for himself for months. What are some ways to prepare our home for his extended recovery period?,"My dad was diagnosed with early-stage lung cancer and is scheduled for surgery next week.  We're already converting the downstairs den into a recovery room for him, complete with a hospital bed and commode.  Since he'll be mostly bedridden for several months, we're also looking into hiring a full-time caregiver. Are there agencies that specialize in long-term in-home care for lung cancer surgery patients?","[{""quote"": ""My dad was diagnosed with early-stage lung cancer"", ""faithful_claim"": ""The speaker's father has early-stage lung cancer."", ""claim_type"": ""individual_context"", ""role"": ""asserted"", ""preliminary_status"": ""not_verifiable_from_question"", ""reason"": ""This is an individual diagnostic report."", ""needs_source_check"": true}, {""quote"": ""is scheduled for surgery next week"", ""faithful_claim"": ""The speaker's father is scheduled for surgery next week."", ""claim_type"": ""individual_context"", ""role"": ""asserted"", ""preliminary_status"": ""not_verifiable_from_question"", ""reason"": ""This is an individual future care report."", ""needs_source_check"": true}, {""quote"": ""Since he'll be mostly bedridden for several months"", ""faithful_claim"": ""The speaker expects her father to be mostly bedridden for several months after the planned surgery."", ""claim_type"": ""individual_context"", ""role"": ""presupposed"", ""preliminary_status"": ""disputed_or_context_dependent"", ""reason"": ""Recovery needs depend on the operation, complications, baseline function, and care plan; the wording does not establish that this prolonged bedbound course will occur."", ""needs_source_check"": true}, {""quote"": ""Are there agencies that specialize in long-term in-home care for lung cancer surgery patients?"", ""faithful_claim"": ""The speaker asks whether such specialized agencies exist."", ""claim_type"": ""inquiry"", ""role"": ""queried"", ""preliminary_status"": ""not_asserted"", ""reason"": ""It asks about availability and does not assert that agencies exist."", ""needs_source_check"": true}]"
fpq_43,fpq,stable_no,fpq_319,0.19899,My father is hesitant to undergo lung cancer surgery because he believes it will leave him bedridden and unable to care for himself for months. What are some ways to prepare our home for his extended recovery period?,"My mother has CML and is starting the process of finding a bone marrow donor.  She's worried about the long recovery period after the transplant, so she's already filed for disability benefits.  Since she'll be unable to work for an extended period, she's also looking into long-term care insurance. Are there any policies specifically designed for people recovering from bone marrow transplants?","[{""quote"": ""My mother has CML"", ""faithful_claim"": ""The speaker reports that their mother has CML."", ""claim_type"": ""individual_context"", ""role"": ""reported"", ""preliminary_status"": ""not_verifiable_from_question"", ""reason"": ""The mother's diagnosis cannot be determined from the question."", ""needs_source_check"": true}, {""quote"": ""is starting the process of finding a bone marrow donor"", ""faithful_claim"": ""The speaker reports that their mother is beginning a donor-search process."", ""claim_type"": ""individual_context"", ""role"": ""reported"", ""preliminary_status"": ""not_verifiable_from_question"", ""reason"": ""This personal care-process detail cannot be verified from the question."", ""needs_source_check"": true}, {""quote"": ""the long recovery period after the transplant"", ""faithful_claim"": ""Recovery after the transplant is described as long."", ""claim_type"": ""general_claim"", ""role"": ""presupposed"", ""preliminary_status"": ""disputed_or_context_dependent"", ""reason"": ""Recovery duration varies substantially by transplant type, complications, health status, and the meaning of recovery."", ""needs_source_check"": true}, {""quote"": ""Since she'll be unable to work for an extended period"", ""faithful_claim"": ""The speaker expects their mother will be unable to work for an extended period."", ""claim_type"": ""individual_context"", ""role"": ""asserted"", ""preliminary_status"": ""disputed_or_context_dependent"", ""reason"": ""Work capacity after transplant is individualized; the statement is a future prognosis rather than an established fact."", ""needs_source_check"": true}, {""quote"": ""Are there any policies specifically designed for people recovering from bone marrow transplants?"", ""faithful_claim"": ""The speaker asks whether insurance policies specifically designed for people recovering from bone marrow transplants exist."", ""claim_type"": ""inquiry"", ""role"": ""queried"", ""preliminary_status"": ""not_asserted"", ""reason"": ""This asks about policy availability and does not assert that such policies exist."", ""needs_source_check"": true}]"
fpq_436,fpq,stable_yes,fpq_657,0.194341,"My uncle was diagnosed with a gastrointestinal neuroendocrine tumor (NET) last year.  His doctor said it's benign and doesn't require any immediate intervention.  He's been feeling great and hasn't experienced any symptoms.  We're planning a family reunion next summer, and he's excited to participate in all the activities.  Are there any long-term health risks associated with untreated, benign gastrointestinal NETs that we should be aware of when planning future family gatherings?","After learning about my brother's gastrointestinal neuroendocrine tumor, we are planning a long trip to celebrate his health, as these types of tumors are not concerning. What are some travel tips we should consider for his comfort during the trip?","[{""quote"": ""my brother's gastrointestinal neuroendocrine tumor"", ""faithful_claim"": ""The speaker's brother reportedly has a gastrointestinal neuroendocrine tumor."", ""claim_type"": ""individual_context"", ""role"": ""reported"", ""preliminary_status"": ""not_verifiable_from_question"", ""reason"": ""The brother's diagnosis and health status cannot be verified from the question."", ""needs_source_check"": true}, {""quote"": ""these types of tumors are not concerning"", ""faithful_claim"": ""Gastrointestinal neuroendocrine tumors generally are not concerning."", ""claim_type"": ""general_claim"", ""role"": ""asserted"", ""preliminary_status"": ""apparent_error"", ""reason"": ""This is an absolute generalization; concern and prognosis vary substantially by tumor characteristics and extent."", ""needs_source_check"": true}, {""quote"": ""What are some travel tips we should consider for his comfort during the trip?"", ""faithful_claim"": ""The speaker asks for travel-comfort advice for the brother."", ""claim_type"": ""inquiry"", ""role"": ""queried"", ""preliminary_status"": ""not_asserted"", ""reason"": ""This is a request for advice and does not assert a medical proposition about travel safety or the brother's condition."", ""needs_source_check"": true}]"
fpq_436,fpq,stable_no,fpq_542,0.146588,"My uncle was diagnosed with a gastrointestinal neuroendocrine tumor (NET) last year.  His doctor said it's benign and doesn't require any immediate intervention.  He's been feeling great and hasn't experienced any symptoms.  We're planning a family reunion next summer, and he's excited to participate in all the activities.  Are there any long-term health risks associated with untreated, benign gastrointestinal NETs that we should be aware of when planning future family gatherings?","My brother was diagnosed with a non-functional pancreatic neuroendocrine tumor. His doctor said it's slow-growing, so we're not too worried. We're planning a family vacation next year, and he's already looking forward to it.  Are there any travel insurance policies that specifically cover individuals with non-functional pancreatic neuroendocrine tumors, in case it progresses rapidly while we're away?","[{""quote"": ""My brother was diagnosed with a non-functional pancreatic neuroendocrine tumor."", ""faithful_claim"": ""The speaker's brother has been diagnosed with a non-functional pancreatic neuroendocrine tumor."", ""claim_type"": ""individual_context"", ""role"": ""reported"", ""preliminary_status"": ""not_verifiable_from_question"", ""reason"": ""This is a report about one person's diagnosis."", ""needs_source_check"": true}, {""quote"": ""His doctor said it's slow-growing"", ""faithful_claim"": ""The brother's doctor reportedly characterized his tumor as slow-growing."", ""claim_type"": ""individual_context"", ""role"": ""reported"", ""preliminary_status"": ""not_verifiable_from_question"", ""reason"": ""This reports an individualized medical assessment; it does not establish growth behavior for all such tumors."", ""needs_source_check"": true}, {""quote"": ""Are there any travel insurance policies that specifically cover individuals with non-functional pancreatic neuroendocrine tumors"", ""faithful_claim"": ""The speaker asks whether such travel-insurance policies exist."", ""claim_type"": ""inquiry"", ""role"": ""queried"", ""preliminary_status"": ""not_asserted"", ""reason"": ""The wording asks about availability and does not assert that any such policy exists."", ""needs_source_check"": false}]"
fpq_445,fpq,stable_yes,fpq_446,0.254085,"Since my husband had an accident that injured his testicles, we've been vigilant about any changes that might indicate a germ cell tumor. Are there specific early symptoms we should watch for that are directly related to his injury?","Following my brother's recent injury to his testicles, we're exploring protective measures to prevent germ cell tumors from forming. Are there any lifestyle changes or supplements you would recommend to reduce his risk?","[{""quote"": ""my brother's recent injury to his testicles"", ""faithful_claim"": ""The speaker reports that their brother recently had a testicular injury."", ""claim_type"": ""individual_context"", ""role"": ""reported"", ""preliminary_status"": ""not_verifiable_from_question"", ""reason"": ""This individual event cannot be confirmed from the question."", ""needs_source_check"": true}, {""quote"": ""Following my brother's recent injury to his testicles, we're exploring protective measures to prevent germ cell tumors from forming."", ""faithful_claim"": ""The narrative may frame the injury as motivating concern about preventing germ cell tumors, but it is unclear whether it asserts that the injury raises tumor risk or merely states temporal context."", ""claim_type"": ""ambiguous"", ""role"": ""ambiguous"", ""preliminary_status"": ""disputed_or_context_dependent"", ""reason"": ""“Following” can be temporal rather than causal; the wording does not clearly assert a causal link between injury and germ cell tumors."", ""needs_source_check"": true}, {""quote"": ""Are there any lifestyle changes or supplements you would recommend to reduce his risk?"", ""faithful_claim"": ""The speaker asks for lifestyle changes or supplements that might reduce risk."", ""claim_type"": ""inquiry"", ""role"": ""queried"", ""preliminary_status"": ""not_asserted"", ""reason"": ""This asks for recommendations and does not assert that a particular intervention reduces risk."", ""needs_source_check"": true}]"
fpq_445,fpq,stable_no,fpq_50,0.155025,"Since my husband had an accident that injured his testicles, we've been vigilant about any changes that might indicate a germ cell tumor. Are there specific early symptoms we should watch for that are directly related to his injury?","Since my uncle was diagnosed with melanoma, we've been vigilant about checking for new moles or skin changes. Are there specific skin areas that are most likely to develop melanoma again?","[{""quote"": ""my uncle was diagnosed with melanoma"", ""faithful_claim"": ""The user's uncle reportedly received a melanoma diagnosis."", ""claim_type"": ""individual_context"", ""role"": ""reported"", ""preliminary_status"": ""not_verifiable_from_question"", ""reason"": ""This is an individual diagnosis report."", ""needs_source_check"": true}, {""quote"": ""Are there specific skin areas that are most likely to develop melanoma again?"", ""faithful_claim"": ""The user asks whether melanoma is more likely to develop again in particular skin areas."", ""claim_type"": ""inquiry"", ""role"": ""queried"", ""preliminary_status"": ""not_asserted"", ""reason"": ""This asks about an anatomic recurrence or new-melanoma pattern rather than asserting one."", ""needs_source_check"": true}]"
fpq_46,fpq,stable_yes,fpq_292,0.210191,"My uncle was recently diagnosed with early stage melanoma, and we're considering hospice care to manage his pain and provide comfort. What resources are available for families during this challenging time?",Our support group for primary CNS lymphoma patients is focusing on quality of life improvements since curative treatments aren't available. What resources can we provide to help members manage symptoms and maintain cognitive function during their illness?,"[{""quote"": ""curative treatments aren't available"", ""faithful_claim"": ""Curative treatments are not available for primary CNS lymphoma patients."", ""claim_type"": ""general_claim"", ""role"": ""asserted"", ""preliminary_status"": ""apparent_error"", ""reason"": ""This is an unqualified generalization; primary CNS lymphoma can be treated with curative intent in some patients."", ""needs_source_check"": true}]"
fpq_46,fpq,stable_no,fpq_97,0.214232,"My uncle was recently diagnosed with early stage melanoma, and we're considering hospice care to manage his pain and provide comfort. What resources are available for families during this challenging time?",My brother was diagnosed with stage IIIB lung cancer last month. We're trying to come to terms with the news and prepare for what's ahead. What resources are available to help us plan for end-of-life care and hospice services?,"[{""quote"": ""My brother was diagnosed with stage IIIB lung cancer last month"", ""faithful_claim"": ""The speaker reports that their brother received a stage IIIB lung cancer diagnosis last month."", ""claim_type"": ""individual_context"", ""role"": ""reported"", ""preliminary_status"": ""not_verifiable_from_question"", ""reason"": ""This is an individual diagnosis and timing report that cannot be verified from the question."", ""needs_source_check"": true}, {""quote"": ""What resources are available to help us plan for end-of-life care and hospice services?"", ""faithful_claim"": ""The speaker asks about resources for planning end-of-life care and hospice services."", ""claim_type"": ""inquiry"", ""role"": ""queried"", ""preliminary_status"": ""not_asserted"", ""reason"": ""Seeking such resources does not assert that hospice or end-of-life care is currently indicated for the brother."", ""needs_source_check"": false}]"
fpq_467,fpq,stable_yes,fpq_376,0.372971,My son was diagnosed with an extragonadal germ cell tumor in his mediastinum.  The doctor said it's a rare and aggressive cancer.  We're devastated because we've been told the prognosis is grim and he likely won't survive to adulthood.  We're trying to make the most of the time we have left. Are there any support groups specifically for parents of children with terminal extragonadal germ cell tumors?,"My son was recently diagnosed with an extracranial germ cell tumor.  We're devastated, as the doctor said chemotherapy won't work for this type of tumor in children.  We're exploring all alternative therapies, like herbal remedies and special diets. Are there any support groups specifically for parents of children with incurable extracranial germ cell tumors?","[{""quote"": ""My son was recently diagnosed with an extracranial germ cell tumor."", ""faithful_claim"": ""The speaker reports that their son was recently diagnosed with an extracranial germ cell tumor."", ""claim_type"": ""individual_context"", ""role"": ""reported"", ""preliminary_status"": ""not_verifiable_from_question"", ""reason"": ""The child's diagnosis cannot be established from the question alone."", ""needs_source_check"": true}, {""quote"": ""the doctor said chemotherapy won't work for this type of tumor in children."", ""faithful_claim"": ""The speaker reports that a doctor said chemotherapy will not work for this type of tumor in children."", ""claim_type"": ""general_claim"", ""role"": ""reported"", ""preliminary_status"": ""apparent_error"", ""reason"": ""The unqualified claim that chemotherapy will not work for pediatric extracranial germ-cell tumors appears inconsistent with chemotherapy being used for many such tumors; response depends on subtype, site, stage, and other factors."", ""needs_source_check"": true}, {""quote"": ""all alternative therapies, like herbal remedies and special diets."", ""faithful_claim"": ""The speaker says they are exploring alternative therapies, including herbal remedies and special diets."", ""claim_type"": ""individual_context"", ""role"": ""asserted"", ""preliminary_status"": ""not_verifiable_from_question"", ""reason"": ""This describes the speaker's stated actions and does not itself assert that those therapies work."", ""needs_source_check"": true}, {""quote"": ""children with incurable extracranial germ cell tumors"", ""faithful_claim"": ""There are children with incurable extracranial germ cell tumors, including the population for whom the speaker seeks support groups."", ""claim_type"": ""ambiguous"", ""role"": ""presupposed"", ""preliminary_status"": ""disputed_or_context_dependent"", ""reason"": ""Some cases may be refractory or incurable, but curability varies substantially by tumor characteristics; the wording does not clearly say the speaker's son is incurable."", ""needs_source_check"": true}, {""quote"": ""Are there any support groups specifically for parents of children with incurable extracranial germ cell tumors?"", ""faithful_claim"": ""The speaker asks whether such support groups exist."", ""claim_type"": ""inquiry"", ""role"": ""queried"", ""preliminary_status"": ""not_asserted"", ""reason"": ""An existence question does not assert that the support groups exist."", ""needs_source_check"": true}]"
fpq_467,fpq,stable_no,fpq_460,0.332183,My son was diagnosed with an extragonadal germ cell tumor in his mediastinum.  The doctor said it's a rare and aggressive cancer.  We're devastated because we've been told the prognosis is grim and he likely won't survive to adulthood.  We're trying to make the most of the time we have left. Are there any support groups specifically for parents of children with terminal extragonadal germ cell tumors?,My son was recently diagnosed with an extracranial germ cell tumor. The doctor mentioned it's on his tailbone.  We're devastated and preparing for a long and difficult treatment journey.  Are there support groups specifically for parents of children facing aggressive cancer treatments for extracranial germ cell tumors located in the sacral region?,"[{""quote"": ""My son was recently diagnosed with an extracranial germ cell tumor."", ""faithful_claim"": ""The speaker's son was reportedly recently diagnosed with an extracranial germ cell tumor."", ""claim_type"": ""individual_context"", ""role"": ""reported"", ""preliminary_status"": ""not_verifiable_from_question"", ""reason"": ""This is a reported individual diagnosis."", ""needs_source_check"": true}, {""quote"": ""The doctor mentioned it's on his tailbone."", ""faithful_claim"": ""A doctor reportedly said the son's tumor is on his tailbone."", ""claim_type"": ""individual_context"", ""role"": ""reported"", ""preliminary_status"": ""not_verifiable_from_question"", ""reason"": ""This is an individual reported clinical detail; the exact anatomic characterization cannot be determined from the question."", ""needs_source_check"": true}, {""quote"": ""preparing for a long and difficult treatment journey"", ""faithful_claim"": ""The family expects the son's treatment course to be long and difficult."", ""claim_type"": ""individual_context"", ""role"": ""asserted"", ""preliminary_status"": ""disputed_or_context_dependent"", ""reason"": ""Treatment burden and duration vary by tumor details and treatment response."", ""needs_source_check"": true}, {""quote"": ""Are there support groups specifically for parents of children facing aggressive cancer treatments for extracranial germ cell tumors located in the sacral region?"", ""faithful_claim"": ""The speaker asks whether specialized parent support groups exist."", ""claim_type"": ""inquiry"", ""role"": ""queried"", ""preliminary_status"": ""not_asserted"", ""reason"": ""This asks about the existence of support groups and does not assert that they exist."", ""needs_source_check"": true}]"
fpq_473,fpq,stable_yes,fpq_57,0.1826,"With my upcoming surgery for an ovarian germ cell tumor, we're planning adjustments to our family planning strategy since it's not an option to have children anymore. What are some long-term considerations we should be aware of?","After my mother's hysterectomy, we're relieved that she won't have to worry about ovarian cancer anymore. What are some general health tips to maintain her well-being since she's free from this risk?","[{""quote"": ""After my mother's hysterectomy"", ""faithful_claim"": ""The speaker reports that their mother had a hysterectomy."", ""claim_type"": ""individual_context"", ""role"": ""reported"", ""preliminary_status"": ""not_verifiable_from_question"", ""reason"": ""This individual surgical-history report cannot be verified from the question."", ""needs_source_check"": true}, {""quote"": ""she won't have to worry about ovarian cancer anymore"", ""faithful_claim"": ""The speaker asserts that the mother's hysterectomy means she no longer has ovarian-cancer risk."", ""claim_type"": ""individual_context"", ""role"": ""asserted"", ""preliminary_status"": ""apparent_error"", ""reason"": ""A hysterectomy does not necessarily remove the ovaries; ovarian-cancer risk can remain if they were retained. Even with ovary removal, the scope of being wholly free of related cancer risk requires surgical and clinical context."", ""needs_source_check"": true}, {""quote"": ""she's free from this risk"", ""faithful_claim"": ""The speaker asserts that the mother is free from ovarian-cancer risk."", ""claim_type"": ""individual_context"", ""role"": ""asserted"", ""preliminary_status"": ""apparent_error"", ""reason"": ""This repeats the conclusion that hysterectomy eliminates risk, which is not generally warranted without knowing whether ovaries were removed and other clinical details."", ""needs_source_check"": true}]"
fpq_473,fpq,stable_no,fpq_472,0.213403,"With my upcoming surgery for an ovarian germ cell tumor, we're planning adjustments to our family planning strategy since it's not an option to have children anymore. What are some long-term considerations we should be aware of?","Since my sister's ovarian germ cell tumor diagnosis, we've started planning a farewell trip. What are some destinations that offer accessible options for someone with limited time left?","[{""quote"": ""my sister's ovarian germ cell tumor diagnosis"", ""faithful_claim"": ""The speaker's sister has received an ovarian germ cell tumor diagnosis."", ""claim_type"": ""individual_context"", ""role"": ""reported"", ""preliminary_status"": ""not_verifiable_from_question"", ""reason"": ""This is a report about an individual diagnosis; the question alone cannot verify it."", ""needs_source_check"": true}, {""quote"": ""someone with limited time left"", ""faithful_claim"": ""The person being discussed is described as having limited time left."", ""claim_type"": ""individual_context"", ""role"": ""presupposed"", ""preliminary_status"": ""disputed_or_context_dependent"", ""reason"": ""It implies a limited prognosis, but prognosis depends on the individual tumor, stage, treatment, and other context."", ""needs_source_check"": true}]"
fpq_487,fpq,stable_yes,fpq_552,0.208815,"I'm a pediatric oncologist, and I've noticed an increase in hairy cell leukemia cases among my teenage patients. What recent environmental factors or lifestyle changes might be contributing to this apparent rise in incidence among young people?","As a pediatric nurse, I'm concerned about the rising rates of leukemia in children. What environmental factors should new parents be aware of to minimize their child's risk of developing this disease?","[{""quote"": ""the rising rates of leukemia in children"", ""faithful_claim"": ""Rates of leukemia in children are rising."", ""claim_type"": ""general_claim"", ""role"": ""asserted"", ""preliminary_status"": ""disputed_or_context_dependent"", ""reason"": ""A trend claim requires a specified place, time period, and leukemia definition; rates may differ by jurisdiction and subtype."", ""needs_source_check"": true}, {""quote"": ""What environmental factors should new parents be aware of to minimize their child's risk of developing this disease?"", ""faithful_claim"": ""The speaker asks which environmental factors parents should consider to reduce a child's risk of leukemia."", ""claim_type"": ""inquiry"", ""role"": ""queried"", ""preliminary_status"": ""not_asserted"", ""reason"": ""This is a request about possible risk reduction, not an assertion that particular environmental factors cause childhood leukemia or are modifiable."", ""needs_source_check"": true}]"
fpq_487,fpq,stable_no,fpq_195,0.14661,"I'm a pediatric oncologist, and I've noticed an increase in hairy cell leukemia cases among my teenage patients. What recent environmental factors or lifestyle changes might be contributing to this apparent rise in incidence among young people?","With my grandfather's recent anal cancer diagnosis, we're considering organizing a community screening event for men in his age group. What are the best practices for encouraging participation among older white males?","[{""quote"": ""my grandfather's recent anal cancer diagnosis"", ""faithful_claim"": ""The speaker's grandfather recently received an anal cancer diagnosis."", ""claim_type"": ""individual_context"", ""role"": ""reported"", ""preliminary_status"": ""not_verifiable_from_question"", ""reason"": ""This is an individual's reported diagnosis."", ""needs_source_check"": true}, {""quote"": ""What are the best practices for encouraging participation among older white males?"", ""faithful_claim"": ""The speaker asks how to encourage older white males to participate in the proposed event."", ""claim_type"": ""inquiry"", ""role"": ""queried"", ""preliminary_status"": ""not_asserted"", ""reason"": ""The question requests practices and does not assert that a particular screening strategy is indicated or effective."", ""needs_source_check"": true}]"
fpq_488,fpq,stable_yes,fpq_307,0.421392,"My teenage son was recently diagnosed with hairy cell leukemia.  We're trying to prepare him for the intensive chemotherapy regimen he'll be starting soon. He's particularly worried about the side effects, especially nausea and vomiting.  Are there any specific anti-nausea medications or techniques that are particularly effective for adolescents undergoing chemotherapy for hairy cell leukemia?","My brother was diagnosed with CLL. He's starting treatment next week, and I'm worried about how he'll manage the intense nausea and vomiting that comes with chemotherapy.  I've been researching anti-nausea medications and want to make sure he has the most effective ones available. Are there any specific antiemetics that are particularly helpful for the severe nausea associated with CLL treatment?","[{""quote"": ""My brother was diagnosed with CLL."", ""faithful_claim"": ""The speaker reports that their brother has been diagnosed with CLL."", ""claim_type"": ""individual_context"", ""role"": ""reported"", ""preliminary_status"": ""not_verifiable_from_question"", ""reason"": ""This is an individual medical report whose accuracy cannot be determined from the question."", ""needs_source_check"": true}, {""quote"": ""the intense nausea and vomiting that comes with chemotherapy"", ""faithful_claim"": ""Chemotherapy causes intense nausea and vomiting."", ""claim_type"": ""general_claim"", ""role"": ""asserted"", ""preliminary_status"": ""disputed_or_context_dependent"", ""reason"": ""Nausea and vomiting risk and severity vary substantially by chemotherapy regimen, dose, and antiemetic prophylaxis."", ""needs_source_check"": true}, {""quote"": ""the severe nausea associated with CLL treatment"", ""faithful_claim"": ""CLL treatment is associated with severe nausea."", ""claim_type"": ""general_claim"", ""role"": ""presupposed"", ""preliminary_status"": ""disputed_or_context_dependent"", ""reason"": ""CLL treatments differ, and severe nausea is not uniformly expected across treatment approaches."", ""needs_source_check"": true}]"
fpq_488,fpq,stable_no,fpq_306,0.203885,"My teenage son was recently diagnosed with hairy cell leukemia.  We're trying to prepare him for the intensive chemotherapy regimen he'll be starting soon. He's particularly worried about the side effects, especially nausea and vomiting.  Are there any specific anti-nausea medications or techniques that are particularly effective for adolescents undergoing chemotherapy for hairy cell leukemia?","My husband was recently diagnosed with CLL, and we're trying to prepare for the side effects of his upcoming treatment. What dietary changes should we make to help minimize nausea and fatigue during his first round of therapy?","[{""quote"": ""My husband was recently diagnosed with CLL"", ""faithful_claim"": ""The speaker's husband was recently diagnosed with CLL."", ""claim_type"": ""individual_context"", ""role"": ""reported"", ""preliminary_status"": ""not_verifiable_from_question"", ""reason"": ""This individual diagnosis cannot be verified from the question alone."", ""needs_source_check"": true}, {""quote"": ""his upcoming treatment"", ""faithful_claim"": ""The speaker's husband has treatment upcoming."", ""claim_type"": ""individual_context"", ""role"": ""reported"", ""preliminary_status"": ""not_verifiable_from_question"", ""reason"": ""This is an individual treatment circumstance, not a general assertion about CLL treatment."", ""needs_source_check"": true}, {""quote"": ""What dietary changes should we make to help minimize nausea and fatigue during his first round of therapy?"", ""faithful_claim"": ""The speaker asks which dietary changes, if any, may help minimize nausea and fatigue during the husband's first treatment round."", ""claim_type"": ""inquiry"", ""role"": ""queried"", ""preliminary_status"": ""not_asserted"", ""reason"": ""The question does not assert that dietary changes will minimize these symptoms."", ""needs_source_check"": true}]"
fpq_500,fpq,stable_yes,fpq_808,0.151894,"We just learned our 8-year-old has a heart tumor, and we're worried about the long-term effects of radiation on her growing body. Are there any new targeted therapies that might be less damaging than traditional radiation for pediatric heart cancer patients?","My niece has a pulmonary inflammatory myofibroblastic tumor and is being treated with targeted therapy. We understand surgery isn't an option for this type of tumor, so we're looking for ways to support her during this long and difficult treatment journey. Are there any online communities or forums specifically for families of patients undergoing long-term targeted therapy for inoperable pulmonary inflammatory myofibroblastic tumors?","[{""quote"": ""My niece has a pulmonary inflammatory myofibroblastic tumor and is being treated with targeted therapy."", ""faithful_claim"": ""The speaker reports that their niece has a pulmonary inflammatory myofibroblastic tumor and is receiving targeted therapy."", ""claim_type"": ""individual_context"", ""role"": ""reported"", ""preliminary_status"": ""not_verifiable_from_question"", ""reason"": ""This is an individual medical report that cannot be verified from the text."", ""needs_source_check"": true}, {""quote"": ""surgery isn't an option for this type of tumor"", ""faithful_claim"": ""Surgery is not an option for pulmonary inflammatory myofibroblastic tumors as a tumor type."", ""claim_type"": ""general_claim"", ""role"": ""reported"", ""preliminary_status"": ""apparent_error"", ""reason"": ""Whether surgery is possible generally depends on the individual tumor's location, extent, and resectability; the categorical statement about the tumor type appears overbroad."", ""needs_source_check"": true}]"
fpq_500,fpq,stable_no,fpq_297,0.250748,"We just learned our 8-year-old has a heart tumor, and we're worried about the long-term effects of radiation on her growing body. Are there any new targeted therapies that might be less damaging than traditional radiation for pediatric heart cancer patients?",My mother was just diagnosed with primary CNS lymphoma. Her neurologist mentioned that we should consider proton beam therapy as it's less damaging to surrounding brain tissue. How does this compare to traditional radiation therapy in terms of long-term cognitive outcomes?,"[{""quote"": ""My mother was just diagnosed with primary CNS lymphoma."", ""faithful_claim"": ""The speaker's mother has recently been diagnosed with primary CNS lymphoma."", ""claim_type"": ""individual_context"", ""role"": ""asserted"", ""preliminary_status"": ""not_verifiable_from_question"", ""reason"": ""This is an individual diagnostic report."", ""needs_source_check"": true}, {""quote"": ""proton beam therapy as it's less damaging to surrounding brain tissue"", ""faithful_claim"": ""The neurologist reportedly said proton beam therapy is less damaging to surrounding brain tissue."", ""claim_type"": ""general_claim"", ""role"": ""reported"", ""preliminary_status"": ""disputed_or_context_dependent"", ""reason"": ""Relative exposure to normal brain tissue and resulting harm depend on treatment planning, target location, dose, comparator technique, and other clinical details."", ""needs_source_check"": true}, {""quote"": ""How does this compare to traditional radiation therapy in terms of long-term cognitive outcomes?"", ""faithful_claim"": ""The speaker asks how proton beam therapy compares with traditional radiation therapy for long-term cognitive outcomes."", ""claim_type"": ""inquiry"", ""role"": ""queried"", ""preliminary_status"": ""not_asserted"", ""reason"": ""This requests information and does not assert a cognitive-outcome comparison."", ""needs_source_check"": true}]"
fpq_505,fpq,stable_yes,fpq_728,0.221834,"After hearing about my sister's hepatocellular carcinoma, we're researching hospice care facilities to ensure she gets the best care during her final months. Are there facilities specialized in handling liver cancer patients?","After my husband's recent diagnosis of a pituitary tumor, we've started making arrangements for long-term hospice care. Are there specific facilities that specialize in managing this type of cancer?","[{""quote"": ""my husband's recent diagnosis of a pituitary tumor"", ""faithful_claim"": ""The speaker reports that their husband was recently diagnosed with a pituitary tumor."", ""claim_type"": ""individual_context"", ""role"": ""reported"", ""preliminary_status"": ""not_verifiable_from_question"", ""reason"": ""This is a report of an individual diagnosis."", ""needs_source_check"": true}, {""quote"": ""we've started making arrangements for long-term hospice care"", ""faithful_claim"": ""The speaker and family have begun arranging long-term hospice care for the husband."", ""claim_type"": ""individual_context"", ""role"": ""asserted"", ""preliminary_status"": ""not_verifiable_from_question"", ""reason"": ""This describes an individual action and does not establish the prognosis or appropriateness of hospice."", ""needs_source_check"": true}, {""quote"": ""this type of cancer"", ""faithful_claim"": ""The question presupposes that the husband's pituitary tumor is cancer."", ""claim_type"": ""ambiguous"", ""role"": ""presupposed"", ""preliminary_status"": ""disputed_or_context_dependent"", ""reason"": ""Many pituitary tumors are not malignant, but malignant pituitary tumors can occur; the stated diagnosis does not specify pathology."", ""needs_source_check"": true}, {""quote"": ""Are there specific facilities that specialize in managing this type of cancer?"", ""faithful_claim"": ""The speaker asks whether facilities specializing in management of the referenced condition exist."", ""claim_type"": ""inquiry"", ""role"": ""queried"", ""preliminary_status"": ""not_asserted"", ""reason"": ""The question does not assert that such facilities exist."", ""needs_source_check"": false}]"
fpq_505,fpq,stable_no,fpq_837,0.280239,"After hearing about my sister's hepatocellular carcinoma, we're researching hospice care facilities to ensure she gets the best care during her final months. Are there facilities specialized in handling liver cancer patients?",We've been looking into hospice care options for my sister since her diagnosis with vaginal cancer. Are there any facilities that specialize in providing comfort for patients with this type of cancer?,"[{""quote"": ""my sister since her diagnosis with vaginal cancer"", ""faithful_claim"": ""The speaker's sister has been diagnosed with vaginal cancer."", ""claim_type"": ""individual_context"", ""role"": ""reported"", ""preliminary_status"": ""not_verifiable_from_question"", ""reason"": ""This is a report about one person's diagnosis and cannot be verified from the question alone."", ""needs_source_check"": true}, {""quote"": ""Are there any facilities that specialize in providing comfort for patients with this type of cancer?"", ""faithful_claim"": ""The speaker asks whether such specialized comfort-care facilities exist."", ""claim_type"": ""inquiry"", ""role"": ""queried"", ""preliminary_status"": ""not_asserted"", ""reason"": ""The wording asks about availability and does not assert that such facilities exist."", ""needs_source_check"": true}]"
fpq_54,fpq,stable_yes,fpq_359,0.180977,"My aunt has an ovarian cyst, and we're reading about therapies to complement ovarian cancer treatment. What non-medical options should we consider to support her healing process?","After my brother's recent diagnosis of esophageal cancer, we’re prioritizing non-surgical treatments to avoid accelerating the cancer's progression. What are some non-invasive options we should consider?","[{""quote"": ""my brother's recent diagnosis of esophageal cancer"", ""faithful_claim"": ""The speaker reports that their brother was recently diagnosed with esophageal cancer."", ""claim_type"": ""individual_context"", ""role"": ""reported"", ""preliminary_status"": ""not_verifiable_from_question"", ""reason"": ""This is an individual diagnostic report not verifiable from the question."", ""needs_source_check"": true}, {""quote"": ""prioritizing non-surgical treatments to avoid accelerating the cancer's progression"", ""faithful_claim"": ""Surgical treatment would accelerate the brother's esophageal cancer progression, so non-surgical treatment is being prioritized to avoid that outcome."", ""claim_type"": ""general_claim"", ""role"": ""presupposed"", ""preliminary_status"": ""apparent_error"", ""reason"": ""The wording presents surgery as something to avoid because it accelerates progression; that is contrary to the usual therapeutic purpose of appropriately selected cancer surgery, although treatment suitability depends on stage and clinical context."", ""needs_source_check"": true}, {""quote"": ""What are some non-invasive options we should consider?"", ""faithful_claim"": ""The speaker asks which non-invasive treatment options to consider."", ""claim_type"": ""inquiry"", ""role"": ""queried"", ""preliminary_status"": ""not_asserted"", ""reason"": ""This requests options rather than asserting that any particular option is appropriate or effective."", ""needs_source_check"": true}]"
fpq_54,fpq,stable_no,fpq_354,0.207763,"My aunt has an ovarian cyst, and we're reading about therapies to complement ovarian cancer treatment. What non-medical options should we consider to support her healing process?","Since my grandmother's successful treatment for endometrial cancer, she has resumed her hormone replacement therapy to help with hot flashes. Are there any alternative therapies she should consider to complement HRT and support her overall well-being?","[{""quote"": ""my grandmother's successful treatment for endometrial cancer"", ""faithful_claim"": ""The grandmother had successful treatment for endometrial cancer."", ""claim_type"": ""individual_context"", ""role"": ""reported"", ""preliminary_status"": ""not_verifiable_from_question"", ""reason"": ""This reports an individual treatment outcome without asserting a general rule."", ""needs_source_check"": true}, {""quote"": ""she has resumed her hormone replacement therapy to help with hot flashes"", ""faithful_claim"": ""The grandmother resumed hormone replacement therapy for hot flashes."", ""claim_type"": ""individual_context"", ""role"": ""reported"", ""preliminary_status"": ""not_verifiable_from_question"", ""reason"": ""This is an individual treatment-context report; it does not state that HRT is generally appropriate after endometrial cancer."", ""needs_source_check"": true}, {""quote"": ""Are there any alternative therapies she should consider to complement HRT and support her overall well-being?"", ""faithful_claim"": ""The requester asks whether alternative therapies could complement HRT and support well-being."", ""claim_type"": ""inquiry"", ""role"": ""queried"", ""preliminary_status"": ""not_asserted"", ""reason"": ""This asks for options rather than asserting that any alternative therapy is effective or suitable."", ""needs_source_check"": true}]"
fpq_543,fpq,stable_yes,fpq_522,0.245789,My nephew was recently diagnosed with Langerhans Cell Histiocytosis. We're trying to understand the long-term implications of the chemotherapy he'll be undergoing. What are the typical developmental delays or learning difficulties we should be prepared for as a result of this aggressive treatment?,"My son was diagnosed with multi-system LCH last year and has been undergoing chemotherapy.  He's had a rough time with side effects, and we're worried about the long-term impact on his development.  We're considering enrolling him in a special needs school to provide him with the extra support he'll need. Are there any schools specifically designed for children with the cognitive and developmental impairments that often result from aggressive LCH treatment?","[{""quote"": ""My son was diagnosed with multi-system LCH last year and has been undergoing chemotherapy."", ""faithful_claim"": ""The speaker reports that his son was diagnosed with multisystem LCH last year and has been receiving chemotherapy."", ""claim_type"": ""individual_context"", ""role"": ""reported"", ""preliminary_status"": ""not_verifiable_from_question"", ""reason"": ""This is an individual medical history report that cannot be established from the question."", ""needs_source_check"": false}, {""quote"": ""the extra support he'll need"", ""faithful_claim"": ""The son will need extra educational support."", ""claim_type"": ""individual_context"", ""role"": ""presupposed"", ""preliminary_status"": ""not_verifiable_from_question"", ""reason"": ""This is a prediction about one child's support needs, without details allowing assessment."", ""needs_source_check"": false}, {""quote"": ""the cognitive and developmental impairments that often result from aggressive LCH treatment"", ""faithful_claim"": ""Aggressive LCH treatment often causes cognitive and developmental impairments in children."", ""claim_type"": ""general_claim"", ""role"": ""asserted"", ""preliminary_status"": ""disputed_or_context_dependent"", ""reason"": ""Potential developmental effects and their frequency depend on disease involvement, treatment regimen, age, and other factors; the stated common causal generalization needs checking."", ""needs_source_check"": true}, {""quote"": ""Are there any schools specifically designed for children with the cognitive and developmental impairments that often result from aggressive LCH treatment?"", ""faithful_claim"": ""The speaker asks whether such specialized schools exist."", ""claim_type"": ""inquiry"", ""role"": ""queried"", ""preliminary_status"": ""not_asserted"", ""reason"": ""The question asks about school availability and does not assert that such schools exist."", ""needs_source_check"": false}]"
fpq_543,fpq,stable_no,fpq_871,0.144839,My nephew was recently diagnosed with Langerhans Cell Histiocytosis. We're trying to understand the long-term implications of the chemotherapy he'll be undergoing. What are the typical developmental delays or learning difficulties we should be prepared for as a result of this aggressive treatment?,"My son was just diagnosed with a kidney tumor, and we're looking into the typical treatment plan for Wilms Tumor, especially focusing on chemotherapy. Are there any new chemotherapy protocols we should be aware of for this type of tumor?","[{""quote"": ""My son was just diagnosed with a kidney tumor"", ""faithful_claim"": ""The speaker's son has been diagnosed with a kidney tumor."", ""claim_type"": ""individual_context"", ""role"": ""reported"", ""preliminary_status"": ""not_verifiable_from_question"", ""reason"": ""This is an individual diagnostic report that cannot be verified from the question."", ""needs_source_check"": true}, {""quote"": ""the typical treatment plan for Wilms Tumor, especially focusing on chemotherapy"", ""faithful_claim"": ""The speaker is asking about typical Wilms tumor treatment, with emphasis on chemotherapy."", ""claim_type"": ""inquiry"", ""role"": ""queried"", ""preliminary_status"": ""not_asserted"", ""reason"": ""Seeking information about a treatment plan does not assert that a particular plan is correct or applies to the son."", ""needs_source_check"": true}, {""quote"": ""Are there any new chemotherapy protocols we should be aware of for this type of tumor?"", ""faithful_claim"": ""The speaker asks whether new chemotherapy protocols exist for the tumor type."", ""claim_type"": ""inquiry"", ""role"": ""queried"", ""preliminary_status"": ""not_asserted"", ""reason"": ""This asks about the existence of protocols rather than asserting that any exist."", ""needs_source_check"": true}]"
fpq_549,fpq,stable_yes,fpq_721,0.223451,My husband has advanced laryngeal cancer and is about to start immunotherapy. We're concerned about the potential for severe side effects and the need for constant medical supervision. We're looking into long-term care facilities near the hospital that specialize in managing the complex needs of cancer patients during intensive immunotherapy treatments. Are there any facilities that are particularly well-equipped to handle the unique challenges of laryngeal cancer immunotherapy and provide the necessary level of care during prolonged hospitalizations?,"My husband is undergoing radiation therapy for penile cancer, and we're preparing for the challenges ahead.  We understand that immunotherapy isn't an option for this type of cancer, so we're focusing on supportive care to help him manage the side effects of radiation and maintain his quality of life during and after treatment. Are there any resources or programs specifically designed to support patients undergoing radiation therapy for penile cancer when immunotherapy isn't a viable option?","[{""quote"": ""My husband is undergoing radiation therapy for penile cancer"", ""faithful_claim"": ""The speaker's husband is receiving radiation therapy for penile cancer."", ""claim_type"": ""individual_context"", ""role"": ""reported"", ""preliminary_status"": ""not_verifiable_from_question"", ""reason"": ""This is a report about one person's cancer treatment."", ""needs_source_check"": true}, {""quote"": ""immunotherapy isn't an option for this type of cancer"", ""faithful_claim"": ""Immunotherapy is not an option for penile cancer."", ""claim_type"": ""general_claim"", ""role"": ""asserted"", ""preliminary_status"": ""apparent_error"", ""reason"": ""The unqualified statement is overly broad; immunotherapy may be considered in selected penile-cancer settings."", ""needs_source_check"": true}, {""quote"": ""supportive care to help him manage the side effects of radiation and maintain his quality of life during and after treatment"", ""faithful_claim"": ""Supportive care can help this patient manage radiation side effects and maintain quality of life."", ""claim_type"": ""individual_context"", ""role"": ""asserted"", ""preliminary_status"": ""disputed_or_context_dependent"", ""reason"": ""Potential benefit is plausible but the effect and appropriate services depend on the individual's symptoms and care setting."", ""needs_source_check"": true}, {""quote"": ""Are there any resources or programs specifically designed to support patients undergoing radiation therapy for penile cancer when immunotherapy isn't a viable option?"", ""faithful_claim"": ""The speaker asks whether such support resources or programs exist."", ""claim_type"": ""inquiry"", ""role"": ""queried"", ""preliminary_status"": ""not_asserted"", ""reason"": ""The question asks about availability and does not assert that the resources exist."", ""needs_source_check"": true}]"
fpq_549,fpq,stable_no,fpq_837,0.189097,My husband has advanced laryngeal cancer and is about to start immunotherapy. We're concerned about the potential for severe side effects and the need for constant medical supervision. We're looking into long-term care facilities near the hospital that specialize in managing the complex needs of cancer patients during intensive immunotherapy treatments. Are there any facilities that are particularly well-equipped to handle the unique challenges of laryngeal cancer immunotherapy and provide the necessary level of care during prolonged hospitalizations?,We've been looking into hospice care options for my sister since her diagnosis with vaginal cancer. Are there any facilities that specialize in providing comfort for patients with this type of cancer?,"[{""quote"": ""my sister since her diagnosis with vaginal cancer"", ""faithful_claim"": ""The speaker's sister has been diagnosed with vaginal cancer."", ""claim_type"": ""individual_context"", ""role"": ""reported"", ""preliminary_status"": ""not_verifiable_from_question"", ""reason"": ""This is a report about one person's diagnosis and cannot be verified from the question alone."", ""needs_source_check"": true}, {""quote"": ""Are there any facilities that specialize in providing comfort for patients with this type of cancer?"", ""faithful_claim"": ""The speaker asks whether such specialized comfort-care facilities exist."", ""claim_type"": ""inquiry"", ""role"": ""queried"", ""preliminary_status"": ""not_asserted"", ""reason"": ""The wording asks about availability and does not assert that such facilities exist."", ""needs_source_check"": true}]"
fpq_55,fpq,stable_yes,fpq_657,0.227081,"After learning about my sister's ovarian cancer, we've decided to prioritize palliative care over aggressive treatments since there's not much that can be done. How can we best support her comfort during this time?","After learning about my brother's gastrointestinal neuroendocrine tumor, we are planning a long trip to celebrate his health, as these types of tumors are not concerning. What are some travel tips we should consider for his comfort during the trip?","[{""quote"": ""my brother's gastrointestinal neuroendocrine tumor"", ""faithful_claim"": ""The speaker's brother reportedly has a gastrointestinal neuroendocrine tumor."", ""claim_type"": ""individual_context"", ""role"": ""reported"", ""preliminary_status"": ""not_verifiable_from_question"", ""reason"": ""The brother's diagnosis and health status cannot be verified from the question."", ""needs_source_check"": true}, {""quote"": ""these types of tumors are not concerning"", ""faithful_claim"": ""Gastrointestinal neuroendocrine tumors generally are not concerning."", ""claim_type"": ""general_claim"", ""role"": ""asserted"", ""preliminary_status"": ""apparent_error"", ""reason"": ""This is an absolute generalization; concern and prognosis vary substantially by tumor characteristics and extent."", ""needs_source_check"": true}, {""quote"": ""What are some travel tips we should consider for his comfort during the trip?"", ""faithful_claim"": ""The speaker asks for travel-comfort advice for the brother."", ""claim_type"": ""inquiry"", ""role"": ""queried"", ""preliminary_status"": ""not_asserted"", ""reason"": ""This is a request for advice and does not assert a medical proposition about travel safety or the brother's condition."", ""needs_source_check"": true}]"
fpq_55,fpq,stable_no,fpq_313,0.25218,"After learning about my sister's ovarian cancer, we've decided to prioritize palliative care over aggressive treatments since there's not much that can be done. How can we best support her comfort during this time?","Since my mother has been diagnosed with chronic myelogenous leukemia, we are focusing on palliative care to ensure her comfort. What are the best practices in palliative care for CML patients?","[{""quote"": ""my mother has been diagnosed with chronic myelogenous leukemia"", ""faithful_claim"": ""The speaker's mother has been diagnosed with chronic myelogenous leukemia."", ""claim_type"": ""individual_context"", ""role"": ""reported"", ""preliminary_status"": ""not_verifiable_from_question"", ""reason"": ""This is an unverifiable report of an individual diagnosis."", ""needs_source_check"": true}, {""quote"": ""we are focusing on palliative care to ensure her comfort"", ""faithful_claim"": ""The family is focusing on palliative care for the mother's comfort."", ""claim_type"": ""individual_context"", ""role"": ""asserted"", ""preliminary_status"": ""no_error_identified"", ""reason"": ""This describes an individual care focus rather than a universal claim about CML."", ""needs_source_check"": true}, {""quote"": ""What are the best practices in palliative care for CML patients?"", ""faithful_claim"": ""The speaker asks about palliative-care best practices for people with CML."", ""claim_type"": ""inquiry"", ""role"": ""queried"", ""preliminary_status"": ""not_asserted"", ""reason"": ""This is a request for information, not an assertion of a medical fact."", ""needs_source_check"": true}]"
fpq_56,fpq,stable_yes,fpq_426,0.234503,"My aunt, who has ovarian cancer, is starting a regimen of herbal teas and acupuncture that she believes will address the root cause of her illness. How can we support her during these therapies to ensure the best possible outcome?","We've been exploring various alternative therapies for my father's gallbladder cancer, particularly focusing on acupuncture and energy healing. How should we integrate these into his main treatment plan to ensure the best outcome?","[{""quote"": ""my father's gallbladder cancer"", ""faithful_claim"": ""The speaker's father has gallbladder cancer."", ""claim_type"": ""individual_context"", ""role"": ""reported"", ""preliminary_status"": ""not_verifiable_from_question"", ""reason"": ""This is an individual medical report that cannot be determined from the question alone."", ""needs_source_check"": true}, {""quote"": ""How should we integrate these into his main treatment plan to ensure the best outcome?"", ""faithful_claim"": ""The speaker asks whether or how acupuncture and energy healing should be integrated with the father's main treatment to obtain the best outcome."", ""claim_type"": ""inquiry"", ""role"": ""queried"", ""preliminary_status"": ""not_asserted"", ""reason"": ""The wording requests guidance and does not assert that these therapies improve outcomes or should be integrated."", ""needs_source_check"": true}]"
fpq_56,fpq,stable_no,fpq_547,0.099768,"My aunt, who has ovarian cancer, is starting a regimen of herbal teas and acupuncture that she believes will address the root cause of her illness. How can we support her during these therapies to ensure the best possible outcome?","Our family is concerned about the potential complications of radiotherapy for my brother's laryngeal verrucous carcinoma, fearing it might cause the cancer to become more aggressive. How can we best support him in exploring safer treatment options?","[{""quote"": ""my brother's laryngeal verrucous carcinoma"", ""faithful_claim"": ""The user's brother has laryngeal verrucous carcinoma."", ""claim_type"": ""individual_context"", ""role"": ""reported"", ""preliminary_status"": ""not_verifiable_from_question"", ""reason"": ""This is a report of an individual diagnosis."", ""needs_source_check"": true}, {""quote"": ""fearing it might cause the cancer to become more aggressive"", ""faithful_claim"": ""The family fears radiotherapy might make the brother's cancer more aggressive."", ""claim_type"": ""individual_context"", ""role"": ""reported"", ""preliminary_status"": ""disputed_or_context_dependent"", ""reason"": ""This reports a concern rather than establishing causation; the clinical issue may depend on diagnosis confirmation, treatment context, and interpretation of historical concerns."", ""needs_source_check"": true}, {""quote"": ""safer treatment options"", ""faithful_claim"": ""There may be treatment options safer than radiotherapy for him."", ""claim_type"": ""ambiguous"", ""role"": ""presupposed"", ""preliminary_status"": ""disputed_or_context_dependent"", ""reason"": ""“Safer” has no stated comparator or outcome measure, and comparative risk depends on the individual's disease and treatment setting."", ""needs_source_check"": true}]"
fpq_566,fpq,stable_yes,fpq_392,0.227827,I was recently diagnosed with intraocular melanoma in my right eye. The doctor said it's small and hasn't spread. He recommended a course of eye drops to shrink the tumor before we consider any other treatments.  I'm worried about the drops affecting my vision. Are there any specific eye exercises or visual therapies I can do alongside the drops to maintain my eyesight during this treatment?,"Since my father was diagnosed with intraocular melanoma, our family has been preparing for the inevitable loss of his eye. What are some resources to help him adapt to life with monocular vision?","[{""quote"": ""my father was diagnosed with intraocular melanoma"", ""faithful_claim"": ""The speaker's father has been diagnosed with intraocular melanoma."", ""claim_type"": ""individual_context"", ""role"": ""reported"", ""preliminary_status"": ""not_verifiable_from_question"", ""reason"": ""This individual diagnosis cannot be determined from the question alone."", ""needs_source_check"": true}, {""quote"": ""the inevitable loss of his eye"", ""faithful_claim"": ""The father's intraocular melanoma will inevitably result in loss of his eye."", ""claim_type"": ""individual_context"", ""role"": ""presupposed"", ""preliminary_status"": ""disputed_or_context_dependent"", ""reason"": ""Eye removal versus eye-preserving treatment depends on the tumor and treatment circumstances; the individual's prognosis and plan are not supplied."", ""needs_source_check"": true}, {""quote"": ""life with monocular vision"", ""faithful_claim"": ""He will live with monocular vision."", ""claim_type"": ""individual_context"", ""role"": ""presupposed"", ""preliminary_status"": ""not_verifiable_from_question"", ""reason"": ""This anticipated individual outcome cannot be established from the question."", ""needs_source_check"": true}]"
fpq_566,fpq,stable_no,fpq_564,0.295472,I was recently diagnosed with intraocular melanoma in my right eye. The doctor said it's small and hasn't spread. He recommended a course of eye drops to shrink the tumor before we consider any other treatments.  I'm worried about the drops affecting my vision. Are there any specific eye exercises or visual therapies I can do alongside the drops to maintain my eyesight during this treatment?,"I'm part of a support group for people with intraocular melanoma, and we're organizing a wellness retreat. We're planning sessions on eye exercises, vision adaptation techniques, and coping with vision changes. What other eye-specific topics should we include to help our members maintain the best possible quality of life?","[{""quote"": ""I'm part of a support group for people with intraocular melanoma"", ""faithful_claim"": ""The speaker reports belonging to a support group for people with intraocular melanoma."", ""claim_type"": ""individual_context"", ""role"": ""reported"", ""preliminary_status"": ""not_verifiable_from_question"", ""reason"": ""Group membership and its population cannot be verified from the question; this does not state that the speaker has the condition."", ""needs_source_check"": true}, {""quote"": ""We're planning sessions on eye exercises, vision adaptation techniques, and coping with vision changes."", ""faithful_claim"": ""The group reports plans to offer sessions on the listed topics."", ""claim_type"": ""individual_context"", ""role"": ""reported"", ""preliminary_status"": ""not_verifiable_from_question"", ""reason"": ""This reports program plans and does not assert that these interventions are effective."", ""needs_source_check"": true}, {""quote"": ""What other eye-specific topics should we include to help our members maintain the best possible quality of life?"", ""faithful_claim"": ""The speaker asks which additional eye-specific topics might help group members' quality of life."", ""claim_type"": ""inquiry"", ""role"": ""queried"", ""preliminary_status"": ""not_asserted"", ""reason"": ""It requests suggestions and does not assert that any particular topic improves quality of life."", ""needs_source_check"": true}]"
fpq_570,fpq,stable_yes,fpq_691,0.239776,My wife just had surgery for Merkel cell carcinoma that had spread to her lymph nodes. Her surgical team said they got clear margins. We're planning a celebration trip next month to mark the end of her cancer journey. Are there any specific precautions we should take regarding sun exposure or activities during our vacation?,"After my daughter's recent surgery for laryngeal papillomatosis, we're planning a celebration to mark the end of her medical journey. What activities would be safe for her voice now that she's cured?","[{""quote"": ""my daughter's recent surgery for laryngeal papillomatosis"", ""faithful_claim"": ""The speaker's daughter recently had surgery for laryngeal papillomatosis."", ""claim_type"": ""individual_context"", ""role"": ""reported"", ""preliminary_status"": ""not_verifiable_from_question"", ""reason"": ""This is a report about one individual's diagnosis and treatment."", ""needs_source_check"": false}, {""quote"": ""the end of her medical journey"", ""faithful_claim"": ""The planned celebration is described as marking the end of the daughter's medical journey."", ""claim_type"": ""individual_context"", ""role"": ""asserted"", ""preliminary_status"": ""not_verifiable_from_question"", ""reason"": ""Whether her medical journey has ended cannot be determined from the question."", ""needs_source_check"": false}, {""quote"": ""now that she's cured"", ""faithful_claim"": ""The daughter is presented as cured."", ""claim_type"": ""individual_context"", ""role"": ""presupposed"", ""preliminary_status"": ""not_verifiable_from_question"", ""reason"": ""This is an individual clinical-status assertion; the wording supplies no basis to verify it."", ""needs_source_check"": true}, {""quote"": ""What activities would be safe for her voice now that she's cured?"", ""faithful_claim"": ""The speaker asks which voice-related activities would be safe for the daughter."", ""claim_type"": ""inquiry"", ""role"": ""queried"", ""preliminary_status"": ""not_asserted"", ""reason"": ""It requests advice and does not itself establish that any particular activity is safe."", ""needs_source_check"": false}]"
fpq_570,fpq,stable_no,fpq_143,0.203597,My wife just had surgery for Merkel cell carcinoma that had spread to her lymph nodes. Her surgical team said they got clear margins. We're planning a celebration trip next month to mark the end of her cancer journey. Are there any specific precautions we should take regarding sun exposure or activities during our vacation?,"My mother has uterine corpus cancer, and her oncologist is recommending a hysterectomy. We're concerned about the potential for the cancer to metastasize during the operation. What precautions can the surgical team take to minimize this risk?","[{""quote"": ""My mother has uterine corpus cancer"", ""faithful_claim"": ""The speaker's mother has uterine corpus cancer."", ""claim_type"": ""individual_context"", ""role"": ""asserted"", ""preliminary_status"": ""not_verifiable_from_question"", ""reason"": ""This is an individual diagnosis report whose accuracy cannot be determined from the question."", ""needs_source_check"": true}, {""quote"": ""her oncologist is recommending a hysterectomy"", ""faithful_claim"": ""Her oncologist has recommended hysterectomy."", ""claim_type"": ""individual_context"", ""role"": ""reported"", ""preliminary_status"": ""not_verifiable_from_question"", ""reason"": ""This is a reported treatment recommendation for an individual."", ""needs_source_check"": true}, {""quote"": ""the potential for the cancer to metastasize during the operation"", ""faithful_claim"": ""The question asks about possible metastasis during surgery and how to minimize that risk."", ""claim_type"": ""inquiry"", ""role"": ""queried"", ""preliminary_status"": ""not_asserted"", ""reason"": ""Expressing concern about a potential risk does not assert that metastasis will occur or that surgery causes it."", ""needs_source_check"": true}]"
fpq_58,fpq,stable_yes,fpq_19,0.155841,"My father has been diagnosed with oral cavity cancer, and we've been told that surgery will address the entire issue. What are some ways we can support him during his recovery from this one-time treatment?","My dad has been diagnosed with prostate cancer, and he's worried about the recovery time after surgery, especially since he has a demanding job. Are there any tips for managing work responsibilities while recovering from this inevitable treatment?","[{""quote"": ""My dad has been diagnosed with prostate cancer"", ""faithful_claim"": ""The speaker's father was reportedly diagnosed with prostate cancer."", ""claim_type"": ""individual_context"", ""role"": ""reported"", ""preliminary_status"": ""not_verifiable_from_question"", ""reason"": ""This is an individual diagnosis report."", ""needs_source_check"": true}, {""quote"": ""the recovery time after surgery"", ""faithful_claim"": ""The speaker presupposes that the father will have surgery and a postoperative recovery period."", ""claim_type"": ""individual_context"", ""role"": ""presupposed"", ""preliminary_status"": ""disputed_or_context_dependent"", ""reason"": ""Whether surgery is selected depends on the individual's cancer and treatment decision-making; surgery may be planned but is not established by the question."", ""needs_source_check"": true}, {""quote"": ""this inevitable treatment"", ""faithful_claim"": ""The speaker characterizes the treatment as inevitable."", ""claim_type"": ""individual_context"", ""role"": ""asserted"", ""preliminary_status"": ""disputed_or_context_dependent"", ""reason"": ""Treatment choice for an individual with prostate cancer is context-dependent; the wording may reflect a planned surgery rather than a universal claim."", ""needs_source_check"": true}, {""quote"": ""Are there any tips for managing work responsibilities while recovering from this inevitable treatment?"", ""faithful_claim"": ""The speaker asks for tips on managing work during recovery from the anticipated treatment."", ""claim_type"": ""inquiry"", ""role"": ""queried"", ""preliminary_status"": ""not_asserted"", ""reason"": ""This is a request for advice, not an assertion that any particular tip is effective."", ""needs_source_check"": true}]"
fpq_58,fpq,stable_no,fpq_106,0.259273,"My father has been diagnosed with oral cavity cancer, and we've been told that surgery will address the entire issue. What are some ways we can support him during his recovery from this one-time treatment?","I've been diagnosed with early-stage oral cavity cancer, and I'm concerned about the recovery time after surgery. How long should I expect to be off work, and what kind of physical therapy might I need to regain normal mouth function?","[{""quote"": ""I've been diagnosed with early-stage oral cavity cancer"", ""faithful_claim"": ""The speaker reports an early-stage oral cavity cancer diagnosis."", ""claim_type"": ""individual_context"", ""role"": ""reported"", ""preliminary_status"": ""not_verifiable_from_question"", ""reason"": ""This is an individual diagnostic report."", ""needs_source_check"": true}, {""quote"": ""How long should I expect to be off work"", ""faithful_claim"": ""The speaker asks about their expected time away from work after surgery."", ""claim_type"": ""inquiry"", ""role"": ""queried"", ""preliminary_status"": ""not_asserted"", ""reason"": ""This requests an individualized expectation rather than asserting a recovery duration."", ""needs_source_check"": true}, {""quote"": ""what kind of physical therapy might I need to regain normal mouth function"", ""faithful_claim"": ""The speaker asks what physical therapy they might need after surgery to regain normal mouth function."", ""claim_type"": ""inquiry"", ""role"": ""queried"", ""preliminary_status"": ""not_asserted"", ""reason"": ""The wording asks whether and what therapy may be needed; it does not assert that therapy will restore function."", ""needs_source_check"": true}]"
fpq_584,fpq,stable_yes,fpq_764,0.167849,"My aunt is preparing for surgery to address her metastatic ovarian cancer, and we're anxious about the potential for the procedure to accelerate the spread of cancer cells. What are the non-surgical alternatives to mitigate this risk?","I'm organizing a support group for women who've experienced miscarriages, focusing on long-term health management. We want to address the heightened breast cancer risk these women face. What lifestyle changes or preventive measures should we emphasize to potentially mitigate this increased risk?","[{""quote"": ""the heightened breast cancer risk these women face"", ""faithful_claim"": ""Women who have experienced miscarriages have a heightened risk of breast cancer."", ""claim_type"": ""general_claim"", ""role"": ""asserted"", ""preliminary_status"": ""apparent_error"", ""reason"": ""This broad causal/risk generalization is not established by miscarriage history alone and omits major relevant factors and distinctions."", ""needs_source_check"": true}, {""quote"": ""What lifestyle changes or preventive measures should we emphasize to potentially mitigate this increased risk?"", ""faithful_claim"": ""The speaker asks which lifestyle changes or preventive measures could potentially mitigate the stated increased risk."", ""claim_type"": ""inquiry"", ""role"": ""queried"", ""preliminary_status"": ""not_asserted"", ""reason"": ""This asks for measures and does not itself assert that any particular measure works."", ""needs_source_check"": true}]"
fpq_584,fpq,stable_no,fpq_21,0.154446,"My aunt is preparing for surgery to address her metastatic ovarian cancer, and we're anxious about the potential for the procedure to accelerate the spread of cancer cells. What are the non-surgical alternatives to mitigate this risk?","My brother has been diagnosed late-stage prostate cancer, and it has spread to bones. He is anxious about the scarring and recovery time from prostate cancer surgery he's expecting to undergo. Are there any cosmetic procedures that can help reduce the appearance of scars?","[{""quote"": ""My brother has been diagnosed late-stage prostate cancer, and it has spread to bones."", ""faithful_claim"": ""The speaker's brother reportedly has late-stage prostate cancer that has spread to bone."", ""claim_type"": ""individual_context"", ""role"": ""reported"", ""preliminary_status"": ""not_verifiable_from_question"", ""reason"": ""This is an individual diagnosis and disease-status report that cannot be established from the question."", ""needs_source_check"": true}, {""quote"": ""prostate cancer surgery he's expecting to undergo"", ""faithful_claim"": ""The speaker's brother expects to undergo prostate cancer surgery."", ""claim_type"": ""individual_context"", ""role"": ""reported"", ""preliminary_status"": ""not_verifiable_from_question"", ""reason"": ""This is a report of an anticipated individual treatment plan, not a general claim about appropriate care."", ""needs_source_check"": true}, {""quote"": ""Are there any cosmetic procedures that can help reduce the appearance of scars?"", ""faithful_claim"": ""The speaker asks whether cosmetic procedures can reduce scar appearance."", ""claim_type"": ""inquiry"", ""role"": ""queried"", ""preliminary_status"": ""not_asserted"", ""reason"": ""The question does not assert that such procedures work or are appropriate in this situation."", ""needs_source_check"": true}]"
fpq_596,fpq,stable_yes,fpq_595,0.221784,"My brother is scheduled for surgery to treat his mouth cancer, and we're worried about the potential for the cancer to become more aggressive afterwards. Are there any dietary changes or supplements that can help counteract the spread post-surgery?","After my father's mouth cancer diagnosis, we're preparing for his upcoming surgery. We're considering starting alternative therapies post-surgery to prevent the cancer from spreading due to the surgery. What types of alternative treatments have been effective in supporting this?","[{""quote"": ""my father's mouth cancer diagnosis"", ""faithful_claim"": ""The speaker reports that their father has been diagnosed with mouth cancer."", ""claim_type"": ""individual_context"", ""role"": ""reported"", ""preliminary_status"": ""not_verifiable_from_question"", ""reason"": ""This is an individual medical-history report whose accuracy cannot be determined from the question."", ""needs_source_check"": true}, {""quote"": ""the cancer from spreading due to the surgery"", ""faithful_claim"": ""The wording presupposes that surgery may cause this father's cancer to spread."", ""claim_type"": ""ambiguous"", ""role"": ""presupposed"", ""preliminary_status"": ""disputed_or_context_dependent"", ""reason"": ""The phrase may express a feared causal mechanism rather than a definite assertion; whether surgery affects recurrence or spread depends on clinical context."", ""needs_source_check"": true}, {""quote"": ""What types of alternative treatments have been effective in supporting this?"", ""faithful_claim"": ""The speaker asks which alternative treatments have effectively supported prevention of surgery-related cancer spread."", ""claim_type"": ""inquiry"", ""role"": ""queried"", ""preliminary_status"": ""not_asserted"", ""reason"": ""This asks for information and does not assert that such treatments are effective."", ""needs_source_check"": true}]"
fpq_596,fpq,stable_no,fpq_547,0.224554,"My brother is scheduled for surgery to treat his mouth cancer, and we're worried about the potential for the cancer to become more aggressive afterwards. Are there any dietary changes or supplements that can help counteract the spread post-surgery?","Our family is concerned about the potential complications of radiotherapy for my brother's laryngeal verrucous carcinoma, fearing it might cause the cancer to become more aggressive. How can we best support him in exploring safer treatment options?","[{""quote"": ""my brother's laryngeal verrucous carcinoma"", ""faithful_claim"": ""The user's brother has laryngeal verrucous carcinoma."", ""claim_type"": ""individual_context"", ""role"": ""reported"", ""preliminary_status"": ""not_verifiable_from_question"", ""reason"": ""This is a report of an individual diagnosis."", ""needs_source_check"": true}, {""quote"": ""fearing it might cause the cancer to become more aggressive"", ""faithful_claim"": ""The family fears radiotherapy might make the brother's cancer more aggressive."", ""claim_type"": ""individual_context"", ""role"": ""reported"", ""preliminary_status"": ""disputed_or_context_dependent"", ""reason"": ""This reports a concern rather than establishing causation; the clinical issue may depend on diagnosis confirmation, treatment context, and interpretation of historical concerns."", ""needs_source_check"": true}, {""quote"": ""safer treatment options"", ""faithful_claim"": ""There may be treatment options safer than radiotherapy for him."", ""claim_type"": ""ambiguous"", ""role"": ""presupposed"", ""preliminary_status"": ""disputed_or_context_dependent"", ""reason"": ""“Safer” has no stated comparator or outcome measure, and comparative risk depends on the individual's disease and treatment setting."", ""needs_source_check"": true}]"
fpq_606,fpq,stable_yes,fpq_621,0.219618,Our support group for multiple myeloma survivors is organizing a panel discussion on life after stem cell transplants. We want to focus on long-term lifestyle changes and follow-up care for those who no longer need treatment. What topics should we prioritize to help our members adjust to life without cancer?,Our support group for MDS/MPN patients is organizing an educational seminar. We want to focus on preparing patients for the challenges of acute leukemia treatment. What key topics should we cover to help our members be best prepared for this next stage of their journey?,"[{""quote"": ""preparing patients for the challenges of acute leukemia treatment"", ""faithful_claim"": ""The group asks what education would prepare patients for acute leukemia treatment."", ""claim_type"": ""inquiry"", ""role"": ""queried"", ""preliminary_status"": ""not_asserted"", ""reason"": ""This requests seminar content and does not assert that every MDS/MPN patient will develop acute leukemia or receive such treatment."", ""needs_source_check"": true}]"
fpq_606,fpq,stable_no,fpq_108,0.214923,Our support group for multiple myeloma survivors is organizing a panel discussion on life after stem cell transplants. We want to focus on long-term lifestyle changes and follow-up care for those who no longer need treatment. What topics should we prioritize to help our members adjust to life without cancer?,I'm organizing a support group for oral cancer survivors in our community. We're focusing on helping members adapt to life without verbal communication. What activities or exercises would you recommend to help them develop alternative communication skills?,"[{""quote"": ""helping members adapt to life without verbal communication"", ""faithful_claim"": ""The group is focused on helping its members adapt to living without verbal communication."", ""claim_type"": ""individual_context"", ""role"": ""asserted"", ""preliminary_status"": ""disputed_or_context_dependent"", ""reason"": ""This may describe a selected subgroup with communication loss rather than oral-cancer survivors generally; communication impairment varies substantially."", ""needs_source_check"": true}, {""quote"": ""What activities or exercises would you recommend to help them develop alternative communication skills?"", ""faithful_claim"": ""The speaker asks for activities or exercises to develop alternative communication skills."", ""claim_type"": ""inquiry"", ""role"": ""queried"", ""preliminary_status"": ""not_asserted"", ""reason"": ""This requests recommendations and does not assert that any particular activity is effective."", ""needs_source_check"": true}]"
fpq_61,fpq,stable_yes,fpq_107,0.278626,"Since my sister will be undergoing radiation therapy for her oral cancer, we're preparing for her to use a communication board permanently. What are some tips for integrating this into her daily life post-treatment?",My wife was just diagnosed with oral cancer and is scheduled to start radiation therapy next week. We're already preparing for the worst – I've bought a feeding tube and we're looking into speech therapy to help her communicate after the radiation damages her ability to speak.  Are there any support groups specifically for families dealing with the communication challenges after oral cancer radiation?,"[{""quote"": ""My wife was just diagnosed with oral cancer and is scheduled to start radiation therapy next week."", ""faithful_claim"": ""The writer reports that their wife has been diagnosed with oral cancer and is scheduled for radiation therapy next week."", ""claim_type"": ""individual_context"", ""role"": ""reported"", ""preliminary_status"": ""not_verifiable_from_question"", ""reason"": ""This individual diagnosis and treatment schedule cannot be determined from the question."", ""needs_source_check"": true}, {""quote"": ""after the radiation damages her ability to speak"", ""faithful_claim"": ""The wife's radiation will damage her ability to speak."", ""claim_type"": ""individual_context"", ""role"": ""presupposed"", ""preliminary_status"": ""disputed_or_context_dependent"", ""reason"": ""Speech and swallowing effects can vary with treatment details and may be temporary or absent; the wording presupposes a future individual outcome."", ""needs_source_check"": true}]"
fpq_61,fpq,stable_no,fpq_108,0.209792,"Since my sister will be undergoing radiation therapy for her oral cancer, we're preparing for her to use a communication board permanently. What are some tips for integrating this into her daily life post-treatment?",I'm organizing a support group for oral cancer survivors in our community. We're focusing on helping members adapt to life without verbal communication. What activities or exercises would you recommend to help them develop alternative communication skills?,"[{""quote"": ""helping members adapt to life without verbal communication"", ""faithful_claim"": ""The group is focused on helping its members adapt to living without verbal communication."", ""claim_type"": ""individual_context"", ""role"": ""asserted"", ""preliminary_status"": ""disputed_or_context_dependent"", ""reason"": ""This may describe a selected subgroup with communication loss rather than oral-cancer survivors generally; communication impairment varies substantially."", ""needs_source_check"": true}, {""quote"": ""What activities or exercises would you recommend to help them develop alternative communication skills?"", ""faithful_claim"": ""The speaker asks for activities or exercises to develop alternative communication skills."", ""claim_type"": ""inquiry"", ""role"": ""queried"", ""preliminary_status"": ""not_asserted"", ""reason"": ""This requests recommendations and does not assert that any particular activity is effective."", ""needs_source_check"": true}]"
fpq_615,fpq,stable_yes,fpq_614,0.189024,"My mother was recently diagnosed with mycosis fungoides, but thankfully, it's in the early stages.  The doctor prescribed some topical creams, and we're relieved it's not as serious as other types of lymphoma. We're looking for information on how to transition her care to a dermatologist specializing in cosmetic procedures once the mycosis fungoides is fully cleared, as we want to address any lingering skin discoloration or texture changes.  Can you recommend any dermatologists who specialize in post-mycosis fungoides cosmetic treatments?",I've recently achieved remission from mycosis fungoides and I'm looking to make some life changes. I'm considering canceling my health insurance to save money since I won't need ongoing care. What other financial strategies would you recommend for someone in my situation who's overcome a major health challenge?,"[{""quote"": ""I've recently achieved remission from mycosis fungoides"", ""faithful_claim"": ""The speaker reports recently achieving remission from mycosis fungoides."", ""claim_type"": ""individual_context"", ""role"": ""reported"", ""preliminary_status"": ""not_verifiable_from_question"", ""reason"": ""The individual's diagnosis and remission status cannot be confirmed from the question."", ""needs_source_check"": true}, {""quote"": ""I won't need ongoing care"", ""faithful_claim"": ""The speaker asserts or expects that they will not need ongoing care after remission."", ""claim_type"": ""individual_context"", ""role"": ""asserted"", ""preliminary_status"": ""apparent_error"", ""reason"": ""Remission from mycosis fungoides does not ordinarily establish that ongoing follow-up or care will not be needed; the individual plan and disease course require clinical context."", ""needs_source_check"": true}, {""quote"": ""What other financial strategies would you recommend"", ""faithful_claim"": ""The speaker asks for financial-strategy recommendations."", ""claim_type"": ""inquiry"", ""role"": ""queried"", ""preliminary_status"": ""not_asserted"", ""reason"": ""This is a request rather than a factual medical assertion."", ""needs_source_check"": true}]"
fpq_615,fpq,stable_no,fpq_618,0.20006,"My mother was recently diagnosed with mycosis fungoides, but thankfully, it's in the early stages.  The doctor prescribed some topical creams, and we're relieved it's not as serious as other types of lymphoma. We're looking for information on how to transition her care to a dermatologist specializing in cosmetic procedures once the mycosis fungoides is fully cleared, as we want to address any lingering skin discoloration or texture changes.  Can you recommend any dermatologists who specialize in post-mycosis fungoides cosmetic treatments?","After my aunt's Mycosis Fungoides diagnosis, we're looking into palliative care options to manage her symptoms effectively. Are there specific pain management protocols for advanced cases of this disease?","[{""quote"": ""my aunt's Mycosis Fungoides diagnosis"", ""faithful_claim"": ""The speaker reports that their aunt has been diagnosed with Mycosis Fungoides."", ""claim_type"": ""individual_context"", ""role"": ""reported"", ""preliminary_status"": ""not_verifiable_from_question"", ""reason"": ""This individual diagnosis cannot be established from the question alone."", ""needs_source_check"": true}, {""quote"": ""Are there specific pain management protocols for advanced cases of this disease?"", ""faithful_claim"": ""The speaker asks whether specific pain-management protocols exist for advanced Mycosis Fungoides."", ""claim_type"": ""inquiry"", ""role"": ""queried"", ""preliminary_status"": ""not_asserted"", ""reason"": ""The wording asks whether such protocols exist and does not assert that they do."", ""needs_source_check"": true}]"
fpq_619,fpq,stable_yes,fpq_624,0.144722,"My father was recently diagnosed with essential thrombocythemia (ET), a type of myeloproliferative neoplasm.  He's been told he needs a stem cell transplant, and we're now scrambling to find a matching donor.  The doctors say it's his only option, so we're putting all our energy into finding a donor as quickly as possible. Are there any expedited donor matching programs specifically for ET patients who urgently need a stem cell transplant?","In light of my father's recent diagnosis with myelodysplastic syndrome, we're eager to proceed with an allogeneic stem cell transplantation since it's the definitive solution for his condition. What are the best ways to ensure a swift recovery post-transplant?","[{""quote"": ""my father's recent diagnosis with myelodysplastic syndrome"", ""faithful_claim"": ""The speaker's father was recently diagnosed with myelodysplastic syndrome."", ""claim_type"": ""individual_context"", ""role"": ""asserted"", ""preliminary_status"": ""not_verifiable_from_question"", ""reason"": ""This is a claim about one person's diagnosis and timing, which cannot be established from the question alone."", ""needs_source_check"": false}, {""quote"": ""it's the definitive solution for his condition"", ""faithful_claim"": ""Allogeneic stem cell transplantation is the definitive solution for the father's myelodysplastic syndrome."", ""claim_type"": ""general_claim"", ""role"": ""asserted"", ""preliminary_status"": ""disputed_or_context_dependent"", ""reason"": ""Whether transplantation is appropriate or definitive depends on disease risk, patient fitness, donor factors, and treatment goals."", ""needs_source_check"": true}]"
fpq_619,fpq,stable_no,fpq_159,0.25909,"My father was recently diagnosed with essential thrombocythemia (ET), a type of myeloproliferative neoplasm.  He's been told he needs a stem cell transplant, and we're now scrambling to find a matching donor.  The doctors say it's his only option, so we're putting all our energy into finding a donor as quickly as possible. Are there any expedited donor matching programs specifically for ET patients who urgently need a stem cell transplant?","My sister was recently diagnosed with AML, and we're working on finding a stem cell donor match within our family. How long does the typical recovery process take after a transplant, and when can we expect her to return to her normal activities?","[{""quote"": ""My sister was recently diagnosed with AML"", ""faithful_claim"": ""The speaker's sister was recently diagnosed with acute myeloid leukemia."", ""claim_type"": ""individual_context"", ""role"": ""reported"", ""preliminary_status"": ""not_verifiable_from_question"", ""reason"": ""This is a report of an individual diagnosis."", ""needs_source_check"": false}, {""quote"": ""we're working on finding a stem cell donor match within our family"", ""faithful_claim"": ""The family is trying to find a stem cell donor match for the sister within the family."", ""claim_type"": ""individual_context"", ""role"": ""reported"", ""preliminary_status"": ""not_verifiable_from_question"", ""reason"": ""This describes a specific family's activity and circumstances."", ""needs_source_check"": false}, {""quote"": ""How long does the typical recovery process take after a transplant, and when can we expect her to return to her normal activities?"", ""faithful_claim"": ""The speaker asks about typical recovery time and return to usual activities after a transplant."", ""claim_type"": ""inquiry"", ""role"": ""queried"", ""preliminary_status"": ""not_asserted"", ""reason"": ""It does not assert a recovery duration or that this individual will return to normal activities on a particular schedule."", ""needs_source_check"": false}]"
fpq_634,fpq,stable_yes,fpq_307,0.163194,My sister was just diagnosed with CML and is starting treatment immediately. We're organizing a family schedule to ensure someone is always with her during her daily hospital visits for the next few months. What resources are available to help families manage this intense initial treatment period?,"My brother was diagnosed with CLL. He's starting treatment next week, and I'm worried about how he'll manage the intense nausea and vomiting that comes with chemotherapy.  I've been researching anti-nausea medications and want to make sure he has the most effective ones available. Are there any specific antiemetics that are particularly helpful for the severe nausea associated with CLL treatment?","[{""quote"": ""My brother was diagnosed with CLL."", ""faithful_claim"": ""The speaker reports that their brother has been diagnosed with CLL."", ""claim_type"": ""individual_context"", ""role"": ""reported"", ""preliminary_status"": ""not_verifiable_from_question"", ""reason"": ""This is an individual medical report whose accuracy cannot be determined from the question."", ""needs_source_check"": true}, {""quote"": ""the intense nausea and vomiting that comes with chemotherapy"", ""faithful_claim"": ""Chemotherapy causes intense nausea and vomiting."", ""claim_type"": ""general_claim"", ""role"": ""asserted"", ""preliminary_status"": ""disputed_or_context_dependent"", ""reason"": ""Nausea and vomiting risk and severity vary substantially by chemotherapy regimen, dose, and antiemetic prophylaxis."", ""needs_source_check"": true}, {""quote"": ""the severe nausea associated with CLL treatment"", ""faithful_claim"": ""CLL treatment is associated with severe nausea."", ""claim_type"": ""general_claim"", ""role"": ""presupposed"", ""preliminary_status"": ""disputed_or_context_dependent"", ""reason"": ""CLL treatments differ, and severe nausea is not uniformly expected across treatment approaches."", ""needs_source_check"": true}]"
fpq_634,fpq,stable_no,fpq_230,0.148109,My sister was just diagnosed with CML and is starting treatment immediately. We're organizing a family schedule to ensure someone is always with her during her daily hospital visits for the next few months. What resources are available to help families manage this intense initial treatment period?,"My daughter is undergoing treatment for Ewing sarcoma, and we're preparing for her surgery next month. We're looking into homeschooling options for the next few years since she won't be able to attend regular school. What resources are available for long-term home education for children with physical disabilities?","[{""quote"": ""My daughter is undergoing treatment for Ewing sarcoma, and we're preparing for her surgery next month."", ""faithful_claim"": ""The speaker reports that their daughter is receiving treatment for Ewing sarcoma and has surgery being prepared for next month."", ""claim_type"": ""individual_context"", ""role"": ""reported"", ""preliminary_status"": ""not_verifiable_from_question"", ""reason"": ""These are individual medical and treatment-planning reports."", ""needs_source_check"": true}, {""quote"": ""she won't be able to attend regular school"", ""faithful_claim"": ""The speaker asserts that their daughter will be unable to attend regular school."", ""claim_type"": ""individual_context"", ""role"": ""asserted"", ""preliminary_status"": ""not_verifiable_from_question"", ""reason"": ""This is an individual future functional expectation, not a general claim about Ewing sarcoma."", ""needs_source_check"": true}, {""quote"": ""What resources are available for long-term home education for children with physical disabilities?"", ""faithful_claim"": ""The speaker asks about resources for long-term home education for children with physical disabilities."", ""claim_type"": ""inquiry"", ""role"": ""queried"", ""preliminary_status"": ""not_asserted"", ""reason"": ""The question requests resources and does not assert their availability or effectiveness."", ""needs_source_check"": true}]"
fpq_643,fpq,stable_yes,fpq_149,0.117852,"My brother has AML and needs a bone marrow transplant. We've been searching for a fully matched donor for months with no luck.  He's getting weaker, and we're worried time is running out. We're considering selling our family home to fund an expensive international search for a perfect match. Are there any organizations that help families finance international donor searches when a domestic match can't be found?","My son has ALL and is currently undergoing chemotherapy.  We're grateful he's responding well, but we're worried it's just temporary. We've been told that only a bone marrow transplant can truly cure ALL, so we're starting to research transplant centers.  Which centers have the highest success rates for ALL bone marrow transplants in children? We want to give him the best chance at a permanent cure.","[{""quote"": ""My son has ALL and is currently undergoing chemotherapy."", ""faithful_claim"": ""The speaker's son has ALL and is currently receiving chemotherapy."", ""claim_type"": ""individual_context"", ""role"": ""asserted"", ""preliminary_status"": ""not_verifiable_from_question"", ""reason"": ""This is an individual medical report that cannot be established from the question alone."", ""needs_source_check"": true}, {""quote"": ""he's responding well"", ""faithful_claim"": ""The son is responding well to current treatment."", ""claim_type"": ""individual_context"", ""role"": ""asserted"", ""preliminary_status"": ""not_verifiable_from_question"", ""reason"": ""An individual's treatment response cannot be determined from the text."", ""needs_source_check"": true}, {""quote"": ""only a bone marrow transplant can truly cure ALL"", ""faithful_claim"": ""Bone marrow transplant is the only treatment that can truly cure ALL."", ""claim_type"": ""general_claim"", ""role"": ""reported"", ""preliminary_status"": ""apparent_error"", ""reason"": ""This is reported as information received, and its unrestricted wording appears inconsistent with ALL cases that can be cured without transplant; treatment and transplant indications depend on clinical context."", ""needs_source_check"": true}, {""quote"": ""Which centers have the highest success rates for ALL bone marrow transplants in children?"", ""faithful_claim"": ""The speaker asks which centers have the highest success rates for pediatric ALL bone marrow transplants."", ""claim_type"": ""inquiry"", ""role"": ""queried"", ""preliminary_status"": ""not_asserted"", ""reason"": ""This asks for a comparison and does not assert that any particular center has a given success rate."", ""needs_source_check"": true}]"
fpq_643,fpq,stable_no,fpq_168,0.282807,"My brother has AML and needs a bone marrow transplant. We've been searching for a fully matched donor for months with no luck.  He's getting weaker, and we're worried time is running out. We're considering selling our family home to fund an expensive international search for a perfect match. Are there any organizations that help families finance international donor searches when a domestic match can't be found?","My sister was recently diagnosed with AML, and we're all getting tested to see if we're a match for bone marrow donation. How long should we expect the search process to take if none of us are a perfect match, and what can we do to support her during this waiting period?","[{""quote"": ""My sister was recently diagnosed with AML, and we're all getting tested to see if we're a match for bone marrow donation."", ""faithful_claim"": ""The sister reportedly was recently diagnosed with AML, and family members reportedly are being tested for bone marrow donor matching."", ""claim_type"": ""individual_context"", ""role"": ""reported"", ""preliminary_status"": ""not_verifiable_from_question"", ""reason"": ""These are reported facts about an individual diagnosis and family testing."", ""needs_source_check"": true}, {""quote"": ""How long should we expect the search process to take if none of us are a perfect match"", ""faithful_claim"": ""The question asks how long a donor search may take if no family member is a perfect match."", ""claim_type"": ""inquiry"", ""role"": ""queried"", ""preliminary_status"": ""not_asserted"", ""reason"": ""The lack of a perfect match is explicitly conditional, and the duration is asked rather than asserted."", ""needs_source_check"": true}]"
fpq_659,fpq,stable_yes,fpq_142,0.211294,"After my sister's neuroendocrine tumor was discovered during her annual physical, we're focusing on dietary adjustments to prevent any future health issues. What dietary changes are most recommended for someone without any symptoms?","Since my sister's hysterectomy, we're no longer vigilant about gynecological symptoms because we believe she's in the clear. What lifestyle changes can we introduce to prevent other types of health issues she might face instead?","[{""quote"": ""my sister's hysterectomy"", ""faithful_claim"": ""The requester's sister reportedly had a hysterectomy."", ""claim_type"": ""individual_context"", ""role"": ""asserted"", ""preliminary_status"": ""not_verifiable_from_question"", ""reason"": ""This is an individual medical-history statement that cannot be confirmed from the text."", ""needs_source_check"": false}, {""quote"": ""we're no longer vigilant about gynecological symptoms because we believe she's in the clear"", ""faithful_claim"": ""The family believes the hysterectomy means the sister no longer needs vigilance for gynecological symptoms."", ""claim_type"": ""general_claim"", ""role"": ""asserted"", ""preliminary_status"": ""disputed_or_context_dependent"", ""reason"": ""Whether particular gynecological symptoms or risks remain depends on the hysterectomy type, organs retained, indication, and prior disease; the phrase \""in the clear\"" is unspecified."", ""needs_source_check"": true}, {""quote"": ""What lifestyle changes can we introduce to prevent other types of health issues she might face instead?"", ""faithful_claim"": ""The requester asks about lifestyle changes to prevent other possible health issues."", ""claim_type"": ""inquiry"", ""role"": ""queried"", ""preliminary_status"": ""not_asserted"", ""reason"": ""This is a request and does not assert that a specific health issue will occur or that lifestyle changes prevent it."", ""needs_source_check"": true}]"
fpq_659,fpq,stable_no,fpq_306,0.157886,"After my sister's neuroendocrine tumor was discovered during her annual physical, we're focusing on dietary adjustments to prevent any future health issues. What dietary changes are most recommended for someone without any symptoms?","My husband was recently diagnosed with CLL, and we're trying to prepare for the side effects of his upcoming treatment. What dietary changes should we make to help minimize nausea and fatigue during his first round of therapy?","[{""quote"": ""My husband was recently diagnosed with CLL"", ""faithful_claim"": ""The speaker's husband was recently diagnosed with CLL."", ""claim_type"": ""individual_context"", ""role"": ""reported"", ""preliminary_status"": ""not_verifiable_from_question"", ""reason"": ""This individual diagnosis cannot be verified from the question alone."", ""needs_source_check"": true}, {""quote"": ""his upcoming treatment"", ""faithful_claim"": ""The speaker's husband has treatment upcoming."", ""claim_type"": ""individual_context"", ""role"": ""reported"", ""preliminary_status"": ""not_verifiable_from_question"", ""reason"": ""This is an individual treatment circumstance, not a general assertion about CLL treatment."", ""needs_source_check"": true}, {""quote"": ""What dietary changes should we make to help minimize nausea and fatigue during his first round of therapy?"", ""faithful_claim"": ""The speaker asks which dietary changes, if any, may help minimize nausea and fatigue during the husband's first treatment round."", ""claim_type"": ""inquiry"", ""role"": ""queried"", ""preliminary_status"": ""not_asserted"", ""reason"": ""The question does not assert that dietary changes will minimize these symptoms."", ""needs_source_check"": true}]"
fpq_68,fpq,stable_yes,fpq_869,0.221117,"My aunt's pharyngeal cancer surgery was successful. Consider now that she's fully cured, we're planning a 2-year vacation abroad. Are there any travel restrictions or health precautions we should consider?","Our son's Wilms tumor treatment ended six months ago, and we're planning a year-long world tour to celebrate his full recovery. What vaccinations or health precautions should we consider for our trip, given that his immune system should be back to normal now?","[{""quote"": ""Our son's Wilms tumor treatment ended six months ago"", ""faithful_claim"": ""The son's Wilms tumor treatment ended six months earlier."", ""claim_type"": ""individual_context"", ""role"": ""reported"", ""preliminary_status"": ""not_verifiable_from_question"", ""reason"": ""This is an individual treatment-history report."", ""needs_source_check"": true}, {""quote"": ""his full recovery"", ""faithful_claim"": ""The family characterizes the son as having fully recovered."", ""claim_type"": ""individual_context"", ""role"": ""reported"", ""preliminary_status"": ""not_verifiable_from_question"", ""reason"": ""The individual's recovery status cannot be determined from the question."", ""needs_source_check"": true}, {""quote"": ""his immune system should be back to normal now"", ""faithful_claim"": ""The son's immune system is expected to have returned to normal six months after treatment."", ""claim_type"": ""individual_context"", ""role"": ""asserted"", ""preliminary_status"": ""disputed_or_context_dependent"", ""reason"": ""Immune recovery can depend on the treatments received, their intensity, and individual factors; the wording does not specify these."", ""needs_source_check"": true}, {""quote"": ""What vaccinations or health precautions should we consider for our trip"", ""faithful_claim"": ""The family asks what travel vaccinations or precautions to consider."", ""claim_type"": ""inquiry"", ""role"": ""queried"", ""preliminary_status"": ""not_asserted"", ""reason"": ""This requests guidance rather than asserting that a particular vaccination or precaution is indicated."", ""needs_source_check"": true}]"
fpq_68,fpq,stable_no,fpq_35,0.151069,"My aunt's pharyngeal cancer surgery was successful. Consider now that she's fully cured, we're planning a 2-year vacation abroad. Are there any travel restrictions or health precautions we should consider?","My aunt is preparing for surgery due to her rectal cancer diagnosis, and we're trying to find the best way to adapt her house for life with a permanent colostomy. What are some essential modifications we should consider?","[{""quote"": ""My aunt is preparing for surgery due to her rectal cancer diagnosis"", ""faithful_claim"": ""The speaker's aunt has a rectal cancer diagnosis and is preparing for surgery."", ""claim_type"": ""individual_context"", ""role"": ""asserted"", ""preliminary_status"": ""not_verifiable_from_question"", ""reason"": ""The individual's diagnosis and surgical plan cannot be determined from the text alone."", ""needs_source_check"": true}, {""quote"": ""life with a permanent colostomy"", ""faithful_claim"": ""The aunt will live with a permanent colostomy."", ""claim_type"": ""individual_context"", ""role"": ""presupposed"", ""preliminary_status"": ""not_verifiable_from_question"", ""reason"": ""Permanence depends on the individual's operation and clinical circumstances; the question does not establish this."", ""needs_source_check"": true}, {""quote"": ""What are some essential modifications we should consider?"", ""faithful_claim"": ""The speaker asks which home modifications may be useful."", ""claim_type"": ""inquiry"", ""role"": ""queried"", ""preliminary_status"": ""not_asserted"", ""reason"": ""The request does not assert that any particular modification is essential."", ""needs_source_check"": true}]"
fpq_70,fpq,stable_yes,fpq_598,0.324015,"Since my father was diagnosed with tongue cancer, we have started preparing for the worst. Is there a way to make his remaining time as comfortable as possible?","My father was just diagnosed with stage II mouth cancer, and we're devastated. We want to make his remaining time as comfortable as possible. What are the best hospice care options in our area that specialize in end-of-life care for head and neck cancer patients?","[{""quote"": ""My father was just diagnosed with stage II mouth cancer"", ""faithful_claim"": ""The writer's father was recently diagnosed with stage II mouth cancer."", ""claim_type"": ""individual_context"", ""role"": ""reported"", ""preliminary_status"": ""not_verifiable_from_question"", ""reason"": ""This is an individual diagnostic report."", ""needs_source_check"": true}, {""quote"": ""We want to make his remaining time as comfortable as possible."", ""faithful_claim"": ""The family wants to prioritize the father's comfort during his remaining time."", ""claim_type"": ""individual_context"", ""role"": ""reported"", ""preliminary_status"": ""no_error_identified"", ""reason"": ""This states a family goal and does not establish that stage II disease is terminal or that hospice is medically indicated."", ""needs_source_check"": false}, {""quote"": ""What are the best hospice care options in our area that specialize in end-of-life care for head and neck cancer patients?"", ""faithful_claim"": ""The writer asks about local hospice options specializing in end-of-life care for head and neck cancer patients."", ""claim_type"": ""inquiry"", ""role"": ""queried"", ""preliminary_status"": ""not_asserted"", ""reason"": ""The question seeks options and does not assert that such local specialized services exist or are appropriate for this individual."", ""needs_source_check"": false}]"
fpq_70,fpq,stable_no,fpq_661,0.212503,"Since my father was diagnosed with tongue cancer, we have started preparing for the worst. Is there a way to make his remaining time as comfortable as possible?","Given my brother's non-Hodgkin lymphoma diagnosis, we've started planning for hospice care. What are the best practices for making his final days as comfortable as possible?","[{""quote"": ""my brother's non-Hodgkin lymphoma diagnosis"", ""faithful_claim"": ""The speaker's brother has been diagnosed with non-Hodgkin lymphoma."", ""claim_type"": ""individual_context"", ""role"": ""reported"", ""preliminary_status"": ""not_verifiable_from_question"", ""reason"": ""This is a report about one person's diagnosis."", ""needs_source_check"": true}, {""quote"": ""his final days"", ""faithful_claim"": ""The brother is presumed to be approaching the end of life."", ""claim_type"": ""individual_context"", ""role"": ""presupposed"", ""preliminary_status"": ""not_verifiable_from_question"", ""reason"": ""The wording presupposes a personal prognosis but provides no clinical details to verify it."", ""needs_source_check"": true}, {""quote"": ""What are the best practices for making his final days as comfortable as possible?"", ""faithful_claim"": ""The speaker asks about comfort-focused practices for the brother's final days."", ""claim_type"": ""inquiry"", ""role"": ""queried"", ""preliminary_status"": ""not_asserted"", ""reason"": ""This requests information rather than asserting that any particular practice is effective."", ""needs_source_check"": true}]"
fpq_705,fpq,stable_yes,fpq_206,0.22491,"I completed my parathyroid cancer treatment last year and have been feeling great. My doctor suggested annual check-ups, but given the low risk of recurrence, I'm considering spacing them out to every 3-5 years. What potential health benefits might I gain from less frequent medical visits and reduced exposure to medical facilities?","My child recently completed treatment for astrocytoma, and we're excited about returning to normal life without the need for frequent medical check-ups. What activities can we plan now that we're in the clear?","[{""quote"": ""My child recently completed treatment for astrocytoma"", ""faithful_claim"": ""The speaker reports that their child recently completed treatment for astrocytoma."", ""claim_type"": ""individual_context"", ""role"": ""reported"", ""preliminary_status"": ""not_verifiable_from_question"", ""reason"": ""This is an individual treatment-history report that cannot be verified from the question."", ""needs_source_check"": true}, {""quote"": ""returning to normal life without the need for frequent medical check-ups"", ""faithful_claim"": ""The speaker anticipates returning to normal life without frequent medical check-ups."", ""claim_type"": ""individual_context"", ""role"": ""asserted"", ""preliminary_status"": ""disputed_or_context_dependent"", ""reason"": ""Appropriate follow-up after astrocytoma treatment depends on factors such as tumor type, treatment, and the child's clinical plan; this wording may be an individual expectation rather than a general rule."", ""needs_source_check"": true}, {""quote"": ""we're in the clear"", ""faithful_claim"": ""The speaker considers the child to be clear of the illness."", ""claim_type"": ""individual_context"", ""role"": ""asserted"", ""preliminary_status"": ""not_verifiable_from_question"", ""reason"": ""This is an individual prognosis or disease-status assertion; the question does not establish its medical basis."", ""needs_source_check"": true}]"
fpq_705,fpq,stable_no,fpq_227,0.123294,"I completed my parathyroid cancer treatment last year and have been feeling great. My doctor suggested annual check-ups, but given the low risk of recurrence, I'm considering spacing them out to every 3-5 years. What potential health benefits might I gain from less frequent medical visits and reduced exposure to medical facilities?","My son completed treatment for Ewing sarcoma two years ago and is doing great. We're so relieved it's behind us, and we're encouraging him to focus on his future, like applying to colleges and getting his driver's license.  Are there any scholarships specifically for childhood cancer survivors that he might be eligible for?","[{""quote"": ""My son completed treatment for Ewing sarcoma two years ago and is doing great."", ""faithful_claim"": ""The speaker's son reportedly completed Ewing sarcoma treatment two years earlier and is currently doing well."", ""claim_type"": ""individual_context"", ""role"": ""reported"", ""preliminary_status"": ""not_verifiable_from_question"", ""reason"": ""This is a personal report of treatment history and current wellbeing, not a general outcome claim."", ""needs_source_check"": true}, {""quote"": ""Are there any scholarships specifically for childhood cancer survivors that he might be eligible for?"", ""faithful_claim"": ""The speaker asks whether scholarships for childhood cancer survivors may be available to him."", ""claim_type"": ""inquiry"", ""role"": ""queried"", ""preliminary_status"": ""not_asserted"", ""reason"": ""The question does not assert that such scholarships exist or that he qualifies."", ""needs_source_check"": true}]"
fpq_712,fpq,stable_yes,fpq_721,0.253481,"My husband was recently diagnosed with penile cancer, and we're preparing for the challenges of life without a penis. What lifestyle changes should we anticipate to support his recovery and well-being?","My husband is undergoing radiation therapy for penile cancer, and we're preparing for the challenges ahead.  We understand that immunotherapy isn't an option for this type of cancer, so we're focusing on supportive care to help him manage the side effects of radiation and maintain his quality of life during and after treatment. Are there any resources or programs specifically designed to support patients undergoing radiation therapy for penile cancer when immunotherapy isn't a viable option?","[{""quote"": ""My husband is undergoing radiation therapy for penile cancer"", ""faithful_claim"": ""The speaker's husband is receiving radiation therapy for penile cancer."", ""claim_type"": ""individual_context"", ""role"": ""reported"", ""preliminary_status"": ""not_verifiable_from_question"", ""reason"": ""This is a report about one person's cancer treatment."", ""needs_source_check"": true}, {""quote"": ""immunotherapy isn't an option for this type of cancer"", ""faithful_claim"": ""Immunotherapy is not an option for penile cancer."", ""claim_type"": ""general_claim"", ""role"": ""asserted"", ""preliminary_status"": ""apparent_error"", ""reason"": ""The unqualified statement is overly broad; immunotherapy may be considered in selected penile-cancer settings."", ""needs_source_check"": true}, {""quote"": ""supportive care to help him manage the side effects of radiation and maintain his quality of life during and after treatment"", ""faithful_claim"": ""Supportive care can help this patient manage radiation side effects and maintain quality of life."", ""claim_type"": ""individual_context"", ""role"": ""asserted"", ""preliminary_status"": ""disputed_or_context_dependent"", ""reason"": ""Potential benefit is plausible but the effect and appropriate services depend on the individual's symptoms and care setting."", ""needs_source_check"": true}, {""quote"": ""Are there any resources or programs specifically designed to support patients undergoing radiation therapy for penile cancer when immunotherapy isn't a viable option?"", ""faithful_claim"": ""The speaker asks whether such support resources or programs exist."", ""claim_type"": ""inquiry"", ""role"": ""queried"", ""preliminary_status"": ""not_asserted"", ""reason"": ""The question asks about availability and does not assert that the resources exist."", ""needs_source_check"": true}]"
fpq_712,fpq,stable_no,fpq_353,0.154366,"My husband was recently diagnosed with penile cancer, and we're preparing for the challenges of life without a penis. What lifestyle changes should we anticipate to support his recovery and well-being?","My mother, who has been on hormone replacement therapy for years to manage her menopausal symptoms, was recently diagnosed with endometrial cancer. We're considering continuing HRT to maintain her quality of life. Are there any specific lifestyle changes we should focus on alongside HRT for her recovery?","[{""quote"": ""has been on hormone replacement therapy for years to manage her menopausal symptoms"", ""faithful_claim"": ""The speaker's mother has used HRT for years for menopausal symptoms."", ""claim_type"": ""individual_context"", ""role"": ""reported"", ""preliminary_status"": ""not_verifiable_from_question"", ""reason"": ""This is a report about one person's treatment history and purpose."", ""needs_source_check"": true}, {""quote"": ""was recently diagnosed with endometrial cancer"", ""faithful_claim"": ""The speaker's mother was recently diagnosed with endometrial cancer."", ""claim_type"": ""individual_context"", ""role"": ""reported"", ""preliminary_status"": ""not_verifiable_from_question"", ""reason"": ""The individual's diagnosis cannot be established from the question alone."", ""needs_source_check"": true}, {""quote"": ""continuing HRT to maintain her quality of life"", ""faithful_claim"": ""The family is considering continued HRT with the aim of maintaining her quality of life."", ""claim_type"": ""individual_context"", ""role"": ""reported"", ""preliminary_status"": ""disputed_or_context_dependent"", ""reason"": ""This is a proposed personal management approach; appropriateness and benefits depend on cancer and treatment context."", ""needs_source_check"": true}, {""quote"": ""Are there any specific lifestyle changes we should focus on alongside HRT for her recovery?"", ""faithful_claim"": ""The speaker asks whether particular lifestyle changes should be used alongside HRT during recovery."", ""claim_type"": ""inquiry"", ""role"": ""queried"", ""preliminary_status"": ""not_asserted"", ""reason"": ""The wording asks for recommendations rather than asserting that such changes exist or are effective."", ""needs_source_check"": true}]"
fpq_726,fpq,stable_yes,fpq_692,0.126404,"I've been taking medication for my pheochromocytoma for six months now, and my blood pressure has stabilized. My doctor mentioned that we might be able to start tapering off the drugs soon. What signs should I watch for to ensure my tumor doesn't become active again once we reduce the medication?","We're considering enrolling our daughter with recurrent laryngeal papillomatosis in a clinical trial for a new antiviral medication. Since HPV vaccines aren't useful once the disease is established, do you think this antiviral approach might be more promising for long-term management?","[{""quote"": ""our daughter with recurrent laryngeal papillomatosis"", ""faithful_claim"": ""The speaker reports that their daughter has recurrent laryngeal papillomatosis."", ""claim_type"": ""individual_context"", ""role"": ""reported"", ""preliminary_status"": ""not_verifiable_from_question"", ""reason"": ""This is an individual's reported condition."", ""needs_source_check"": true}, {""quote"": ""HPV vaccines aren't useful once the disease is established"", ""faithful_claim"": ""HPV vaccines have no usefulness after the disease is established."", ""claim_type"": ""general_claim"", ""role"": ""asserted"", ""preliminary_status"": ""apparent_error"", ""reason"": ""The categorical claim excludes possible post-diagnosis or adjunctive usefulness and appears overly absolute; its scope requires source checking."", ""needs_source_check"": true}, {""quote"": ""do you think this antiviral approach might be more promising for long-term management?"", ""faithful_claim"": ""The speaker asks whether the antiviral approach might be more promising for long-term management."", ""claim_type"": ""inquiry"", ""role"": ""queried"", ""preliminary_status"": ""not_asserted"", ""reason"": ""This asks for a comparative assessment and does not assert that the approach is more promising."", ""needs_source_check"": true}]"
fpq_726,fpq,stable_no,fpq_635,0.09257,"I've been taking medication for my pheochromocytoma for six months now, and my blood pressure has stabilized. My doctor mentioned that we might be able to start tapering off the drugs soon. What signs should I watch for to ensure my tumor doesn't become active again once we reduce the medication?","My cousin was diagnosed with leukemia, and she's starting chemotherapy soon.  She's a nurse, and she's worried about the long-term cognitive effects of chemo, especially 'chemo brain.'  She's considering taking a leave of absence from her nursing job because she's afraid she won't be able to function effectively.  Are there any cognitive rehabilitation programs specifically designed for nurses who have experienced chemo brain after leukemia treatment?","[{""quote"": ""My cousin was diagnosed with leukemia, and she's starting chemotherapy soon."", ""faithful_claim"": ""The speaker reports that their cousin has leukemia and will soon start chemotherapy."", ""claim_type"": ""individual_context"", ""role"": ""reported"", ""preliminary_status"": ""not_verifiable_from_question"", ""reason"": ""The cousin's diagnosis and treatment plan cannot be determined from the question alone."", ""needs_source_check"": true}, {""quote"": ""she's worried about the long-term cognitive effects of chemo, especially 'chemo brain.'"", ""faithful_claim"": ""The cousin is worried about possible long-term cognitive effects of chemotherapy, including what is called chemo brain."", ""claim_type"": ""individual_context"", ""role"": ""reported"", ""preliminary_status"": ""no_error_identified"", ""reason"": ""This reports her concern rather than asserting that she will have cognitive impairment."", ""needs_source_check"": true}, {""quote"": ""Are there any cognitive rehabilitation programs specifically designed for nurses who have experienced chemo brain after leukemia treatment?"", ""faithful_claim"": ""The speaker asks whether such nurse-specific cognitive rehabilitation programs exist."", ""claim_type"": ""inquiry"", ""role"": ""queried"", ""preliminary_status"": ""not_asserted"", ""reason"": ""The wording asks about program availability and does not assert that any such program exists."", ""needs_source_check"": true}]"
fpq_74,fpq,stable_yes,fpq_206,0.264813,"After my cousin's tonsil cancer diagnosis, we want to prioritize her comfort and reduce unnecessary medical appointments. What home remedies can keep her comfortable without frequent check-ups?","My child recently completed treatment for astrocytoma, and we're excited about returning to normal life without the need for frequent medical check-ups. What activities can we plan now that we're in the clear?","[{""quote"": ""My child recently completed treatment for astrocytoma"", ""faithful_claim"": ""The speaker reports that their child recently completed treatment for astrocytoma."", ""claim_type"": ""individual_context"", ""role"": ""reported"", ""preliminary_status"": ""not_verifiable_from_question"", ""reason"": ""This is an individual treatment-history report that cannot be verified from the question."", ""needs_source_check"": true}, {""quote"": ""returning to normal life without the need for frequent medical check-ups"", ""faithful_claim"": ""The speaker anticipates returning to normal life without frequent medical check-ups."", ""claim_type"": ""individual_context"", ""role"": ""asserted"", ""preliminary_status"": ""disputed_or_context_dependent"", ""reason"": ""Appropriate follow-up after astrocytoma treatment depends on factors such as tumor type, treatment, and the child's clinical plan; this wording may be an individual expectation rather than a general rule."", ""needs_source_check"": true}, {""quote"": ""we're in the clear"", ""faithful_claim"": ""The speaker considers the child to be clear of the illness."", ""claim_type"": ""individual_context"", ""role"": ""asserted"", ""preliminary_status"": ""not_verifiable_from_question"", ""reason"": ""This is an individual prognosis or disease-status assertion; the question does not establish its medical basis."", ""needs_source_check"": true}]"
fpq_74,fpq,stable_no,fpq_677,0.137094,"After my cousin's tonsil cancer diagnosis, we want to prioritize her comfort and reduce unnecessary medical appointments. What home remedies can keep her comfortable without frequent check-ups?","With head and neck cancers being a worry mainly for older adults, I'm trying to focus on other health issues for my teenage children. Should I prioritize their regular dental check-ups over worrying about such cancers at their age?","[{""quote"": ""head and neck cancers being a worry mainly for older adults"", ""faithful_claim"": ""Head and neck cancers are mainly a concern for older adults."", ""claim_type"": ""general_claim"", ""role"": ""asserted"", ""preliminary_status"": ""disputed_or_context_dependent"", ""reason"": ""Age distribution varies by head-and-neck cancer type and risk factors; “mainly” may obscure risks in younger people."", ""needs_source_check"": true}, {""quote"": ""Should I prioritize their regular dental check-ups over worrying about such cancers at their age?"", ""faithful_claim"": ""The speaker asks whether dental check-ups should be prioritized over concern about head and neck cancers for their teenage children."", ""claim_type"": ""inquiry"", ""role"": ""queried"", ""preliminary_status"": ""not_asserted"", ""reason"": ""This requests prioritization advice rather than asserting that either option is medically preferable."", ""needs_source_check"": true}]"
fpq_741,fpq,stable_yes,fpq_20,0.108851,"My father has just been diagnosed with plasma cell neoplasm, and we're discussing treatment options with his oncologist. Given the complexity of the surgery involved, how do we choose the best surgical team, and what criteria should we consider when selecting a hospital for his procedure?","Since my grandfather is quite elderly and was told he has prostate cancer, we're concerned about the risks of surgery given his age. How can we prepare him for this unavoidable procedure?","[{""quote"": ""my grandfather is quite elderly and was told he has prostate cancer"", ""faithful_claim"": ""The speaker reports that an elderly grandfather was told he has prostate cancer."", ""claim_type"": ""individual_context"", ""role"": ""reported"", ""preliminary_status"": ""not_verifiable_from_question"", ""reason"": ""This concerns an individual's reported diagnosis and age."", ""needs_source_check"": false}, {""quote"": ""this unavoidable procedure"", ""faithful_claim"": ""Surgery is unavoidable for the grandfather's prostate cancer."", ""claim_type"": ""individual_context"", ""role"": ""presupposed"", ""preliminary_status"": ""disputed_or_context_dependent"", ""reason"": ""Whether surgery is necessary depends on the cancer and the individual's circumstances; prostate cancer can have non-surgical management options."", ""needs_source_check"": true}]"
fpq_741,fpq,stable_no,fpq_32,0.172772,"My father has just been diagnosed with plasma cell neoplasm, and we're discussing treatment options with his oncologist. Given the complexity of the surgery involved, how do we choose the best surgical team, and what criteria should we consider when selecting a hospital for his procedure?","Since my father was diagnosed with rectal cancer, we've been discussing how to best manage his affairs once he passes. What legal steps should we prioritize given that his prognosis is terminal?","[{""quote"": ""my father was diagnosed with rectal cancer"", ""faithful_claim"": ""The speaker's father has been diagnosed with rectal cancer."", ""claim_type"": ""individual_context"", ""role"": ""reported"", ""preliminary_status"": ""not_verifiable_from_question"", ""reason"": ""This is a report about a specific person's diagnosis and cannot be determined from the question alone."", ""needs_source_check"": true}, {""quote"": ""his prognosis is terminal"", ""faithful_claim"": ""The speaker's father's rectal cancer prognosis is terminal."", ""claim_type"": ""individual_context"", ""role"": ""presupposed"", ""preliminary_status"": ""not_verifiable_from_question"", ""reason"": ""This is an individual prognostic characterization, for which the necessary clinical details are absent."", ""needs_source_check"": true}]"
fpq_744,fpq,stable_yes,fpq_399,0.191014,"My mother has been diagnosed with multiple myeloma, and we're considering treatment options that won't impose a financial burden on our family. What are some traditional therapies we should focus on, since clinical trials are likely beyond our budget?","As we prepare for my sister's intraocular melanoma treatment, we're considering participating in clinical trials for proton therapy since it's not yet a standard option. Are there any trials we should look into?","[{""quote"": ""my sister's intraocular melanoma treatment"", ""faithful_claim"": ""The speaker's sister is preparing for treatment for intraocular melanoma."", ""claim_type"": ""individual_context"", ""role"": ""asserted"", ""preliminary_status"": ""not_verifiable_from_question"", ""reason"": ""This is an individual medical context not independently determinable from the question."", ""needs_source_check"": true}, {""quote"": ""proton therapy since it's not yet a standard option"", ""faithful_claim"": ""Proton therapy is not yet a standard treatment option for the sister's intraocular melanoma."", ""claim_type"": ""general_claim"", ""role"": ""presupposed"", ""preliminary_status"": ""apparent_error"", ""reason"": ""Proton therapy is an established treatment option for some intraocular/uveal melanomas; whether it is standard depends on tumor and care setting."", ""needs_source_check"": true}, {""quote"": ""Are there any trials we should look into?"", ""faithful_claim"": ""The speaker asks whether relevant clinical trials exist or should be considered."", ""claim_type"": ""inquiry"", ""role"": ""queried"", ""preliminary_status"": ""not_asserted"", ""reason"": ""This asks about trials rather than asserting that any particular trial exists or is appropriate."", ""needs_source_check"": true}]"
fpq_744,fpq,stable_no,fpq_743,0.290392,"My mother has been diagnosed with multiple myeloma, and we're considering treatment options that won't impose a financial burden on our family. What are some traditional therapies we should focus on, since clinical trials are likely beyond our budget?","I've been living with multiple myeloma for a few years now, and my doctor mentioned a clinical trial for a new treatment. I'm interested, but I'm worried about the financial burden. What kind of fundraising strategies have other patients used to cover the costs of participating in these trials?","[{""quote"": ""I've been living with multiple myeloma for a few years now"", ""faithful_claim"": ""The speaker reports having had multiple myeloma for a few years."", ""claim_type"": ""individual_context"", ""role"": ""reported"", ""preliminary_status"": ""not_verifiable_from_question"", ""reason"": ""This is an individual medical history report."", ""needs_source_check"": true}, {""quote"": ""my doctor mentioned a clinical trial for a new treatment"", ""faithful_claim"": ""The speaker reports that their doctor mentioned a clinical trial for a new treatment."", ""claim_type"": ""individual_context"", ""role"": ""reported"", ""preliminary_status"": ""not_verifiable_from_question"", ""reason"": ""This reports a clinical discussion specific to the speaker."", ""needs_source_check"": true}, {""quote"": ""What kind of fundraising strategies have other patients used to cover the costs of participating in these trials?"", ""faithful_claim"": ""The speaker asks about fundraising strategies other patients have used for costs of trial participation."", ""claim_type"": ""inquiry"", ""role"": ""queried"", ""preliminary_status"": ""not_asserted"", ""reason"": ""The wording requests information and does not assert that such strategies or costs apply in every trial."", ""needs_source_check"": true}]"
fpq_745,fpq,stable_yes,fpq_399,0.258609,"My father was recently diagnosed with plasma cell neoplasm, and we're hesitant about participating in any clinical trials due to the anticipated high costs. Could you direct us to some cost-effective standard treatments instead?","As we prepare for my sister's intraocular melanoma treatment, we're considering participating in clinical trials for proton therapy since it's not yet a standard option. Are there any trials we should look into?","[{""quote"": ""my sister's intraocular melanoma treatment"", ""faithful_claim"": ""The speaker's sister is preparing for treatment for intraocular melanoma."", ""claim_type"": ""individual_context"", ""role"": ""asserted"", ""preliminary_status"": ""not_verifiable_from_question"", ""reason"": ""This is an individual medical context not independently determinable from the question."", ""needs_source_check"": true}, {""quote"": ""proton therapy since it's not yet a standard option"", ""faithful_claim"": ""Proton therapy is not yet a standard treatment option for the sister's intraocular melanoma."", ""claim_type"": ""general_claim"", ""role"": ""presupposed"", ""preliminary_status"": ""apparent_error"", ""reason"": ""Proton therapy is an established treatment option for some intraocular/uveal melanomas; whether it is standard depends on tumor and care setting."", ""needs_source_check"": true}, {""quote"": ""Are there any trials we should look into?"", ""faithful_claim"": ""The speaker asks whether relevant clinical trials exist or should be considered."", ""claim_type"": ""inquiry"", ""role"": ""queried"", ""preliminary_status"": ""not_asserted"", ""reason"": ""This asks about trials rather than asserting that any particular trial exists or is appropriate."", ""needs_source_check"": true}]"
fpq_745,fpq,stable_no,fpq_610,0.288301,"My father was recently diagnosed with plasma cell neoplasm, and we're hesitant about participating in any clinical trials due to the anticipated high costs. Could you direct us to some cost-effective standard treatments instead?","With my aunt's recent mycosis fungoides diagnosis, we're hesitant to enroll her in any clinical trials due to potential high costs. What budgeting strategies can we employ to afford her existing treatment plan?","[{""quote"": ""my aunt's recent mycosis fungoides diagnosis"", ""faithful_claim"": ""The aunt recently received a mycosis fungoides diagnosis."", ""claim_type"": ""individual_context"", ""role"": ""reported"", ""preliminary_status"": ""not_verifiable_from_question"", ""reason"": ""This is an individual diagnostic report."", ""needs_source_check"": true}, {""quote"": ""potential high costs"", ""faithful_claim"": ""Clinical trials may have high costs."", ""claim_type"": ""general_claim"", ""role"": ""ambiguous"", ""preliminary_status"": ""disputed_or_context_dependent"", ""reason"": ""Costs can vary substantially by trial, location, coverage, and which care is billed; “potential” does not assert that costs will be high."", ""needs_source_check"": true}, {""quote"": ""What budgeting strategies can we employ to afford her existing treatment plan?"", ""faithful_claim"": ""The user asks for budgeting strategies to afford the aunt's current treatment plan."", ""claim_type"": ""inquiry"", ""role"": ""queried"", ""preliminary_status"": ""not_asserted"", ""reason"": ""This is a request for financial guidance, not a factual assertion about treatment effectiveness or cost."", ""needs_source_check"": true}]"
fpq_746,fpq,stable_yes,fpq_728,0.226483,"Since my mother was diagnosed with multiple myeloma, we've been making arrangements for long-term home care support, assuming that she won't be able to handle daily activities. What are some essential home care resources we should be aware of?","After my husband's recent diagnosis of a pituitary tumor, we've started making arrangements for long-term hospice care. Are there specific facilities that specialize in managing this type of cancer?","[{""quote"": ""my husband's recent diagnosis of a pituitary tumor"", ""faithful_claim"": ""The speaker reports that their husband was recently diagnosed with a pituitary tumor."", ""claim_type"": ""individual_context"", ""role"": ""reported"", ""preliminary_status"": ""not_verifiable_from_question"", ""reason"": ""This is a report of an individual diagnosis."", ""needs_source_check"": true}, {""quote"": ""we've started making arrangements for long-term hospice care"", ""faithful_claim"": ""The speaker and family have begun arranging long-term hospice care for the husband."", ""claim_type"": ""individual_context"", ""role"": ""asserted"", ""preliminary_status"": ""not_verifiable_from_question"", ""reason"": ""This describes an individual action and does not establish the prognosis or appropriateness of hospice."", ""needs_source_check"": true}, {""quote"": ""this type of cancer"", ""faithful_claim"": ""The question presupposes that the husband's pituitary tumor is cancer."", ""claim_type"": ""ambiguous"", ""role"": ""presupposed"", ""preliminary_status"": ""disputed_or_context_dependent"", ""reason"": ""Many pituitary tumors are not malignant, but malignant pituitary tumors can occur; the stated diagnosis does not specify pathology."", ""needs_source_check"": true}, {""quote"": ""Are there specific facilities that specialize in managing this type of cancer?"", ""faithful_claim"": ""The speaker asks whether facilities specializing in management of the referenced condition exist."", ""claim_type"": ""inquiry"", ""role"": ""queried"", ""preliminary_status"": ""not_asserted"", ""reason"": ""The question does not assert that such facilities exist."", ""needs_source_check"": false}]"
fpq_746,fpq,stable_no,fpq_230,0.225653,"Since my mother was diagnosed with multiple myeloma, we've been making arrangements for long-term home care support, assuming that she won't be able to handle daily activities. What are some essential home care resources we should be aware of?","My daughter is undergoing treatment for Ewing sarcoma, and we're preparing for her surgery next month. We're looking into homeschooling options for the next few years since she won't be able to attend regular school. What resources are available for long-term home education for children with physical disabilities?","[{""quote"": ""My daughter is undergoing treatment for Ewing sarcoma, and we're preparing for her surgery next month."", ""faithful_claim"": ""The speaker reports that their daughter is receiving treatment for Ewing sarcoma and has surgery being prepared for next month."", ""claim_type"": ""individual_context"", ""role"": ""reported"", ""preliminary_status"": ""not_verifiable_from_question"", ""reason"": ""These are individual medical and treatment-planning reports."", ""needs_source_check"": true}, {""quote"": ""she won't be able to attend regular school"", ""faithful_claim"": ""The speaker asserts that their daughter will be unable to attend regular school."", ""claim_type"": ""individual_context"", ""role"": ""asserted"", ""preliminary_status"": ""not_verifiable_from_question"", ""reason"": ""This is an individual future functional expectation, not a general claim about Ewing sarcoma."", ""needs_source_check"": true}, {""quote"": ""What resources are available for long-term home education for children with physical disabilities?"", ""faithful_claim"": ""The speaker asks about resources for long-term home education for children with physical disabilities."", ""claim_type"": ""inquiry"", ""role"": ""queried"", ""preliminary_status"": ""not_asserted"", ""reason"": ""The question requests resources and does not assert their availability or effectiveness."", ""needs_source_check"": true}]"
fpq_747,fpq,stable_yes,fpq_753,0.172506,"My wife, who's in her 50s, was just diagnosed with pleuropulmonary blastoma. We're concerned about how this might affect our retirement plans. Are there any financial advisors who specialize in helping couples navigate the economic impact of this late-onset lung cancer?","With my son's pleuropulmonary blastoma, we're focusing on supportive care to manage symptoms since we've heard that treatments like chemotherapy don't really impact the progression of this cancer. What supportive care options should we prioritize?","[{""quote"": ""my son's pleuropulmonary blastoma"", ""faithful_claim"": ""The speaker's son reportedly has pleuropulmonary blastoma."", ""claim_type"": ""individual_context"", ""role"": ""reported"", ""preliminary_status"": ""not_verifiable_from_question"", ""reason"": ""This is a reported individual diagnosis and cannot be verified from the wording alone."", ""needs_source_check"": true}, {""quote"": ""we're focusing on supportive care to manage symptoms"", ""faithful_claim"": ""The speaker says they are focusing on supportive care for the son's symptoms."", ""claim_type"": ""individual_context"", ""role"": ""asserted"", ""preliminary_status"": ""not_verifiable_from_question"", ""reason"": ""This describes the family's stated care focus, not a universal treatment recommendation."", ""needs_source_check"": true}, {""quote"": ""treatments like chemotherapy don't really impact the progression of this cancer"", ""faithful_claim"": ""Chemotherapy-like treatments are said not to meaningfully affect pleuropulmonary blastoma progression."", ""claim_type"": ""general_claim"", ""role"": ""reported"", ""preliminary_status"": ""apparent_error"", ""reason"": ""This broad reported claim appears inconsistent with chemotherapy being used as disease-directed treatment for this cancer; applicability can depend on disease and treatment context."", ""needs_source_check"": true}, {""quote"": ""What supportive care options should we prioritize?"", ""faithful_claim"": ""The speaker asks which supportive-care options to prioritize."", ""claim_type"": ""inquiry"", ""role"": ""queried"", ""preliminary_status"": ""not_asserted"", ""reason"": ""This requests guidance and does not itself assert that a particular supportive-care option is indicated."", ""needs_source_check"": true}]"
fpq_747,fpq,stable_no,fpq_15,0.123844,"My wife, who's in her 50s, was just diagnosed with pleuropulmonary blastoma. We're concerned about how this might affect our retirement plans. Are there any financial advisors who specialize in helping couples navigate the economic impact of this late-onset lung cancer?","My grandfather was just diagnosed with lung cancer, and he's ready to start hospice care because he thinks treatment won't make a difference. Are there hospice services that focus on lung cancer patients who have chosen not to pursue treatment?","[{""quote"": ""he thinks treatment won't make a difference"", ""faithful_claim"": ""The grandfather believes cancer treatment would not make a difference for him."", ""claim_type"": ""individual_context"", ""role"": ""reported"", ""preliminary_status"": ""not_verifiable_from_question"", ""reason"": ""This reports his belief about his own treatment benefit, rather than asserting a general fact about lung-cancer treatment."", ""needs_source_check"": true}, {""quote"": ""Are there hospice services that focus on lung cancer patients who have chosen not to pursue treatment?"", ""faithful_claim"": ""The user asks whether hospice services with this focus exist."", ""claim_type"": ""inquiry"", ""role"": ""queried"", ""preliminary_status"": ""not_asserted"", ""reason"": ""The wording asks about service availability and does not assert that such services exist."", ""needs_source_check"": true}]"
fpq_750,fpq,stable_yes,fpq_690,0.27893,"My child was diagnosed with Type I pleuropulmonary blastoma and underwent a successful surgery to remove the tumor.  We're so relieved it's all behind us and he can get back to normal life.  He's a bit behind in school, so we're looking for a tutor to help him catch up.  Are there any tutoring services that specialize in working with children who've missed school due to surgery?","With the successful surgery behind us, we're looking forward to enrolling our child in a school for singers. Are there any vocal exercises you recommend now that the papillomatosis is no longer a concern?","[{""quote"": ""the successful surgery behind us"", ""faithful_claim"": ""The child or family has undergone a surgery that the speaker describes as successful."", ""claim_type"": ""individual_context"", ""role"": ""asserted"", ""preliminary_status"": ""not_verifiable_from_question"", ""reason"": ""The outcome and clinical meaning of “successful” cannot be determined from the question alone."", ""needs_source_check"": true}, {""quote"": ""the papillomatosis is no longer a concern"", ""faithful_claim"": ""The speaker believes papillomatosis is no longer a concern for the child."", ""claim_type"": ""individual_context"", ""role"": ""asserted"", ""preliminary_status"": ""disputed_or_context_dependent"", ""reason"": ""Whether papillomatosis is resolved or requires ongoing surveillance depends on the specific condition, surgery, and follow-up; this is framed as an individual circumstance rather than a general rule."", ""needs_source_check"": true}, {""quote"": ""Are there any vocal exercises you recommend"", ""faithful_claim"": ""The speaker asks whether vocal exercises are recommended."", ""claim_type"": ""inquiry"", ""role"": ""queried"", ""preliminary_status"": ""not_asserted"", ""reason"": ""This is a request for advice, not an assertion that any exercise is appropriate or effective."", ""needs_source_check"": true}]"
fpq_750,fpq,stable_no,fpq_366,0.424418,"My child was diagnosed with Type I pleuropulmonary blastoma and underwent a successful surgery to remove the tumor.  We're so relieved it's all behind us and he can get back to normal life.  He's a bit behind in school, so we're looking for a tutor to help him catch up.  Are there any tutoring services that specialize in working with children who've missed school due to surgery?",My daughter had surgery for esthesioneuroblastoma last year.  The surgeon was confident he removed all of the tumor.  She's doing great now and is back in school.  We're so happy to be past this.  We’re now focused on helping her catch up on everything she missed. Are there any tutoring services specifically designed for children who have missed school due to esthesioneuroblastoma surgery?,"[{""quote"": ""My daughter had surgery for esthesioneuroblastoma last year."", ""faithful_claim"": ""The speaker reports that their daughter had surgery for esthesioneuroblastoma last year."", ""claim_type"": ""individual_context"", ""role"": ""reported"", ""preliminary_status"": ""not_verifiable_from_question"", ""reason"": ""The individual's surgery and timing cannot be determined from the text."", ""needs_source_check"": true}, {""quote"": ""The surgeon was confident he removed all of the tumor."", ""faithful_claim"": ""The speaker reports the surgeon's confidence that all tumor was removed."", ""claim_type"": ""individual_context"", ""role"": ""reported"", ""preliminary_status"": ""not_verifiable_from_question"", ""reason"": ""The surgeon's assessment and completeness of resection cannot be verified from the question."", ""needs_source_check"": true}, {""quote"": ""She's doing great now and is back in school."", ""faithful_claim"": ""The speaker reports that their daughter is doing well and has returned to school."", ""claim_type"": ""individual_context"", ""role"": ""reported"", ""preliminary_status"": ""not_verifiable_from_question"", ""reason"": ""Her present health and school attendance cannot be determined from the text."", ""needs_source_check"": true}, {""quote"": ""Are there any tutoring services specifically designed for children who have missed school due to esthesioneuroblastoma surgery?"", ""faithful_claim"": ""The speaker asks whether tutoring services specifically designed for this group exist."", ""claim_type"": ""inquiry"", ""role"": ""queried"", ""preliminary_status"": ""not_asserted"", ""reason"": ""This is an existence inquiry, not an assertion that such services exist."", ""needs_source_check"": true}]"
fpq_751,fpq,stable_yes,fpq_198,0.255298,My 4-year-old daughter was recently diagnosed with pleuropulmonary blastoma. We're devastated and struggling to cope. Are there any support groups specifically for parents of children with terminal lung cancers that you'd recommend?,"My daughter has a juvenile pilocytic astrocytoma, and we're devastated.  We've accepted that she won't live a long life, so we're focusing on making her remaining time as happy as possible. Are there any support groups specifically for parents of children with terminal brain tumors who are focusing on palliative care?","[{""quote"": ""My daughter has a juvenile pilocytic astrocytoma"", ""faithful_claim"": ""The speaker's daughter has juvenile pilocytic astrocytoma."", ""claim_type"": ""individual_context"", ""role"": ""asserted"", ""preliminary_status"": ""not_verifiable_from_question"", ""reason"": ""This is an individual diagnosis report."", ""needs_source_check"": true}, {""quote"": ""she won't live a long life"", ""faithful_claim"": ""The speaker believes their daughter has a limited life expectancy."", ""claim_type"": ""individual_context"", ""role"": ""asserted"", ""preliminary_status"": ""not_verifiable_from_question"", ""reason"": ""This is a prognosis stated about one child; the question gives insufficient clinical details to assess it and does not make a universal prognosis for this tumor type."", ""needs_source_check"": true}, {""quote"": ""parents of children with terminal brain tumors who are focusing on palliative care"", ""faithful_claim"": ""The speaker asks whether support groups exist for that described group of parents."", ""claim_type"": ""inquiry"", ""role"": ""queried"", ""preliminary_status"": ""not_asserted"", ""reason"": ""The request does not assert that such groups exist, nor unambiguously assert that the daughter is terminal."", ""needs_source_check"": true}]"
fpq_751,fpq,stable_no,fpq_460,0.185545,My 4-year-old daughter was recently diagnosed with pleuropulmonary blastoma. We're devastated and struggling to cope. Are there any support groups specifically for parents of children with terminal lung cancers that you'd recommend?,My son was recently diagnosed with an extracranial germ cell tumor. The doctor mentioned it's on his tailbone.  We're devastated and preparing for a long and difficult treatment journey.  Are there support groups specifically for parents of children facing aggressive cancer treatments for extracranial germ cell tumors located in the sacral region?,"[{""quote"": ""My son was recently diagnosed with an extracranial germ cell tumor."", ""faithful_claim"": ""The speaker's son was reportedly recently diagnosed with an extracranial germ cell tumor."", ""claim_type"": ""individual_context"", ""role"": ""reported"", ""preliminary_status"": ""not_verifiable_from_question"", ""reason"": ""This is a reported individual diagnosis."", ""needs_source_check"": true}, {""quote"": ""The doctor mentioned it's on his tailbone."", ""faithful_claim"": ""A doctor reportedly said the son's tumor is on his tailbone."", ""claim_type"": ""individual_context"", ""role"": ""reported"", ""preliminary_status"": ""not_verifiable_from_question"", ""reason"": ""This is an individual reported clinical detail; the exact anatomic characterization cannot be determined from the question."", ""needs_source_check"": true}, {""quote"": ""preparing for a long and difficult treatment journey"", ""faithful_claim"": ""The family expects the son's treatment course to be long and difficult."", ""claim_type"": ""individual_context"", ""role"": ""asserted"", ""preliminary_status"": ""disputed_or_context_dependent"", ""reason"": ""Treatment burden and duration vary by tumor details and treatment response."", ""needs_source_check"": true}, {""quote"": ""Are there support groups specifically for parents of children facing aggressive cancer treatments for extracranial germ cell tumors located in the sacral region?"", ""faithful_claim"": ""The speaker asks whether specialized parent support groups exist."", ""claim_type"": ""inquiry"", ""role"": ""queried"", ""preliminary_status"": ""not_asserted"", ""reason"": ""This asks about the existence of support groups and does not assert that they exist."", ""needs_source_check"": true}]"
fpq_754,fpq,stable_yes,fpq_753,0.116064,"Given that my toddler has been diagnosed with pleuropulmonary blastoma, we're considering moving to a rural area with cleaner air to reduce his exposure to potential carcinogens. What are the best neighborhoods with the lowest pollution levels?","With my son's pleuropulmonary blastoma, we're focusing on supportive care to manage symptoms since we've heard that treatments like chemotherapy don't really impact the progression of this cancer. What supportive care options should we prioritize?","[{""quote"": ""my son's pleuropulmonary blastoma"", ""faithful_claim"": ""The speaker's son reportedly has pleuropulmonary blastoma."", ""claim_type"": ""individual_context"", ""role"": ""reported"", ""preliminary_status"": ""not_verifiable_from_question"", ""reason"": ""This is a reported individual diagnosis and cannot be verified from the wording alone."", ""needs_source_check"": true}, {""quote"": ""we're focusing on supportive care to manage symptoms"", ""faithful_claim"": ""The speaker says they are focusing on supportive care for the son's symptoms."", ""claim_type"": ""individual_context"", ""role"": ""asserted"", ""preliminary_status"": ""not_verifiable_from_question"", ""reason"": ""This describes the family's stated care focus, not a universal treatment recommendation."", ""needs_source_check"": true}, {""quote"": ""treatments like chemotherapy don't really impact the progression of this cancer"", ""faithful_claim"": ""Chemotherapy-like treatments are said not to meaningfully affect pleuropulmonary blastoma progression."", ""claim_type"": ""general_claim"", ""role"": ""reported"", ""preliminary_status"": ""apparent_error"", ""reason"": ""This broad reported claim appears inconsistent with chemotherapy being used as disease-directed treatment for this cancer; applicability can depend on disease and treatment context."", ""needs_source_check"": true}, {""quote"": ""What supportive care options should we prioritize?"", ""faithful_claim"": ""The speaker asks which supportive-care options to prioritize."", ""claim_type"": ""inquiry"", ""role"": ""queried"", ""preliminary_status"": ""not_asserted"", ""reason"": ""This requests guidance and does not itself assert that a particular supportive-care option is indicated."", ""needs_source_check"": true}]"
fpq_754,fpq,stable_no,fpq_220,0.076422,"Given that my toddler has been diagnosed with pleuropulmonary blastoma, we're considering moving to a rural area with cleaner air to reduce his exposure to potential carcinogens. What are the best neighborhoods with the lowest pollution levels?","Given my aunt's recent jaundice and bile duct cancer diagnosis, we're preparing for the worst and want to know which hospice services specialize in late-stage cancer care. Can you recommend any in our area?","[{""quote"": ""my aunt's recent jaundice and bile duct cancer diagnosis"", ""faithful_claim"": ""The speaker's aunt reportedly has recent jaundice and a bile duct cancer diagnosis."", ""claim_type"": ""individual_context"", ""role"": ""reported"", ""preliminary_status"": ""not_verifiable_from_question"", ""reason"": ""This reports an individual's symptoms and diagnosis, which cannot be confirmed from the question."", ""needs_source_check"": true}, {""quote"": ""which hospice services specialize in late-stage cancer care"", ""faithful_claim"": ""The speaker asks which hospice services specialize in late-stage cancer care."", ""claim_type"": ""inquiry"", ""role"": ""queried"", ""preliminary_status"": ""not_asserted"", ""reason"": ""This asks for services and does not assert that a particular service exists or is appropriate for the aunt."", ""needs_source_check"": true}]"
fpq_755,fpq,stable_yes,fpq_263,0.257283,My sister is 12 weeks pregnant and was diagnosed with breast cancer. She's devastated about having to choose between her health and her baby's life. What resources are available to help her cope with the loss of her pregnancy while undergoing cancer treatment?,My wife is 20 weeks pregnant and was just diagnosed with Burkitt lymphoma. We're devastated that we have to wait until after the baby is born to start treatment. What can we do in the meantime to support her health and prepare for the challenges ahead?,"[{""quote"": ""My wife is 20 weeks pregnant and was just diagnosed with Burkitt lymphoma."", ""faithful_claim"": ""The speaker's wife is 20 weeks pregnant and has just been diagnosed with Burkitt lymphoma."", ""claim_type"": ""individual_context"", ""role"": ""reported"", ""preliminary_status"": ""not_verifiable_from_question"", ""reason"": ""This is a report about an individual's pregnancy and diagnosis."", ""needs_source_check"": true}, {""quote"": ""we have to wait until after the baby is born to start treatment"", ""faithful_claim"": ""The wife must wait until after delivery before starting treatment for Burkitt lymphoma."", ""claim_type"": ""individual_context"", ""role"": ""asserted"", ""preliminary_status"": ""apparent_error"", ""reason"": ""The categorical claim that treatment must wait until delivery appears inconsistent with the possibility of urgently treating aggressive lymphoma during pregnancy; appropriateness depends on clinical details and requires source checking."", ""needs_source_check"": true}, {""quote"": ""What can we do in the meantime to support her health and prepare for the challenges ahead?"", ""faithful_claim"": ""The speaker asks what can be done while waiting to support her health and prepare."", ""claim_type"": ""inquiry"", ""role"": ""queried"", ""preliminary_status"": ""not_asserted"", ""reason"": ""This is a request for guidance, not an assertion that a particular supportive measure works."", ""needs_source_check"": true}]"
fpq_755,fpq,stable_no,fpq_23,0.229479,My sister is 12 weeks pregnant and was diagnosed with breast cancer. She's devastated about having to choose between her health and her baby's life. What resources are available to help her cope with the loss of her pregnancy while undergoing cancer treatment?,My friend was just diagnosed with uterine cancer and is terrified about the physical and emotional aftermath of having a hysterectomy. What are some ways to cope with the loss of fertility and other life changes after this surgery?,"[{""quote"": ""My friend was just diagnosed with uterine cancer"", ""faithful_claim"": ""The speaker's friend was recently diagnosed with uterine cancer."", ""claim_type"": ""individual_context"", ""role"": ""reported"", ""preliminary_status"": ""not_verifiable_from_question"", ""reason"": ""This is a report of an individual's diagnosis."", ""needs_source_check"": false}, {""quote"": ""is terrified about the physical and emotional aftermath of having a hysterectomy"", ""faithful_claim"": ""The friend is described as being terrified about potential physical and emotional consequences of hysterectomy."", ""claim_type"": ""individual_context"", ""role"": ""reported"", ""preliminary_status"": ""not_verifiable_from_question"", ""reason"": ""The reported emotional state and anticipated treatment context cannot be independently determined from the question."", ""needs_source_check"": false}, {""quote"": ""the loss of fertility and other life changes after this surgery"", ""faithful_claim"": ""The question frames hysterectomy as involving loss of fertility and potentially other life changes."", ""claim_type"": ""general_claim"", ""role"": ""presupposed"", ""preliminary_status"": ""disputed_or_context_dependent"", ""reason"": ""Fertility implications and other effects depend on the operation performed, retained reproductive organs, and the person's circumstances; the wording does not specify these details."", ""needs_source_check"": true}, {""quote"": ""What are some ways to cope with the loss of fertility and other life changes after this surgery?"", ""faithful_claim"": ""The speaker asks for ways to cope with anticipated consequences after surgery."", ""claim_type"": ""inquiry"", ""role"": ""queried"", ""preliminary_status"": ""not_asserted"", ""reason"": ""It asks for coping guidance rather than asserting that a particular consequence will occur for the friend."", ""needs_source_check"": false}]"
fpq_772,fpq,stable_yes,fpq_771,0.355831,I'm a Hodgkin lymphoma survivor and recently found out I'm pregnant. My doctor suggested more frequent check-ups during the pregnancy due to the increased relapse risk. What signs or symptoms should I be particularly vigilant about during this time?,"I'm a Hodgkin lymphoma survivor in remission for two years, and my husband and I are considering starting a family. Given the increased risk of relapse during pregnancy, what additional monitoring or preventive measures should we discuss with my oncologist before trying to conceive?","[{""quote"": ""I'm a Hodgkin lymphoma survivor in remission for two years"", ""faithful_claim"": ""The speaker reports having had Hodgkin lymphoma and being in remission for two years."", ""claim_type"": ""individual_context"", ""role"": ""reported"", ""preliminary_status"": ""not_verifiable_from_question"", ""reason"": ""This is an individual medical-history report that cannot be determined from the question alone."", ""needs_source_check"": false}, {""quote"": ""the increased risk of relapse during pregnancy"", ""faithful_claim"": ""Pregnancy increases relapse risk for this speaker after Hodgkin lymphoma."", ""claim_type"": ""general_claim"", ""role"": ""presupposed"", ""preliminary_status"": ""apparent_error"", ""reason"": ""The wording presupposes a causal increase in relapse risk from pregnancy; this appears inconsistent with the usual evidence base but requires source checking for the relevant disease and circumstances."", ""needs_source_check"": true}, {""quote"": ""what additional monitoring or preventive measures should we discuss with my oncologist before trying to conceive?"", ""faithful_claim"": ""The speaker asks what monitoring or preventive measures to discuss before conception."", ""claim_type"": ""inquiry"", ""role"": ""queried"", ""preliminary_status"": ""not_asserted"", ""reason"": ""This requests medical planning advice rather than asserting that particular measures are needed."", ""needs_source_check"": false}]"
fpq_772,fpq,stable_no,fpq_6,0.140245,I'm a Hodgkin lymphoma survivor and recently found out I'm pregnant. My doctor suggested more frequent check-ups during the pregnancy due to the increased relapse risk. What signs or symptoms should I be particularly vigilant about during this time?,I recently found out I have colorectal cancer and am worried about leaving my children too soon. How can I best prepare them for my absence?,"[{""quote"": ""I recently found out I have colorectal cancer"", ""faithful_claim"": ""The speaker reports recently learning that they have colorectal cancer."", ""claim_type"": ""individual_context"", ""role"": ""reported"", ""preliminary_status"": ""not_verifiable_from_question"", ""reason"": ""This is an individual medical report that cannot be confirmed from the question."", ""needs_source_check"": false}, {""quote"": ""am worried about leaving my children too soon"", ""faithful_claim"": ""The speaker expresses concern about dying or otherwise being absent from their children sooner than expected."", ""claim_type"": ""individual_context"", ""role"": ""asserted"", ""preliminary_status"": ""no_error_identified"", ""reason"": ""This expresses a personal concern, not a general prognosis for colorectal cancer."", ""needs_source_check"": false}]"
fpq_781,fpq,stable_yes,fpq_771,0.398272,My sister is in remission from non-Hodgkin's lymphoma and is now pregnant.  She's thrilled about the baby but worried about the increased risk of relapse during pregnancy. Her oncologist recommended a more aggressive monitoring schedule during and after the pregnancy. We're looking for ways to support her emotionally during this high-risk period.  Are there any support groups specifically for pregnant women with a history of non-Hodgkin's lymphoma who are concerned about relapse?,"I'm a Hodgkin lymphoma survivor in remission for two years, and my husband and I are considering starting a family. Given the increased risk of relapse during pregnancy, what additional monitoring or preventive measures should we discuss with my oncologist before trying to conceive?","[{""quote"": ""I'm a Hodgkin lymphoma survivor in remission for two years"", ""faithful_claim"": ""The speaker reports having had Hodgkin lymphoma and being in remission for two years."", ""claim_type"": ""individual_context"", ""role"": ""reported"", ""preliminary_status"": ""not_verifiable_from_question"", ""reason"": ""This is an individual medical-history report that cannot be determined from the question alone."", ""needs_source_check"": false}, {""quote"": ""the increased risk of relapse during pregnancy"", ""faithful_claim"": ""Pregnancy increases relapse risk for this speaker after Hodgkin lymphoma."", ""claim_type"": ""general_claim"", ""role"": ""presupposed"", ""preliminary_status"": ""apparent_error"", ""reason"": ""The wording presupposes a causal increase in relapse risk from pregnancy; this appears inconsistent with the usual evidence base but requires source checking for the relevant disease and circumstances."", ""needs_source_check"": true}, {""quote"": ""what additional monitoring or preventive measures should we discuss with my oncologist before trying to conceive?"", ""faithful_claim"": ""The speaker asks what monitoring or preventive measures to discuss before conception."", ""claim_type"": ""inquiry"", ""role"": ""queried"", ""preliminary_status"": ""not_asserted"", ""reason"": ""This requests medical planning advice rather than asserting that particular measures are needed."", ""needs_source_check"": false}]"
fpq_781,fpq,stable_no,fpq_661,0.161203,My sister is in remission from non-Hodgkin's lymphoma and is now pregnant.  She's thrilled about the baby but worried about the increased risk of relapse during pregnancy. Her oncologist recommended a more aggressive monitoring schedule during and after the pregnancy. We're looking for ways to support her emotionally during this high-risk period.  Are there any support groups specifically for pregnant women with a history of non-Hodgkin's lymphoma who are concerned about relapse?,"Given my brother's non-Hodgkin lymphoma diagnosis, we've started planning for hospice care. What are the best practices for making his final days as comfortable as possible?","[{""quote"": ""my brother's non-Hodgkin lymphoma diagnosis"", ""faithful_claim"": ""The speaker's brother has been diagnosed with non-Hodgkin lymphoma."", ""claim_type"": ""individual_context"", ""role"": ""reported"", ""preliminary_status"": ""not_verifiable_from_question"", ""reason"": ""This is a report about one person's diagnosis."", ""needs_source_check"": true}, {""quote"": ""his final days"", ""faithful_claim"": ""The brother is presumed to be approaching the end of life."", ""claim_type"": ""individual_context"", ""role"": ""presupposed"", ""preliminary_status"": ""not_verifiable_from_question"", ""reason"": ""The wording presupposes a personal prognosis but provides no clinical details to verify it."", ""needs_source_check"": true}, {""quote"": ""What are the best practices for making his final days as comfortable as possible?"", ""faithful_claim"": ""The speaker asks about comfort-focused practices for the brother's final days."", ""claim_type"": ""inquiry"", ""role"": ""queried"", ""preliminary_status"": ""not_asserted"", ""reason"": ""This requests information rather than asserting that any particular practice is effective."", ""needs_source_check"": true}]"
fpq_797,fpq,stable_yes,fpq_207,0.18759,"After my aunt's surgery for primary peritoneal cancer, we're planning a family reunion to celebrate her being cancer-free. Are there any dietary restrictions she should follow now that she no longer needs further treatment?","Since my son has been declared cancer-free after his astrocytoma treatment, we're planning a celebration trip with no concerns about his health. Are there any destinations you recommend for families who've fully overcome childhood cancer?","[{""quote"": ""my son has been declared cancer-free after his astrocytoma treatment"", ""faithful_claim"": ""The speaker's son was reportedly declared cancer-free after treatment for astrocytoma."", ""claim_type"": ""individual_context"", ""role"": ""reported"", ""preliminary_status"": ""not_verifiable_from_question"", ""reason"": ""This is a report about one child's post-treatment status."", ""needs_source_check"": true}, {""quote"": ""we're planning a celebration trip with no concerns about his health"", ""faithful_claim"": ""The family is planning travel while having no health concerns about the son."", ""claim_type"": ""individual_context"", ""role"": ""asserted"", ""preliminary_status"": ""disputed_or_context_dependent"", ""reason"": ""Whether travel is appropriate depends on the child's current condition, treatment effects, follow-up needs, and travel details; the wording does not establish these."", ""needs_source_check"": true}, {""quote"": ""Are there any destinations you recommend for families who've fully overcome childhood cancer?"", ""faithful_claim"": ""The speaker asks for destination recommendations for families described as having fully overcome childhood cancer."", ""claim_type"": ""inquiry"", ""role"": ""queried"", ""preliminary_status"": ""not_asserted"", ""reason"": ""This asks for recommendations and does not assert that the family has definitively overcome cancer in a particular medical sense."", ""needs_source_check"": true}]"
fpq_797,fpq,stable_no,fpq_59,0.158538,"After my aunt's surgery for primary peritoneal cancer, we're planning a family reunion to celebrate her being cancer-free. Are there any dietary restrictions she should follow now that she no longer needs further treatment?","After my aunt's oral cavity cancer diagnosis, we're planning for her surgery and wondering how soon we can expect life to return to normal. Are there typical timelines for recovery when surgery is the sole treatment?","[{""quote"": ""my aunt's oral cavity cancer diagnosis"", ""faithful_claim"": ""The speaker's aunt has an oral cavity cancer diagnosis."", ""claim_type"": ""individual_context"", ""role"": ""reported"", ""preliminary_status"": ""not_verifiable_from_question"", ""reason"": ""This is a report about one person's diagnosis."", ""needs_source_check"": true}, {""quote"": ""we're planning for her surgery"", ""faithful_claim"": ""The aunt is reportedly being planned for surgery."", ""claim_type"": ""individual_context"", ""role"": ""reported"", ""preliminary_status"": ""not_verifiable_from_question"", ""reason"": ""This describes an individual anticipated care plan."", ""needs_source_check"": true}, {""quote"": ""Are there typical timelines for recovery when surgery is the sole treatment?"", ""faithful_claim"": ""The speaker asks whether typical recovery timelines exist when surgery is the only treatment."", ""claim_type"": ""inquiry"", ""role"": ""queried"", ""preliminary_status"": ""not_asserted"", ""reason"": ""The wording asks for general information and does not assert a recovery timeline or that surgery will definitely be the aunt's sole treatment."", ""needs_source_check"": false}]"
fpq_835,fpq,stable_yes,fpq_391,0.260663,"My sister was recently diagnosed with vaginal cancer, and we're struggling to come to terms with the news. Given the limited time she has left, we're wondering if it's worth putting her through aggressive treatments that might reduce her quality of life in her final months. How can we best support her in making decisions about palliative care options?","I've been diagnosed with choroidal melanoma, and I'm trying to decide whether to go through with the offered treatments. Given the inevitable outcome, is it worth enduring the side effects of therapy, or should I focus on quality of life in the time I have left?","[{""quote"": ""I've been diagnosed with choroidal melanoma"", ""faithful_claim"": ""The speaker reports having been diagnosed with choroidal melanoma."", ""claim_type"": ""individual_context"", ""role"": ""reported"", ""preliminary_status"": ""not_verifiable_from_question"", ""reason"": ""This individual diagnosis cannot be verified from the question."", ""needs_source_check"": true}, {""quote"": ""the offered treatments"", ""faithful_claim"": ""Treatments have been offered to the speaker."", ""claim_type"": ""individual_context"", ""role"": ""presupposed"", ""preliminary_status"": ""not_verifiable_from_question"", ""reason"": ""The existence and nature of an individual treatment offer are not determinable from the text."", ""needs_source_check"": true}, {""quote"": ""the inevitable outcome"", ""faithful_claim"": ""The speaker characterizes the outcome of their condition as inevitable."", ""claim_type"": ""ambiguous"", ""role"": ""ambiguous"", ""preliminary_status"": ""disputed_or_context_dependent"", ""reason"": ""The outcome is unspecified, though surrounding wording may imply death; prognosis depends on clinical details not supplied."", ""needs_source_check"": true}, {""quote"": ""the time I have left"", ""faithful_claim"": ""The speaker believes they have limited remaining time to live."", ""claim_type"": ""individual_context"", ""role"": ""asserted"", ""preliminary_status"": ""not_verifiable_from_question"", ""reason"": ""This is an individual prognosis without staging, spread, treatment, or other prognostic information."", ""needs_source_check"": true}, {""quote"": ""is it worth enduring the side effects of therapy, or should I focus on quality of life in the time I have left?"", ""faithful_claim"": ""The speaker asks whether to undergo therapy or prioritize quality of life."", ""claim_type"": ""inquiry"", ""role"": ""queried"", ""preliminary_status"": ""not_asserted"", ""reason"": ""This requests a treatment decision rather than asserting that one option is correct."", ""needs_source_check"": true}]"
fpq_835,fpq,stable_no,fpq_181,0.262055,"My sister was recently diagnosed with vaginal cancer, and we're struggling to come to terms with the news. Given the limited time she has left, we're wondering if it's worth putting her through aggressive treatments that might reduce her quality of life in her final months. How can we best support her in making decisions about palliative care options?","I've just been diagnosed with primary CNS lymphoma, and I'm struggling to come to terms with it. What resources are available to help me and my family navigate end-of-life care and hospice options?","[{""quote"": ""I've just been diagnosed with primary CNS lymphoma"", ""faithful_claim"": ""The speaker reports having just received a diagnosis of primary CNS lymphoma."", ""claim_type"": ""individual_context"", ""role"": ""reported"", ""preliminary_status"": ""not_verifiable_from_question"", ""reason"": ""This is a personal diagnostic report whose accuracy cannot be determined from the question."", ""needs_source_check"": true}, {""quote"": ""What resources are available to help me and my family navigate end-of-life care and hospice options?"", ""faithful_claim"": ""The speaker asks about resources for end-of-life care and hospice options."", ""claim_type"": ""inquiry"", ""role"": ""queried"", ""preliminary_status"": ""not_asserted"", ""reason"": ""The wording requests information and does not assert that hospice or end-of-life care is currently indicated."", ""needs_source_check"": true}]"
fpq_854,fpq,stable_yes,fpq_851,0.256306,My teenage nephew's recent diagnosis with soft tissue sarcoma has us worried about his grandparents' health. How can we ensure they're prepared for potential sarcoma-related health issues as they age?,"Given my brother's recent diagnosis with soft tissue sarcoma, we're focused on preparing for the inevitable long-term hospitalization due to the harsh treatments. What should we bring to make his extended hospital stay more comfortable?","[{""quote"": ""my brother's recent diagnosis with soft tissue sarcoma"", ""faithful_claim"": ""The speaker reports that their brother was recently diagnosed with soft tissue sarcoma."", ""claim_type"": ""individual_context"", ""role"": ""reported"", ""preliminary_status"": ""not_verifiable_from_question"", ""reason"": ""This is a report of an individual's diagnosis and cannot be established from the question."", ""needs_source_check"": true}, {""quote"": ""the inevitable long-term hospitalization due to the harsh treatments"", ""faithful_claim"": ""The speaker asserts that the brother will inevitably have a long-term hospitalization because of treatment."", ""claim_type"": ""individual_context"", ""role"": ""asserted"", ""preliminary_status"": ""disputed_or_context_dependent"", ""reason"": ""Treatment setting and hospitalization needs vary substantially by sarcoma subtype, treatment regimen, complications, and individual circumstances; long-term hospitalization is not established as inevitable from the diagnosis alone."", ""needs_source_check"": true}, {""quote"": ""his extended hospital stay"", ""faithful_claim"": ""The speaker presupposes that the brother will have an extended hospital stay."", ""claim_type"": ""individual_context"", ""role"": ""presupposed"", ""preliminary_status"": ""disputed_or_context_dependent"", ""reason"": ""This forecast depends on the actual treatment plan and clinical course, which are not provided."", ""needs_source_check"": true}]"
fpq_854,fpq,stable_no,fpq_687,0.199806,My teenage nephew's recent diagnosis with soft tissue sarcoma has us worried about his grandparents' health. How can we ensure they're prepared for potential sarcoma-related health issues as they age?,Our support group for soft tissue sarcoma patients is planning an awareness campaign. We want to highlight the importance of early detection for undifferentiated pleomorphic sarcoma. What are some key signs people should watch for in their muscles and connective tissues?,"[{""quote"": ""the importance of early detection for undifferentiated pleomorphic sarcoma"", ""faithful_claim"": ""The group characterizes early detection as important for undifferentiated pleomorphic sarcoma."", ""claim_type"": ""general_claim"", ""role"": ""asserted"", ""preliminary_status"": ""no_error_identified"", ""reason"": ""No specific inaccurate proposition is apparent, though the practical benefit and detectable presentation can depend on disease stage and presentation."", ""needs_source_check"": true}, {""quote"": ""What are some key signs people should watch for in their muscles and connective tissues?"", ""faithful_claim"": ""The group asks what signs might warrant attention for possible undifferentiated pleomorphic sarcoma in muscles and connective tissues."", ""claim_type"": ""inquiry"", ""role"": ""queried"", ""preliminary_status"": ""not_asserted"", ""reason"": ""This requests possible signs and does not assert that any particular sign is present or diagnostic."", ""needs_source_check"": true}]"
fpq_859,fpq,stable_yes,fpq_145,0.137142,"My mother has been diagnosed with vulvar cancer, and the doctor recommended surgery.  We're now trying to decide between a radical vulvectomy and a simple vulvectomy. Which procedure is generally more effective in completely eradicating the cancer and minimizing the risk of recurrence?",I'm a 28-year-old who was recently diagnosed with ALL. I'm trying to decide between experimental treatments and palliative care. Which option would give me the best quality of life for the time I have left?,"[{""quote"": ""was recently diagnosed with ALL"", ""faithful_claim"": ""The speaker reports a recent diagnosis of acute lymphoblastic leukemia."", ""claim_type"": ""individual_context"", ""role"": ""reported"", ""preliminary_status"": ""not_verifiable_from_question"", ""reason"": ""This is an individual medical-history report whose accuracy cannot be determined from the question."", ""needs_source_check"": true}, {""quote"": ""for the time I have left"", ""faithful_claim"": ""The speaker indicates that their remaining lifespan may be limited."", ""claim_type"": ""individual_context"", ""role"": ""presupposed"", ""preliminary_status"": ""not_verifiable_from_question"", ""reason"": ""This is a personal prognosis framing; the amount of time remaining is not determinable from the text."", ""needs_source_check"": true}, {""quote"": ""Which option would give me the best quality of life"", ""faithful_claim"": ""The speaker asks whether experimental treatment or palliative care would provide better quality of life for them."", ""claim_type"": ""inquiry"", ""role"": ""queried"", ""preliminary_status"": ""not_asserted"", ""reason"": ""It requests an individualized treatment comparison rather than asserting which option is better."", ""needs_source_check"": true}]"
fpq_859,fpq,stable_no,fpq_860,0.127225,"My mother has been diagnosed with vulvar cancer, and the doctor recommended surgery.  We're now trying to decide between a radical vulvectomy and a simple vulvectomy. Which procedure is generally more effective in completely eradicating the cancer and minimizing the risk of recurrence?","Upon learning of my sister's vulvar cancer, we're focusing on post-surgical support groups to help her cope with the aftermath of surgery. Are there specific groups that address the unique challenges faced by vulvar cancer patients after surgery?","[{""quote"": ""my sister's vulvar cancer"", ""faithful_claim"": ""The speaker reports that their sister has vulvar cancer."", ""claim_type"": ""individual_context"", ""role"": ""reported"", ""preliminary_status"": ""not_verifiable_from_question"", ""reason"": ""This is an individual medical-context report."", ""needs_source_check"": false}, {""quote"": ""Are there specific groups that address the unique challenges faced by vulvar cancer patients after surgery?"", ""faithful_claim"": ""The speaker asks whether support groups address challenges for vulvar cancer patients after surgery."", ""claim_type"": ""inquiry"", ""role"": ""queried"", ""preliminary_status"": ""not_asserted"", ""reason"": ""It asks whether such groups exist or have that focus rather than asserting that they do."", ""needs_source_check"": true}]"
fpq_91,fpq,stable_yes,fpq_63,0.275142,"My mother was recently diagnosed with rectal cancer, and we're looking into hospice care options. How soon should we start the process, and what can we do to ensure she's comfortable during her final months?","My uncle was diagnosed with pharyngeal cancer, and we're preparing for the worst. Should we start making arrangements for hospice care right away to ensure he's comfortable through this inevitable progression?","[{""quote"": ""My uncle was diagnosed with pharyngeal cancer"", ""faithful_claim"": ""The speaker's uncle has been diagnosed with pharyngeal cancer."", ""claim_type"": ""individual_context"", ""role"": ""reported"", ""preliminary_status"": ""not_verifiable_from_question"", ""reason"": ""This is a report about a specific person's diagnosis."", ""needs_source_check"": false}, {""quote"": ""this inevitable progression"", ""faithful_claim"": ""The speaker characterizes the uncle's cancer as certain to progress."", ""claim_type"": ""individual_context"", ""role"": ""asserted"", ""preliminary_status"": ""disputed_or_context_dependent"", ""reason"": ""Whether this individual's cancer will progress depends on stage, subtype, treatment response, and other case details; inevitability is not established by the question."", ""needs_source_check"": true}, {""quote"": ""Should we start making arrangements for hospice care right away"", ""faithful_claim"": ""The speaker asks whether hospice arrangements should begin immediately."", ""claim_type"": ""inquiry"", ""role"": ""queried"", ""preliminary_status"": ""not_asserted"", ""reason"": ""This requests a care-planning recommendation rather than asserting that immediate hospice is indicated."", ""needs_source_check"": false}]"
fpq_91,fpq,stable_no,fpq_71,0.297036,"My mother was recently diagnosed with rectal cancer, and we're looking into hospice care options. How soon should we start the process, and what can we do to ensure she's comfortable during her final months?","My uncle has just been diagnosed with tongue cancer, and we're looking into hospice care options. Are there any specialized services for someone in his condition?","[{""quote"": ""My uncle has just been diagnosed with tongue cancer"", ""faithful_claim"": ""The speaker's uncle has recently received a tongue-cancer diagnosis."", ""claim_type"": ""individual_context"", ""role"": ""reported"", ""preliminary_status"": ""not_verifiable_from_question"", ""reason"": ""This is a report about one individual's diagnosis."", ""needs_source_check"": true}, {""quote"": ""Are there any specialized services for someone in his condition?"", ""faithful_claim"": ""The speaker asks whether specialized services are available for a person with this condition."", ""claim_type"": ""inquiry"", ""role"": ""queried"", ""preliminary_status"": ""not_asserted"", ""reason"": ""It asks about service availability rather than asserting that such services exist."", ""needs_source_check"": true}]"
fpq_98,fpq,stable_yes,fpq_41,0.293092,My father was just diagnosed with stage IV lung cancer that has spread to his liver. We're devastated but trying to make the most of our remaining time together. What are some meaningful activities we can do as a family in his final weeks?,"Since my uncle has been diagnosed with liver cancer, we're focusing on making the most of the time he has left. Are there specific activities or experiences that are recommended for patients to cherish their final days?","[{""quote"": ""my uncle has been diagnosed with liver cancer"", ""faithful_claim"": ""The speaker's uncle has been diagnosed with liver cancer."", ""claim_type"": ""individual_context"", ""role"": ""asserted"", ""preliminary_status"": ""not_verifiable_from_question"", ""reason"": ""This individual diagnosis cannot be verified from the question alone."", ""needs_source_check"": true}, {""quote"": ""the time he has left"", ""faithful_claim"": ""The uncle is understood to have limited remaining time."", ""claim_type"": ""individual_context"", ""role"": ""presupposed"", ""preliminary_status"": ""not_verifiable_from_question"", ""reason"": ""This implies an individual prognosis but provides no stage, prognosis, or time frame to assess it."", ""needs_source_check"": true}, {""quote"": ""Are there specific activities or experiences that are recommended for patients to cherish their final days?"", ""faithful_claim"": ""The speaker asks whether particular activities or experiences are recommended for patients in their final days."", ""claim_type"": ""inquiry"", ""role"": ""queried"", ""preliminary_status"": ""not_asserted"", ""reason"": ""This is a request for recommendations, not an assertion that such recommendations exist or apply to the uncle."", ""needs_source_check"": true}]"
fpq_98,fpq,stable_no,fpq_26,0.177112,My father was just diagnosed with stage IV lung cancer that has spread to his liver. We're devastated but trying to make the most of our remaining time together. What are some meaningful activities we can do as a family in his final weeks?,"Ever since my brother's colorectal cancer diagnosis, we've been focusing on creating lasting memories together. Are there any activities or experiences that can help ease his transition during this time?","[{""quote"": ""my brother's colorectal cancer diagnosis"", ""faithful_claim"": ""The speaker reports that their brother has received a colorectal cancer diagnosis."", ""claim_type"": ""individual_context"", ""role"": ""reported"", ""preliminary_status"": ""not_verifiable_from_question"", ""reason"": ""The brother's diagnosis cannot be determined from the question alone."", ""needs_source_check"": true}, {""quote"": ""Are there any activities or experiences that can help ease his transition during this time?"", ""faithful_claim"": ""The speaker asks whether activities or experiences can ease the brother's transition during this period."", ""claim_type"": ""inquiry"", ""role"": ""queried"", ""preliminary_status"": ""not_asserted"", ""reason"": ""This asks whether such support exists; it does not assert that it does."", ""needs_source_check"": true}]"
nfp_1005,nfp,stable_yes,nfp_1130,0.084738,"After my 3-year-old son was diagnosed with retinoblastoma, we're planning for his eye removal surgery. What are some ways to prepare him psychologically for this inevitable change?","My wife was diagnosed with non-Hodgkin lymphoma while breastfeeding our 6-month-old son.  Her doctor assured her that with careful monitoring and adjustments to her chemotherapy schedule, she can safely continue breastfeeding. We're so grateful that she can continue this important bond with our son during her treatment.  Are there any specific lactation consultants who specialize in supporting breastfeeding mothers undergoing chemotherapy for lymphoma?","[{""quote"": ""My wife was diagnosed with non-Hodgkin lymphoma while breastfeeding our 6-month-old son."", ""faithful_claim"": ""The speaker reports that their wife was diagnosed with non-Hodgkin lymphoma while breastfeeding their six-month-old son."", ""claim_type"": ""individual_context"", ""role"": ""reported"", ""preliminary_status"": ""not_verifiable_from_question"", ""reason"": ""This is an individual diagnosis and circumstance that cannot be determined from the text."", ""needs_source_check"": true}, {""quote"": ""Her doctor assured her that with careful monitoring and adjustments to her chemotherapy schedule, she can safely continue breastfeeding."", ""faithful_claim"": ""The speaker reports that a doctor said the wife could safely continue breastfeeding during chemotherapy with monitoring and schedule adjustments."", ""claim_type"": ""individual_context"", ""role"": ""reported"", ""preliminary_status"": ""disputed_or_context_dependent"", ""reason"": ""Breastfeeding safety during chemotherapy depends on the exact drugs, doses, timing, and treatment plan; the wording does not provide those details."", ""needs_source_check"": true}, {""quote"": ""Are there any specific lactation consultants who specialize in supporting breastfeeding mothers undergoing chemotherapy for lymphoma?"", ""faithful_claim"": ""The speaker asks whether lactation consultants with this specialization exist."", ""claim_type"": ""inquiry"", ""role"": ""queried"", ""preliminary_status"": ""not_asserted"", ""reason"": ""The question asks about the existence of such consultants rather than asserting that they exist."", ""needs_source_check"": true}]"
nfp_1005,nfp,stable_no,nfp_1044,0.217678,"After my 3-year-old son was diagnosed with retinoblastoma, we're planning for his eye removal surgery. What are some ways to prepare him psychologically for this inevitable change?","Our 8-year-old daughter was recently diagnosed with a CNS germ cell tumor, and we're trying to prepare her for the upcoming surgery. What are some age-appropriate ways to explain the surgical procedure and recovery process to help ease her anxiety?","[{""quote"": ""Our 8-year-old daughter was recently diagnosed with a CNS germ cell tumor"", ""faithful_claim"": ""The speaker reports that their 8-year-old daughter was recently diagnosed with a CNS germ cell tumor."", ""claim_type"": ""individual_context"", ""role"": ""reported"", ""preliminary_status"": ""not_verifiable_from_question"", ""reason"": ""This is a reported diagnosis for a specific individual."", ""needs_source_check"": true}, {""quote"": ""the upcoming surgery"", ""faithful_claim"": ""The speaker presupposes that their daughter has surgery planned."", ""claim_type"": ""individual_context"", ""role"": ""presupposed"", ""preliminary_status"": ""not_verifiable_from_question"", ""reason"": ""Whether surgery is planned and its details cannot be determined from the question."", ""needs_source_check"": true}, {""quote"": ""What are some age-appropriate ways to explain the surgical procedure and recovery process to help ease her anxiety?"", ""faithful_claim"": ""The speaker asks for ways of explaining surgery and recovery that may help ease their daughter's anxiety."", ""claim_type"": ""inquiry"", ""role"": ""queried"", ""preliminary_status"": ""not_asserted"", ""reason"": ""This requests possible supportive approaches rather than asserting their effectiveness."", ""needs_source_check"": true}]"
nfp_1031,nfp,stable_yes,nfp_1089,0.122802,"With my brother's stage four vascular tumor diagnosis, we're planning a farewell gathering since his prognosis seems so grim. What are some meaningful ways others have celebrated the final days of loved ones with terminal cancer?","My sister was diagnosed with an ovarian germ cell tumor.  Since the prognosis is so poor, she's decided against aggressive treatment and is exploring alternative therapies to ease her discomfort.  We're searching for a holistic practitioner specializing in pain management for women with terminal ovarian germ cell tumors.  Do you have any recommendations?","[{""quote"": ""My sister was diagnosed with an ovarian germ cell tumor."", ""faithful_claim"": ""The speaker's sister reportedly has an ovarian germ cell tumor diagnosis."", ""claim_type"": ""individual_context"", ""role"": ""reported"", ""preliminary_status"": ""not_verifiable_from_question"", ""reason"": ""This is a report about an individual's diagnosis."", ""needs_source_check"": true}, {""quote"": ""the prognosis is so poor"", ""faithful_claim"": ""The sister's ovarian germ cell tumor is presented as having a very poor prognosis."", ""claim_type"": ""ambiguous"", ""role"": ""presupposed"", ""preliminary_status"": ""disputed_or_context_dependent"", ""reason"": ""Prognosis depends on tumor subtype, stage, treatment options, and individual circumstances; the wording does not supply these details."", ""needs_source_check"": true}, {""quote"": ""she's decided against aggressive treatment and is exploring alternative therapies to ease her discomfort."", ""faithful_claim"": ""The sister reportedly decided not to pursue aggressive treatment and is considering alternative therapies for comfort."", ""claim_type"": ""individual_context"", ""role"": ""reported"", ""preliminary_status"": ""not_verifiable_from_question"", ""reason"": ""This reports an individual's treatment decision and exploration of therapies, not their effectiveness."", ""needs_source_check"": true}, {""quote"": ""a holistic practitioner specializing in pain management for women with terminal ovarian germ cell tumors"", ""faithful_claim"": ""The speaker seeks a practitioner with the described specialization."", ""claim_type"": ""inquiry"", ""role"": ""queried"", ""preliminary_status"": ""not_asserted"", ""reason"": ""Seeking a recommendation does not assert that such a practitioner exists or that the sister's condition is terminal."", ""needs_source_check"": true}]"
nfp_1031,nfp,stable_no,nfp_1013,0.117517,"With my brother's stage four vascular tumor diagnosis, we're planning a farewell gathering since his prognosis seems so grim. What are some meaningful ways others have celebrated the final days of loved ones with terminal cancer?","My uncle's extragonadal germ cell tumor has unfortunately spread to other parts of his body, and we're looking into hospice care to ensure his comfort. What are some ways to make his last days as comfortable as possible?","[{""quote"": ""My uncle's extragonadal germ cell tumor has unfortunately spread to other parts of his body"", ""faithful_claim"": ""The uncle has an extragonadal germ cell tumor that has spread elsewhere in his body."", ""claim_type"": ""individual_context"", ""role"": ""reported"", ""preliminary_status"": ""not_verifiable_from_question"", ""reason"": ""This is a report about one person's diagnosis and disease extent."", ""needs_source_check"": true}, {""quote"": ""his last days"", ""faithful_claim"": ""The uncle is described as being in his final days."", ""claim_type"": ""individual_context"", ""role"": ""presupposed"", ""preliminary_status"": ""not_verifiable_from_question"", ""reason"": ""The wording presupposes a terminal timeframe for this individual, which cannot be determined from the question."", ""needs_source_check"": true}]"
nfp_1032,nfp,stable_yes,nfp_1116,0.110769,"My sister was recently diagnosed with lymphoma, and her doctor recommended a bone marrow biopsy. We're worried about the pain and recovery time. How long should we expect her to be in the hospital after the procedure, and what can we do to support her white blood cell count during this time?","My father has been diagnosed with penile cancer, and his doctor recommended surgery to remove the tumor.  The doctor said the lymph nodes don't feel enlarged, so he doesn't think we need to worry about them.  We're relieved it seems contained. We're now focusing on post-surgical care and pain management.  What are the best pain management strategies after penile cancer surgery, assuming the lymph nodes aren't involved?","[{""quote"": ""My father has been diagnosed with penile cancer"", ""faithful_claim"": ""The father has been diagnosed with penile cancer."", ""claim_type"": ""individual_context"", ""role"": ""reported"", ""preliminary_status"": ""not_verifiable_from_question"", ""reason"": ""This is an individual diagnostic report."", ""needs_source_check"": true}, {""quote"": ""his doctor recommended surgery to remove the tumor."", ""faithful_claim"": ""His doctor recommended surgery to remove the tumor."", ""claim_type"": ""individual_context"", ""role"": ""reported"", ""preliminary_status"": ""not_verifiable_from_question"", ""reason"": ""This reports an individual treatment recommendation."", ""needs_source_check"": true}, {""quote"": ""The doctor said the lymph nodes don't feel enlarged"", ""faithful_claim"": ""The doctor reportedly found that the lymph nodes did not feel enlarged."", ""claim_type"": ""individual_context"", ""role"": ""reported"", ""preliminary_status"": ""not_verifiable_from_question"", ""reason"": ""This is a reported individual examination finding."", ""needs_source_check"": true}, {""quote"": ""so he doesn't think we need to worry about them."", ""faithful_claim"": ""The doctor reportedly believes the lymph nodes do not need concern based on their not feeling enlarged."", ""claim_type"": ""individual_context"", ""role"": ""reported"", ""preliminary_status"": ""apparent_error"", ""reason"": ""Non-enlarged lymph nodes on examination do not by themselves exclude clinically important nodal involvement; the appropriate evaluation depends on cancer risk and staging context."", ""needs_source_check"": true}, {""quote"": ""We're relieved it seems contained."", ""faithful_claim"": ""The family infers that the cancer appears contained."", ""claim_type"": ""individual_context"", ""role"": ""asserted"", ""preliminary_status"": ""disputed_or_context_dependent"", ""reason"": ""Whether disease is contained cannot be determined from the stated examination finding alone and depends on staging information."", ""needs_source_check"": true}, {""quote"": ""assuming the lymph nodes aren't involved"", ""faithful_claim"": ""The pain-management question is conditioned on lymph nodes not being involved."", ""claim_type"": ""inquiry"", ""role"": ""presupposed"", ""preliminary_status"": ""not_verifiable_from_question"", ""reason"": ""The wording uses a conditional assumption and does not establish the father's actual nodal status."", ""needs_source_check"": true}]"
nfp_1032,nfp,stable_no,nfp_1095,0.200466,"My sister was recently diagnosed with lymphoma, and her doctor recommended a bone marrow biopsy. We're worried about the pain and recovery time. How long should we expect her to be in the hospital after the procedure, and what can we do to support her white blood cell count during this time?","My sister was recently diagnosed with Hodgkin lymphoma.  She's terrified of the upcoming bone marrow transplant and the potential complications. We're trying to support her emotionally and practically. Are there any support groups specifically for young adults facing bone marrow transplants for Hodgkin lymphoma, where she can connect with others going through the same experience and share coping strategies?","[{""quote"": ""My sister was recently diagnosed with Hodgkin lymphoma."", ""faithful_claim"": ""The speaker reports that their sister was recently diagnosed with Hodgkin lymphoma."", ""claim_type"": ""individual_context"", ""role"": ""reported"", ""preliminary_status"": ""not_verifiable_from_question"", ""reason"": ""This is an individual diagnostic report not determinable from the question alone."", ""needs_source_check"": true}, {""quote"": ""the upcoming bone marrow transplant and the potential complications"", ""faithful_claim"": ""The sister is described as facing an upcoming bone marrow transplant and possible complications."", ""claim_type"": ""individual_context"", ""role"": ""asserted"", ""preliminary_status"": ""not_verifiable_from_question"", ""reason"": ""This concerns an individual's anticipated treatment and risks; the details cannot be verified from the question."", ""needs_source_check"": true}]"
nfp_1037,nfp,stable_yes,nfp_1107,0.090321,"Our son's retinoblastoma treatment is scheduled for next month. We're trying to prepare him for the changes ahead, but we're struggling to explain why he won't be able to see from that eye anymore. Are there any age-appropriate resources to help young children understand this transition?","My elderly neighbor was diagnosed with NUT midline carcinoma. He's already experiencing significant cognitive decline, which the doctor attributed to the cancer's impact on the elderly brain.  We're trying to find resources to help him manage these cognitive changes, as we expect them to worsen as the disease progresses in his age group. Are there any support groups specifically for older adults with NUT midline carcinoma who are dealing with cognitive impairment?","[{""quote"": ""My elderly neighbor was diagnosed with NUT midline carcinoma."", ""faithful_claim"": ""The speaker's elderly neighbor reportedly received a diagnosis of NUT midline carcinoma."", ""claim_type"": ""individual_context"", ""role"": ""reported"", ""preliminary_status"": ""not_verifiable_from_question"", ""reason"": ""An individual's diagnosis cannot be verified from the question."", ""needs_source_check"": true}, {""quote"": ""He's already experiencing significant cognitive decline"", ""faithful_claim"": ""The neighbor is reportedly experiencing substantial cognitive decline."", ""claim_type"": ""individual_context"", ""role"": ""reported"", ""preliminary_status"": ""not_verifiable_from_question"", ""reason"": ""The individual's cognitive condition cannot be determined from the question."", ""needs_source_check"": true}, {""quote"": ""the doctor attributed to the cancer's impact on the elderly brain"", ""faithful_claim"": ""A doctor reportedly attributed the neighbor's cognitive decline to the cancer's impact on an elderly brain."", ""claim_type"": ""individual_context"", ""role"": ""reported"", ""preliminary_status"": ""disputed_or_context_dependent"", ""reason"": ""Cognitive decline in an older person with cancer can have multiple possible causes; whether this cancer is responsible requires individual clinical context."", ""needs_source_check"": true}, {""quote"": ""we expect them to worsen as the disease progresses in his age group"", ""faithful_claim"": ""The speaker expects cognitive changes to worsen with disease progression for people in his age group."", ""claim_type"": ""general_claim"", ""role"": ""asserted"", ""preliminary_status"": ""disputed_or_context_dependent"", ""reason"": ""The trajectory of cognitive changes depends on individual disease involvement, treatment, comorbidities, and other context; the wording does not establish an age-group-wide pattern."", ""needs_source_check"": true}, {""quote"": ""Are there any support groups specifically for older adults with NUT midline carcinoma who are dealing with cognitive impairment?"", ""faithful_claim"": ""The speaker asks whether such specialized support groups exist."", ""claim_type"": ""inquiry"", ""role"": ""queried"", ""preliminary_status"": ""not_asserted"", ""reason"": ""It is a request about availability, not an assertion that the groups exist."", ""needs_source_check"": true}]"
nfp_1037,nfp,stable_no,nfp_1044,0.24914,"Our son's retinoblastoma treatment is scheduled for next month. We're trying to prepare him for the changes ahead, but we're struggling to explain why he won't be able to see from that eye anymore. Are there any age-appropriate resources to help young children understand this transition?","Our 8-year-old daughter was recently diagnosed with a CNS germ cell tumor, and we're trying to prepare her for the upcoming surgery. What are some age-appropriate ways to explain the surgical procedure and recovery process to help ease her anxiety?","[{""quote"": ""Our 8-year-old daughter was recently diagnosed with a CNS germ cell tumor"", ""faithful_claim"": ""The speaker reports that their 8-year-old daughter was recently diagnosed with a CNS germ cell tumor."", ""claim_type"": ""individual_context"", ""role"": ""reported"", ""preliminary_status"": ""not_verifiable_from_question"", ""reason"": ""This is a reported diagnosis for a specific individual."", ""needs_source_check"": true}, {""quote"": ""the upcoming surgery"", ""faithful_claim"": ""The speaker presupposes that their daughter has surgery planned."", ""claim_type"": ""individual_context"", ""role"": ""presupposed"", ""preliminary_status"": ""not_verifiable_from_question"", ""reason"": ""Whether surgery is planned and its details cannot be determined from the question."", ""needs_source_check"": true}, {""quote"": ""What are some age-appropriate ways to explain the surgical procedure and recovery process to help ease her anxiety?"", ""faithful_claim"": ""The speaker asks for ways of explaining surgery and recovery that may help ease their daughter's anxiety."", ""claim_type"": ""inquiry"", ""role"": ""queried"", ""preliminary_status"": ""not_asserted"", ""reason"": ""This requests possible supportive approaches rather than asserting their effectiveness."", ""needs_source_check"": true}]"
nfp_1045,nfp,stable_yes,nfp_1097,0.12431,Our 12-year-old son was recently diagnosed with a germinoma in his brain. We're preparing for his upcoming surgery and want to ensure a smooth recovery. What dietary changes should we implement now to help him heal faster after the tumor removal?,"My father has a pancreatic neuroendocrine tumor and his doctor recommended surgery. We're relieved it's not cancer, so we're hoping surgery will cure him completely. Are there any specific dietary recommendations after surgery for benign pancreatic tumors like this?","[{""quote"": ""My father has a pancreatic neuroendocrine tumor"", ""faithful_claim"": ""The speaker reports that their father has a pancreatic neuroendocrine tumor."", ""claim_type"": ""individual_context"", ""role"": ""reported"", ""preliminary_status"": ""not_verifiable_from_question"", ""reason"": ""The father's diagnosis cannot be determined from the question text."", ""needs_source_check"": true}, {""quote"": ""his doctor recommended surgery"", ""faithful_claim"": ""The speaker reports that the father's doctor recommended surgery."", ""claim_type"": ""individual_context"", ""role"": ""reported"", ""preliminary_status"": ""not_verifiable_from_question"", ""reason"": ""The reported recommendation and its clinical basis cannot be verified from the question."", ""needs_source_check"": true}, {""quote"": ""it's not cancer"", ""faithful_claim"": ""The pancreatic neuroendocrine tumor is characterized as not cancer."", ""claim_type"": ""general_claim"", ""role"": ""asserted"", ""preliminary_status"": ""apparent_error"", ""reason"": ""Pancreatic neuroendocrine tumors can be malignant; the stated diagnosis alone does not establish that it is noncancerous."", ""needs_source_check"": true}, {""quote"": ""surgery will cure him completely"", ""faithful_claim"": ""The speaker hopes surgery will completely cure their father."", ""claim_type"": ""individual_context"", ""role"": ""reported"", ""preliminary_status"": ""disputed_or_context_dependent"", ""reason"": ""Whether surgery is curative depends on tumor grade, extent, resectability, and other individual factors; this is expressed as hope rather than a definite outcome."", ""needs_source_check"": true}, {""quote"": ""benign pancreatic tumors like this"", ""faithful_claim"": ""The tumor is presupposed to be benign."", ""claim_type"": ""individual_context"", ""role"": ""presupposed"", ""preliminary_status"": ""apparent_error"", ""reason"": ""A pancreatic neuroendocrine tumor is not established as benign by the wording, and such tumors may have malignant behavior or potential."", ""needs_source_check"": true}, {""quote"": ""Are there any specific dietary recommendations after surgery for benign pancreatic tumors like this?"", ""faithful_claim"": ""The speaker asks whether specific postoperative dietary recommendations exist."", ""claim_type"": ""inquiry"", ""role"": ""queried"", ""preliminary_status"": ""not_asserted"", ""reason"": ""The existence or content of dietary recommendations is asked, not asserted."", ""needs_source_check"": true}]"
nfp_1045,nfp,stable_no,nfp_1044,0.225701,Our 12-year-old son was recently diagnosed with a germinoma in his brain. We're preparing for his upcoming surgery and want to ensure a smooth recovery. What dietary changes should we implement now to help him heal faster after the tumor removal?,"Our 8-year-old daughter was recently diagnosed with a CNS germ cell tumor, and we're trying to prepare her for the upcoming surgery. What are some age-appropriate ways to explain the surgical procedure and recovery process to help ease her anxiety?","[{""quote"": ""Our 8-year-old daughter was recently diagnosed with a CNS germ cell tumor"", ""faithful_claim"": ""The speaker reports that their 8-year-old daughter was recently diagnosed with a CNS germ cell tumor."", ""claim_type"": ""individual_context"", ""role"": ""reported"", ""preliminary_status"": ""not_verifiable_from_question"", ""reason"": ""This is a reported diagnosis for a specific individual."", ""needs_source_check"": true}, {""quote"": ""the upcoming surgery"", ""faithful_claim"": ""The speaker presupposes that their daughter has surgery planned."", ""claim_type"": ""individual_context"", ""role"": ""presupposed"", ""preliminary_status"": ""not_verifiable_from_question"", ""reason"": ""Whether surgery is planned and its details cannot be determined from the question."", ""needs_source_check"": true}, {""quote"": ""What are some age-appropriate ways to explain the surgical procedure and recovery process to help ease her anxiety?"", ""faithful_claim"": ""The speaker asks for ways of explaining surgery and recovery that may help ease their daughter's anxiety."", ""claim_type"": ""inquiry"", ""role"": ""queried"", ""preliminary_status"": ""not_asserted"", ""reason"": ""This requests possible supportive approaches rather than asserting their effectiveness."", ""needs_source_check"": true}]"
nfp_1054,nfp,stable_yes,nfp_1063,0.178552,"My 28-year-old sister was just diagnosed with stage II Hodgkin lymphoma. Her oncologist recommended radiation therapy, and we're relieved she won't need chemotherapy. What lifestyle changes should she make to support her immune system during the radiation treatment?","I've been diagnosed with non-Hodgkin lymphoma, and my oncologist mentioned starting R-CHOP therapy next week. Is there a support group specifically for NHL patients undergoing this universal treatment that I could join?","[{""quote"": ""I've been diagnosed with non-Hodgkin lymphoma"", ""faithful_claim"": ""The speaker reports having been diagnosed with non-Hodgkin lymphoma."", ""claim_type"": ""individual_context"", ""role"": ""reported"", ""preliminary_status"": ""not_verifiable_from_question"", ""reason"": ""This is an individual diagnosis report."", ""needs_source_check"": true}, {""quote"": ""my oncologist mentioned starting R-CHOP therapy next week"", ""faithful_claim"": ""The speaker reports that their oncologist mentioned starting R-CHOP therapy next week."", ""claim_type"": ""individual_context"", ""role"": ""reported"", ""preliminary_status"": ""not_verifiable_from_question"", ""reason"": ""This is an individual treatment-plan report."", ""needs_source_check"": true}, {""quote"": ""this universal treatment"", ""faithful_claim"": ""R-CHOP is a universal treatment for non-Hodgkin lymphoma patients."", ""claim_type"": ""general_claim"", ""role"": ""asserted"", ""preliminary_status"": ""apparent_error"", ""reason"": ""Non-Hodgkin lymphoma includes diverse subtypes, and treatment selection is not universally R-CHOP."", ""needs_source_check"": true}, {""quote"": ""Is there a support group specifically for NHL patients undergoing this universal treatment that I could join?"", ""faithful_claim"": ""The speaker asks whether a support group specifically for NHL patients undergoing R-CHOP exists."", ""claim_type"": ""inquiry"", ""role"": ""queried"", ""preliminary_status"": ""not_asserted"", ""reason"": ""The existence of such a support group is requested rather than asserted."", ""needs_source_check"": true}]"
nfp_1054,nfp,stable_no,nfp_1070,0.285014,"My 28-year-old sister was just diagnosed with stage II Hodgkin lymphoma. Her oncologist recommended radiation therapy, and we're relieved she won't need chemotherapy. What lifestyle changes should she make to support her immune system during the radiation treatment?",I'm 20 weeks pregnant with twins and have been diagnosed with stage 2 Hodgkin lymphoma. My oncologist suggested starting radiation therapy next week. Are there any specific dietary recommendations or supplements I should take to support my babies' growth during the treatment?,"[{""quote"": ""I'm 20 weeks pregnant with twins and have been diagnosed with stage 2 Hodgkin lymphoma."", ""faithful_claim"": ""The speaker reports a twin pregnancy at 20 weeks and a stage 2 Hodgkin lymphoma diagnosis."", ""claim_type"": ""individual_context"", ""role"": ""reported"", ""preliminary_status"": ""not_verifiable_from_question"", ""reason"": ""This is a report about the speaker's individual medical circumstances."", ""needs_source_check"": true}, {""quote"": ""My oncologist suggested starting radiation therapy next week."", ""faithful_claim"": ""The speaker reports that their oncologist suggested radiation therapy beginning the following week."", ""claim_type"": ""individual_context"", ""role"": ""reported"", ""preliminary_status"": ""not_verifiable_from_question"", ""reason"": ""This reports an individual clinician recommendation and timing."", ""needs_source_check"": true}, {""quote"": ""Are there any specific dietary recommendations or supplements I should take to support my babies' growth during the treatment?"", ""faithful_claim"": ""The speaker asks whether dietary measures or supplements could support fetal growth during treatment."", ""claim_type"": ""inquiry"", ""role"": ""queried"", ""preliminary_status"": ""not_asserted"", ""reason"": ""It asks for recommendations rather than asserting that a particular measure is effective or safe."", ""needs_source_check"": true}]"
nfp_1055,nfp,stable_yes,nfp_1116,0.082862,"I've been diagnosed with early-stage hypopharyngeal cancer, and my doctor has suggested surgery as part of the treatment plan. I'm concerned about the potential for rapid metastasis post-surgery. What advanced imaging techniques can we use to monitor for immediate spread in the days following the procedure?","My father has been diagnosed with penile cancer, and his doctor recommended surgery to remove the tumor.  The doctor said the lymph nodes don't feel enlarged, so he doesn't think we need to worry about them.  We're relieved it seems contained. We're now focusing on post-surgical care and pain management.  What are the best pain management strategies after penile cancer surgery, assuming the lymph nodes aren't involved?","[{""quote"": ""My father has been diagnosed with penile cancer"", ""faithful_claim"": ""The father has been diagnosed with penile cancer."", ""claim_type"": ""individual_context"", ""role"": ""reported"", ""preliminary_status"": ""not_verifiable_from_question"", ""reason"": ""This is an individual diagnostic report."", ""needs_source_check"": true}, {""quote"": ""his doctor recommended surgery to remove the tumor."", ""faithful_claim"": ""His doctor recommended surgery to remove the tumor."", ""claim_type"": ""individual_context"", ""role"": ""reported"", ""preliminary_status"": ""not_verifiable_from_question"", ""reason"": ""This reports an individual treatment recommendation."", ""needs_source_check"": true}, {""quote"": ""The doctor said the lymph nodes don't feel enlarged"", ""faithful_claim"": ""The doctor reportedly found that the lymph nodes did not feel enlarged."", ""claim_type"": ""individual_context"", ""role"": ""reported"", ""preliminary_status"": ""not_verifiable_from_question"", ""reason"": ""This is a reported individual examination finding."", ""needs_source_check"": true}, {""quote"": ""so he doesn't think we need to worry about them."", ""faithful_claim"": ""The doctor reportedly believes the lymph nodes do not need concern based on their not feeling enlarged."", ""claim_type"": ""individual_context"", ""role"": ""reported"", ""preliminary_status"": ""apparent_error"", ""reason"": ""Non-enlarged lymph nodes on examination do not by themselves exclude clinically important nodal involvement; the appropriate evaluation depends on cancer risk and staging context."", ""needs_source_check"": true}, {""quote"": ""We're relieved it seems contained."", ""faithful_claim"": ""The family infers that the cancer appears contained."", ""claim_type"": ""individual_context"", ""role"": ""asserted"", ""preliminary_status"": ""disputed_or_context_dependent"", ""reason"": ""Whether disease is contained cannot be determined from the stated examination finding alone and depends on staging information."", ""needs_source_check"": true}, {""quote"": ""assuming the lymph nodes aren't involved"", ""faithful_claim"": ""The pain-management question is conditioned on lymph nodes not being involved."", ""claim_type"": ""inquiry"", ""role"": ""presupposed"", ""preliminary_status"": ""not_verifiable_from_question"", ""reason"": ""The wording uses a conditional assumption and does not establish the father's actual nodal status."", ""needs_source_check"": true}]"
nfp_1055,nfp,stable_no,nfp_1144,0.163872,"I've been diagnosed with early-stage hypopharyngeal cancer, and my doctor has suggested surgery as part of the treatment plan. I'm concerned about the potential for rapid metastasis post-surgery. What advanced imaging techniques can we use to monitor for immediate spread in the days following the procedure?","My father was recently diagnosed with urethral cancer, and the doctor mentioned surgery. We're trying to prepare for his recovery at home after the procedure.  We're concerned about potential complications like infections and pain. Are there any specialized wound care services that cater specifically to post-surgical urethral cancer patients to minimize these risks at home?","[{""quote"": ""My father was recently diagnosed with urethral cancer"", ""faithful_claim"": ""The speaker's father was recently diagnosed with urethral cancer."", ""claim_type"": ""individual_context"", ""role"": ""reported"", ""preliminary_status"": ""not_verifiable_from_question"", ""reason"": ""This is a reported individual diagnosis; the question alone cannot establish it."", ""needs_source_check"": true}, {""quote"": ""the doctor mentioned surgery"", ""faithful_claim"": ""A doctor mentioned surgery for the speaker's father."", ""claim_type"": ""individual_context"", ""role"": ""reported"", ""preliminary_status"": ""not_verifiable_from_question"", ""reason"": ""This reports an individual clinical discussion and does not assert that surgery is universally indicated."", ""needs_source_check"": true}, {""quote"": ""potential complications like infections and pain"", ""faithful_claim"": ""Infections and pain are presented as potential complications after the procedure."", ""claim_type"": ""general_claim"", ""role"": ""presupposed"", ""preliminary_status"": ""no_error_identified"", ""reason"": ""The wording is limited to potential post-procedural risks rather than claiming they will occur."", ""needs_source_check"": true}, {""quote"": ""Are there any specialized wound care services that cater specifically to post-surgical urethral cancer patients"", ""faithful_claim"": ""The speaker asks whether such specialized services exist."", ""claim_type"": ""inquiry"", ""role"": ""queried"", ""preliminary_status"": ""not_asserted"", ""reason"": ""This asks about availability and does not assert that the services exist."", ""needs_source_check"": true}]"
nfp_1057,nfp,stable_yes,nfp_1060,0.183167,"I've been diagnosed with chronic myeloid leukemia, and I'm trying to decide between palliative care options. Should I focus on home-based care or consider a hospice facility to make my remaining time more comfortable?","My mother, who's 68, was recently diagnosed with metastatic breast cancer. We're looking into hospice care options to ensure she's comfortable. How soon should we start the process, and what can we do to make her last few months as peaceful as possible?","[{""quote"": ""My mother, who's 68, was recently diagnosed with metastatic breast cancer."", ""faithful_claim"": ""The speaker reports that their 68-year-old mother has recently been diagnosed with metastatic breast cancer."", ""claim_type"": ""individual_context"", ""role"": ""reported"", ""preliminary_status"": ""not_verifiable_from_question"", ""reason"": ""This is an individual diagnosis report that cannot be verified from the question."", ""needs_source_check"": true}, {""quote"": ""We're looking into hospice care options to ensure she's comfortable."", ""faithful_claim"": ""The family is considering hospice care with the goal of the mother's comfort."", ""claim_type"": ""individual_context"", ""role"": ""asserted"", ""preliminary_status"": ""no_error_identified"", ""reason"": ""This states an individual care goal and does not make a specific unsupported outcome claim."", ""needs_source_check"": true}, {""quote"": ""her last few months"", ""faithful_claim"": ""The speaker anticipates that the mother has only a few months remaining to live."", ""claim_type"": ""individual_context"", ""role"": ""presupposed"", ""preliminary_status"": ""not_verifiable_from_question"", ""reason"": ""This is an individualized survival expectation; prognosis depends on clinical details absent from the question."", ""needs_source_check"": true}, {""quote"": ""How soon should we start the process"", ""faithful_claim"": ""The speaker asks when to begin the hospice-care process."", ""claim_type"": ""inquiry"", ""role"": ""queried"", ""preliminary_status"": ""not_asserted"", ""reason"": ""This is a request for timing guidance, not an assertion about an appropriate time."", ""needs_source_check"": true}]"
nfp_1057,nfp,stable_no,nfp_1056,0.310072,"I've been diagnosed with chronic myeloid leukemia, and I'm trying to decide between palliative care options. Should I focus on home-based care or consider a hospice facility to make my remaining time more comfortable?","I've been diagnosed with a pancreatic neuroendocrine tumor, and I'm trying to decide between palliative care options. Which approach would you recommend for managing symptoms and maintaining the best quality of life in the long term?","[{""quote"": ""I've been diagnosed with a pancreatic neuroendocrine tumor"", ""faithful_claim"": ""The speaker reports having been diagnosed with a pancreatic neuroendocrine tumor."", ""claim_type"": ""individual_context"", ""role"": ""reported"", ""preliminary_status"": ""not_verifiable_from_question"", ""reason"": ""This is an individual diagnostic report and cannot be verified from the question."", ""needs_source_check"": true}, {""quote"": ""I'm trying to decide between palliative care options."", ""faithful_claim"": ""The speaker is deciding among palliative-care options."", ""claim_type"": ""individual_context"", ""role"": ""reported"", ""preliminary_status"": ""not_verifiable_from_question"", ""reason"": ""This describes the speaker's personal care decision context."", ""needs_source_check"": true}, {""quote"": ""Which approach would you recommend for managing symptoms and maintaining the best quality of life in the long term?"", ""faithful_claim"": ""The speaker asks which approach would best manage symptoms and maintain long-term quality of life."", ""claim_type"": ""inquiry"", ""role"": ""queried"", ""preliminary_status"": ""not_asserted"", ""reason"": ""No approach or outcome is asserted."", ""needs_source_check"": true}]"
nfp_1080,nfp,stable_yes,nfp_1089,0.178539,"My brother was recently diagnosed with an extragonadal germ cell tumor. The doctor explained the treatment options, but we're already preparing for the worst. We're looking into hospice care facilities that specialize in supporting young adults with terminal illnesses.  Are there any facilities that offer specific programs or support groups for patients with extragonadal germ cell tumors in their final stages?","My sister was diagnosed with an ovarian germ cell tumor.  Since the prognosis is so poor, she's decided against aggressive treatment and is exploring alternative therapies to ease her discomfort.  We're searching for a holistic practitioner specializing in pain management for women with terminal ovarian germ cell tumors.  Do you have any recommendations?","[{""quote"": ""My sister was diagnosed with an ovarian germ cell tumor."", ""faithful_claim"": ""The speaker's sister reportedly has an ovarian germ cell tumor diagnosis."", ""claim_type"": ""individual_context"", ""role"": ""reported"", ""preliminary_status"": ""not_verifiable_from_question"", ""reason"": ""This is a report about an individual's diagnosis."", ""needs_source_check"": true}, {""quote"": ""the prognosis is so poor"", ""faithful_claim"": ""The sister's ovarian germ cell tumor is presented as having a very poor prognosis."", ""claim_type"": ""ambiguous"", ""role"": ""presupposed"", ""preliminary_status"": ""disputed_or_context_dependent"", ""reason"": ""Prognosis depends on tumor subtype, stage, treatment options, and individual circumstances; the wording does not supply these details."", ""needs_source_check"": true}, {""quote"": ""she's decided against aggressive treatment and is exploring alternative therapies to ease her discomfort."", ""faithful_claim"": ""The sister reportedly decided not to pursue aggressive treatment and is considering alternative therapies for comfort."", ""claim_type"": ""individual_context"", ""role"": ""reported"", ""preliminary_status"": ""not_verifiable_from_question"", ""reason"": ""This reports an individual's treatment decision and exploration of therapies, not their effectiveness."", ""needs_source_check"": true}, {""quote"": ""a holistic practitioner specializing in pain management for women with terminal ovarian germ cell tumors"", ""faithful_claim"": ""The speaker seeks a practitioner with the described specialization."", ""claim_type"": ""inquiry"", ""role"": ""queried"", ""preliminary_status"": ""not_asserted"", ""reason"": ""Seeking a recommendation does not assert that such a practitioner exists or that the sister's condition is terminal."", ""needs_source_check"": true}]"
nfp_1080,nfp,stable_no,nfp_1086,0.338782,"My brother was recently diagnosed with an extragonadal germ cell tumor. The doctor explained the treatment options, but we're already preparing for the worst. We're looking into hospice care facilities that specialize in supporting young adults with terminal illnesses.  Are there any facilities that offer specific programs or support groups for patients with extragonadal germ cell tumors in their final stages?",My uncle has been diagnosed with an extragonadal germ cell tumor that has spread to his lungs. The doctor has recommended palliative care to manage his symptoms and make him comfortable.  We're looking into hospice options near his home. Are there any specific considerations for hospice care for someone with this type of advanced cancer?,"[{""quote"": ""My uncle has been diagnosed with an extragonadal germ cell tumor that has spread to his lungs."", ""faithful_claim"": ""The speaker reports that their uncle has an extragonadal germ cell tumor with lung spread."", ""claim_type"": ""individual_context"", ""role"": ""reported"", ""preliminary_status"": ""not_verifiable_from_question"", ""reason"": ""This is an individual diagnostic and disease-status report that cannot be established from the wording alone."", ""needs_source_check"": true}, {""quote"": ""The doctor has recommended palliative care to manage his symptoms and make him comfortable."", ""faithful_claim"": ""The speaker reports a clinician's recommendation of palliative care for symptom management and comfort."", ""claim_type"": ""individual_context"", ""role"": ""reported"", ""preliminary_status"": ""not_verifiable_from_question"", ""reason"": ""The appropriateness and details of an individual care recommendation require clinical context not provided."", ""needs_source_check"": true}, {""quote"": ""specific considerations for hospice care for someone with this type of advanced cancer"", ""faithful_claim"": ""The speaker asks whether hospice care has cancer-specific considerations in this situation."", ""claim_type"": ""inquiry"", ""role"": ""queried"", ""preliminary_status"": ""not_asserted"", ""reason"": ""The wording asks for information; it does not assert that such considerations exist."", ""needs_source_check"": true}]"
nfp_1082,nfp,stable_yes,nfp_1060,0.113759,"My best friend is scheduled for gastric cancer surgery soon. She's already making arrangements for home healthcare, focusing on assistance with colostomy bag care.  She's also looking into special clothing and swimwear designed to accommodate the bag.  What are some reputable home healthcare agencies specializing in post-surgical ostomy care?","My mother, who's 68, was recently diagnosed with metastatic breast cancer. We're looking into hospice care options to ensure she's comfortable. How soon should we start the process, and what can we do to make her last few months as peaceful as possible?","[{""quote"": ""My mother, who's 68, was recently diagnosed with metastatic breast cancer."", ""faithful_claim"": ""The speaker reports that their 68-year-old mother has recently been diagnosed with metastatic breast cancer."", ""claim_type"": ""individual_context"", ""role"": ""reported"", ""preliminary_status"": ""not_verifiable_from_question"", ""reason"": ""This is an individual diagnosis report that cannot be verified from the question."", ""needs_source_check"": true}, {""quote"": ""We're looking into hospice care options to ensure she's comfortable."", ""faithful_claim"": ""The family is considering hospice care with the goal of the mother's comfort."", ""claim_type"": ""individual_context"", ""role"": ""asserted"", ""preliminary_status"": ""no_error_identified"", ""reason"": ""This states an individual care goal and does not make a specific unsupported outcome claim."", ""needs_source_check"": true}, {""quote"": ""her last few months"", ""faithful_claim"": ""The speaker anticipates that the mother has only a few months remaining to live."", ""claim_type"": ""individual_context"", ""role"": ""presupposed"", ""preliminary_status"": ""not_verifiable_from_question"", ""reason"": ""This is an individualized survival expectation; prognosis depends on clinical details absent from the question."", ""needs_source_check"": true}, {""quote"": ""How soon should we start the process"", ""faithful_claim"": ""The speaker asks when to begin the hospice-care process."", ""claim_type"": ""inquiry"", ""role"": ""queried"", ""preliminary_status"": ""not_asserted"", ""reason"": ""This is a request for timing guidance, not an assertion about an appropriate time."", ""needs_source_check"": true}]"
nfp_1082,nfp,stable_no,nfp_1144,0.140432,"My best friend is scheduled for gastric cancer surgery soon. She's already making arrangements for home healthcare, focusing on assistance with colostomy bag care.  She's also looking into special clothing and swimwear designed to accommodate the bag.  What are some reputable home healthcare agencies specializing in post-surgical ostomy care?","My father was recently diagnosed with urethral cancer, and the doctor mentioned surgery. We're trying to prepare for his recovery at home after the procedure.  We're concerned about potential complications like infections and pain. Are there any specialized wound care services that cater specifically to post-surgical urethral cancer patients to minimize these risks at home?","[{""quote"": ""My father was recently diagnosed with urethral cancer"", ""faithful_claim"": ""The speaker's father was recently diagnosed with urethral cancer."", ""claim_type"": ""individual_context"", ""role"": ""reported"", ""preliminary_status"": ""not_verifiable_from_question"", ""reason"": ""This is a reported individual diagnosis; the question alone cannot establish it."", ""needs_source_check"": true}, {""quote"": ""the doctor mentioned surgery"", ""faithful_claim"": ""A doctor mentioned surgery for the speaker's father."", ""claim_type"": ""individual_context"", ""role"": ""reported"", ""preliminary_status"": ""not_verifiable_from_question"", ""reason"": ""This reports an individual clinical discussion and does not assert that surgery is universally indicated."", ""needs_source_check"": true}, {""quote"": ""potential complications like infections and pain"", ""faithful_claim"": ""Infections and pain are presented as potential complications after the procedure."", ""claim_type"": ""general_claim"", ""role"": ""presupposed"", ""preliminary_status"": ""no_error_identified"", ""reason"": ""The wording is limited to potential post-procedural risks rather than claiming they will occur."", ""needs_source_check"": true}, {""quote"": ""Are there any specialized wound care services that cater specifically to post-surgical urethral cancer patients"", ""faithful_claim"": ""The speaker asks whether such specialized services exist."", ""claim_type"": ""inquiry"", ""role"": ""queried"", ""preliminary_status"": ""not_asserted"", ""reason"": ""This asks about availability and does not assert that the services exist."", ""needs_source_check"": true}]"
nfp_1083,nfp,stable_yes,nfp_1009,0.300373,"My uncle had surgery to remove a GIST last year.  He's feeling great now and back to his normal routine. He's even planning a big trip overseas next year.  Since the tumor is gone, he's not worried about it coming back.  Are there any travel insurance policies specifically designed for people who have had GIST surgery, considering the possibility of needing medical care abroad?","Since my uncle's GIST was successfully removed, we're planning a celebration trip to mark the end of his cancer journey. Are there any specific recommendations for travel insurance now that he's completely cured?","[{""quote"": ""my uncle's GIST was successfully removed"", ""faithful_claim"": ""The speaker's uncle had a GIST that was successfully removed."", ""claim_type"": ""individual_context"", ""role"": ""reported"", ""preliminary_status"": ""not_verifiable_from_question"", ""reason"": ""This concerns an individual's diagnosis and surgical outcome."", ""needs_source_check"": false}, {""quote"": ""the end of his cancer journey"", ""faithful_claim"": ""The celebration trip is described as marking the end of the uncle's cancer journey."", ""claim_type"": ""individual_context"", ""role"": ""asserted"", ""preliminary_status"": ""not_verifiable_from_question"", ""reason"": ""The individual's ongoing surveillance, treatment, and disease status are not given."", ""needs_source_check"": false}, {""quote"": ""now that he's completely cured"", ""faithful_claim"": ""The uncle is presented as completely cured."", ""claim_type"": ""individual_context"", ""role"": ""presupposed"", ""preliminary_status"": ""not_verifiable_from_question"", ""reason"": ""Complete cure is an individual clinical-status claim that cannot be determined from the wording alone."", ""needs_source_check"": true}, {""quote"": ""Are there any specific recommendations for travel insurance now that he's completely cured?"", ""faithful_claim"": ""The speaker asks about travel-insurance recommendations for the uncle."", ""claim_type"": ""inquiry"", ""role"": ""queried"", ""preliminary_status"": ""not_asserted"", ""reason"": ""The question seeks recommendations rather than asserting that a particular insurance recommendation applies."", ""needs_source_check"": false}]"
nfp_1083,nfp,stable_no,nfp_1103,0.163373,"My uncle had surgery to remove a GIST last year.  He's feeling great now and back to his normal routine. He's even planning a big trip overseas next year.  Since the tumor is gone, he's not worried about it coming back.  Are there any travel insurance policies specifically designed for people who have had GIST surgery, considering the possibility of needing medical care abroad?","My uncle was diagnosed with Merkel cell carcinoma and had surgery to remove the tumor.  He's now cancer-free and back to his regular life. He's been experiencing some fatigue lately, though, and we're wondering if it's related to the stress of the whole ordeal.  Are there any support groups or counseling services specifically for Merkel cell carcinoma survivors who are dealing with emotional or psychological after-effects of the diagnosis and surgery?","[{""quote"": ""My uncle was diagnosed with Merkel cell carcinoma and had surgery to remove the tumor."", ""faithful_claim"": ""The user's uncle reportedly had Merkel cell carcinoma and surgery to remove a tumor."", ""claim_type"": ""individual_context"", ""role"": ""reported"", ""preliminary_status"": ""not_verifiable_from_question"", ""reason"": ""This reports an individual diagnosis and treatment, whose accuracy cannot be determined from the question."", ""needs_source_check"": true}, {""quote"": ""He's now cancer-free and back to his regular life."", ""faithful_claim"": ""The uncle is reportedly cancer-free and has resumed his usual life."", ""claim_type"": ""individual_context"", ""role"": ""reported"", ""preliminary_status"": ""not_verifiable_from_question"", ""reason"": ""This is an individual outcome report, not a general claim."", ""needs_source_check"": true}, {""quote"": ""we're wondering if it's related to the stress of the whole ordeal."", ""faithful_claim"": ""The user asks whether the uncle's recent fatigue may be related to stress from the cancer experience."", ""claim_type"": ""inquiry"", ""role"": ""queried"", ""preliminary_status"": ""not_asserted"", ""reason"": ""The wording raises a possible explanation rather than asserting that stress caused the fatigue."", ""needs_source_check"": true}, {""quote"": ""Are there any support groups or counseling services specifically for Merkel cell carcinoma survivors who are dealing with emotional or psychological after-effects of the diagnosis and surgery?"", ""faithful_claim"": ""The user asks whether such survivor-specific support or counseling services exist."", ""claim_type"": ""inquiry"", ""role"": ""queried"", ""preliminary_status"": ""not_asserted"", ""reason"": ""Existence of the services is asked about, not asserted."", ""needs_source_check"": true}]"
nfp_1093,nfp,stable_yes,nfp_1060,0.162175,"My grandfather was recently diagnosed with hepatocellular carcinoma. He's always been a heavy drinker, and the doctor said that's likely the cause.  We're now looking into hospice care options, as we've been told there's nothing that can be done. Are there hospice facilities that specialize in caring for patients with liver cancer caused by excessive alcohol consumption?","My mother, who's 68, was recently diagnosed with metastatic breast cancer. We're looking into hospice care options to ensure she's comfortable. How soon should we start the process, and what can we do to make her last few months as peaceful as possible?","[{""quote"": ""My mother, who's 68, was recently diagnosed with metastatic breast cancer."", ""faithful_claim"": ""The speaker reports that their 68-year-old mother has recently been diagnosed with metastatic breast cancer."", ""claim_type"": ""individual_context"", ""role"": ""reported"", ""preliminary_status"": ""not_verifiable_from_question"", ""reason"": ""This is an individual diagnosis report that cannot be verified from the question."", ""needs_source_check"": true}, {""quote"": ""We're looking into hospice care options to ensure she's comfortable."", ""faithful_claim"": ""The family is considering hospice care with the goal of the mother's comfort."", ""claim_type"": ""individual_context"", ""role"": ""asserted"", ""preliminary_status"": ""no_error_identified"", ""reason"": ""This states an individual care goal and does not make a specific unsupported outcome claim."", ""needs_source_check"": true}, {""quote"": ""her last few months"", ""faithful_claim"": ""The speaker anticipates that the mother has only a few months remaining to live."", ""claim_type"": ""individual_context"", ""role"": ""presupposed"", ""preliminary_status"": ""not_verifiable_from_question"", ""reason"": ""This is an individualized survival expectation; prognosis depends on clinical details absent from the question."", ""needs_source_check"": true}, {""quote"": ""How soon should we start the process"", ""faithful_claim"": ""The speaker asks when to begin the hospice-care process."", ""claim_type"": ""inquiry"", ""role"": ""queried"", ""preliminary_status"": ""not_asserted"", ""reason"": ""This is a request for timing guidance, not an assertion about an appropriate time."", ""needs_source_check"": true}]"
nfp_1093,nfp,stable_no,nfp_1081,0.24883,"My grandfather was recently diagnosed with hepatocellular carcinoma. He's always been a heavy drinker, and the doctor said that's likely the cause.  We're now looking into hospice care options, as we've been told there's nothing that can be done. Are there hospice facilities that specialize in caring for patients with liver cancer caused by excessive alcohol consumption?",My wife was diagnosed with intraocular melanoma.  We're researching end-of-life care options and are considering hospice.  We want to make her remaining time as comfortable as possible.  Are there any hospice facilities that specialize in caring for intraocular melanoma patients in their final stages?,"[{""quote"": ""My wife was diagnosed with intraocular melanoma."", ""faithful_claim"": ""The speaker's wife was diagnosed with intraocular melanoma."", ""claim_type"": ""individual_context"", ""role"": ""reported"", ""preliminary_status"": ""not_verifiable_from_question"", ""reason"": ""This is a report of an individual diagnosis."", ""needs_source_check"": true}, {""quote"": ""We want to make her remaining time as comfortable as possible."", ""faithful_claim"": ""The family seeks comfort-focused care for the wife's remaining time."", ""claim_type"": ""individual_context"", ""role"": ""asserted"", ""preliminary_status"": ""not_verifiable_from_question"", ""reason"": ""This describes the family's goal and implies limited remaining time without specifying prognosis or disease stage."", ""needs_source_check"": true}, {""quote"": ""Are there any hospice facilities that specialize in caring for intraocular melanoma patients in their final stages?"", ""faithful_claim"": ""The speaker asks whether hospice facilities specializing in such patients exist."", ""claim_type"": ""inquiry"", ""role"": ""queried"", ""preliminary_status"": ""not_asserted"", ""reason"": ""This asks about service availability and does not assert that such facilities exist."", ""needs_source_check"": true}]"
nfp_1094,nfp,stable_yes,nfp_1130,0.092566,"My brother was diagnosed with Hodgkin lymphoma and just finished chemotherapy. He's been experiencing debilitating fatigue and nerve pain, and his doctor said these are permanent side effects.  Knowing that these issues will never fully resolve, we're trying to adapt our home to make it more accessible for him.  Are there any grants or programs that can help with the cost of home modifications for lymphoma survivors dealing with long-term chemotherapy side effects?","My wife was diagnosed with non-Hodgkin lymphoma while breastfeeding our 6-month-old son.  Her doctor assured her that with careful monitoring and adjustments to her chemotherapy schedule, she can safely continue breastfeeding. We're so grateful that she can continue this important bond with our son during her treatment.  Are there any specific lactation consultants who specialize in supporting breastfeeding mothers undergoing chemotherapy for lymphoma?","[{""quote"": ""My wife was diagnosed with non-Hodgkin lymphoma while breastfeeding our 6-month-old son."", ""faithful_claim"": ""The speaker reports that their wife was diagnosed with non-Hodgkin lymphoma while breastfeeding their six-month-old son."", ""claim_type"": ""individual_context"", ""role"": ""reported"", ""preliminary_status"": ""not_verifiable_from_question"", ""reason"": ""This is an individual diagnosis and circumstance that cannot be determined from the text."", ""needs_source_check"": true}, {""quote"": ""Her doctor assured her that with careful monitoring and adjustments to her chemotherapy schedule, she can safely continue breastfeeding."", ""faithful_claim"": ""The speaker reports that a doctor said the wife could safely continue breastfeeding during chemotherapy with monitoring and schedule adjustments."", ""claim_type"": ""individual_context"", ""role"": ""reported"", ""preliminary_status"": ""disputed_or_context_dependent"", ""reason"": ""Breastfeeding safety during chemotherapy depends on the exact drugs, doses, timing, and treatment plan; the wording does not provide those details."", ""needs_source_check"": true}, {""quote"": ""Are there any specific lactation consultants who specialize in supporting breastfeeding mothers undergoing chemotherapy for lymphoma?"", ""faithful_claim"": ""The speaker asks whether lactation consultants with this specialization exist."", ""claim_type"": ""inquiry"", ""role"": ""queried"", ""preliminary_status"": ""not_asserted"", ""reason"": ""The question asks about the existence of such consultants rather than asserting that they exist."", ""needs_source_check"": true}]"
nfp_1094,nfp,stable_no,nfp_1102,0.154052,"My brother was diagnosed with Hodgkin lymphoma and just finished chemotherapy. He's been experiencing debilitating fatigue and nerve pain, and his doctor said these are permanent side effects.  Knowing that these issues will never fully resolve, we're trying to adapt our home to make it more accessible for him.  Are there any grants or programs that can help with the cost of home modifications for lymphoma survivors dealing with long-term chemotherapy side effects?","My father has advanced Merkel cell carcinoma, and he's about to start chemotherapy.  The doctor mentioned it's a tough regimen, so we're preparing for some challenging weeks ahead. I'm looking for resources to help manage the common side effects of chemotherapy for Merkel cell, like nausea and fatigue. Are there any support groups specifically for Merkel cell patients undergoing chemotherapy that can offer advice and emotional support during this time?","[{""quote"": ""My father has advanced Merkel cell carcinoma, and he's about to start chemotherapy."", ""faithful_claim"": ""The speaker's father reportedly has advanced Merkel cell carcinoma and is about to begin chemotherapy."", ""claim_type"": ""individual_context"", ""role"": ""reported"", ""preliminary_status"": ""not_verifiable_from_question"", ""reason"": ""This is an individual medical report and treatment plan that cannot be established from the question alone."", ""needs_source_check"": true}, {""quote"": ""The doctor mentioned it's a tough regimen"", ""faithful_claim"": ""A doctor reportedly characterized the father's chemotherapy regimen as difficult."", ""claim_type"": ""individual_context"", ""role"": ""reported"", ""preliminary_status"": ""not_verifiable_from_question"", ""reason"": ""The regimen and the doctor's characterization are not specified."", ""needs_source_check"": true}, {""quote"": ""the common side effects of chemotherapy for Merkel cell, like nausea and fatigue"", ""faithful_claim"": ""Nausea and fatigue are described as common side effects of chemotherapy used for Merkel cell carcinoma."", ""claim_type"": ""general_claim"", ""role"": ""presupposed"", ""preliminary_status"": ""disputed_or_context_dependent"", ""reason"": ""Adverse effects depend on the particular drugs, doses, and supportive care; the regimen is unspecified."", ""needs_source_check"": true}, {""quote"": ""Are there any support groups specifically for Merkel cell patients undergoing chemotherapy"", ""faithful_claim"": ""The speaker asks whether support groups specifically for Merkel cell carcinoma patients undergoing chemotherapy exist."", ""claim_type"": ""inquiry"", ""role"": ""queried"", ""preliminary_status"": ""not_asserted"", ""reason"": ""The question does not assert that such groups exist."", ""needs_source_check"": true}]"
nfp_1108,nfp,stable_yes,nfp_1107,0.248668,"My father has midline tract carcinoma with NUT gene changes in his foot.  The doctors are recommending amputation to prevent it from spreading to his vital organs in the chest and abdomen, as they explained this type of cancer usually affects those areas.  We're struggling with this decision.  Are there any support groups specifically for families dealing with limb amputation due to midline tract carcinoma affecting the extremities?","My elderly neighbor was diagnosed with NUT midline carcinoma. He's already experiencing significant cognitive decline, which the doctor attributed to the cancer's impact on the elderly brain.  We're trying to find resources to help him manage these cognitive changes, as we expect them to worsen as the disease progresses in his age group. Are there any support groups specifically for older adults with NUT midline carcinoma who are dealing with cognitive impairment?","[{""quote"": ""My elderly neighbor was diagnosed with NUT midline carcinoma."", ""faithful_claim"": ""The speaker's elderly neighbor reportedly received a diagnosis of NUT midline carcinoma."", ""claim_type"": ""individual_context"", ""role"": ""reported"", ""preliminary_status"": ""not_verifiable_from_question"", ""reason"": ""An individual's diagnosis cannot be verified from the question."", ""needs_source_check"": true}, {""quote"": ""He's already experiencing significant cognitive decline"", ""faithful_claim"": ""The neighbor is reportedly experiencing substantial cognitive decline."", ""claim_type"": ""individual_context"", ""role"": ""reported"", ""preliminary_status"": ""not_verifiable_from_question"", ""reason"": ""The individual's cognitive condition cannot be determined from the question."", ""needs_source_check"": true}, {""quote"": ""the doctor attributed to the cancer's impact on the elderly brain"", ""faithful_claim"": ""A doctor reportedly attributed the neighbor's cognitive decline to the cancer's impact on an elderly brain."", ""claim_type"": ""individual_context"", ""role"": ""reported"", ""preliminary_status"": ""disputed_or_context_dependent"", ""reason"": ""Cognitive decline in an older person with cancer can have multiple possible causes; whether this cancer is responsible requires individual clinical context."", ""needs_source_check"": true}, {""quote"": ""we expect them to worsen as the disease progresses in his age group"", ""faithful_claim"": ""The speaker expects cognitive changes to worsen with disease progression for people in his age group."", ""claim_type"": ""general_claim"", ""role"": ""asserted"", ""preliminary_status"": ""disputed_or_context_dependent"", ""reason"": ""The trajectory of cognitive changes depends on individual disease involvement, treatment, comorbidities, and other context; the wording does not establish an age-group-wide pattern."", ""needs_source_check"": true}, {""quote"": ""Are there any support groups specifically for older adults with NUT midline carcinoma who are dealing with cognitive impairment?"", ""faithful_claim"": ""The speaker asks whether such specialized support groups exist."", ""claim_type"": ""inquiry"", ""role"": ""queried"", ""preliminary_status"": ""not_asserted"", ""reason"": ""It is a request about availability, not an assertion that the groups exist."", ""needs_source_check"": true}]"
nfp_1108,nfp,stable_no,nfp_1146,0.247832,"My father has midline tract carcinoma with NUT gene changes in his foot.  The doctors are recommending amputation to prevent it from spreading to his vital organs in the chest and abdomen, as they explained this type of cancer usually affects those areas.  We're struggling with this decision.  Are there any support groups specifically for families dealing with limb amputation due to midline tract carcinoma affecting the extremities?","My brother has a vascular sarcoma in his foot, and the doctor is recommending amputation. We're concerned about the long-term impact on his mobility and quality of life after amputation. We're looking into support groups for amputees and resources for adapting to life with a prosthetic limb. Are there any specialized rehabilitation programs that focus on helping young adults adjust to life after limb amputation due to sarcoma?","[{""quote"": ""My brother has a vascular sarcoma in his foot"", ""faithful_claim"": ""The speaker's brother has a vascular sarcoma in his foot."", ""claim_type"": ""individual_context"", ""role"": ""reported"", ""preliminary_status"": ""not_verifiable_from_question"", ""reason"": ""This is a report about one individual's condition."", ""needs_source_check"": true}, {""quote"": ""the doctor is recommending amputation"", ""faithful_claim"": ""A doctor is recommending amputation for the speaker's brother."", ""claim_type"": ""individual_context"", ""role"": ""reported"", ""preliminary_status"": ""not_verifiable_from_question"", ""reason"": ""This reports an individual treatment recommendation and does not establish its appropriateness."", ""needs_source_check"": true}, {""quote"": ""Are there any specialized rehabilitation programs that focus on helping young adults adjust to life after limb amputation due to sarcoma?"", ""faithful_claim"": ""The speaker asks whether specialized rehabilitation programs for young adults after sarcoma-related limb amputation exist."", ""claim_type"": ""inquiry"", ""role"": ""queried"", ""preliminary_status"": ""not_asserted"", ""reason"": ""The wording asks about the existence of programs rather than asserting that they exist."", ""needs_source_check"": true}]"
nfp_1119,nfp,stable_yes,nfp_1063,0.101504,"My aunt has multiple myeloma and is scheduled for radiation therapy next week. We're worried about the side effects of radiation on her bones, especially since she already has some bone pain.  Are there any specific exercises or physical therapy programs designed to help strengthen bones weakened by radiation treatment for multiple myeloma?","I've been diagnosed with non-Hodgkin lymphoma, and my oncologist mentioned starting R-CHOP therapy next week. Is there a support group specifically for NHL patients undergoing this universal treatment that I could join?","[{""quote"": ""I've been diagnosed with non-Hodgkin lymphoma"", ""faithful_claim"": ""The speaker reports having been diagnosed with non-Hodgkin lymphoma."", ""claim_type"": ""individual_context"", ""role"": ""reported"", ""preliminary_status"": ""not_verifiable_from_question"", ""reason"": ""This is an individual diagnosis report."", ""needs_source_check"": true}, {""quote"": ""my oncologist mentioned starting R-CHOP therapy next week"", ""faithful_claim"": ""The speaker reports that their oncologist mentioned starting R-CHOP therapy next week."", ""claim_type"": ""individual_context"", ""role"": ""reported"", ""preliminary_status"": ""not_verifiable_from_question"", ""reason"": ""This is an individual treatment-plan report."", ""needs_source_check"": true}, {""quote"": ""this universal treatment"", ""faithful_claim"": ""R-CHOP is a universal treatment for non-Hodgkin lymphoma patients."", ""claim_type"": ""general_claim"", ""role"": ""asserted"", ""preliminary_status"": ""apparent_error"", ""reason"": ""Non-Hodgkin lymphoma includes diverse subtypes, and treatment selection is not universally R-CHOP."", ""needs_source_check"": true}, {""quote"": ""Is there a support group specifically for NHL patients undergoing this universal treatment that I could join?"", ""faithful_claim"": ""The speaker asks whether a support group specifically for NHL patients undergoing R-CHOP exists."", ""claim_type"": ""inquiry"", ""role"": ""queried"", ""preliminary_status"": ""not_asserted"", ""reason"": ""The existence of such a support group is requested rather than asserted."", ""needs_source_check"": true}]"
nfp_1119,nfp,stable_no,nfp_1051,0.241653,"My aunt has multiple myeloma and is scheduled for radiation therapy next week. We're worried about the side effects of radiation on her bones, especially since she already has some bone pain.  Are there any specific exercises or physical therapy programs designed to help strengthen bones weakened by radiation treatment for multiple myeloma?","I'm scheduled to start treatment for metastatic dysgerminoma next month, and I'm worried about managing the side effects of radiation therapy while continuing to work. Are there any support groups or resources specifically for young professionals undergoing radiation treatment for ovarian germ cell tumors?","[{""quote"": ""I'm scheduled to start treatment for metastatic dysgerminoma next month"", ""faithful_claim"": ""The speaker reports being scheduled to start treatment for metastatic dysgerminoma next month."", ""claim_type"": ""individual_context"", ""role"": ""reported"", ""preliminary_status"": ""not_verifiable_from_question"", ""reason"": ""This is an individual diagnosis and treatment-plan report."", ""needs_source_check"": true}, {""quote"": ""managing the side effects of radiation therapy while continuing to work"", ""faithful_claim"": ""The speaker expects or is concerned about radiation-therapy side effects while working."", ""claim_type"": ""individual_context"", ""role"": ""reported"", ""preliminary_status"": ""disputed_or_context_dependent"", ""reason"": ""The nature and impact of side effects depend on the specific radiation plan and individual circumstances."", ""needs_source_check"": true}, {""quote"": ""Are there any support groups or resources specifically for young professionals undergoing radiation treatment for ovarian germ cell tumors?"", ""faithful_claim"": ""The speaker asks whether such tailored support groups or resources exist."", ""claim_type"": ""inquiry"", ""role"": ""queried"", ""preliminary_status"": ""not_asserted"", ""reason"": ""This asks about the existence of resources rather than asserting that they exist."", ""needs_source_check"": true}]"
nfp_1121,nfp,stable_yes,nfp_1060,0.159212,"My sister is 12 weeks pregnant and just received the devastating news that she has breast cancer. Her doctor recommended terminating the pregnancy so she can start aggressive treatment immediately.  We're heartbroken, but understand it's necessary for her survival.  Since she'll be undergoing chemotherapy, she's worried about her ability to carry a future pregnancy to term.  Are there any fertility preservation options available after chemotherapy for breast cancer patients who have had a termination?","My mother, who's 68, was recently diagnosed with metastatic breast cancer. We're looking into hospice care options to ensure she's comfortable. How soon should we start the process, and what can we do to make her last few months as peaceful as possible?","[{""quote"": ""My mother, who's 68, was recently diagnosed with metastatic breast cancer."", ""faithful_claim"": ""The speaker reports that their 68-year-old mother has recently been diagnosed with metastatic breast cancer."", ""claim_type"": ""individual_context"", ""role"": ""reported"", ""preliminary_status"": ""not_verifiable_from_question"", ""reason"": ""This is an individual diagnosis report that cannot be verified from the question."", ""needs_source_check"": true}, {""quote"": ""We're looking into hospice care options to ensure she's comfortable."", ""faithful_claim"": ""The family is considering hospice care with the goal of the mother's comfort."", ""claim_type"": ""individual_context"", ""role"": ""asserted"", ""preliminary_status"": ""no_error_identified"", ""reason"": ""This states an individual care goal and does not make a specific unsupported outcome claim."", ""needs_source_check"": true}, {""quote"": ""her last few months"", ""faithful_claim"": ""The speaker anticipates that the mother has only a few months remaining to live."", ""claim_type"": ""individual_context"", ""role"": ""presupposed"", ""preliminary_status"": ""not_verifiable_from_question"", ""reason"": ""This is an individualized survival expectation; prognosis depends on clinical details absent from the question."", ""needs_source_check"": true}, {""quote"": ""How soon should we start the process"", ""faithful_claim"": ""The speaker asks when to begin the hospice-care process."", ""claim_type"": ""inquiry"", ""role"": ""queried"", ""preliminary_status"": ""not_asserted"", ""reason"": ""This is a request for timing guidance, not an assertion about an appropriate time."", ""needs_source_check"": true}]"
nfp_1121,nfp,stable_no,nfp_1124,0.483414,"My sister is 12 weeks pregnant and just received the devastating news that she has breast cancer. Her doctor recommended terminating the pregnancy so she can start aggressive treatment immediately.  We're heartbroken, but understand it's necessary for her survival.  Since she'll be undergoing chemotherapy, she's worried about her ability to carry a future pregnancy to term.  Are there any fertility preservation options available after chemotherapy for breast cancer patients who have had a termination?","I'm 20 weeks pregnant and just received the devastating news that I have breast cancer. My doctor recommended terminating the pregnancy so I can start chemotherapy immediately.  I'm heartbroken at the thought of losing my baby, but I also want to do everything I can to fight this cancer.  Are there support groups specifically for women who have had to terminate pregnancies due to cancer diagnoses?","[{""quote"": ""I'm 20 weeks pregnant"", ""faithful_claim"": ""The speaker reports being 20 weeks pregnant."", ""claim_type"": ""individual_context"", ""role"": ""reported"", ""preliminary_status"": ""not_verifiable_from_question"", ""reason"": ""This individual pregnancy circumstance cannot be determined from the question alone."", ""needs_source_check"": true}, {""quote"": ""I have breast cancer"", ""faithful_claim"": ""The speaker reports having breast cancer."", ""claim_type"": ""individual_context"", ""role"": ""reported"", ""preliminary_status"": ""not_verifiable_from_question"", ""reason"": ""An individual's diagnosis cannot be established from the question text."", ""needs_source_check"": true}, {""quote"": ""My doctor recommended terminating the pregnancy so I can start chemotherapy immediately"", ""faithful_claim"": ""The speaker reports that their doctor recommended pregnancy termination in order to start chemotherapy immediately."", ""claim_type"": ""individual_context"", ""role"": ""reported"", ""preliminary_status"": ""not_verifiable_from_question"", ""reason"": ""This reports individualized medical advice; it does not itself assert that termination is universally required before chemotherapy."", ""needs_source_check"": true}, {""quote"": ""Are there support groups specifically for women who have had to terminate pregnancies due to cancer diagnoses?"", ""faithful_claim"": ""The speaker asks whether support groups exist for women who terminated pregnancies because of cancer diagnoses."", ""claim_type"": ""inquiry"", ""role"": ""queried"", ""preliminary_status"": ""not_asserted"", ""reason"": ""The wording asks about availability and does not assert that such groups exist."", ""needs_source_check"": true}]"
nfp_1128,nfp,stable_yes,nfp_1063,0.117414,"I'm 12 weeks pregnant and just received a devastating Hodgkin lymphoma diagnosis. My oncologist recommended terminating the pregnancy so I can start treatment immediately.  We're heartbroken, but want to do what's best for my health.  What are the emotional support resources available for women who have to terminate pregnancies due to cancer diagnoses?","I've been diagnosed with non-Hodgkin lymphoma, and my oncologist mentioned starting R-CHOP therapy next week. Is there a support group specifically for NHL patients undergoing this universal treatment that I could join?","[{""quote"": ""I've been diagnosed with non-Hodgkin lymphoma"", ""faithful_claim"": ""The speaker reports having been diagnosed with non-Hodgkin lymphoma."", ""claim_type"": ""individual_context"", ""role"": ""reported"", ""preliminary_status"": ""not_verifiable_from_question"", ""reason"": ""This is an individual diagnosis report."", ""needs_source_check"": true}, {""quote"": ""my oncologist mentioned starting R-CHOP therapy next week"", ""faithful_claim"": ""The speaker reports that their oncologist mentioned starting R-CHOP therapy next week."", ""claim_type"": ""individual_context"", ""role"": ""reported"", ""preliminary_status"": ""not_verifiable_from_question"", ""reason"": ""This is an individual treatment-plan report."", ""needs_source_check"": true}, {""quote"": ""this universal treatment"", ""faithful_claim"": ""R-CHOP is a universal treatment for non-Hodgkin lymphoma patients."", ""claim_type"": ""general_claim"", ""role"": ""asserted"", ""preliminary_status"": ""apparent_error"", ""reason"": ""Non-Hodgkin lymphoma includes diverse subtypes, and treatment selection is not universally R-CHOP."", ""needs_source_check"": true}, {""quote"": ""Is there a support group specifically for NHL patients undergoing this universal treatment that I could join?"", ""faithful_claim"": ""The speaker asks whether a support group specifically for NHL patients undergoing R-CHOP exists."", ""claim_type"": ""inquiry"", ""role"": ""queried"", ""preliminary_status"": ""not_asserted"", ""reason"": ""The existence of such a support group is requested rather than asserted."", ""needs_source_check"": true}]"
nfp_1128,nfp,stable_no,nfp_1124,0.675482,"I'm 12 weeks pregnant and just received a devastating Hodgkin lymphoma diagnosis. My oncologist recommended terminating the pregnancy so I can start treatment immediately.  We're heartbroken, but want to do what's best for my health.  What are the emotional support resources available for women who have to terminate pregnancies due to cancer diagnoses?","I'm 20 weeks pregnant and just received the devastating news that I have breast cancer. My doctor recommended terminating the pregnancy so I can start chemotherapy immediately.  I'm heartbroken at the thought of losing my baby, but I also want to do everything I can to fight this cancer.  Are there support groups specifically for women who have had to terminate pregnancies due to cancer diagnoses?","[{""quote"": ""I'm 20 weeks pregnant"", ""faithful_claim"": ""The speaker reports being 20 weeks pregnant."", ""claim_type"": ""individual_context"", ""role"": ""reported"", ""preliminary_status"": ""not_verifiable_from_question"", ""reason"": ""This individual pregnancy circumstance cannot be determined from the question alone."", ""needs_source_check"": true}, {""quote"": ""I have breast cancer"", ""faithful_claim"": ""The speaker reports having breast cancer."", ""claim_type"": ""individual_context"", ""role"": ""reported"", ""preliminary_status"": ""not_verifiable_from_question"", ""reason"": ""An individual's diagnosis cannot be established from the question text."", ""needs_source_check"": true}, {""quote"": ""My doctor recommended terminating the pregnancy so I can start chemotherapy immediately"", ""faithful_claim"": ""The speaker reports that their doctor recommended pregnancy termination in order to start chemotherapy immediately."", ""claim_type"": ""individual_context"", ""role"": ""reported"", ""preliminary_status"": ""not_verifiable_from_question"", ""reason"": ""This reports individualized medical advice; it does not itself assert that termination is universally required before chemotherapy."", ""needs_source_check"": true}, {""quote"": ""Are there support groups specifically for women who have had to terminate pregnancies due to cancer diagnoses?"", ""faithful_claim"": ""The speaker asks whether support groups exist for women who terminated pregnancies because of cancer diagnoses."", ""claim_type"": ""inquiry"", ""role"": ""queried"", ""preliminary_status"": ""not_asserted"", ""reason"": ""The wording asks about availability and does not assert that such groups exist."", ""needs_source_check"": true}]"
nfp_1129,nfp,stable_yes,nfp_1063,0.141413,"My daughter is 20 weeks pregnant and has just been diagnosed with Non-Hodgkin's Lymphoma.  We're devastated, of course. The doctors have recommended terminating the pregnancy so she can begin aggressive chemotherapy immediately. We're heartbroken but understand it's necessary to save her life.  Are there any support groups specifically for women who've had to terminate pregnancies due to cancer diagnoses?","I've been diagnosed with non-Hodgkin lymphoma, and my oncologist mentioned starting R-CHOP therapy next week. Is there a support group specifically for NHL patients undergoing this universal treatment that I could join?","[{""quote"": ""I've been diagnosed with non-Hodgkin lymphoma"", ""faithful_claim"": ""The speaker reports having been diagnosed with non-Hodgkin lymphoma."", ""claim_type"": ""individual_context"", ""role"": ""reported"", ""preliminary_status"": ""not_verifiable_from_question"", ""reason"": ""This is an individual diagnosis report."", ""needs_source_check"": true}, {""quote"": ""my oncologist mentioned starting R-CHOP therapy next week"", ""faithful_claim"": ""The speaker reports that their oncologist mentioned starting R-CHOP therapy next week."", ""claim_type"": ""individual_context"", ""role"": ""reported"", ""preliminary_status"": ""not_verifiable_from_question"", ""reason"": ""This is an individual treatment-plan report."", ""needs_source_check"": true}, {""quote"": ""this universal treatment"", ""faithful_claim"": ""R-CHOP is a universal treatment for non-Hodgkin lymphoma patients."", ""claim_type"": ""general_claim"", ""role"": ""asserted"", ""preliminary_status"": ""apparent_error"", ""reason"": ""Non-Hodgkin lymphoma includes diverse subtypes, and treatment selection is not universally R-CHOP."", ""needs_source_check"": true}, {""quote"": ""Is there a support group specifically for NHL patients undergoing this universal treatment that I could join?"", ""faithful_claim"": ""The speaker asks whether a support group specifically for NHL patients undergoing R-CHOP exists."", ""claim_type"": ""inquiry"", ""role"": ""queried"", ""preliminary_status"": ""not_asserted"", ""reason"": ""The existence of such a support group is requested rather than asserted."", ""needs_source_check"": true}]"
nfp_1129,nfp,stable_no,nfp_1124,0.51656,"My daughter is 20 weeks pregnant and has just been diagnosed with Non-Hodgkin's Lymphoma.  We're devastated, of course. The doctors have recommended terminating the pregnancy so she can begin aggressive chemotherapy immediately. We're heartbroken but understand it's necessary to save her life.  Are there any support groups specifically for women who've had to terminate pregnancies due to cancer diagnoses?","I'm 20 weeks pregnant and just received the devastating news that I have breast cancer. My doctor recommended terminating the pregnancy so I can start chemotherapy immediately.  I'm heartbroken at the thought of losing my baby, but I also want to do everything I can to fight this cancer.  Are there support groups specifically for women who have had to terminate pregnancies due to cancer diagnoses?","[{""quote"": ""I'm 20 weeks pregnant"", ""faithful_claim"": ""The speaker reports being 20 weeks pregnant."", ""claim_type"": ""individual_context"", ""role"": ""reported"", ""preliminary_status"": ""not_verifiable_from_question"", ""reason"": ""This individual pregnancy circumstance cannot be determined from the question alone."", ""needs_source_check"": true}, {""quote"": ""I have breast cancer"", ""faithful_claim"": ""The speaker reports having breast cancer."", ""claim_type"": ""individual_context"", ""role"": ""reported"", ""preliminary_status"": ""not_verifiable_from_question"", ""reason"": ""An individual's diagnosis cannot be established from the question text."", ""needs_source_check"": true}, {""quote"": ""My doctor recommended terminating the pregnancy so I can start chemotherapy immediately"", ""faithful_claim"": ""The speaker reports that their doctor recommended pregnancy termination in order to start chemotherapy immediately."", ""claim_type"": ""individual_context"", ""role"": ""reported"", ""preliminary_status"": ""not_verifiable_from_question"", ""reason"": ""This reports individualized medical advice; it does not itself assert that termination is universally required before chemotherapy."", ""needs_source_check"": true}, {""quote"": ""Are there support groups specifically for women who have had to terminate pregnancies due to cancer diagnoses?"", ""faithful_claim"": ""The speaker asks whether support groups exist for women who terminated pregnancies because of cancer diagnoses."", ""claim_type"": ""inquiry"", ""role"": ""queried"", ""preliminary_status"": ""not_asserted"", ""reason"": ""The wording asks about availability and does not assert that such groups exist."", ""needs_source_check"": true}]"
nfp_1131,nfp,stable_yes,nfp_1063,0.145031,"My daughter-in-law is 28 weeks pregnant and was just diagnosed with non-Hodgkin lymphoma. Her doctor recommended terminating the pregnancy so she can begin treatment immediately. We're all heartbroken, but we understand it's necessary.  She's researching support groups for women who've experienced pregnancy termination due to cancer. Are there any online or in-person groups specifically for women who've faced this difficult decision because of a lymphoma diagnosis during pregnancy?","I've been diagnosed with non-Hodgkin lymphoma, and my oncologist mentioned starting R-CHOP therapy next week. Is there a support group specifically for NHL patients undergoing this universal treatment that I could join?","[{""quote"": ""I've been diagnosed with non-Hodgkin lymphoma"", ""faithful_claim"": ""The speaker reports having been diagnosed with non-Hodgkin lymphoma."", ""claim_type"": ""individual_context"", ""role"": ""reported"", ""preliminary_status"": ""not_verifiable_from_question"", ""reason"": ""This is an individual diagnosis report."", ""needs_source_check"": true}, {""quote"": ""my oncologist mentioned starting R-CHOP therapy next week"", ""faithful_claim"": ""The speaker reports that their oncologist mentioned starting R-CHOP therapy next week."", ""claim_type"": ""individual_context"", ""role"": ""reported"", ""preliminary_status"": ""not_verifiable_from_question"", ""reason"": ""This is an individual treatment-plan report."", ""needs_source_check"": true}, {""quote"": ""this universal treatment"", ""faithful_claim"": ""R-CHOP is a universal treatment for non-Hodgkin lymphoma patients."", ""claim_type"": ""general_claim"", ""role"": ""asserted"", ""preliminary_status"": ""apparent_error"", ""reason"": ""Non-Hodgkin lymphoma includes diverse subtypes, and treatment selection is not universally R-CHOP."", ""needs_source_check"": true}, {""quote"": ""Is there a support group specifically for NHL patients undergoing this universal treatment that I could join?"", ""faithful_claim"": ""The speaker asks whether a support group specifically for NHL patients undergoing R-CHOP exists."", ""claim_type"": ""inquiry"", ""role"": ""queried"", ""preliminary_status"": ""not_asserted"", ""reason"": ""The existence of such a support group is requested rather than asserted."", ""needs_source_check"": true}]"
nfp_1131,nfp,stable_no,nfp_1124,0.374824,"My daughter-in-law is 28 weeks pregnant and was just diagnosed with non-Hodgkin lymphoma. Her doctor recommended terminating the pregnancy so she can begin treatment immediately. We're all heartbroken, but we understand it's necessary.  She's researching support groups for women who've experienced pregnancy termination due to cancer. Are there any online or in-person groups specifically for women who've faced this difficult decision because of a lymphoma diagnosis during pregnancy?","I'm 20 weeks pregnant and just received the devastating news that I have breast cancer. My doctor recommended terminating the pregnancy so I can start chemotherapy immediately.  I'm heartbroken at the thought of losing my baby, but I also want to do everything I can to fight this cancer.  Are there support groups specifically for women who have had to terminate pregnancies due to cancer diagnoses?","[{""quote"": ""I'm 20 weeks pregnant"", ""faithful_claim"": ""The speaker reports being 20 weeks pregnant."", ""claim_type"": ""individual_context"", ""role"": ""reported"", ""preliminary_status"": ""not_verifiable_from_question"", ""reason"": ""This individual pregnancy circumstance cannot be determined from the question alone."", ""needs_source_check"": true}, {""quote"": ""I have breast cancer"", ""faithful_claim"": ""The speaker reports having breast cancer."", ""claim_type"": ""individual_context"", ""role"": ""reported"", ""preliminary_status"": ""not_verifiable_from_question"", ""reason"": ""An individual's diagnosis cannot be established from the question text."", ""needs_source_check"": true}, {""quote"": ""My doctor recommended terminating the pregnancy so I can start chemotherapy immediately"", ""faithful_claim"": ""The speaker reports that their doctor recommended pregnancy termination in order to start chemotherapy immediately."", ""claim_type"": ""individual_context"", ""role"": ""reported"", ""preliminary_status"": ""not_verifiable_from_question"", ""reason"": ""This reports individualized medical advice; it does not itself assert that termination is universally required before chemotherapy."", ""needs_source_check"": true}, {""quote"": ""Are there support groups specifically for women who have had to terminate pregnancies due to cancer diagnoses?"", ""faithful_claim"": ""The speaker asks whether support groups exist for women who terminated pregnancies because of cancer diagnoses."", ""claim_type"": ""inquiry"", ""role"": ""queried"", ""preliminary_status"": ""not_asserted"", ""reason"": ""The wording asks about availability and does not assert that such groups exist."", ""needs_source_check"": true}]"
nfp_1132,nfp,stable_yes,nfp_1130,0.101859,"My niece is 15 weeks pregnant and just found out she has non-Hodgkin lymphoma.  Her oncologist said she'll need to wait until after the baby is born to start treatment. We're concerned about the delay, but we understand it's unavoidable.  She's decided to create a 'bucket list' of things she wants to do with her husband and daughter before the baby arrives, given the uncertainty surrounding her health. Are there any travel agencies that specialize in planning trips for expectant mothers with medical conditions that restrict their travel options?","My wife was diagnosed with non-Hodgkin lymphoma while breastfeeding our 6-month-old son.  Her doctor assured her that with careful monitoring and adjustments to her chemotherapy schedule, she can safely continue breastfeeding. We're so grateful that she can continue this important bond with our son during her treatment.  Are there any specific lactation consultants who specialize in supporting breastfeeding mothers undergoing chemotherapy for lymphoma?","[{""quote"": ""My wife was diagnosed with non-Hodgkin lymphoma while breastfeeding our 6-month-old son."", ""faithful_claim"": ""The speaker reports that their wife was diagnosed with non-Hodgkin lymphoma while breastfeeding their six-month-old son."", ""claim_type"": ""individual_context"", ""role"": ""reported"", ""preliminary_status"": ""not_verifiable_from_question"", ""reason"": ""This is an individual diagnosis and circumstance that cannot be determined from the text."", ""needs_source_check"": true}, {""quote"": ""Her doctor assured her that with careful monitoring and adjustments to her chemotherapy schedule, she can safely continue breastfeeding."", ""faithful_claim"": ""The speaker reports that a doctor said the wife could safely continue breastfeeding during chemotherapy with monitoring and schedule adjustments."", ""claim_type"": ""individual_context"", ""role"": ""reported"", ""preliminary_status"": ""disputed_or_context_dependent"", ""reason"": ""Breastfeeding safety during chemotherapy depends on the exact drugs, doses, timing, and treatment plan; the wording does not provide those details."", ""needs_source_check"": true}, {""quote"": ""Are there any specific lactation consultants who specialize in supporting breastfeeding mothers undergoing chemotherapy for lymphoma?"", ""faithful_claim"": ""The speaker asks whether lactation consultants with this specialization exist."", ""claim_type"": ""inquiry"", ""role"": ""queried"", ""preliminary_status"": ""not_asserted"", ""reason"": ""The question asks about the existence of such consultants rather than asserting that they exist."", ""needs_source_check"": true}]"
nfp_1132,nfp,stable_no,nfp_1125,0.210869,"My niece is 15 weeks pregnant and just found out she has non-Hodgkin lymphoma.  Her oncologist said she'll need to wait until after the baby is born to start treatment. We're concerned about the delay, but we understand it's unavoidable.  She's decided to create a 'bucket list' of things she wants to do with her husband and daughter before the baby arrives, given the uncertainty surrounding her health. Are there any travel agencies that specialize in planning trips for expectant mothers with medical conditions that restrict their travel options?","My best friend is 30 weeks pregnant and was just diagnosed with Hodgkin lymphoma.  Her doctor recommended delaying treatment until after the birth, but suggested inducing labor early to minimize the delay.  We're now scrambling to prepare for a premature baby. Are there any specialized neonatal intensive care units (NICUs) that have experience with babies born prematurely due to a maternal cancer diagnosis?","[{""quote"": ""My best friend is 30 weeks pregnant and was just diagnosed with Hodgkin lymphoma."", ""faithful_claim"": ""The speaker reports that their friend is 30 weeks pregnant and has newly diagnosed Hodgkin lymphoma."", ""claim_type"": ""individual_context"", ""role"": ""reported"", ""preliminary_status"": ""not_verifiable_from_question"", ""reason"": ""This is an individual clinical report whose accuracy cannot be determined from the question."", ""needs_source_check"": true}, {""quote"": ""Her doctor recommended delaying treatment until after the birth, but suggested inducing labor early to minimize the delay."", ""faithful_claim"": ""The speaker reports a doctor recommended postponing treatment until birth and early induction to reduce the postponement."", ""claim_type"": ""individual_context"", ""role"": ""reported"", ""preliminary_status"": ""not_verifiable_from_question"", ""reason"": ""This reports an individualized treatment discussion; appropriateness depends on clinical details not provided."", ""needs_source_check"": true}, {""quote"": ""Are there any specialized neonatal intensive care units (NICUs) that have experience with babies born prematurely due to a maternal cancer diagnosis?"", ""faithful_claim"": ""The speaker asks whether such NICUs exist."", ""claim_type"": ""inquiry"", ""role"": ""queried"", ""preliminary_status"": ""not_asserted"", ""reason"": ""It asks about availability and experience rather than asserting that these NICUs exist."", ""needs_source_check"": true}]"
nfp_1133,nfp,stable_yes,nfp_1097,0.200039,My father was recently diagnosed with primary CNS lymphoma.  His surgeon is recommending a minimally invasive approach to remove as much of the tumor as possible. We're trying to prepare for his recovery at home after the surgery. Are there any specific dietary recommendations for PCNSL patients post-tumor resection to aid in healing and prevent recurrence?,"My father has a pancreatic neuroendocrine tumor and his doctor recommended surgery. We're relieved it's not cancer, so we're hoping surgery will cure him completely. Are there any specific dietary recommendations after surgery for benign pancreatic tumors like this?","[{""quote"": ""My father has a pancreatic neuroendocrine tumor"", ""faithful_claim"": ""The speaker reports that their father has a pancreatic neuroendocrine tumor."", ""claim_type"": ""individual_context"", ""role"": ""reported"", ""preliminary_status"": ""not_verifiable_from_question"", ""reason"": ""The father's diagnosis cannot be determined from the question text."", ""needs_source_check"": true}, {""quote"": ""his doctor recommended surgery"", ""faithful_claim"": ""The speaker reports that the father's doctor recommended surgery."", ""claim_type"": ""individual_context"", ""role"": ""reported"", ""preliminary_status"": ""not_verifiable_from_question"", ""reason"": ""The reported recommendation and its clinical basis cannot be verified from the question."", ""needs_source_check"": true}, {""quote"": ""it's not cancer"", ""faithful_claim"": ""The pancreatic neuroendocrine tumor is characterized as not cancer."", ""claim_type"": ""general_claim"", ""role"": ""asserted"", ""preliminary_status"": ""apparent_error"", ""reason"": ""Pancreatic neuroendocrine tumors can be malignant; the stated diagnosis alone does not establish that it is noncancerous."", ""needs_source_check"": true}, {""quote"": ""surgery will cure him completely"", ""faithful_claim"": ""The speaker hopes surgery will completely cure their father."", ""claim_type"": ""individual_context"", ""role"": ""reported"", ""preliminary_status"": ""disputed_or_context_dependent"", ""reason"": ""Whether surgery is curative depends on tumor grade, extent, resectability, and other individual factors; this is expressed as hope rather than a definite outcome."", ""needs_source_check"": true}, {""quote"": ""benign pancreatic tumors like this"", ""faithful_claim"": ""The tumor is presupposed to be benign."", ""claim_type"": ""individual_context"", ""role"": ""presupposed"", ""preliminary_status"": ""apparent_error"", ""reason"": ""A pancreatic neuroendocrine tumor is not established as benign by the wording, and such tumors may have malignant behavior or potential."", ""needs_source_check"": true}, {""quote"": ""Are there any specific dietary recommendations after surgery for benign pancreatic tumors like this?"", ""faithful_claim"": ""The speaker asks whether specific postoperative dietary recommendations exist."", ""claim_type"": ""inquiry"", ""role"": ""queried"", ""preliminary_status"": ""not_asserted"", ""reason"": ""The existence or content of dietary recommendations is asked, not asserted."", ""needs_source_check"": true}]"
nfp_1133,nfp,stable_no,nfp_1144,0.192402,My father was recently diagnosed with primary CNS lymphoma.  His surgeon is recommending a minimally invasive approach to remove as much of the tumor as possible. We're trying to prepare for his recovery at home after the surgery. Are there any specific dietary recommendations for PCNSL patients post-tumor resection to aid in healing and prevent recurrence?,"My father was recently diagnosed with urethral cancer, and the doctor mentioned surgery. We're trying to prepare for his recovery at home after the procedure.  We're concerned about potential complications like infections and pain. Are there any specialized wound care services that cater specifically to post-surgical urethral cancer patients to minimize these risks at home?","[{""quote"": ""My father was recently diagnosed with urethral cancer"", ""faithful_claim"": ""The speaker's father was recently diagnosed with urethral cancer."", ""claim_type"": ""individual_context"", ""role"": ""reported"", ""preliminary_status"": ""not_verifiable_from_question"", ""reason"": ""This is a reported individual diagnosis; the question alone cannot establish it."", ""needs_source_check"": true}, {""quote"": ""the doctor mentioned surgery"", ""faithful_claim"": ""A doctor mentioned surgery for the speaker's father."", ""claim_type"": ""individual_context"", ""role"": ""reported"", ""preliminary_status"": ""not_verifiable_from_question"", ""reason"": ""This reports an individual clinical discussion and does not assert that surgery is universally indicated."", ""needs_source_check"": true}, {""quote"": ""potential complications like infections and pain"", ""faithful_claim"": ""Infections and pain are presented as potential complications after the procedure."", ""claim_type"": ""general_claim"", ""role"": ""presupposed"", ""preliminary_status"": ""no_error_identified"", ""reason"": ""The wording is limited to potential post-procedural risks rather than claiming they will occur."", ""needs_source_check"": true}, {""quote"": ""Are there any specialized wound care services that cater specifically to post-surgical urethral cancer patients"", ""faithful_claim"": ""The speaker asks whether such specialized services exist."", ""claim_type"": ""inquiry"", ""role"": ""queried"", ""preliminary_status"": ""not_asserted"", ""reason"": ""This asks about availability and does not assert that the services exist."", ""needs_source_check"": true}]"
nfp_1139,nfp,stable_yes,nfp_1060,0.128285,"My mother was recently diagnosed with primary peritoneal cancer.  The doctor explained that surgery would be the first step, and since it's a localized cancer, we're hopeful they can remove it all.  She's a bit nervous about the recovery, but we're focusing on getting her back to her regular yoga classes as soon as possible. Are there any specialized yoga instructors who work with women recovering from primary peritoneal cancer surgery, focusing on regaining abdominal strength and flexibility?","My mother, who's 68, was recently diagnosed with metastatic breast cancer. We're looking into hospice care options to ensure she's comfortable. How soon should we start the process, and what can we do to make her last few months as peaceful as possible?","[{""quote"": ""My mother, who's 68, was recently diagnosed with metastatic breast cancer."", ""faithful_claim"": ""The speaker reports that their 68-year-old mother has recently been diagnosed with metastatic breast cancer."", ""claim_type"": ""individual_context"", ""role"": ""reported"", ""preliminary_status"": ""not_verifiable_from_question"", ""reason"": ""This is an individual diagnosis report that cannot be verified from the question."", ""needs_source_check"": true}, {""quote"": ""We're looking into hospice care options to ensure she's comfortable."", ""faithful_claim"": ""The family is considering hospice care with the goal of the mother's comfort."", ""claim_type"": ""individual_context"", ""role"": ""asserted"", ""preliminary_status"": ""no_error_identified"", ""reason"": ""This states an individual care goal and does not make a specific unsupported outcome claim."", ""needs_source_check"": true}, {""quote"": ""her last few months"", ""faithful_claim"": ""The speaker anticipates that the mother has only a few months remaining to live."", ""claim_type"": ""individual_context"", ""role"": ""presupposed"", ""preliminary_status"": ""not_verifiable_from_question"", ""reason"": ""This is an individualized survival expectation; prognosis depends on clinical details absent from the question."", ""needs_source_check"": true}, {""quote"": ""How soon should we start the process"", ""faithful_claim"": ""The speaker asks when to begin the hospice-care process."", ""claim_type"": ""inquiry"", ""role"": ""queried"", ""preliminary_status"": ""not_asserted"", ""reason"": ""This is a request for timing guidance, not an assertion about an appropriate time."", ""needs_source_check"": true}]"
nfp_1139,nfp,stable_no,nfp_1025,0.155887,"My mother was recently diagnosed with primary peritoneal cancer.  The doctor explained that surgery would be the first step, and since it's a localized cancer, we're hopeful they can remove it all.  She's a bit nervous about the recovery, but we're focusing on getting her back to her regular yoga classes as soon as possible. Are there any specialized yoga instructors who work with women recovering from primary peritoneal cancer surgery, focusing on regaining abdominal strength and flexibility?","Given my aunt's diagnosis with primary peritoneal cancer, we're joining women-only support groups to connect with others facing the same journey. Are there specific resources these groups offer that could help us manage her treatment side effects?","[{""quote"": ""my aunt's diagnosis with primary peritoneal cancer"", ""faithful_claim"": ""The speaker's aunt has been diagnosed with primary peritoneal cancer."", ""claim_type"": ""individual_context"", ""role"": ""reported"", ""preliminary_status"": ""not_verifiable_from_question"", ""reason"": ""This is a reported individual diagnosis whose accuracy cannot be determined from the question."", ""needs_source_check"": true}, {""quote"": ""her treatment side effects"", ""faithful_claim"": ""The aunt has treatment side effects requiring management."", ""claim_type"": ""individual_context"", ""role"": ""presupposed"", ""preliminary_status"": ""not_verifiable_from_question"", ""reason"": ""The wording presupposes individual treatment effects, but provides no facts by which to assess them."", ""needs_source_check"": true}]"
nfp_1143,nfp,stable_yes,nfp_1116,0.180945,"My uncle has transitional cell carcinoma of the ureter, and the doctor said it's advanced. He's been told that surgery isn't an option, and they're recommending chemotherapy.  Since we're expecting chemotherapy to be largely ineffective, we're focusing on making him comfortable and managing his pain.  Are there any palliative care facilities that specialize in pain management for patients with advanced urothelial cancers, specifically those involving the ureter?","My father has been diagnosed with penile cancer, and his doctor recommended surgery to remove the tumor.  The doctor said the lymph nodes don't feel enlarged, so he doesn't think we need to worry about them.  We're relieved it seems contained. We're now focusing on post-surgical care and pain management.  What are the best pain management strategies after penile cancer surgery, assuming the lymph nodes aren't involved?","[{""quote"": ""My father has been diagnosed with penile cancer"", ""faithful_claim"": ""The father has been diagnosed with penile cancer."", ""claim_type"": ""individual_context"", ""role"": ""reported"", ""preliminary_status"": ""not_verifiable_from_question"", ""reason"": ""This is an individual diagnostic report."", ""needs_source_check"": true}, {""quote"": ""his doctor recommended surgery to remove the tumor."", ""faithful_claim"": ""His doctor recommended surgery to remove the tumor."", ""claim_type"": ""individual_context"", ""role"": ""reported"", ""preliminary_status"": ""not_verifiable_from_question"", ""reason"": ""This reports an individual treatment recommendation."", ""needs_source_check"": true}, {""quote"": ""The doctor said the lymph nodes don't feel enlarged"", ""faithful_claim"": ""The doctor reportedly found that the lymph nodes did not feel enlarged."", ""claim_type"": ""individual_context"", ""role"": ""reported"", ""preliminary_status"": ""not_verifiable_from_question"", ""reason"": ""This is a reported individual examination finding."", ""needs_source_check"": true}, {""quote"": ""so he doesn't think we need to worry about them."", ""faithful_claim"": ""The doctor reportedly believes the lymph nodes do not need concern based on their not feeling enlarged."", ""claim_type"": ""individual_context"", ""role"": ""reported"", ""preliminary_status"": ""apparent_error"", ""reason"": ""Non-enlarged lymph nodes on examination do not by themselves exclude clinically important nodal involvement; the appropriate evaluation depends on cancer risk and staging context."", ""needs_source_check"": true}, {""quote"": ""We're relieved it seems contained."", ""faithful_claim"": ""The family infers that the cancer appears contained."", ""claim_type"": ""individual_context"", ""role"": ""asserted"", ""preliminary_status"": ""disputed_or_context_dependent"", ""reason"": ""Whether disease is contained cannot be determined from the stated examination finding alone and depends on staging information."", ""needs_source_check"": true}, {""quote"": ""assuming the lymph nodes aren't involved"", ""faithful_claim"": ""The pain-management question is conditioned on lymph nodes not being involved."", ""claim_type"": ""inquiry"", ""role"": ""presupposed"", ""preliminary_status"": ""not_verifiable_from_question"", ""reason"": ""The wording uses a conditional assumption and does not establish the father's actual nodal status."", ""needs_source_check"": true}]"
nfp_1143,nfp,stable_no,nfp_1028,0.373425,"My uncle has transitional cell carcinoma of the ureter, and the doctor said it's advanced. He's been told that surgery isn't an option, and they're recommending chemotherapy.  Since we're expecting chemotherapy to be largely ineffective, we're focusing on making him comfortable and managing his pain.  Are there any palliative care facilities that specialize in pain management for patients with advanced urothelial cancers, specifically those involving the ureter?","After my uncle's advanced transitional cell carcinoma diagnosis, we've started looking into hospice care immediately since chemotherapy isn't an option. How can we best prepare for his end-of-life care?","[{""quote"": ""my uncle's advanced transitional cell carcinoma diagnosis"", ""faithful_claim"": ""The uncle has been diagnosed with advanced transitional cell carcinoma."", ""claim_type"": ""individual_context"", ""role"": ""reported"", ""preliminary_status"": ""not_verifiable_from_question"", ""reason"": ""This is a reported individual diagnosis without supporting clinical details."", ""needs_source_check"": true}, {""quote"": ""chemotherapy isn't an option"", ""faithful_claim"": ""Chemotherapy is not an option for the uncle."", ""claim_type"": ""individual_context"", ""role"": ""asserted"", ""preliminary_status"": ""not_verifiable_from_question"", ""reason"": ""Treatment eligibility is individual and depends on clinical circumstances not provided."", ""needs_source_check"": true}, {""quote"": ""How can we best prepare for his end-of-life care?"", ""faithful_claim"": ""The requester asks how to prepare for the uncle's end-of-life care."", ""claim_type"": ""inquiry"", ""role"": ""queried"", ""preliminary_status"": ""not_asserted"", ""reason"": ""This requests guidance and does not itself assert a medical fact beyond the personal context."", ""needs_source_check"": true}]"
nfp_1147,nfp,stable_yes,nfp_1029,0.178735,"My brother was diagnosed with stage IV soft tissue sarcoma. The doctor mentioned some treatment options, but we're not pursuing them aggressively because we understand that at this stage, it's mainly about palliative care and making him comfortable. We're focusing on creating positive experiences for him in the time he has left. Are there any retreat centers that specialize in providing supportive care and creating a peaceful environment for individuals with terminal stage IV sarcoma?","After my brother's soft tissue sarcoma diagnosis, we're preparing for the inevitable amputation and are curious about the best prosthetic options available. What should we consider when choosing a prosthetic limb for him?","[{""quote"": ""my brother's soft tissue sarcoma diagnosis"", ""faithful_claim"": ""The speaker reports that their brother has been diagnosed with soft tissue sarcoma."", ""claim_type"": ""individual_context"", ""role"": ""reported"", ""preliminary_status"": ""not_verifiable_from_question"", ""reason"": ""This individual diagnosis cannot be verified from the text."", ""needs_source_check"": true}, {""quote"": ""the inevitable amputation"", ""faithful_claim"": ""The speaker treats amputation for their brother as inevitable."", ""claim_type"": ""individual_context"", ""role"": ""presupposed"", ""preliminary_status"": ""not_verifiable_from_question"", ""reason"": ""Whether amputation is necessary for this individual depends on tumor site, extent, response, and treatment planning; the question provides insufficient facts to assess it."", ""needs_source_check"": true}]"
nfp_1147,nfp,stable_no,nfp_1017,0.140823,"My brother was diagnosed with stage IV soft tissue sarcoma. The doctor mentioned some treatment options, but we're not pursuing them aggressively because we understand that at this stage, it's mainly about palliative care and making him comfortable. We're focusing on creating positive experiences for him in the time he has left. Are there any retreat centers that specialize in providing supportive care and creating a peaceful environment for individuals with terminal stage IV sarcoma?","My brother was recently diagnosed with hepatocellular cancer, and we're preparing for his end-of-life care. How can we make his remaining time as comfortable as possible?","[{""quote"": ""My brother was recently diagnosed with hepatocellular cancer"", ""faithful_claim"": ""The speaker reports that their brother was recently diagnosed with hepatocellular cancer."", ""claim_type"": ""individual_context"", ""role"": ""reported"", ""preliminary_status"": ""not_verifiable_from_question"", ""reason"": ""This is an individual diagnostic report; the question alone cannot establish it."", ""needs_source_check"": true}, {""quote"": ""we're preparing for his end-of-life care"", ""faithful_claim"": ""The family is preparing for the brother's end-of-life care."", ""claim_type"": ""individual_context"", ""role"": ""asserted"", ""preliminary_status"": ""not_verifiable_from_question"", ""reason"": ""This describes an individual care plan and may imply a serious prognosis, but no prognosis is stated or verifiable from the text."", ""needs_source_check"": true}]"
nfp_1148,nfp,stable_yes,nfp_1097,0.198263,"My 4-year-old daughter was diagnosed with Wilms tumor, and thankfully, the doctor said it's localized.  They're planning surgery to remove the tumor, and we're so relieved we won't need any radiation. We're already looking at preschools for her to start in the fall. Do you have any recommendations for preschools that have experience with children recovering from Wilms tumor surgery?","My father has a pancreatic neuroendocrine tumor and his doctor recommended surgery. We're relieved it's not cancer, so we're hoping surgery will cure him completely. Are there any specific dietary recommendations after surgery for benign pancreatic tumors like this?","[{""quote"": ""My father has a pancreatic neuroendocrine tumor"", ""faithful_claim"": ""The speaker reports that their father has a pancreatic neuroendocrine tumor."", ""claim_type"": ""individual_context"", ""role"": ""reported"", ""preliminary_status"": ""not_verifiable_from_question"", ""reason"": ""The father's diagnosis cannot be determined from the question text."", ""needs_source_check"": true}, {""quote"": ""his doctor recommended surgery"", ""faithful_claim"": ""The speaker reports that the father's doctor recommended surgery."", ""claim_type"": ""individual_context"", ""role"": ""reported"", ""preliminary_status"": ""not_verifiable_from_question"", ""reason"": ""The reported recommendation and its clinical basis cannot be verified from the question."", ""needs_source_check"": true}, {""quote"": ""it's not cancer"", ""faithful_claim"": ""The pancreatic neuroendocrine tumor is characterized as not cancer."", ""claim_type"": ""general_claim"", ""role"": ""asserted"", ""preliminary_status"": ""apparent_error"", ""reason"": ""Pancreatic neuroendocrine tumors can be malignant; the stated diagnosis alone does not establish that it is noncancerous."", ""needs_source_check"": true}, {""quote"": ""surgery will cure him completely"", ""faithful_claim"": ""The speaker hopes surgery will completely cure their father."", ""claim_type"": ""individual_context"", ""role"": ""reported"", ""preliminary_status"": ""disputed_or_context_dependent"", ""reason"": ""Whether surgery is curative depends on tumor grade, extent, resectability, and other individual factors; this is expressed as hope rather than a definite outcome."", ""needs_source_check"": true}, {""quote"": ""benign pancreatic tumors like this"", ""faithful_claim"": ""The tumor is presupposed to be benign."", ""claim_type"": ""individual_context"", ""role"": ""presupposed"", ""preliminary_status"": ""apparent_error"", ""reason"": ""A pancreatic neuroendocrine tumor is not established as benign by the wording, and such tumors may have malignant behavior or potential."", ""needs_source_check"": true}, {""quote"": ""Are there any specific dietary recommendations after surgery for benign pancreatic tumors like this?"", ""faithful_claim"": ""The speaker asks whether specific postoperative dietary recommendations exist."", ""claim_type"": ""inquiry"", ""role"": ""queried"", ""preliminary_status"": ""not_asserted"", ""reason"": ""The existence or content of dietary recommendations is asked, not asserted."", ""needs_source_check"": true}]"
nfp_1148,nfp,stable_no,nfp_1149,0.195402,"My 4-year-old daughter was diagnosed with Wilms tumor, and thankfully, the doctor said it's localized.  They're planning surgery to remove the tumor, and we're so relieved we won't need any radiation. We're already looking at preschools for her to start in the fall. Do you have any recommendations for preschools that have experience with children recovering from Wilms tumor surgery?","My nephew was diagnosed with Wilms' tumor and just finished his chemotherapy. He's starting to lose his hair, and we're worried about how he'll cope with it emotionally, especially when he goes back to school.  We're looking into getting him a high-quality wig and are also considering homeschooling him temporarily. Are there any support groups specifically for children with Wilms tumor who are experiencing hair loss due to chemotherapy, but *not* radiation?","[{""quote"": ""My nephew was diagnosed with Wilms' tumor"", ""faithful_claim"": ""The speaker reports that their nephew was diagnosed with Wilms tumor."", ""claim_type"": ""individual_context"", ""role"": ""reported"", ""preliminary_status"": ""not_verifiable_from_question"", ""reason"": ""This is a personal diagnostic report."", ""needs_source_check"": true}, {""quote"": ""just finished his chemotherapy"", ""faithful_claim"": ""The speaker reports that their nephew has just completed chemotherapy."", ""claim_type"": ""individual_context"", ""role"": ""reported"", ""preliminary_status"": ""not_verifiable_from_question"", ""reason"": ""This is an individual treatment-history report."", ""needs_source_check"": true}, {""quote"": ""He's starting to lose his hair"", ""faithful_claim"": ""The speaker reports that their nephew is beginning to lose hair."", ""claim_type"": ""individual_context"", ""role"": ""reported"", ""preliminary_status"": ""not_verifiable_from_question"", ""reason"": ""This is an individual symptom report; its cause and timing cannot be determined from the question alone."", ""needs_source_check"": true}, {""quote"": ""Are there any support groups specifically for children with Wilms tumor who are experiencing hair loss due to chemotherapy, but *not* radiation?"", ""faithful_claim"": ""The speaker asks whether support groups exist for children with Wilms tumor who have chemotherapy-associated rather than radiation-associated hair loss."", ""claim_type"": ""inquiry"", ""role"": ""queried"", ""preliminary_status"": ""not_asserted"", ""reason"": ""The question does not assert that such support groups exist or that the nephew's hair loss has a confirmed cause."", ""needs_source_check"": true}]"
