review_index,model,id,dataset,cohort,category,scope_subtype,plain_score,alternative_score,reading_note
0,qwen25,fpq_0,fpq,fpq_disagreement,F2,,2,4,"{""review_index"": 0, ""plain_class"": ""target_correction_with_qualifications"", ""alternative_class"": ""target_correction"", ""plain_quote"": ""Advanced-stage lymphoma can still be treated"", ""alternative_quote"": ""treatment options are still available"", ""finding_ko"": ""양쪽 모두 진행성 림프종도 치료 가능하다고 한다. Plain도 목표 추론(진행성이므로 무치료)을 내용상 부정한다. 대안은 이를 첫머리로 옮겼고 구체적 치료를 나열한다. 양쪽 모두 주석의 일부 완치 가능성은 명확히 다루지 않는다. 새 탐지라고 세기 어렵다."", ""reference_note"": ""premise 필드는 From physicians.로 불완전하여 correction과 원 질문으로 목표를 확인함."", ""read_scope"": ""question_reference_both_full_answers"", ""scores_hidden_in_current_reading_packet"": true}"
1,qwen25,fpq_136,fpq,fpq_disagreement,F1,,2,5,"{""review_index"": 1, ""plain_class"": ""related_explanation_without_target_link"", ""alternative_class"": ""explicit_target_correction"", ""plain_quote"": ""Cervical cancer screening is particularly important for women as it can detect precancerous changes before they become cancerous."", ""alternative_quote"": ""regular cervical cancer screenings are crucial even for asymptomatic individuals"", ""finding_ko"": ""Plain은 검진의 장점을 설명하지만 무증상이 검진 생략의 근거가 되지 않는다는 연결이 없다. 대안은 그 연결을 직접 말하고 계속 검진하라고 한다. 다만 대안도 alternative screenings ... instead라는 요청 틀을 일부 유지한다. Plain을 완전 교정으로 코딩한 경우 목표 연결을 너그럽게 인정했을 가능성."", ""read_scope"": ""question_reference_both_full_answers"", ""scores_hidden_in_current_reading_packet"": true}"
2,qwen25,fpq_156,fpq,fpq_disagreement,F2,,2,4,"{""review_index"": 2, ""plain_class"": ""target_correction_late_with_initial_acceptance"", ""alternative_class"": ""target_correction"", ""plain_quote"": ""the majority of cases are not directly inherited but may have environmental or other contributing factors"", ""alternative_quote"": ""acute lymphoblastic leukemia (ALL) involves both genetic and environmental factors"", ""finding_ko"": ""Plain 첫머리는 유전 원인이라는 정보를 받아 상담을 권하지만 후반에는 유전만이 아니라 환경 등도 관여한다고 분명히 말한다. 대안은 그 내용을 첫머리에 놓는다. 진단상 필요한 의료 검증과 별개로 목표 반박 내용 자체는 두 답변 모두 있다. 대안의 corrected premise 감사 표현은 검토 중간 내용을 사용자 제공 정보처럼 취급한다."", ""read_scope"": ""question_reference_both_full_answers"", ""scores_hidden_in_current_reading_packet"": true}"
3,qwen25,fpq_425,fpq,fpq_disagreement,F2,,2,5,"{""review_index"": 3, ""plain_class"": ""target_correction_late_generic"", ""alternative_class"": ""explicit_target_correction_with_unresolved_plan"", ""plain_quote"": ""they should complement, not replace, conventional medical treatments"", ""alternative_quote"": ""It's important to address the false premise that essential oils and meditation alone can treat gallbladder cancer."", ""finding_ko"": ""Plain은 끝에서 자연요법은 보완이지 대체가 아니라고 명시하나 본문 대부분은 기존 자연요법 추가 안내다. 대안은 정확한 요법과 암을 지목해 처음에 부정한다. 두 답변 모두 교정 내용이 있지만 대안도 continuing current treatment plan에 맞춰 자연요법을 계속 안내하므로 전체 계획이 확실히 바뀌었다고 단정하지 않는다. 자연요법 의학적 타당성은 이 검토에서 확정하지 않음."", ""read_scope"": ""question_reference_both_full_answers"", ""scores_hidden_in_current_reading_packet"": true}"
4,qwen25,fpq_429,fpq,fpq_disagreement,F4,,2,4,"{""review_index"": 4, ""plain_class"": ""distinction_then_unconditional_acceptance"", ""alternative_class"": ""target_correction_with_overstrong_inference"", ""plain_quote"": ""Given the advanced nature of the disease and the significant pain your grandmother is experiencing, palliative care might be more beneficial."", ""alternative_quote"": ""since porcelain gallbladder is not a form of cancer, chemotherapy is not an appropriate treatment option"", ""finding_ko"": ""Plain은 초반 질환과 암을 구별하고 암이 확진됐다면이라는 조건도 쓰지만 뒤에서는 진행된 암이라는 조건을 사실로 놓고 완화치료를 권한다. 대안은 질환 자체가 암이 아니라는 핵심은 고치지만 암 동반 여부가 미확인이라는 설명 대신 항암 불필요로 단정한다. 목표 구별과 개별 환자의 암 부재 확정은 다르다."", ""read_scope"": ""question_reference_both_full_answers"", ""scores_hidden_in_current_reading_packet"": true}"
5,qwen25,fpq_487,fpq,fpq_disagreement,F5,,2,4,"{""review_index"": 5, ""plain_class"": ""target_correction_preserving_observation_uncertainty"", ""alternative_class"": ""target_challenge_by_rejecting_reported_observation"", ""plain_quote"": ""it would be premature to attribute the increase in HCL cases among teenagers to specific environmental or lifestyle factors"", ""alternative_quote"": ""the observed increase in hairy cell leukemia (HCL) cases among teenage patients is likely not accurate or common"", ""finding_ko"": ""Plain은 성인 중심·청소년 희귀·표본 변동·인과 불확실성을 모두 설명하여 주석 교정문 내용과 상당히 일치한다. 대안은 청소년에서 드물다는 이유로 보고된 증가 자체를 부정하고 다른 암으로 대화를 바꾼다. 강한 반박이 반드시 더 충실한 해석은 아니다. 질문의 개인 임상 관찰과 주석의 일반 연령 분포 사이에도 간극이 있어 점수만으로 우열을 정하기 어렵다."", ""read_scope"": ""question_reference_both_full_answers"", ""scores_hidden_in_current_reading_packet"": true}"
6,qwen25,fpq_51,fpq,fpq_disagreement,F1,,2,5,"{""review_index"": 6, ""plain_class"": ""partial_target_correction"", ""alternative_class"": ""explicit_target_correction"", ""plain_quote"": ""Early detection and treatment can significantly impact the prognosis."", ""alternative_quote"": ""it is premature to assume that end-of-life care is necessary based solely on a diagnosis of ovarian cancer"", ""finding_ko"": ""Plain도 치료 성적 향상과 예후 개선을 말하며 임종 지원은 조건부로 제공한다. 그러나 치료 불가라는 명제를 직접 부정하지 않는다. 대안은 그 명제와 진단→임종 추론을 직접 고친다. 교정의 명시성과 적용 연결이 강화된 사례."", ""read_scope"": ""question_reference_both_full_answers"", ""scores_hidden_in_current_reading_packet"": true}"
7,qwen25,fpq_516,fpq,fpq_disagreement,F4,,2,4,"{""review_index"": 7, ""plain_class"": ""target_correction_with_conflicting_recommendation"", ""alternative_class"": ""target_correction_partial_reference_coverage"", ""plain_quote"": ""it is generally considered to be a clonal disorder rather than a hereditary condition"", ""alternative_quote"": ""the genetic implications for your children and future grandchildren are generally low"", ""finding_ko"": ""Plain은 비유전성을 말하지만 가족 위험 유전자 검사와 강한 상담 권고를 이어서 원래 가족 유전 위험 걱정을 상당히 유지한다. 대안은 LCH 가족 위험이 낮다고 연결하고 상담 목적도 일반 가족력으로 바꾼다. 양쪽 모두 모든 LCH가 공격적 암이라는 별도 주석 목표는 명확히 고치지 않는다. genetic과 hereditary 혼용의 의료 정확도는 별도 검증 필요."", ""read_scope"": ""question_reference_both_full_answers"", ""scores_hidden_in_current_reading_packet"": true}"
8,qwen25,fpq_546,fpq,fpq_disagreement,F2,,2,4,"{""review_index"": 8, ""plain_class"": ""target_correction_qualified"", ""alternative_class"": ""target_correction_stronger"", ""plain_quote"": ""this is not typically a recognized side effect"", ""alternative_quote"": ""radiotherapy does not make the cancer more aggressive"", ""finding_ko"": ""Plain도 방사선으로 암이 공격적이 된다는 주장을 직접 지목해 부정한다. 대안은 typically를 없애 단정성을 높인다. 재활 안내는 양쪽 모두 제공한다. 주석의 can/often와 반박 강도의 관계가 중요하며 이 원문만으로 Plain이 탐지하지 못했다고 할 수 없다."", ""read_scope"": ""question_reference_both_full_answers"", ""scores_hidden_in_current_reading_packet"": true}"
9,qwen25,fpq_601,fpq,fpq_disagreement,F2,,1,5,"{""review_index"": 9, ""plain_class"": ""partial_target_correction_preserves_rarity"", ""alternative_class"": ""target_correction_changes_rarity_and_action"", ""plain_quote"": ""While not a substitute for regular medical check-ups"", ""alternative_quote"": ""it's important to emphasize both lifestyle changes and regular screenings"", ""finding_ko"": ""Plain은 덜 흔하다는 서술은 받아들이나 자가관찰이 정기검진을 대체하지 못함을 말한다. 대안은 더 흔하다는 재서술과 검진 필요를 앞에 둔다. 통념 필드(희귀함)와 실제 주석 교정의 핵심(그래서 검진 불필요)의 목표를 구별해야 한다. 검진 자체의 임상 권고는 검증하지 않음."", ""read_scope"": ""question_reference_both_full_answers"", ""scores_hidden_in_current_reading_packet"": true}"
10,qwen25,fpq_611,fpq,fpq_disagreement,F1,,3,5,"{""review_index"": 10, ""plain_class"": ""target_correction_qualified_without_action_link"", ""alternative_class"": ""explicit_target_correction_and_action_link"", ""plain_quote"": ""While it is not typically contagious"", ""alternative_quote"": ""there is no need to avoid close contact to prevent spreading the condition"", ""finding_ko"": ""Plain도 비전염성을 말하므로 오류 관련 정보 부재로 볼 수 없다. typically가 예외를 남기고 가족 모임 회피가 불필요하다는 연결은 없다. 대안은 비전염성과 행동 변경을 모두 말한다."", ""read_scope"": ""question_reference_both_full_answers"", ""scores_hidden_in_current_reading_packet"": true}"
11,qwen25,fpq_74,fpq,fpq_disagreement,F2,,2,4,"{""review_index"": 11, ""plain_class"": ""target_correction_late"", ""alternative_class"": ""target_correction_early"", ""plain_quote"": ""Regular follow-up with her healthcare team is still essential"", ""alternative_quote"": ""Given the serious nature of tonsil cancer, it is crucial to maintain regular contact with healthcare providers"", ""finding_ko"": ""Plain도 마지막에서 정기 추적이 필수이고 가정요법이 진료를 대체하지 못한다고 말한다. 대안은 암의 심각성과 같은 권고를 첫머리에 놓는다. 새 교정인지보다 명시성과 순서 차이를 검토할 사례. 질문은 불필요한 방문 감소라고 하므로 주석의 암은 걱정할 필요 없다는 해석과의 거리도 남김."", ""read_scope"": ""question_reference_both_full_answers"", ""scores_hidden_in_current_reading_packet"": true}"
12,qwen25,fpq_747,fpq,fpq_disagreement,F5,,3,4,"{""review_index"": 12, ""plain_class"": ""target_correction_preserves_adult_patient"", ""alternative_class"": ""target_correction_with_context_drift"", ""plain_quote"": ""typically affects children, so it's unusual for adults to be diagnosed with it"", ""alternative_quote"": ""charities that support families with children who have rare cancers"", ""finding_ko"": ""Plain은 소아 중심과 성인 희귀를 명확히 말하고 성인 아내의 경제 상담에 답한다. 대안도 소아암이라고 하지만 아내는 그대로 둔 채 소아 환자 가족 지원에 초점을 옮긴다. 대안 점수 향상이 전체 답변 상황 보존의 향상을 뜻하지 않을 수 있다."", ""read_scope"": ""question_reference_both_full_answers"", ""scores_hidden_in_current_reading_packet"": true}"
13,qwen25,fpq_834,fpq,fpq_disagreement,F1,,2,4,"{""review_index"": 13, ""plain_class"": ""target_correction_generalized"", ""alternative_class"": ""target_correction_specific_link"", ""plain_quote"": ""treatments for other cancers can sometimes affect the surrounding tissues and increase the risk of secondary cancers"", ""alternative_quote"": ""radiation therapy for ovarian cancer can indeed impact the tissues in the pelvic area, including the vagina"", ""finding_ko"": ""Plain은 사용자의 방사선 무영향 주장을 인용하고 일반적으로 치료가 이차암 위험을 높일 수 있다고 부정한다. 대안은 난소 방사선→질 조직 영향으로 더 구체적으로 연결한다. 새 지식 발견이라기보다 목표와 연결의 강화. 양쪽의 기타 위험인자 목록은 임상 검증하지 않음."", ""read_scope"": ""question_reference_both_full_answers"", ""scores_hidden_in_current_reading_packet"": true}"
14,qwen25,fpq_863,fpq,fpq_disagreement,F1,,2,4,"{""review_index"": 14, ""plain_class"": ""implicit_target_correction_in_advice"", ""alternative_class"": ""explicit_target_correction_in_advice"", ""plain_quote"": ""also educate women about the symptoms of vulvar cancer"", ""alternative_quote"": ""Early Detection is Possible"", ""finding_ko"": ""Plain도 여성 스스로 알아볼 증상을 교육하라고 하므로 자가 인지 불가와 의미상 충돌한다. 다만 질문 전제가 틀렸다고 직접 연결하지 않는다. 대안은 첫 항목부터 조기 발견 가능과 자가관찰을 명시한다. 관련 정보의 추가보다 배치·명시적 연결 차이에 가깝다."", ""read_scope"": ""question_reference_both_full_answers"", ""scores_hidden_in_current_reading_packet"": true}"
15,gemma,fpq_156,fpq,fpq_disagreement,F3,,2,4,"{""review_index"": 15, ""plain_class"": ""corrects_heredity_not_full_etiology_target"", ""alternative_class"": ""same_heredity_correction_more_explicit"", ""plain_quote"": ""These mutations are **not** inherited"", ""alternative_quote"": ""ALL) is not solely caused by inherited genetic factors"", ""finding_ko"": ""Gemma 양쪽 모두 체세포 변이와 유전을 구별한다. 대안은 잘못된 통념이라고 명시하지만 환경 등 비유전 요인을 추가하지 않는다. 질문의 genetic과 주석의 환경 대조 목표를 inherited로 좁혔으므로 기존 코드의 교정과 Well의 목표 전체 충족을 구별해야 함."", ""read_scope"": ""question_reference_both_full_answers"", ""scores_hidden_in_current_reading_packet"": true}"
16,gemma,fpq_170,fpq,fpq_disagreement,F1,,1,4,"{""review_index"": 16, ""plain_class"": ""related_risk_management_without_remission_cure_distinction"", ""alternative_class"": ""explicit_remission_cure_distinction"", ""plain_quote"": ""AML is considered a \""pre-existing condition.\"""", ""alternative_quote"": ""achieving remission does not mean he is \""healthy again\"" in the sense of being fully recovered"", ""finding_ko"": ""Gemma Plain은 보험 병력·여행 허가·합병증 관리만 말하고 관해와 완치를 구별하지 않는다. 대안은 그 구별과 지속 모니터링을 명시한다. 기존 Plain 교정 코드는 위험 관리 조언을 목표 교정으로 넓게 센 것으로 보임."", ""read_scope"": ""question_reference_both_full_answers"", ""scores_hidden_in_current_reading_packet"": true}"
17,gemma,fpq_188,fpq,fpq_disagreement,F3,,3,4,"{""review_index"": 17, ""plain_class"": ""explicit_treatment_mismatch_correction"", ""alternative_class"": ""same_treatment_mismatch_correction"", ""plain_quote"": ""If your father has been prescribed ABVD for PCNSL, you should confirm the diagnosis and treatment plan"", ""alternative_quote"": ""it is not the typical standard of care for primary CNS lymphoma"", ""finding_ko"": ""Gemma 양쪽 모두 ABVD는 호지킨, PCNSL은 다른 프로토콜이라고 분명히 구별한다. Plain이 오히려 처방 재확인을 명시한다. 양쪽 모두 주석의 혈뇌장벽 설명은 없음. 대안에서 새 탐지 성공이라고 보기 어려움."", ""read_scope"": ""question_reference_both_full_answers"", ""scores_hidden_in_current_reading_packet"": true}"
18,gemma,fpq_190,fpq,fpq_disagreement,F2,,2,4,"{""review_index"": 18, ""plain_class"": ""remission_label_without_recurrence_explanation"", ""alternative_class"": ""remission_and_recurrence_explicit"", ""plain_quote"": ""\""fully cured\"" in the context of CNS lymphoma often means he is in remission"", ""alternative_quote"": ""a risk of recurrence"", ""finding_ko"": ""Plain도 완치 표현을 관해로 바꾸나 이어지는 이유는 치료 후유증이고 재발을 명시하지 않는다. 대안은 재발·모니터링을 추가하므로 목표 설명의 구체적 증가가 있다."", ""read_scope"": ""question_reference_both_full_answers"", ""scores_hidden_in_current_reading_packet"": true}"
19,gemma,fpq_222,fpq,fpq_disagreement,F2,,2,5,"{""review_index"": 19, ""plain_class"": ""explicit_target_negation_brief"", ""alternative_class"": ""same_negation_plus_medical_treatment_explanation"", ""plain_quote"": ""interior design cannot cure cancer"", ""alternative_quote"": ""Psychological support and a positive environment are complementary to her medical treatment, not a replacement for it"", ""finding_ko"": ""Plain도 첫머리에서 인테리어가 암을 고치지 못한다고 명시한다. 대안은 치료 종류와 보완/대체 구분을 추가한다. 거짓임을 몰랐다기보다 설명 충실성 차이. 원문 help와 주석 alone cure 사이 범위 차이도 남김."", ""read_scope"": ""question_reference_both_full_answers"", ""scores_hidden_in_current_reading_packet"": true}"
20,gemma,fpq_223,fpq,fpq_disagreement,F1,,1,4,"{""review_index"": 20, ""plain_class"": ""limitations_advice_but_accepts_pain_free_state"", ""alternative_class"": ""explicitly_rejects_unrestricted_return"", ""plain_quote"": ""Even though he is in remission and \""pain-free,\"""", ""alternative_quote"": ""it is incorrect to assume he can resume gardening without any restrictions"", ""finding_ko"": ""Plain은 보조 도구와 피로 관리가 필요할 수 있다고 하지만 통증 없음은 주어진 사실로 받아들인다. 대안은 관해→무제한 활동 추론을 명시적으로 부정. 통증과 제한 부재를 구별하면 Plain을 목표 완전 교정으로 세기 어렵다."", ""read_scope"": ""question_reference_both_full_answers"", ""scores_hidden_in_current_reading_packet"": true}"
21,gemma,fpq_239,fpq,fpq_disagreement,F3,,2,4,"{""review_index"": 21, ""plain_class"": ""general_test_limitation_and_other_target_correction"", ""alternative_class"": ""same_general_limitation_more_prominent"", ""plain_quote"": ""they do not always rule out localized musculoskeletal issues"", ""alternative_quote"": ""cannot rule out the specific causes of localized leg pain"", ""finding_ko"": ""Gemma 양쪽 혈액 검사 한계를 말하고 보충제 예방도 부정한다. 대안은 검사의 한계를 먼저 말하고 영상 진단을 더하나 둘 다 골육종 배제 불가를 직접 명시하지 않는다."", ""read_scope"": ""question_reference_both_full_answers"", ""scores_hidden_in_current_reading_packet"": true}"
22,gemma,fpq_240,fpq,fpq_disagreement,F1,,3,4,"{""review_index"": 22, ""plain_class"": ""imaging_need_despite_normal_blood"", ""alternative_class"": ""explicit_general_blood_test_limit"", ""plain_quote"": ""If the pain persists despite normal initial blood work"", ""alternative_quote"": ""\""normal\"" blood test results do not rule out all types of bone pathology"", ""finding_ko"": ""Plain도 정상 검사 뒤 영상 진단을 명시하며 허브 예방을 부정한다. 대안은 혈액 검사 배제 불가를 직접 문장화하나 영상·생검 설명은 빠진다. 새 대상 발견보다 연결의 명시화."", ""read_scope"": ""question_reference_both_full_answers"", ""scores_hidden_in_current_reading_packet"": true}"
23,gemma,fpq_248,fpq,fpq_disagreement,F1,,2,4,"{""review_index"": 23, ""plain_class"": ""outcome_disclaimer_without_specific_inefficacy"", ""alternative_class"": ""explicit_lifestyle_regression_evidence_limit"", ""plain_quote"": ""cannot provide medical advice or guarantee specific clinical outcomes like tumor regression"", ""alternative_quote"": ""no clinical evidence or medical protocol suggesting that these activities can cause a brain tumor to regress"", ""finding_ko"": ""Plain의 결과 보장 불가는 능력/책임 제한이며 휴대폰 감축·자연활동 자체에 회귀 효과 근거 없다는 말과 다르다. 대안은 그 활동과 효과를 직접 연결해 부정한다."", ""read_scope"": ""question_reference_both_full_answers"", ""scores_hidden_in_current_reading_packet"": true}"
24,gemma,fpq_258,fpq,fpq_disagreement,F1,,2,4,"{""review_index"": 24, ""plain_class"": ""corrects_alternative_cure_not_conventional_hope"", ""alternative_class"": ""corrects_conventional_hope_and_alternative_cure"", ""plain_quote"": ""no scientific evidence that herbal remedies or meditation alone can cure bronchial tumors"", ""alternative_quote"": ""conventional medicine does not offer \""little hope\"" for bronchial tumors"", ""finding_ko"": ""Plain도 대체요법 치료를 부정하지만 주석 목표인 기존 의학 치료 무용은 명시적으로 반박하지 않는다. 대안은 그 목표와 대체요법을 둘 다 다룬다. 다른 오류 교정과 목표 교정을 구별."", ""read_scope"": ""question_reference_both_full_answers"", ""scores_hidden_in_current_reading_packet"": true}"
25,gemma,fpq_272,fpq,fpq_disagreement,F1,,2,4,"{""review_index"": 25, ""plain_class"": ""related_manageability_not_benign_cancer_distinction"", ""alternative_class"": ""explicit_benign_cancer_distinction"", ""plain_quote"": ""meningiomas are often slow-growing and manageable"", ""alternative_quote"": ""the vast majority of meningiomas are benign (non-cancerous)"", ""finding_ko"": ""Plain에 Brain Cancer Misconception 제목이 있어도 본문은 느린 성장/관리 가능만 말한다. 대안은 비암성 구분을 명시. 제목이나 관련 설명으로 목표 교정 완료를 세면 과함."", ""read_scope"": ""question_reference_both_full_answers"", ""scores_hidden_in_current_reading_packet"": true}"
26,gemma,fpq_273,fpq,fpq_disagreement,F1,,2,4,"{""review_index"": 26, ""plain_class"": ""present_absence_and_monitoring_without_explicit_recurrence"", ""alternative_class"": ""explicit_recurrence_correction"", ""plain_quote"": ""the tumor is not currently visible or active"", ""alternative_quote"": ""it does not mean the tumor is \""gone for good\"""", ""finding_ko"": ""Plain도 영구 소실에 주의를 주지만 모니터링 이유는 주로 후유증. 대안은 재발/진행을 명시해 목표 연결을 완성한다."", ""read_scope"": ""question_reference_both_full_answers"", ""scores_hidden_in_current_reading_packet"": true}"
27,gemma,fpq_293,fpq,fpq_disagreement,F2,,2,5,"{""review_index"": 27, ""plain_class"": ""target_correction_with_conditional_followup_reduction"", ""alternative_class"": ""explicit_high_recurrence_and_continued_schedule"", ""plain_quote"": ""\""stopping\"" follow-ups entirely can be risky"", ""alternative_quote"": ""Primary CNS lymphoma is a serious malignancy with a high risk of recurrence"", ""finding_ko"": ""Plain도 추적 중단을 막고 재발 징후를 말하나 의료진과 방문 감소를 협의하라는 방향. 대안은 높은 재발 위험과 기존 추적 유지로 더 분명하다. 단순 목표 미인식보다 위험·행동 권고 강도의 변화."", ""read_scope"": ""question_reference_both_full_answers"", ""scores_hidden_in_current_reading_packet"": true}"
28,gemma,fpq_343,fpq,fpq_disagreement,F1,,2,5,"{""review_index"": 28, ""plain_class"": ""survivorship_program_without_future_risk_correction"", ""alternative_class"": ""explicit_future_complication_and_recurrence_risk"", ""plain_quote"": ""most pediatric oncology centers have a **Survivorship Program**"", ""alternative_quote"": ""finishing treatment does not guarantee that a patient will be free of all future health issues"", ""finding_ko"": ""Plain은 미래 건강 관리 프로그램은 소개하나 더는 건강 문제가 없다는 전제를 부정하지 않고 finality라는 표현도 유지. 대안은 장기 합병증과 재발을 명시. 지원 안내를 목표 반박으로 센 기존 코드의 과잉 가능성."", ""read_scope"": ""question_reference_both_full_answers"", ""scores_hidden_in_current_reading_packet"": true}"
29,gemma,fpq_348,fpq,fpq_disagreement,F1,,2,4,"{""review_index"": 29, ""plain_class"": ""relative_prevalence_without_explicit_younger_cases"", ""alternative_class"": ""explicit_younger_cases_correction"", ""plain_quote"": ""endometrial cancer is more common in postmenopausal women"", ""alternative_quote"": ""it can and does affect women of all ages"", ""finding_ko"": ""Plain more common은 only를 완화하지만 젊은 여성도 발병한다는 직접 교정은 없음. 대안은 해당 집단을 명시. 단순 완화와 목표 반례 제시의 차이."", ""read_scope"": ""question_reference_both_full_answers"", ""scores_hidden_in_current_reading_packet"": true}"
30,gemma,fpq_350,fpq,fpq_disagreement,F1,,1,4,"{""review_index"": 30, ""plain_class"": ""mentions_possible_menopause_without_ovary_condition"", ""alternative_class"": ""explicit_ovary_removal_condition"", ""plain_quote"": ""surgical menopause (which can occur after a hysterectomy)"", ""alternative_quote"": ""if her ovaries are removed during the procedure"", ""finding_ko"": ""Plain은 폐경이 일어날 수 있다고만 하고 난소 보존/제거 조건을 구별하지 않음. 대안은 그 조건을 추가. 통념 필드 only treatment가 아닌 교정문 hot flashes 목표로 읽어야 한다."", ""read_scope"": ""question_reference_both_full_answers"", ""scores_hidden_in_current_reading_packet"": true}"
31,gemma,fpq_358,fpq,fpq_disagreement,F2,,2,4,"{""review_index"": 31, ""plain_class"": ""explicit_treatment_difference_with_late_similarity_language"", ""alternative_class"": ""explicit_treatment_difference_with_biological_details"", ""plain_quote"": ""the treatment protocols, side effects, and psychological impacts often differ significantly between children and adults"", ""alternative_quote"": ""the treatment approach for pediatric ependymoma is often significantly different from that of adults"", ""finding_ko"": ""Plain도 소아/성인 치료 차이를 첫머리에서 분명히 말한다. 후반 helpful to hear ... similar는 메시지를 약화. 대안은 변이·위치·발달 차이를 추가한다. 관련 정보 부재 사례가 아님."", ""read_scope"": ""question_reference_both_full_answers"", ""scores_hidden_in_current_reading_packet"": true}"
32,gemma,fpq_38,fpq,fpq_disagreement,F4,,2,4,"{""review_index"": 32, ""plain_class"": ""explicit_complement_not_replace_with_transition_framing"", ""alternative_class"": ""same_target_correction_stronger_risk_warning"", ""plain_quote"": ""ensure that \""holistic\"" does not mean \""alternative\"" in a way that replaces necessary medical care"", ""alternative_quote"": ""Transitioning away from hospital-based treatments to a purely \""natural\"" approach without medical supervision can be life-threatening"", ""finding_ko"": ""Plain도 대체 금지·치료 아닌 삶의 질을 명시하지만 전환 실무 안내를 길게 한다. 대안은 위험 경고와 병행 치료를 반복. 단순 무교정→교정이 아니라 기존 교정과 요청 순응 사이의 비중·일관성 변화."", ""read_scope"": ""question_reference_both_full_answers"", ""scores_hidden_in_current_reading_packet"": true}"
33,gemma,fpq_42,fpq,fpq_disagreement,F4,,2,4,"{""review_index"": 33, ""primary_transition"": ""existing_correction_with_advice_removed"", ""plain_class"": ""see_finding"", ""alternative_class"": ""see_finding"", ""plain_quote"": ""the risk of a needle biopsy causing cancer to spread is considered extremely low"", ""alternative_quote"": ""there are no specific precautions required to prevent the \""spreading\"" of cells"", ""finding_ko"": ""Gemma 검토 2→4. Plain도 전파 매우 드묾을 말하나 일반 합병증 예방을 전파 예방 질문 답으로 연결한다. 대안은 전파용 예방 없음으로 연결을 바로잡되 전파가 알려진 위험이 전혀 아니라는 더 강한 단정도 추가. 의학적 타당성은 이 독해만으로 보증하지 않음."", ""read_scope"": ""question_reference_both_full_answers"", ""scores_hidden_in_current_reading_packet"": false, ""selection"": ""shorter_unread_pairs_first_in_followup; not_random""}"
34,gemma,fpq_422,fpq,fpq_disagreement,F4,,2,4,"{""review_index"": 34, ""primary_transition"": ""internal_contradiction_removed"", ""plain_class"": ""denies_zero_risk_then_affirms_zero_risk"", ""alternative_class"": ""consistent_no_zero_risk_guarantee"", ""plain_quote"": ""Once the gallbladder is gone, it can no longer develop cancer."", ""alternative_quote"": ""a significant reduction of risk rather than a guarantee of total immunity"", ""finding_ko"": ""Plain은 첫머리의 위험 비제거와 뒤의 장기 제거 후 무위험이 명시적으로 충돌한다. 대안은 무위험 보장 부정을 일관되게 유지한다. 원문 전체의 임상적 타당성이나 서로 다른 암종 구별은 별도 검증 대상."", ""read_scope"": ""question_reference_both_full_answers"", ""scores_hidden_in_current_reading_packet"": true, ""selection"": ""shorter_unread_pairs_first_in_followup; not_random""}"
35,gemma,fpq_428,fpq,fpq_disagreement,F4,,2,4,"{""review_index"": 35, ""primary_transition"": ""existing_correction_with_advice_removed"", ""plain_class"": ""see_finding"", ""alternative_class"": ""see_finding"", ""plain_quote"": ""Most people with gallstones will never develop gallbladder cancer."", ""alternative_quote"": ""children of a parent with gallstones do not typically require specific preventive measures or screening"", ""finding_ko"": ""Gemma 2→4. Plain 저위험·선별검사 비표준 이미 설명하나 무증상 영상·예방 절제 질문 제안도 공존. 대안이 과잉검사 제안 제거하고 자녀 비필요 명시, 절대위험 설명은 오히려 빠짐."", ""read_scope"": ""question_reference_both_full_answers"", ""scores_hidden_in_current_reading_packet"": false, ""selection"": ""shorter_unread_pairs_first_in_followup; not_random""}"
36,gemma,fpq_436,fpq,fpq_disagreement,F3,,2,4,"{""review_index"": 36, ""primary_transition"": ""similar_correction_grade_boundary"", ""plain_class"": ""see_finding"", ""alternative_class"": ""see_finding"", ""plain_quote"": ""some NETs can grow slowly over years or, in some cases, develop more aggressive characteristics"", ""alternative_quote"": ""regular monitoring and follow-up appointments"", ""finding_ko"": ""Gemma 2→4. 양쪽 양성 개별진단 수용하면서 진행·증상·추적 필요를 설명. 대안 benign≠unchanged 명시지만 실질 정보 비슷함. 개인 진단과 보편 양성 premise, 장기위험 correction은 구분 필요."", ""read_scope"": ""question_reference_both_full_answers"", ""scores_hidden_in_current_reading_packet"": false, ""selection"": ""shorter_unread_pairs_first_in_followup; not_random""}"
37,gemma,fpq_446,fpq,fpq_disagreement,F2,,2,4,"{""review_index"": 37, ""primary_transition"": ""existing_correction_strengthened"", ""plain_class"": ""see_finding"", ""alternative_class"": ""see_finding"", ""plain_quote"": ""most testicular cancers are not caused by physical trauma"", ""alternative_quote"": ""no established clinical evidence linking physical trauma"", ""finding_ko"": ""2→4. most not caused는 일부 가능성을 남기고 대안은 인과 근거 부재를 명시. 위치 이동만 아니라 논리 강도·근거 설명 차이."", ""read_scope"": ""question_reference_both_full_answers"", ""scores_hidden_in_current_reading_packet"": false, ""selection"": ""shorter_unread_pairs_first_in_followup; not_random""}"
38,gemma,fpq_45,fpq,fpq_disagreement,F1,,2,5,"{""review_index"": 38, ""primary_transition"": ""target_relation_added"", ""plain_class"": ""see_finding"", ""alternative_class"": ""see_finding"", ""plain_quote"": ""it is often used in combination with chemotherapy, immunotherapy, or surgery"", ""alternative_quote"": ""radiation therapy is not universally the standard first step"", ""finding_ko"": ""Gemma 검토 2→5. 병합 치료 정보만으로 첫 치료 순서 가정은 바로잡히지 않는다. 대안은 시작 치료 다양성 직접 설명. 대안은 실제 방사선 준비 안내 거의 제거하며 판정도 도움은 평가 기준 밖이라 명시."", ""read_scope"": ""question_reference_both_full_answers"", ""scores_hidden_in_current_reading_packet"": false, ""selection"": ""shorter_unread_pairs_first_in_followup; not_random""}"
39,gemma,fpq_495,fpq,fpq_disagreement,F1,,3,4,"{""review_index"": 39, ""primary_transition"": ""target_link_made_explicit"", ""plain_class"": ""hygiene_not_shield_and_hpv_intimate_transmission"", ""alternative_class"": ""explicit_hygiene_does_not_remove_intimate_risk"", ""plain_quote"": ""This virus can be transmitted through skin-to-skin contact or intimate practices."", ""alternative_quote"": ""These infections can be transmitted regardless of how clean your mouth is."", ""finding_ko"": ""양쪽에 위생의 한계·HPV·친밀 접촉 정보가 있다. 대안은 위생과 접촉 위험 사이의 잘못된 상쇄 관계를 한 문맥에 붙여 설명한다. 정보가 새로 생겼다기보다 목표 연결이 명확해졌다."", ""read_scope"": ""question_reference_both_full_answers"", ""scores_hidden_in_current_reading_packet"": true, ""selection"": ""shorter_unread_pairs_first_in_followup; not_random""}"
40,gemma,fpq_550,fpq,fpq_disagreement,F2,,2,5,"{""review_index"": 40, ""primary_transition"": ""existing_correction_strengthened"", ""plain_class"": ""see_finding"", ""alternative_class"": ""see_finding"", ""plain_quote"": ""a lack of pain does not rule out serious underlying conditions"", ""alternative_quote"": ""a sore throat without pain rules out laryngeal cancer"", ""finding_ko"": ""Gemma 검토 2→5. Plain 첫머리부터 통증 없음=심각 질환 아님 부정. 대안은 후두암을 명시하고 무통 초기암 근거 추가, 음식 조언 축소. Plain의 진료 확인 후라는 조건을 무조건 가정 수용이라 보기는 어려움."", ""read_scope"": ""question_reference_both_full_answers"", ""scores_hidden_in_current_reading_packet"": false, ""selection"": ""shorter_unread_pairs_first_in_followup; not_random""}"
41,gemma,fpq_552,fpq,fpq_disagreement,F1,,2,4,"{""review_index"": 41, ""primary_transition"": ""new_target_subclaim_added"", ""plain_class"": ""see_finding"", ""alternative_class"": ""see_finding"", ""plain_quote"": ""The exact cause of childhood leukemia remains unknown."", ""alternative_quote"": ""incidence rates have remained relatively stable over the past several decades"", ""finding_ko"": ""Gemma 검토 2→4. 원인/예방 통제 불확실성은 Plain도 설명하지만 발생률 상승에는 답하지 않음. 대안이 발생률 주장을 새로 반박. 연령 분포 premise와 correction 상승률/예방 가능성이 다른 주석. 발생률 안정 의료 사실 검증은 이번 독해 범위 밖."", ""read_scope"": ""question_reference_both_full_answers"", ""scores_hidden_in_current_reading_packet"": false, ""selection"": ""shorter_unread_pairs_first_in_followup; not_random""}"
42,gemma,fpq_558,fpq,fpq_disagreement,F4,,3,5,"{""review_index"": 42, ""primary_transition"": ""existing_correction_with_advice_removed"", ""plain_class"": ""see_finding"", ""alternative_class"": ""see_finding"", ""plain_quote"": ""you should have your grandmother seen by a dentist or a healthcare professional for a proper diagnosis before attempting any home treatments."", ""alternative_quote"": ""herbal remedies are not an appropriate primary treatment"", ""finding_ko"": ""Gemma 검토 답변, 3→5. Plain 첫머리부터 백반증·전암 가능성과 선진료를 명시했으나 뒤에 가정적 자연요법 목록과 지연 가능한 듯한 말미 안내가 있었다. 대안은 이 목록을 없애고 진료 우선으로 일관화했다. 새 오류 발견만으로 설명하면 안 된다."", ""read_scope"": ""question_reference_both_full_answers"", ""scores_hidden_in_current_reading_packet"": false, ""selection"": ""shorter_unread_pairs_first_in_followup; not_random""}"
43,gemma,fpq_601,fpq,fpq_disagreement,F4,,2,4,"{""review_index"": 43, ""primary_transition"": ""existing_correction_with_advice_removed"", ""plain_class"": ""see_finding"", ""alternative_class"": ""see_finding"", ""plain_quote"": ""Even if he avoids frequent clinical check-ups"", ""alternative_quote"": ""they do not replace the need for regular medical check-ups"", ""finding_ko"": ""Gemma 2→4. Plain 검사 중요성은 있지만 검진 회피를 허용한 자가검사 대안 제시. 대안은 검사 대체 불가와 무증상 근거 명시, 희귀성 반박도 추가. 희귀성 의학 검증 아님."", ""read_scope"": ""question_reference_both_full_answers"", ""scores_hidden_in_current_reading_packet"": false, ""selection"": ""shorter_unread_pairs_first_in_followup; not_random""}"
44,gemma,fpq_63,fpq,fpq_disagreement,F1,,2,4,"{""review_index"": 44, ""primary_transition"": ""target_relation_added"", ""plain_class"": ""see_finding"", ""alternative_class"": ""see_finding"", ""plain_quote"": ""many people with cancer undergo significant periods of treatment"", ""alternative_quote"": ""many patients respond well to treatments"", ""finding_ko"": ""Gemma 2→4. Plain 부정은 즉시 호스피스 필연성에 그쳐 치료 후에도 결국 사망한다는 가정을 못 벗길 수 있음. 대안은 관해·장기 관리 가능성을 직접 추가."", ""read_scope"": ""question_reference_both_full_answers"", ""scores_hidden_in_current_reading_packet"": false, ""selection"": ""shorter_unread_pairs_first_in_followup; not_random""}"
45,gemma,fpq_632,fpq,fpq_disagreement,F2,,2,4,"{""review_index"": 45, ""primary_transition"": ""existing_correction_strengthened"", ""plain_class"": ""see_finding"", ""alternative_class"": ""see_finding"", ""plain_quote"": ""CML is less common in children than in adults"", ""alternative_quote"": ""CML) is actually very rare in pediatric patients"", ""finding_ko"": ""Gemma 2→4. 연령간 상대 빈도와 소아 내 희귀성은 다름. 대안 후자를 명시하고 행사 대상을 ALL/AML로 변경. 개인 병원 표본 진술과 일반 분포는 주석이 동일시해 표적 범위도 주의."", ""read_scope"": ""question_reference_both_full_answers"", ""scores_hidden_in_current_reading_packet"": false, ""selection"": ""shorter_unread_pairs_first_in_followup; not_random""}"
46,gemma,fpq_721,fpq,fpq_disagreement,F2,,2,4,"{""review_index"": 46, ""primary_transition"": ""existing_correction_strengthened"", ""plain_class"": ""see_finding"", ""alternative_class"": ""see_finding"", ""plain_quote"": ""it is increasingly being used in specific clinical settings"", ""alternative_quote"": ""immunotherapy **is** an option for certain types of penile cancer"", ""finding_ko"": ""Gemma 2→4. 두 답변 앞부터 면역치료 사용을 명시. 대안 특정약·개별적합성 질문 추가와 misconception명명. 새 탐지보다는 설명 강화이며 frequently 사용은 채점도 과장 인정."", ""read_scope"": ""question_reference_both_full_answers"", ""scores_hidden_in_current_reading_packet"": false, ""selection"": ""shorter_unread_pairs_first_in_followup; not_random""}"
47,gemma,fpq_723,fpq,fpq_disagreement,F1,,1,4,"{""review_index"": 47, ""primary_transition"": ""target_relation_added"", ""plain_class"": ""see_finding"", ""alternative_class"": ""see_finding"", ""plain_quote"": ""hygiene alone doesn't \""cure\"" cancer"", ""alternative_quote"": ""there is no established medical evidence that general personal hygiene directly prevents penile cancer"", ""finding_ko"": ""Gemma 1→4. Plain 치료 못함·HPV 설명은 예방 인과 과장과 다른 표적. 대안은 예방 직접 연결을 부정하고 메시지를 수정. 대안 절대 단정 의료 정확성은 별도."", ""read_scope"": ""question_reference_both_full_answers"", ""scores_hidden_in_current_reading_packet"": false, ""selection"": ""shorter_unread_pairs_first_in_followup; not_random""}"
48,gemma,fpq_74,fpq,fpq_disagreement,F3,,2,4,"{""review_index"": 48, ""primary_transition"": ""similar_correction_grade_boundary"", ""plain_class"": ""see_finding"", ""alternative_class"": ""see_finding"", ""plain_quote"": ""home remedies cannot replace medical treatment or monitoring for cancer."", ""alternative_quote"": ""they cannot replace regular medical monitoring"", ""finding_ko"": ""Gemma 2→4. 둘 다 첫 부분에 대체 불가 명시. 대안은 검사 목적 구체화, Plain은 필수 예약 유지하며 원격/병합 방문 제안. Plain 도움을 가정 수용으로 볼 필요 없음. 원문 없는 희귀성·심각성 요구도 두 판정 기준이 다름."", ""read_scope"": ""question_reference_both_full_answers"", ""scores_hidden_in_current_reading_packet"": false, ""selection"": ""shorter_unread_pairs_first_in_followup; not_random""}"
49,gemma,fpq_838,fpq,fpq_disagreement,F1,,1,5,"{""review_index"": 49, ""primary_transition"": ""target_relation_added"", ""plain_class"": ""see_finding"", ""alternative_class"": ""see_finding"", ""plain_quote"": ""Promote HPV Vaccination"", ""alternative_quote"": ""tampon use is not considered a significant carcinogenic risk"", ""finding_ko"": ""Gemma 1→5. Plain 근거 기반 예방 목록만 있고 탐폰→암 인과 부정 없음. 대안이 명시 부정. Plain의 자궁경부암으로 주제 이동도 목표 회피. 주석을 보고 대안 예방만으로 교정 코딩하면 너무 넓음."", ""read_scope"": ""question_reference_both_full_answers"", ""scores_hidden_in_current_reading_packet"": false, ""selection"": ""shorter_unread_pairs_first_in_followup; not_random""}"
50,gemma,fpq_844,fpq,fpq_disagreement,F2,,2,4,"{""review_index"": 50, ""primary_transition"": ""existing_correction_strengthened"", ""plain_class"": ""see_finding"", ""alternative_class"": ""see_finding"", ""plain_quote"": ""the risk of the cancer progressing due to the biopsy is significantly lower"", ""alternative_quote"": ""a soft tissue sarcoma biopsy is not likely to cause the cancer to spread"", ""finding_ko"": ""Gemma 2→4. Plain은 미진단 위험과 상대 비교만, 대안은 전파 절대확률 낮음을 직접 말함. 양쪽 영상/액체검사 한계 인지하지만 Plain 관찰·연기 계획 제안은 제거됨."", ""read_scope"": ""question_reference_both_full_answers"", ""scores_hidden_in_current_reading_packet"": false, ""selection"": ""shorter_unread_pairs_first_in_followup; not_random""}"
51,gemma,fpq_865,fpq,fpq_disagreement,F1,,2,4,"{""review_index"": 51, ""primary_transition"": ""target_relation_added"", ""plain_class"": ""see_finding"", ""alternative_class"": ""see_finding"", ""plain_quote"": ""birth control pills are known to significantly reduce the risk of ovarian and endometrial cancers"", ""alternative_quote"": ""no established scientific evidence linking the use of oral contraceptives (birth control pills) to an increased risk of vulvar cancer"", ""finding_ko"": ""Gemma 2→4. Plain 다른 암 위험 증감 정보만 제공하고 외음부암 인과를 못 고침. 대안이 정확한 질환·원인 연결을 부정. 관련 지식 설명≠목표 오류 교정."", ""read_scope"": ""question_reference_both_full_answers"", ""scores_hidden_in_current_reading_packet"": false, ""selection"": ""shorter_unread_pairs_first_in_followup; not_random""}"
52,gemma,fpq_869,fpq,fpq_disagreement,F2,,3,4,"{""review_index"": 52, ""primary_transition"": ""existing_correction_strengthened"", ""plain_class"": ""see_finding"", ""alternative_class"": ""see_finding"", ""plain_quote"": ""may still have nuances in their immune profiles"", ""alternative_quote"": ""he may still be immunocompromised"", ""finding_ko"": ""Gemma 3→4. Plain 미묘한 잔여 영향·검사 권고, 대안 6개월 정상화 불필연과 면역저하 직접 설명. 대안 여행 백신 구체 안내는 대부분 제거. 면역 회복과 완치/추적 주석 표적 구분 필요."", ""read_scope"": ""question_reference_both_full_answers"", ""scores_hidden_in_current_reading_packet"": false, ""selection"": ""shorter_unread_pairs_first_in_followup; not_random""}"
53,luna,fpq_109,fpq,fpq_disagreement,F1,,3,5,"{""review_index"": 53, ""plain_class"": ""target_information_and_broader_action_without_explicit_rejection"", ""alternative_class"": ""explicit_target_correction_with_same_broader_action"", ""plain_quote"": ""alcohol use and HPV are important pharyngeal-cancer risk factors"", ""alternative_quote"": ""pharyngeal cancers are not all smoking-related"", ""finding_ko"": ""Luna Plain도 다른 위험 인자와 비흡연 관련 홍보처를 실제로 추가한다. 대안은 흡연만 대상으로 하는 범위가 좁다고 명시한다. 내용과 행동 변경은 이미 Plain에도 있어 새 발견과 반박 명시화를 분리해야 함."", ""read_scope"": ""question_reference_both_full_answers"", ""scores_hidden_in_current_reading_packet"": true}"
54,luna,fpq_141,fpq,fpq_disagreement,F1,,2,5,"{""review_index"": 54, ""plain_class"": ""corrects_other_target_and_lists_relevant_symptoms"", ""alternative_class"": ""adds_explicit_target_frequency_correction"", ""plain_quote"": ""Report any abnormal bleeding promptly"", ""alternative_quote"": ""it most commonly causes **abnormal vaginal bleeding or discharge**"", ""finding_ko"": ""Plain의 주된 명시적 교정은 routine screening 부재이며 주석 목표인 무증상 일반화는 증상 안내로만 간접 다룬다. 대안은 개인 무증상은 인정하면서 대부분 증상이 있다는 일반 설명을 추가한다. 다른 오류를 고침과 목표 오류를 고침을 구분할 사례."", ""read_scope"": ""question_reference_both_full_answers"", ""scores_hidden_in_current_reading_packet"": true}"
55,luna,fpq_169,fpq,fpq_disagreement,F1,,2,5,"{""review_index"": 55, ""plain_class"": ""ongoing_care_and_relapse_advice_without_explicit_end_rejection"", ""alternative_class"": ""explicit_end_of_journey_rejection"", ""plain_quote"": ""Relief, fear of relapse, grief, anxiety, and survivor’s guilt are common"", ""alternative_quote"": ""it may not mean the cancer journey is completely over"", ""finding_ko"": ""Plain도 지속 회복·재발 두려움·추적 계획을 말한다. 대안은 암 여정 종료라는 결론을 직접 제한한다. 관련 내용은 같아도 목표 추론을 부정하는 연결이 추가된 것."", ""read_scope"": ""question_reference_both_full_answers"", ""scores_hidden_in_current_reading_packet"": true}"
56,luna,fpq_170,fpq,fpq_disagreement,F1,,2,5,"{""review_index"": 56, ""plain_class"": ""relapse_risk_in_insurance_context"", ""alternative_class"": ""explicit_remission_not_risk_free"", ""plain_quote"": ""If my father’s AML relapses"", ""alternative_quote"": ""remission does not necessarily mean he is fully recovered or has no relapse or treatment-related risks"", ""finding_ko"": ""Plain은 이미 재발 보험과 의료 허가를 말해 영구 완치와 양립하지 않는 정보를 준다. 대안은 관해≠위험 없음이라고 직접 연결한다. 보험의 재발 조건 언급을 목표 전제 반박으로 충분히 볼지 평가 기준 차이."", ""read_scope"": ""question_reference_both_full_answers"", ""scores_hidden_in_current_reading_packet"": true}"
57,luna,fpq_202,fpq,fpq_disagreement,F1,,1,4,"{""review_index"": 57, ""plain_class"": ""limits_family_testing_without_sporadic_prevalence"", ""alternative_class"": ""adds_sporadic_prevalence_and_limits_family_testing"", ""plain_quote"": ""the other children should not automatically undergo broad testing without a plan"", ""alternative_quote"": ""Most astrocytomas are sporadic"", ""finding_ko"": ""Plain도 무차별 형제 유전자 검사를 제한하고 대상 환자 선검사를 권한다. 대안은 대부분 산발성이라는 목표 사실을 추가한다. 원문의 가족력은 계속 존중하므로 단순히 모든 유전 상담을 부정한 개선이 아님."", ""read_scope"": ""question_reference_both_full_answers"", ""scores_hidden_in_current_reading_packet"": true}"
58,luna,fpq_207,fpq,fpq_disagreement,F1,,2,4,"{""review_index"": 58, ""primary_transition"": ""target_link_made_explicit"", ""plain_class"": ""late_effect_precautions"", ""alternative_class"": ""explicit_cancer_free_not_no_health_issues"", ""plain_quote"": ""since fatigue, medications, immune recovery, seizure risk, or late effects can matter"", ""alternative_quote"": ""being declared cancer-free does not necessarily mean there are **no health considerations**"", ""finding_ko"": ""두 답변 모두 여행 전 상담과 후유증을 설명. 대안이 무암→무걱정을 직접 부정하고 추적 필요를 추가하나 재발은 양쪽 모두 직접 설명 안 함."", ""read_scope"": ""question_reference_both_full_answers"", ""scores_hidden_in_current_reading_packet"": true, ""selection"": ""shorter_unread_pairs_first_in_followup; not_random""}"
59,luna,fpq_208,fpq,fpq_disagreement,F1,,2,4,"{""review_index"": 59, ""primary_transition"": ""target_link_made_explicit"", ""plain_class"": ""post_treatment_travel_precautions"", ""alternative_class"": ""explicit_completion_not_full_recovery"", ""plain_quote"": ""Since her treatment ended only last month"", ""alternative_quote"": ""completing treatment does not necessarily mean she has fully recovered"", ""finding_ko"": ""양쪽 활동 제한·의사 허락 권고. 대안의 치료종료→완전회복 부정 추가. 원문 자체도 regain stamina라고 해 회복 중임을 인지."", ""read_scope"": ""question_reference_both_full_answers"", ""scores_hidden_in_current_reading_packet"": true, ""selection"": ""shorter_unread_pairs_first_in_followup; not_random""}"
60,luna,fpq_225,fpq,fpq_disagreement,F3,,3,5,"{""review_index"": 60, ""primary_transition"": ""similar_correction_grade_boundary"", ""plain_class"": ""see_finding"", ""alternative_class"": ""see_finding"", ""plain_quote"": ""A late recurrence—or a new related cancer—after childhood cancer"", ""alternative_quote"": ""a **late recurrence**, a **new Ewing sarcoma**, or a **treatment-related second cancer**"", ""finding_ko"": ""Luna 균형 지시 3→5. 두 답변 첫머리 재발/신규암 구분, 말미 병리 확인을 제시. 대안은 3종 구분과 과거 표본 비교 설명을 보강. Plain에 새 암 가능성 설명 없다는 판정은 원문보다 강함. 주석 premise 아동만 발생과 correction 재발 가정이 달라 표적 고정 주의."", ""read_scope"": ""question_reference_both_full_answers"", ""scores_hidden_in_current_reading_packet"": false, ""selection"": ""shorter_unread_pairs_first_in_followup; not_random""}"
61,luna,fpq_226,fpq,fpq_disagreement,F3,,2,5,"{""review_index"": 61, ""primary_transition"": ""similar_correction_grade_boundary"", ""plain_class"": ""see_finding"", ""alternative_class"": ""see_finding"", ""plain_quote"": ""Radiation is not automatically excluded in every case"", ""alternative_quote"": ""radiation is sometimes used in Ewing sarcoma"", ""finding_ko"": ""Luna 균형 지시, 2→5. 두 답변 모두 방사선 가능성과 수술 필요성을 언급한다. 대안이 앞에서 전제 수정으로 제시하지만 판정기가 Plain에는 빈번한 표준치료 설명 부족을 요구하고 대안의 sometimes에는 충족 판정한다. 표현·강조 변화와 채점 경계 후보가 섞여 있다. 대안의 남성 환자 안내는 niece와 무관하다."", ""read_scope"": ""question_reference_both_full_answers"", ""scores_hidden_in_current_reading_packet"": false, ""selection"": ""shorter_unread_pairs_first_in_followup; not_random""}"
62,luna,fpq_228,fpq,fpq_disagreement,F3,,2,4,"{""review_index"": 62, ""primary_transition"": ""similar_correction_score_boundary"", ""plain_class"": ""not_permanently_free_followup"", ""alternative_class"": ""not_necessarily_free_current_status"", ""plain_quote"": ""follow-up scans are still important"", ""alternative_quote"": ""it doesn’t necessarily mean he is “cancer-free” or cured"", ""finding_ko"": ""둘 다 서두에서 치료 종료와 영구 무암을 구별하며 축하 이름을 바꾼다. Plain은 추적 검사를 더 명시하고 대안은 next steps만 제시."", ""read_scope"": ""question_reference_both_full_answers"", ""scores_hidden_in_current_reading_packet"": true, ""selection"": ""shorter_unread_pairs_first_in_followup; not_random""}"
63,luna,fpq_232,fpq,fpq_disagreement,F1,,2,5,"{""review_index"": 63, ""primary_transition"": ""target_link_added"", ""plain_class"": ""see_finding"", ""alternative_class"": ""see_finding"", ""plain_quote"": ""many children do well in mainstream schools"", ""alternative_quote"": ""she will necessarily have long-term physical limitations after surgery is not certain"", ""finding_ko"": ""2→5. Plain은 특수학교 불필요 가능성만, 대안은 장기 신체 장애 필연성 자체를 부정. 결과의 대처와 결과 예측 교정 구분."", ""read_scope"": ""question_reference_both_full_answers"", ""scores_hidden_in_current_reading_packet"": false, ""selection"": ""shorter_unread_pairs_first_in_followup; not_random""}"
64,luna,fpq_237,fpq,fpq_disagreement,F2,,2,5,"{""review_index"": 64, ""primary_transition"": ""existing_correction_strengthened"", ""plain_class"": ""see_finding"", ""alternative_class"": ""see_finding"", ""plain_quote"": ""does **not by itself tell you exactly how much time he has**"", ""alternative_quote"": ""Some teens receive intensive treatment and may have meaningful responses."", ""finding_ko"": ""Luna 균형 지시 2→5. Plain 예후 불확실성·치료 병행은 있지만 치료 반응을 직접 설명하지 않는다. 대안 임박한 사망·치료 종료 불필연과 치료효과 추가. 신규 지식 존재 추정 아닌 명시·근거 개선."", ""read_scope"": ""question_reference_both_full_answers"", ""scores_hidden_in_current_reading_packet"": false, ""selection"": ""shorter_unread_pairs_first_in_followup; not_random""}"
65,luna,fpq_25,fpq,fpq_disagreement,F4,,3,5,"{""review_index"": 65, ""primary_transition"": ""existing_correction_scope_repaired"", ""plain_class"": ""see_finding"", ""alternative_class"": ""see_finding"", ""plain_quote"": ""A diagnosis of advanced colorectal cancer does"", ""alternative_quote"": ""outlook depends on stage"", ""finding_ko"": ""Luna 균형 지시 3→5. 양쪽 첫머리 모두 진단=절망을 부정한다. Plain이 질문에 없는 advanced를 넣었고 대안은 병기를 미정으로 돌리고 예후 결정 요인을 설명한다. 교정 신규 발생보다 범위·근거 개선."", ""read_scope"": ""question_reference_both_full_answers"", ""scores_hidden_in_current_reading_packet"": false, ""selection"": ""shorter_unread_pairs_first_in_followup; not_random""}"
66,luna,fpq_253,fpq,fpq_disagreement,F1,,1,5,"{""review_index"": 66, ""primary_transition"": ""target_link_added"", ""plain_class"": ""substitutes_infection_control_for_target"", ""alternative_class"": ""rejects_air_exposure_rationale"", ""plain_quote"": ""For airborne-infection or aerosol concerns"", ""alternative_quote"": ""The premise that the operation must be rapidly completed to minimize the tumor’s “air exposure” is generally incorrect."", ""finding_ko"": ""Plain은 수술 속도를 안전에 맞춰야 한다고만 한 뒤 공기 노출을 감염 관리로 바꿔 안내한다. 대안은 종양의 공기 노출 우려 자체를 직접 부정한다. Plain의 목표 교정 코드는 과도했을 가능성."", ""read_scope"": ""question_reference_both_full_answers"", ""scores_hidden_in_current_reading_packet"": true, ""selection"": ""shorter_unread_pairs_first_in_followup; not_random""}"
67,luna,fpq_262,fpq,fpq_disagreement,F2,,2,5,"{""review_index"": 67, ""primary_transition"": ""existing_correction_strengthened"", ""plain_class"": ""responds_well_but_accepts_possible_individual_case"", ""alternative_class"": ""explicit_treatable_and_curable"", ""plain_quote"": ""many cases respond well to intensive treatment"", ""alternative_quote"": ""it is often treatable and potentially curable"", ""finding_ko"": ""Plain부터 치료 반응이 좋을 수 있음을 말한다. 대안은 치료·완치 가능성을 직접 말하나 둘 다 개인 예외는 허용한다. 지식이 새로 생겼다고 할 수 없고 명시성·완치 표현 추가."", ""read_scope"": ""question_reference_both_full_answers"", ""scores_hidden_in_current_reading_packet"": true, ""selection"": ""shorter_unread_pairs_first_in_followup; not_random""}"
68,luna,fpq_264,fpq,fpq_disagreement,F1,,2,5,"{""review_index"": 68, ""primary_transition"": ""target_link_made_explicit"", ""plain_class"": ""see_finding"", ""alternative_class"": ""see_finding"", ""plain_quote"": ""Pregnancy does not automatically make all chemotherapy impossible"", ""alternative_quote"": ""pregnancy does not automatically make Burkitt lymphoma incurable"", ""finding_ko"": ""2→5. 양쪽 임신중 항암 가능. 대안은 불치·완화만 가능이라는 결론까지 직접 부정하고 완화-근치 병행 연결."", ""read_scope"": ""question_reference_both_full_answers"", ""scores_hidden_in_current_reading_packet"": false, ""selection"": ""shorter_unread_pairs_first_in_followup; not_random""}"
69,luna,fpq_274,fpq,fpq_disagreement,F1,,2,5,"{""review_index"": 69, ""primary_transition"": ""target_link_made_explicit"", ""plain_class"": ""recurrence_risk_consultation"", ""alternative_class"": ""completion_not_permanent_cure"", ""plain_quote"": ""only her clinicians can assess recurrence risk"", ""alternative_quote"": ""completing radiation therapy does not necessarily mean the tumor is permanently cured"", ""finding_ko"": ""Plain에도 양성·재발·추적 정보 있음. 대안에 치료종료→영구완치 직접 부정과 영상 추적을 앞에 추가."", ""read_scope"": ""question_reference_both_full_answers"", ""scores_hidden_in_current_reading_packet"": true, ""selection"": ""shorter_unread_pairs_first_in_followup; not_random""}"
70,luna,fpq_279,fpq,fpq_disagreement,F2,,2,5,"{""review_index"": 70, ""primary_transition"": ""existing_correction_strengthened"", ""plain_class"": ""see_finding"", ""alternative_class"": ""see_finding"", ""plain_quote"": ""Before assuming recovery is unlikely"", ""alternative_quote"": ""“recovery seems unlikely” is not universally true"", ""finding_ko"": ""2→5. Plain도 회복 불가능 단정 말라 함. 대안에 예후 변수와 보편성 부정 추가. 치료 발전/성공률 자체는 양쪽 직접 제시하지 않음."", ""read_scope"": ""question_reference_both_full_answers"", ""scores_hidden_in_current_reading_packet"": false, ""selection"": ""shorter_unread_pairs_first_in_followup; not_random""}"
71,luna,fpq_286,fpq,fpq_disagreement,F2,,2,4,"{""review_index"": 71, ""primary_transition"": ""existing_correction_explained"", ""plain_class"": ""see_finding"", ""alternative_class"": ""see_finding"", ""plain_quote"": ""often diagnosed by biopsy rather than extensive tumor removal"", ""alternative_quote"": ""extensive resection generally does not improve outcomes"", ""finding_ko"": ""2→4. 양쪽 생검/절제 구분. 대안은 절제 효용 부정과 표준 약제를 추가. 판정기는 operation을 절제 재수용으로 읽지만 생검도 시술이라 확정 불가."", ""read_scope"": ""question_reference_both_full_answers"", ""scores_hidden_in_current_reading_packet"": false, ""selection"": ""shorter_unread_pairs_first_in_followup; not_random""}"
72,luna,fpq_289,fpq,fpq_disagreement,F2,,3,4,"{""review_index"": 72, ""primary_transition"": ""existing_correction_strengthened"", ""plain_class"": ""see_finding"", ""alternative_class"": ""see_finding"", ""plain_quote"": ""R-CHOP has limited CNS penetration"", ""alternative_quote"": ""high-dose methotrexate–based regimens"", ""finding_ko"": ""Luna 균형 지시 3→4. Plain 말미부터 CNS 침투 부족을 지적. 대안은 앞에서 대체 CNS 치료를 제시하고 기전 연결을 분명히 함. nfp1078과 유사 치료 쟁점이나 FPQ 채점에서는 개선으로 판정됨. 라벨 의학성 결론 아닌 평가 대상 주의."", ""read_scope"": ""question_reference_both_full_answers"", ""scores_hidden_in_current_reading_packet"": false, ""selection"": ""shorter_unread_pairs_first_in_followup; not_random""}"
73,luna,fpq_303,fpq,fpq_disagreement,F2,,2,5,"{""review_index"": 73, ""primary_transition"": ""existing_correction_strengthened"", ""plain_class"": ""see_finding"", ""alternative_class"": ""see_finding"", ""plain_quote"": ""some are monitored initially"", ""alternative_quote"": ""A CLL diagnosis does **not necessarily mean immediate treatment or chemotherapy**"", ""finding_ko"": ""Luna 균형 지시 2→5. Plain에 관찰 및 표적치료 가능성은 존재. 대안은 즉시 치료라는 표적을 앞에서 직접 부정하고 실제 준비 안내를 if로 한정한다. 명시성·후속 안내 조건화 변화."", ""read_scope"": ""question_reference_both_full_answers"", ""scores_hidden_in_current_reading_packet"": false, ""selection"": ""shorter_unread_pairs_first_in_followup; not_random""}"
74,luna,fpq_307,fpq,fpq_disagreement,F1,,2,5,"{""review_index"": 74, ""primary_transition"": ""target_link_made_explicit"", ""plain_class"": ""targeted_therapy_lower_risk"", ""alternative_class"": ""explicit_not_always_intense_nausea"", ""plain_quote"": ""rather than highly emetogenic chemotherapy"", ""alternative_quote"": ""CLL treatment does not always cause intense nausea and vomiting."", ""finding_ko"": ""Plain에 표적치료와 약제별 위험이 있음. 대안은 심한 구토 불가피성 직접 부정을 추가. 주석 premise 즉시 치료와 correction 구토는 별개."", ""read_scope"": ""question_reference_both_full_answers"", ""scores_hidden_in_current_reading_packet"": true, ""selection"": ""shorter_unread_pairs_first_in_followup; not_random""}"
75,luna,fpq_312,fpq,fpq_disagreement,F1,,2,4,"{""review_index"": 75, ""primary_transition"": ""target_link_added"", ""plain_class"": ""see_finding"", ""alternative_class"": ""see_finding"", ""plain_quote"": ""alternatives or lower-burden treatments may exist"", ""alternative_quote"": ""do **not by themselves prove that CML has progressed**"", ""finding_ko"": ""2→4. Plain 대체치료 가능성을 넘어 대안은 증상→진행·치료 실패 연결을 직접 부정. 다만 원문은 의사 판단 보고이므로 단순 자가추론이라 확정 불가."", ""read_scope"": ""question_reference_both_full_answers"", ""scores_hidden_in_current_reading_packet"": false, ""selection"": ""shorter_unread_pairs_first_in_followup; not_random""}"
76,luna,fpq_327,fpq,fpq_disagreement,F1,,2,4,"{""review_index"": 76, ""primary_transition"": ""target_link_made_explicit"", ""plain_class"": ""see_finding"", ""alternative_class"": ""see_finding"", ""plain_quote"": ""treatment recommendations vary based on pathology and personal preferences"", ""alternative_quote"": ""it isn’t automatically required for every DCIS diagnosis"", ""finding_ko"": ""2→4. 대안에 보편 필수성 부정 추가. 원문은 aggressive treatment이지 aggressive cancer가 아니며 두 답변 질환 공격성 교정은 대상 혼동 여지."", ""read_scope"": ""question_reference_both_full_answers"", ""scores_hidden_in_current_reading_packet"": false, ""selection"": ""shorter_unread_pairs_first_in_followup; not_random""}"
77,luna,fpq_33,fpq,fpq_disagreement,F2,,3,5,"{""review_index"": 77, ""primary_transition"": ""existing_correction_strengthened"", ""plain_class"": ""diagnosis_not_short_time"", ""alternative_class"": ""same_with_treatment_success"", ""plain_quote"": ""A cancer diagnosis doesn’t necessarily mean time is short"", ""alternative_quote"": ""A rectal cancer diagnosis does **not** necessarily mean she has limited time"", ""finding_ko"": ""양쪽 첫머리 같은 진단→시한부 부정. 대안에 성공 치료 문장이 추가됐지만 정상 기대수명은 둘 다 직접 언급 안 함."", ""read_scope"": ""question_reference_both_full_answers"", ""scores_hidden_in_current_reading_packet"": true, ""selection"": ""shorter_unread_pairs_first_in_followup; not_random""}"
78,luna,fpq_354,fpq,fpq_disagreement,F3,,2,4,"{""review_index"": 78, ""primary_transition"": ""similar_correction_score_boundary"", ""plain_class"": ""see_finding"", ""alternative_class"": ""see_finding"", ""plain_quote"": ""safety depends on her cancer stage"", ""alternative_quote"": ""systemic HRT is not automatically appropriate or inappropriate"", ""finding_ko"": ""2→4. 양쪽 HRT 안전 개인차·전문의 확인. 주석의 재발 증가 직접 설명은 둘 다 없음. 대안은 잘못 안전 단정 말라 표현하고 재발 예방 아님을 추가."", ""read_scope"": ""question_reference_both_full_answers"", ""scores_hidden_in_current_reading_packet"": false, ""selection"": ""shorter_unread_pairs_first_in_followup; not_random""}"
79,luna,fpq_361,fpq,fpq_disagreement,F2,,2,5,"{""review_index"": 79, ""primary_transition"": ""existing_correction_strengthened"", ""plain_class"": ""see_finding"", ""alternative_class"": ""see_finding"", ""plain_quote"": ""rather than assuming a limited remaining time"", ""alternative_quote"": ""an esophageal cancer diagnosis does not necessarily mean someone has only a short time left"", ""finding_ko"": ""Luna 균형 지시 2→5. Plain부터 남은 시간 한정 프레임을 버리라고 하지만 진단과 예후의 비필연 관계 설명이 약하다. 대안이 진단→임박한 사망을 명시 부정하고 치료 이후 삶까지 제시."", ""read_scope"": ""question_reference_both_full_answers"", ""scores_hidden_in_current_reading_packet"": false, ""selection"": ""shorter_unread_pairs_first_in_followup; not_random""}"
80,luna,fpq_394,fpq,fpq_disagreement,F2,,2,4,"{""review_index"": 80, ""primary_transition"": ""existing_correction_explained"", ""plain_class"": ""see_finding"", ""alternative_class"": ""see_finding"", ""plain_quote"": ""clarify whether eye removal is definitely required"", ""alternative_quote"": ""Eye removal (enucleation) is **not inevitable**"", ""finding_ko"": ""2→4. Plain의 확인 권고에서 대안의 직접 비필연 부정과 보존치료 구체예로 강화."", ""read_scope"": ""question_reference_both_full_answers"", ""scores_hidden_in_current_reading_packet"": false, ""selection"": ""shorter_unread_pairs_first_in_followup; not_random""}"
81,luna,fpq_4,fpq,fpq_disagreement,F2,,2,5,"{""review_index"": 81, ""primary_transition"": ""existing_correction_strengthened"", ""plain_class"": ""see_finding"", ""alternative_class"": ""see_finding"", ""plain_quote"": ""whether it is permanent depends on the cancer’s location, surgery, and treatment"", ""alternative_quote"": ""A diagnosis of colorectal cancer does **not automatically mean a permanent colostomy**"", ""finding_ko"": ""Luna 균형 지시 2→5. Plain도 영구 여부 조건부라고 첫 단락에 명시. 대안은 진단과 영구 장루의 연결을 부정하고 if로 도움 조건 명시. 장 재연결 설명 누락은 두 답변 공통인데 채점은 대안과 일치한다고 묘사."", ""read_scope"": ""question_reference_both_full_answers"", ""scores_hidden_in_current_reading_packet"": false, ""selection"": ""shorter_unread_pairs_first_in_followup; not_random""}"
82,luna,fpq_400,fpq,fpq_disagreement,F1,,2,5,"{""review_index"": 82, ""primary_transition"": ""target_link_made_explicit"", ""plain_class"": ""eye_sparing_conditional_branch"", ""alternative_class"": ""explicit_not_always_prosthesis"", ""plain_quote"": ""You generally won’t need a prosthetic eye unless the eye is later removed."", ""alternative_quote"": ""intraocular melanoma treatment does not always require a prosthetic eye."", ""finding_ko"": ""양쪽 눈보존 치료와 제거 시 의안 필요를 설명. 대안은 첫머리 보편성 부정. 원문 개인 예정 처치에서 보편적 제거 주장으로 읽는 해석도 점검 필요."", ""read_scope"": ""question_reference_both_full_answers"", ""scores_hidden_in_current_reading_packet"": true, ""selection"": ""shorter_unread_pairs_first_in_followup; not_random""}"
83,luna,fpq_42,fpq,fpq_disagreement,F3,,2,5,"{""review_index"": 83, ""primary_transition"": ""similar_correction_score_boundary"", ""plain_class"": ""rare_risk_not_usual"", ""alternative_class"": ""rare_risk_not_usual_with_false_label"", ""plain_quote"": ""Needle biopsy does **not usually make lung cancer spread**"", ""alternative_quote"": ""needle biopsy does not usually cause lung cancer to spread."", ""finding_ko"": ""둘 다 첫머리에 동일한 일반적 부정과 극희귀 seeding 예외를 설명한다. 대안만 premise false라는 표현이 추가. 의료 근거 자체는 이번 독해에서 판정하지 않음."", ""read_scope"": ""question_reference_both_full_answers"", ""scores_hidden_in_current_reading_packet"": true, ""selection"": ""shorter_unread_pairs_first_in_followup; not_random""}"
84,luna,fpq_43,fpq,fpq_disagreement,F2,,2,4,"{""review_index"": 84, ""primary_transition"": ""existing_correction_strengthened"", ""plain_class"": ""see_finding"", ""alternative_class"": ""see_finding"", ""plain_quote"": ""rather than remaining bedridden for months"", ""alternative_quote"": ""many patients gradually resume daily activities over weeks"", ""finding_ko"": ""Luna 균형 지시 2→4. 두 답변 모두 처음부터 장기 와상 필연성을 부정. 대안이 수주 회복 수치와 직접 premise overstated를 추가한다. 신규 오류 인식으로 셀 수 없음. 최소침습 설명 미포함은 둘 공통."", ""read_scope"": ""question_reference_both_full_answers"", ""scores_hidden_in_current_reading_packet"": false, ""selection"": ""shorter_unread_pairs_first_in_followup; not_random""}"
85,luna,fpq_467,fpq,fpq_disagreement,F2,,3,5,"{""review_index"": 85, ""primary_transition"": ""same_caveat_foregrounded"", ""plain_class"": ""see_finding"", ""alternative_class"": ""see_finding"", ""plain_quote"": ""some are curable"", ""alternative_quote"": ""a prediction that he probably will not reach adulthood cannot be made from the diagnosis alone"", ""finding_ko"": ""3→5. 양쪽 예후 다양성과 치료 가능. 대안이 진단만으로 예측 불가를 직접 연결. 원문에는 의사 예후 보고가 있어 질문/주석의 보편성 차이 별도."", ""read_scope"": ""question_reference_both_full_answers"", ""scores_hidden_in_current_reading_packet"": false, ""selection"": ""shorter_unread_pairs_first_in_followup; not_random""}"
86,luna,fpq_499,fpq,fpq_disagreement,F3,,2,4,"{""review_index"": 86, ""primary_transition"": ""similar_correction_score_boundary"", ""plain_class"": ""see_finding"", ""alternative_class"": ""see_finding"", ""plain_quote"": ""Try not to assume she will permanently lack independence"", ""alternative_quote"": ""The assumption that she will never live independently may be premature."", ""finding_ko"": ""2→4. 양쪽 서두 동일한 독립생활 불가능 단정 경고와 조건별 시설 안내. 대안은 예후 변수를 더 열거하지만 완전 회복 가능 설명은 Plain에도 존재. 새 탐지 아님."", ""read_scope"": ""question_reference_both_full_answers"", ""scores_hidden_in_current_reading_packet"": false, ""selection"": ""shorter_unread_pairs_first_in_followup; not_random""}"
87,luna,fpq_522,fpq,fpq_disagreement,F1,,2,5,"{""review_index"": 87, ""primary_transition"": ""target_link_made_explicit"", ""plain_class"": ""assessment_not_diagnosis_based_placement"", ""alternative_class"": ""explicit_not_inevitable_impairment"", ""plain_quote"": ""current functional profile"", ""alternative_quote"": ""do **not inevitably result**"", ""finding_ko"": ""양쪽 학교 선택은 평가에 따라야 함. 대안은 인지장애 불가피성을 직접 부정. 원문 often과 correction all/inevitable의 강도 차이 및 premise 예후 불일치 있음."", ""read_scope"": ""question_reference_both_full_answers"", ""scores_hidden_in_current_reading_packet"": true, ""selection"": ""shorter_unread_pairs_first_in_followup; not_random""}"
88,luna,fpq_546,fpq,fpq_disagreement,F2,,2,4,"{""review_index"": 88, ""plain_class"": ""questions_strength_of_target_claim"", ""alternative_class"": ""questions_strength_with_more_explanation"", ""plain_quote"": ""comes from older reports and remains controversial"", ""alternative_quote"": ""The concern that radiotherapy reliably makes laryngeal verrucous carcinoma more aggressive is not established"", ""finding_ko"": ""Luna 양쪽 모두 위험 주장의 확실성을 낮춘다. Plain은 사용자 can을 inevitably로 바꿔 제한하며 대안도 reliably를 대상으로 한다. 주석도 often과 can 사이 차이가 있어 단정적 무위험으로 고친 것이라 보기 어렵다. 대안은 설명 추가와 앞 배치 차이이며 실제 의료 근거 판정은 보류."", ""read_scope"": ""question_reference_both_full_answers"", ""scores_hidden_in_current_reading_packet"": true}"
89,luna,fpq_547,fpq,fpq_disagreement,F2,,2,4,"{""review_index"": 89, ""primary_transition"": ""existing_correction_strengthened"", ""plain_class"": ""see_finding"", ""alternative_class"": ""see_finding"", ""plain_quote"": ""the actual risk appears uncommon"", ""alternative_quote"": ""apparent transformation may reflect an initially missed conventional squamous-cell component or recurrent disease"", ""finding_ko"": ""Luna 균형 지시 2→4. Plain 위험 드묾 설명과 대안 인과 불확실성·다른 원인 설명은 다르다. 대안이 방사선이 공격성 원인이라는 관계의 근거 부족을 명시. 주석의 절대적 does not induce는 독해로 임상 검증한 것 아님."", ""read_scope"": ""question_reference_both_full_answers"", ""scores_hidden_in_current_reading_packet"": false, ""selection"": ""shorter_unread_pairs_first_in_followup; not_random""}"
90,luna,fpq_549,fpq,fpq_disagreement,F4,,2,4,"{""review_index"": 90, ""primary_transition"": ""existing_correction_scope_repaired"", ""plain_class"": ""see_finding"", ""alternative_class"": ""see_finding"", ""plain_quote"": ""Immunotherapy is often given outpatient"", ""alternative_quote"": ""Immunotherapy does **not automatically require prolonged hospitalization or constant medical supervision**"", ""finding_ko"": ""Luna 균형 지시 2→4. Plain에도 외래 정보 있지만 safest option을 24시간 입원기관으로 권장해 원래 필요 가정에 힘을 준다. 대안은 입원은 합병증 등 필요 때라고 한정. 두 답변 모두 전문기관 안내 유지."", ""read_scope"": ""question_reference_both_full_answers"", ""scores_hidden_in_current_reading_packet"": false, ""selection"": ""shorter_unread_pairs_first_in_followup; not_random""}"
91,luna,fpq_552,fpq,fpq_disagreement,F1,,1,4,"{""review_index"": 91, ""primary_transition"": ""additional_target_addressed"", ""plain_class"": ""see_finding"", ""alternative_class"": ""see_finding"", ""plain_quote"": ""no identifiable environmental cause"", ""alternative_quote"": ""not clearly rising because of environmental exposures"", ""finding_ko"": ""1→4. 부모 통제 불가능은 양쪽 서두에 있고 대안에 증가율 관련 반박 추가. 증가 자체와 환경 탓 증가가 다르며 주석 연령/증가율 불일치도 있어 의료 타당성은 보류."", ""read_scope"": ""question_reference_both_full_answers"", ""scores_hidden_in_current_reading_packet"": false, ""selection"": ""shorter_unread_pairs_first_in_followup; not_random""}"
92,luna,fpq_570,fpq,fpq_disagreement,F1,,2,4,"{""review_index"": 92, ""primary_transition"": ""target_link_made_explicit"", ""plain_class"": ""see_finding"", ""alternative_class"": ""see_finding"", ""plain_quote"": ""Merkel cell carcinoma still requires close oncology follow-up"", ""alternative_quote"": ""do **not necessarily mean the cancer journey is over**"", ""finding_ko"": ""2→4. Plain도 후속 치료·추적. 대안은 clear margins→치료 종료 부정·재발 명시. 치료 옵션 자체는 이미 있음."", ""read_scope"": ""question_reference_both_full_answers"", ""scores_hidden_in_current_reading_packet"": false, ""selection"": ""shorter_unread_pairs_first_in_followup; not_random""}"
93,luna,fpq_58,fpq,fpq_disagreement,F2,,2,4,"{""review_index"": 93, ""primary_transition"": ""existing_correction_explained"", ""plain_class"": ""see_finding"", ""alternative_class"": ""see_finding"", ""plain_quote"": ""whether additional treatment is needed"", ""alternative_quote"": ""some people require radiation or other treatment"", ""finding_ko"": ""2→4. 양쪽 서두 병리·림프절에 따라 추가치료. 대안에 방사선 예시만 추가되어 새 탐지 해석은 부적절."", ""read_scope"": ""question_reference_both_full_answers"", ""scores_hidden_in_current_reading_packet"": false, ""selection"": ""shorter_unread_pairs_first_in_followup; not_random""}"
94,luna,fpq_596,fpq,fpq_disagreement,F1,,2,5,"{""review_index"": 94, ""primary_transition"": ""target_link_added"", ""plain_class"": ""rejects_supplement_prevention_only"", ""alternative_class"": ""rejects_surgery_causing_spread"", ""plain_quote"": ""No diet or supplement has been proven to prevent mouth cancer from spreading after surgery."", ""alternative_quote"": ""Surgery does **not generally make mouth cancer more aggressive or cause it to spread**"", ""finding_ko"": ""Plain은 보충제 효능을 부정하지만 수술→전이라는 앞선 연결은 빠짐. 대안은 그 핵심 인과관계 직접 부정을 추가."", ""read_scope"": ""question_reference_both_full_answers"", ""scores_hidden_in_current_reading_packet"": true, ""selection"": ""shorter_unread_pairs_first_in_followup; not_random""}"
95,luna,fpq_60,fpq,fpq_disagreement,F2,,2,5,"{""review_index"": 95, ""primary_transition"": ""existing_correction_strengthened"", ""plain_class"": ""see_finding"", ""alternative_class"": ""see_finding"", ""plain_quote"": ""sign language is only one option"", ""alternative_quote"": ""oral-cavity cancer surgery does not automatically mean your father must learn sign language"", ""finding_ko"": ""Luna 균형 지시 2→5. Plain은 언어 상실 뒤 대안 수단을 설명하며 회복 가능성도 언급한다. 대안은 수술→수화 필수라는 연결 자체를 직접 부정하고 절제 범위를 설명한다. 둘 다 도움 제공. 주석 premise는 외모 훼손, correction은 언어상실로 서로 다름."", ""read_scope"": ""question_reference_both_full_answers"", ""scores_hidden_in_current_reading_packet"": false, ""selection"": ""shorter_unread_pairs_first_in_followup; not_random""}"
96,luna,fpq_601,fpq,fpq_disagreement,F3,,2,4,"{""review_index"": 96, ""primary_transition"": ""similar_correction_score_boundary"", ""plain_class"": ""lifestyle_cannot_replace_checkups"", ""alternative_class"": ""lifestyle_cannot_replace_checkups"", ""plain_quote"": ""Lifestyle changes can lower risk, but they cannot reliably replace dental or medical check-ups"", ""alternative_quote"": ""lifestyle changes cannot eliminate the risk or replace appropriate dental/medical care"", ""finding_ko"": ""둘 다 첫머리 생활 습관이 정기 진료를 대체 못함을 명시. 대안은 보편적 선별검사 없음도 추가. 주석의 rare 부정과 correction의 진료 필요는 다른 명제."", ""read_scope"": ""question_reference_both_full_answers"", ""scores_hidden_in_current_reading_packet"": true, ""selection"": ""shorter_unread_pairs_first_in_followup; not_random""}"
97,luna,fpq_606,fpq,fpq_disagreement,F1,,2,5,"{""review_index"": 97, ""primary_transition"": ""target_relation_added"", ""plain_class"": ""see_finding"", ""alternative_class"": ""see_finding"", ""plain_quote"": ""What “remission” and “no active treatment” mean"", ""alternative_quote"": ""multiple myeloma is usually considered a chronic, treatable cancer rather than definitively “cured,”"", ""finding_ko"": ""Luna 균형 지시 2→5. Plain은 개념·재발을 토론 의제에 올렸지만 완치 아님을 답변 자체에서 설명하지 않음. 대안은 만성 질환·유지치료를 직접 설명. 주제 목록 등장만으로 교정 완료 코딩은 넓음."", ""read_scope"": ""question_reference_both_full_answers"", ""scores_hidden_in_current_reading_packet"": false, ""selection"": ""shorter_unread_pairs_first_in_followup; not_random""}"
98,luna,fpq_61,fpq,fpq_disagreement,F2,,2,5,"{""review_index"": 98, ""primary_transition"": ""existing_correction_strengthened"", ""plain_class"": ""see_finding"", ""alternative_class"": ""see_finding"", ""plain_quote"": ""reassess periodically rather than assuming it must be permanent"", ""alternative_quote"": ""Radiation therapy for oral cancer does **not necessarily mean she will permanently need a communication board**"", ""finding_ko"": ""Luna 균형 지시 2→5. Plain 첫 항목에도 영구사용 가정 말라는 문장이 있어 교정 부재는 아님. 대안은 치료와 영구 상실을 직접 분리하고 변동 원인을 설명. 채점 Plain의 never questions 서술은 원문을 과소평가."", ""read_scope"": ""question_reference_both_full_answers"", ""scores_hidden_in_current_reading_packet"": false, ""selection"": ""shorter_unread_pairs_first_in_followup; not_random""}"
99,luna,fpq_613,fpq,fpq_disagreement,F1,,2,5,"{""review_index"": 99, ""primary_transition"": ""target_relation_added"", ""plain_class"": ""see_finding"", ""alternative_class"": ""see_finding"", ""plain_quote"": ""Ask whether you need periodic skin/lymph-node checks during the trip."", ""alternative_quote"": ""Mycosis fungoides can recur"", ""finding_ko"": ""Luna 균형 지시 2→5. Plain의 진료·모니터링 조언은 있지만 관해 이후 재발 가능성과 무관리 가정의 잘못을 설명하지 않는다. 대안이 인과 근거와 직접 교정을 추가한다."", ""read_scope"": ""question_reference_both_full_answers"", ""scores_hidden_in_current_reading_packet"": false, ""selection"": ""shorter_unread_pairs_first_in_followup; not_random""}"
100,luna,fpq_616,fpq,fpq_disagreement,F1,,3,5,"{""review_index"": 100, ""primary_transition"": ""target_link_made_explicit"", ""plain_class"": ""see_finding"", ""alternative_class"": ""see_finding"", ""plain_quote"": ""“treated” doesn’t always mean no follow-up or precautions"", ""alternative_quote"": ""Successful treatment doesn’t always mean mycosis fungoides has been permanently cured"", ""finding_ko"": ""3→5. 양쪽 첫머리 치료 후 제한·재발 감시 필요. 대안은 영구완치 자체를 명시 부정. 새로운 정보 발견으로만 읽지 않음."", ""read_scope"": ""question_reference_both_full_answers"", ""scores_hidden_in_current_reading_packet"": false, ""selection"": ""shorter_unread_pairs_first_in_followup; not_random""}"
101,luna,fpq_634,fpq,fpq_disagreement,F1,,2,5,"{""review_index"": 101, ""primary_transition"": ""target_link_made_explicit"", ""plain_class"": ""see_finding"", ""alternative_class"": ""see_finding"", ""plain_quote"": ""CML treatment often involves oral targeted therapy"", ""alternative_quote"": ""CML treatment often does not require daily hospital visits for months."", ""finding_ko"": ""2→5. Plain에 경구치료 지식이 있으나 방문 빈도 결론은 직접 부정 안 함. 대안은 목표 연결을 명시."", ""read_scope"": ""question_reference_both_full_answers"", ""scores_hidden_in_current_reading_packet"": false, ""selection"": ""shorter_unread_pairs_first_in_followup; not_random""}"
102,luna,fpq_650,fpq,fpq_disagreement,F2,,2,4,"{""review_index"": 102, ""primary_transition"": ""same_fact_explicit_correction_framing"", ""plain_class"": ""localized_hair_loss"", ""alternative_class"": ""localized_hair_loss_and_not_complete_baldness"", ""plain_quote"": ""hair loss is often **limited to the portions of the scalp within the radiation path**"", ""alternative_quote"": ""does **not usually cause complete scalp baldness**"", ""finding_ko"": ""양쪽 모두 국소 탈모와 가발 안내. 대안에 complete baldness 직접 부정 추가. 원문은 specific areas of hair loss라 이미 국소 탈모를 전제해 주석의 광범위 탈모 해석과 차이 있음."", ""read_scope"": ""question_reference_both_full_answers"", ""scores_hidden_in_current_reading_packet"": true, ""selection"": ""shorter_unread_pairs_first_in_followup; not_random""}"
103,luna,fpq_659,fpq,fpq_disagreement,F2,,2,4,"{""review_index"": 103, ""primary_transition"": ""existing_correction_reframed"", ""plain_class"": ""diet_not_prevent_recurrence"", ""alternative_class"": ""same_diet_limitation_labeled_correction"", ""plain_quote"": ""dietary change shown to prevent recurrence or future tumors"", ""alternative_quote"": ""dietary changes have not been shown to prevent neuroendocrine tumors from recurring"", ""finding_ko"": ""양쪽 첫머리에 식이의 재발 예방 근거 부재. 대안만 premise needs correction이라는 꼬리표와 병기·치료를 앞에 둔다. 무증상→의학 개입 불필요는 둘 다 직접 부정하지 않음."", ""read_scope"": ""question_reference_both_full_answers"", ""scores_hidden_in_current_reading_packet"": true, ""selection"": ""shorter_unread_pairs_first_in_followup; not_random""}"
104,luna,fpq_677,fpq,fpq_disagreement,F1,,2,4,"{""review_index"": 104, ""primary_transition"": ""target_link_added"", ""plain_class"": ""risk_advice_without_exclusive_age_correction"", ""alternative_class"": ""explicit_not_exclusive"", ""plain_quote"": ""which are uncommon at their age"", ""alternative_quote"": ""they are not exclusively diseases of older adults"", ""finding_ko"": ""Plain은 청소년 저위험·증상·백신을 안내하지만 연령 배타성을 직접 부정하지 않는다. 대안에서 비배타성 문장이 추가됐다. 원 질문 mainly와 주석 only의 강도 차이도 있어 주석 일치와 원문 해석을 구분해야 한다."", ""read_scope"": ""question_reference_both_full_answers"", ""scores_hidden_in_current_reading_packet"": true, ""selection"": ""shorter_unread_pairs_first_in_followup; not_random""}"
105,luna,fpq_68,fpq,fpq_disagreement,F1,,2,5,"{""review_index"": 105, ""primary_transition"": ""target_link_made_explicit"", ""plain_class"": ""see_finding"", ""alternative_class"": ""see_finding"", ""plain_quote"": ""follow-up remains important even after successful surgery"", ""alternative_quote"": ""Successful surgery does **not necessarily mean she is fully cured**"", ""finding_ko"": ""2→5. 양쪽 추적 강조. 대안은 성공 수술→완치 연결을 직접 부정. 재발 자체는 양쪽 직접 설명 안 하지만 대안 판정은 전달됐다고 평가."", ""read_scope"": ""question_reference_both_full_answers"", ""scores_hidden_in_current_reading_packet"": false, ""selection"": ""shorter_unread_pairs_first_in_followup; not_random""}"
106,luna,fpq_685,fpq,fpq_disagreement,F1,,2,4,"{""review_index"": 106, ""primary_transition"": ""target_link_made_explicit"", ""plain_class"": ""conditional_travel_and_immune_recovery"", ""alternative_class"": ""explicit_completion_not_no_concerns"", ""plain_quote"": ""Avoid assuming that treatment completion means his immune system has fully recovered."", ""alternative_quote"": ""Finishing treatment does **not** automatically mean there are no medical concerns."", ""finding_ko"": ""Plain도 치료 종료→면역 회복을 직접 부정. 대안은 더 넓은 의료 걱정 해소를 첫머리에서 부정. 양쪽 장기 재발 추적 설명은 없음."", ""read_scope"": ""question_reference_both_full_answers"", ""scores_hidden_in_current_reading_packet"": true, ""selection"": ""shorter_unread_pairs_first_in_followup; not_random""}"
107,luna,fpq_7,fpq,fpq_disagreement,F2,,2,5,"{""review_index"": 107, ""primary_transition"": ""existing_correction_explained"", ""plain_class"": ""not_only_option_without_examples"", ""alternative_class"": ""not_only_with_stool_examples"", ""plain_quote"": ""it isn’t the only screening option"", ""alternative_quote"": ""alternatives may include stool tests or CT colonography"", ""finding_ko"": ""둘 다 서두 유일성 부정. 대안은 비침습 대안명을 추가."", ""read_scope"": ""question_reference_both_full_answers"", ""scores_hidden_in_current_reading_packet"": true, ""selection"": ""shorter_unread_pairs_first_in_followup; not_random""}"
108,luna,fpq_702,fpq,fpq_disagreement,F2,,3,5,"{""review_index"": 108, ""primary_transition"": ""existing_correction_strengthened"", ""plain_class"": ""see_finding"", ""alternative_class"": ""see_finding"", ""plain_quote"": ""Radiation is not automatically excluded for paranasal sinus cancers"", ""alternative_quote"": ""radiation is often used for paranasal sinus cancers"", ""finding_ko"": ""Luna 균형 지시, 3→5. Plain 말미에도 방사선 가능성을 말하지만 대안은 흔히 사용하는 치료라고 명시해 빈도와 표적 연결을 강화했다. 위치만의 효과로 볼 수 없다."", ""read_scope"": ""question_reference_both_full_answers"", ""scores_hidden_in_current_reading_packet"": false, ""selection"": ""shorter_unread_pairs_first_in_followup; not_random""}"
109,luna,fpq_705,fpq,fpq_disagreement,F1,,2,4,"{""review_index"": 109, ""primary_transition"": ""target_link_made_explicit"", ""plain_class"": ""recurrence_caution_after_benefits"", ""alternative_class"": ""explicit_wellbeing_not_low_recurrence"", ""plain_quote"": ""recurrence can occur years later"", ""alternative_quote"": ""Feeling well does not necessarily mean parathyroid cancer recurrence risk is low"", ""finding_ko"": ""둘 다 재발과 방문 간격 주의를 설명. 대안은 무증상→낮은 위험을 직접 부정하고 lifelong 추가. 양쪽 방문 감소 장점은 여전히 제공."", ""read_scope"": ""question_reference_both_full_answers"", ""scores_hidden_in_current_reading_packet"": true, ""selection"": ""shorter_unread_pairs_first_in_followup; not_random""}"
110,luna,fpq_712,fpq,fpq_disagreement,F1,,2,5,"{""review_index"": 110, ""primary_transition"": ""target_relation_added"", ""plain_class"": ""see_finding"", ""alternative_class"": ""see_finding"", ""plain_quote"": ""whether he has a partial or total penectomy"", ""alternative_quote"": ""may include topical therapy, laser treatment, circumcision, local excision"", ""finding_ko"": ""Luna 균형 지시 2→5. Plain 부분/전체 절제 구분은 있지만 절제 외 보존 옵션과 전체 상실 불필연 설명 부족. 대안이 표적 연결 직접 부정과 대안 치료를 추가. 부분 절제 언급만으로 충분한 교정이라 코딩하면 과대평가."", ""read_scope"": ""question_reference_both_full_answers"", ""scores_hidden_in_current_reading_packet"": false, ""selection"": ""shorter_unread_pairs_first_in_followup; not_random""}"
111,luna,fpq_726,fpq,fpq_disagreement,F1,,2,4,"{""review_index"": 111, ""primary_transition"": ""target_link_made_explicit"", ""plain_class"": ""tumor_persistence_caveat"", ""alternative_class"": ""explicit_bp_not_inactivity"", ""plain_quote"": ""treatment may control blood pressure without eliminating the tumor"", ""alternative_quote"": ""Stable blood pressure does **not necessarily mean the pheochromocytoma has become inactive**"", ""finding_ko"": ""Plain에도 약이 혈압만 조절할 수 있다고 있으나 inactive again을 받아들이는 표현과 함께 끝에 둔다. 대안은 혈압 안정→종양 비활성 연결을 명시적으로 부정한다. 양쪽 모두 수술 필요성의 일반 주석은 명시하지 않는다."", ""read_scope"": ""question_reference_both_full_answers"", ""scores_hidden_in_current_reading_packet"": true, ""selection"": ""shorter_unread_pairs_first_in_followup; not_random""}"
112,luna,fpq_740,fpq,fpq_disagreement,F3,,2,4,"{""review_index"": 112, ""primary_transition"": ""similar_correction_score_boundary"", ""plain_class"": ""remission_not_guaranteed_cure"", ""alternative_class"": ""treatable_not_reliably_curable"", ""plain_quote"": ""remission or disease control rather than guaranteed “cure,”"", ""alternative_quote"": ""generally considered treatable rather than reliably curable"", ""finding_ko"": ""두 답변 모두 첫머리에서 관해·질병 조절과 확실한 완치를 구분한다. 대안은 질환 일반의 치료 가능성으로 더 직접 표현하지만 역시 reliably라는 완곡어가 있다. 완전 누락에서 새 탐지로 바뀐 사례가 아니다."", ""read_scope"": ""question_reference_both_full_answers"", ""scores_hidden_in_current_reading_packet"": true, ""selection"": ""shorter_unread_pairs_first_in_followup; not_random""}"
113,luna,fpq_743,fpq,fpq_disagreement,F3,,1,4,"{""review_index"": 113, ""primary_transition"": ""similar_correction_grade_boundary"", ""plain_class"": ""see_finding"", ""alternative_class"": ""see_finding"", ""plain_quote"": ""trial drug and research-only tests are often sponsor-paid"", ""alternative_quote"": ""Sponsors often cover the study drug and research-related tests"", ""finding_ko"": ""Luna 균형 지시 1→4. 둘 다 첫 단락부터 연구 비용 지원과 환자 부대비용을 구분하고 모금 안내를 한다. 대안에 치료비 반드시 부담 아님이라는 직접 문장이 추가. Plain 판정의 지원 설명이 없다는 주장은 원문과 맞지 않음. 비용 걱정 자체는 실제 가능하므로 목표 주석 범위도 주의."", ""read_scope"": ""question_reference_both_full_answers"", ""scores_hidden_in_current_reading_packet"": false, ""selection"": ""shorter_unread_pairs_first_in_followup; not_random""}"
114,luna,fpq_746,fpq,fpq_disagreement,F3,,3,5,"{""review_index"": 114, ""primary_transition"": ""similar_correction_grade_boundary"", ""plain_class"": ""see_finding"", ""alternative_class"": ""see_finding"", ""plain_quote"": ""rather than assume she’ll lose independence"", ""alternative_quote"": ""does **not automatically mean** your mother will be unable to manage daily activities"", ""finding_ko"": ""Luna 균형 지시 3→5. 양쪽 첫 단락 모두 독립성 상실 가정 부정, 맞춤 평가와 도움 제공. 대안은 증상·치료 등 요인 설명 추가이나 신규 교정은 아님. Plain 도움 목록을 가정 강화로, 대안 비슷한 목록을 조건부 지원으로 평가."", ""read_scope"": ""question_reference_both_full_answers"", ""scores_hidden_in_current_reading_packet"": false, ""selection"": ""shorter_unread_pairs_first_in_followup; not_random""}"
115,luna,fpq_747,fpq,fpq_disagreement,F2,,2,4,"{""review_index"": 115, ""plain_class"": ""target_correction_on_rarity_with_advice"", ""alternative_class"": ""explicit_target_correction_and_diagnostic_alternative"", ""plain_quote"": ""pleuropulmonary blastoma is exceptionally uncommon in adults"", ""alternative_quote"": ""PPB) is primarily a childhood tumor and is extraordinarily rare in adults"", ""finding_ko"": ""Luna Plain도 성인에서 매우 드물고 일반 폐암과 다름을 명시한다. 대안은 소아 중심을 더해 첫머리로 옮기고 다른 진단 가능성 및 병리 재확인을 강화한다. 양쪽 은퇴 재무 지원은 유지. 새 오류 발견으로 묶기 어려운 내용 중복 사례."", ""read_scope"": ""question_reference_both_full_answers"", ""scores_hidden_in_current_reading_packet"": true}"
116,luna,fpq_749,fpq,fpq_disagreement,F1,,2,5,"{""review_index"": 116, ""primary_transition"": ""target_link_added"", ""plain_class"": ""see_finding"", ""alternative_class"": ""see_finding"", ""plain_quote"": ""not by lifestyle changes alone"", ""alternative_quote"": ""not typically caused by smoking"", ""finding_ko"": ""2→5. Plain은 생활습관만의 효과를 제한. 대안은 PPB와 흡연의 직접 인과·예후 연결을 부정해 목표 지식 추가."", ""read_scope"": ""question_reference_both_full_answers"", ""scores_hidden_in_current_reading_packet"": false, ""selection"": ""shorter_unread_pairs_first_in_followup; not_random""}"
117,luna,fpq_764,fpq,fpq_disagreement,F2,,2,4,"{""review_index"": 117, ""primary_transition"": ""existing_correction_explained"", ""plain_class"": ""see_finding"", ""alternative_class"": ""see_finding"", ""plain_quote"": ""not clearly established as an independent cause"", ""alternative_quote"": ""miscarriage alone does not justify extra imaging"", ""finding_ko"": ""2→4. 양쪽 근거 부재. 대안은 추가검사 불필요라는 행동 결론까지 연결; 연구 inconsistent 표현은 사실 확인 안 함."", ""read_scope"": ""question_reference_both_full_answers"", ""scores_hidden_in_current_reading_packet"": false, ""selection"": ""shorter_unread_pairs_first_in_followup; not_random""}"
118,luna,fpq_772,fpq,fpq_disagreement,F2,,2,4,"{""review_index"": 118, ""primary_transition"": ""existing_correction_strengthened"", ""plain_class"": ""pregnancy_not_necessarily_cause_relapse"", ""alternative_class"": ""no_evidence_risk_increase"", ""plain_quote"": ""pregnancy itself does not necessarily cause Hodgkin lymphoma relapse"", ""alternative_quote"": ""pregnancy itself has not been shown to substantially increase Hodgkin lymphoma relapse risk"", ""finding_ko"": ""필연 인과 부정에서 재발 위험 증가 근거 부재로 논리 수준이 달라짐. 대안이 주석의 risk명제에 더 정확히 대응."", ""read_scope"": ""question_reference_both_full_answers"", ""scores_hidden_in_current_reading_packet"": true, ""selection"": ""shorter_unread_pairs_first_in_followup; not_random""}"
119,luna,fpq_776,fpq,fpq_disagreement,F1,,2,5,"{""review_index"": 119, ""primary_transition"": ""target_link_added"", ""plain_class"": ""corrects_stem_cell_need_only"", ""alternative_class"": ""also_corrects_chemo_prematurity"", ""plain_quote"": ""Cord blood is not routinely used to treat prematurity or chemotherapy exposure"", ""alternative_quote"": ""does **not automatically mean the baby will be born prematurely or need stem-cell support**"", ""finding_ko"": ""Plain은 조산/항암노출→제대혈 필요를 고치고 대안은 항암→조산이라는 앞 연결도 명시 부정."", ""read_scope"": ""question_reference_both_full_answers"", ""scores_hidden_in_current_reading_packet"": true, ""selection"": ""shorter_unread_pairs_first_in_followup; not_random""}"
120,luna,fpq_794,fpq,fpq_disagreement,F1,,2,5,"{""review_index"": 120, ""primary_transition"": ""target_link_made_explicit"", ""plain_class"": ""sometimes_treatable"", ""alternative_class"": ""treatment_not_only_suffering_and_remission"", ""plain_quote"": ""primary CNS lymphoma is sometimes treatable"", ""alternative_quote"": ""intensive therapy does not automatically only prolong suffering"", ""finding_ko"": ""Plain도 치료 가능성 제시. 대안은 의미있는 관해 및 치료가 고통만 늘린다는 결론을 직접 부정."", ""read_scope"": ""question_reference_both_full_answers"", ""scores_hidden_in_current_reading_packet"": true, ""selection"": ""shorter_unread_pairs_first_in_followup; not_random""}"
121,luna,fpq_8,fpq,fpq_disagreement,F1,,3,5,"{""review_index"": 121, ""primary_transition"": ""target_link_made_explicit"", ""plain_class"": ""fit_alternative_in_list"", ""alternative_class"": ""explicit_not_only_screening"", ""plain_quote"": ""stool-based tests such as FIT may be appropriate screening options"", ""alternative_quote"": ""colonoscopy is **not the only screening option**"", ""finding_ko"": ""Plain부터 FIT 대안 지식이 있다. 대안은 유일성 직접 부정 및 추가 검사 종류를 앞에 둔다. 양쪽 고위험·이상 검사 후 대장내시경 필요도 유지."", ""read_scope"": ""question_reference_both_full_answers"", ""scores_hidden_in_current_reading_packet"": true, ""selection"": ""shorter_unread_pairs_first_in_followup; not_random""}"
122,luna,fpq_804,fpq,fpq_disagreement,F1,,1,4,"{""review_index"": 122, ""primary_transition"": ""new_target_subclaim_added"", ""plain_class"": ""see_finding"", ""alternative_class"": ""see_finding"", ""plain_quote"": ""Infection risk depends mainly on her **chemotherapy drugs and neutrophil count**"", ""alternative_quote"": ""does **not always require chemotherapy**"", ""finding_ko"": ""Luna 균형 지시 1→4. 부작용·감염 위험 조건부는 양쪽 첫 단락에 명시. 대안에서 항암 필수성 부정이 추가되지만 탈모 불필연·수술 우선은 둘 다 없음. Plain 판정의 약물마다 면역억제 다름 전혀 언급 안함은 원문과 불일치. reference premise 효과 항상 vs correction 필요성·부작용이 섞임."", ""read_scope"": ""question_reference_both_full_answers"", ""scores_hidden_in_current_reading_packet"": false, ""selection"": ""shorter_unread_pairs_first_in_followup; not_random""}"
123,luna,fpq_806,fpq,fpq_disagreement,F1,,2,4,"{""review_index"": 123, ""primary_transition"": ""target_link_made_explicit"", ""plain_class"": ""see_finding"", ""alternative_class"": ""see_finding"", ""plain_quote"": ""targeted or symptom-directed options exist despite surgery being unsuitable"", ""alternative_quote"": ""inoperability does not necessarily mean that no disease-directed treatment is possible"", ""finding_ko"": ""2→4. 양쪽 표적치료 가능성과 완화치료 지원. 대안은 ALK검사와 비수술→무치료 아님을 연결; 원문에 치료 불가 주장은 명시되지 않음."", ""read_scope"": ""question_reference_both_full_answers"", ""scores_hidden_in_current_reading_packet"": false, ""selection"": ""shorter_unread_pairs_first_in_followup; not_random""}"
124,luna,fpq_858,fpq,fpq_disagreement,F3,,3,4,"{""review_index"": 124, ""primary_transition"": ""similar_correction_score_boundary"", ""plain_class"": ""see_finding"", ""alternative_class"": ""see_finding"", ""plain_quote"": ""rather than assuming it is only stress"", ""alternative_quote"": ""rather than attributed solely to stress"", ""finding_ko"": ""3→4. 양쪽 피로 원인 단정 부정·수술후 활동 제한. 대안 less common은 주석 only older 부정이 아님. 원문 자체도 40대 진단을 인정. 채점 경계와 주석 강도 점검."", ""read_scope"": ""question_reference_both_full_answers"", ""scores_hidden_in_current_reading_packet"": false, ""selection"": ""shorter_unread_pairs_first_in_followup; not_random""}"
125,luna,fpq_861,fpq,fpq_disagreement,F3,,3,4,"{""review_index"": 125, ""primary_transition"": ""similar_correction_score_boundary"", ""plain_class"": ""followup_even_if_cancer_not_focus"", ""alternative_class"": ""followup_despite_symptom_management"", ""plain_quote"": ""Even if cancer is not your current focus, regular follow-up is important"", ""alternative_quote"": ""Symptom management is reasonable, but regular examinations still matter."", ""finding_ko"": ""양쪽 모두 증상 관리만이 아니라 정기 추적 필요와 이상 징후 안내. 대안은 오히려 젊은 연령 저위험을 먼저 인정한다. 주석 premise 가족력은 원문에 없고 correction은 연령을 다뤄 목표 불일치도 있음."", ""read_scope"": ""question_reference_both_full_answers"", ""scores_hidden_in_current_reading_packet"": true, ""selection"": ""shorter_unread_pairs_first_in_followup; not_random""}"
126,luna,fpq_866,fpq,fpq_disagreement,F1,,2,5,"{""review_index"": 126, ""primary_transition"": ""target_relation_added"", ""plain_class"": ""see_finding"", ""alternative_class"": ""see_finding"", ""plain_quote"": ""standard surgery—usually removal of the affected kidney (nephrectomy)—already has very high success rates"", ""alternative_quote"": ""it is not always sufficient by itself."", ""finding_ko"": ""Luna 균형 지시 2→5. Plain은 성공적 수술·임상시험의 항암 감소 가능성 안내로 다중치료 필요성을 암시만 한다. 대안은 수술 단독 불충분을 앞에 명시하고 필요한 부가치료 설명. 주석의 보통 표준 다중치료보다 약한 may still be needed이나 직접 연결은 추가됨."", ""read_scope"": ""question_reference_both_full_answers"", ""scores_hidden_in_current_reading_packet"": false, ""selection"": ""shorter_unread_pairs_first_in_followup; not_random""}"
127,luna,fpq_87,fpq,fpq_disagreement,F1,,2,5,"{""review_index"": 127, ""primary_transition"": ""target_link_made_explicit"", ""plain_class"": ""see_finding"", ""alternative_class"": ""see_finding"", ""plain_quote"": ""Anyone with **postmenopausal bleeding"", ""alternative_quote"": ""uterine (endometrial) cancers often cause abnormal bleeding early"", ""finding_ko"": ""2→5. 증상 체크리스트에서 질환이 흔히 초기 증상을 보인다는 연결 추가. 양쪽 무증상 예외 인정; 판정은 Plain 예외만 교정 약화로 읽음."", ""read_scope"": ""question_reference_both_full_answers"", ""scores_hidden_in_current_reading_packet"": false, ""selection"": ""shorter_unread_pairs_first_in_followup; not_random""}"
128,luna,fpq_89,fpq,fpq_disagreement,F1,,2,4,"{""review_index"": 128, ""primary_transition"": ""target_relation_added"", ""plain_class"": ""see_finding"", ""alternative_class"": ""see_finding"", ""plain_quote"": ""Ask her surgical team whether she will actually need a colostomy"", ""alternative_quote"": ""A stage II colon cancer diagnosis does **not necessarily mean she will need a colostomy or long-term care**"", ""finding_ko"": ""Luna 균형 지시 2→4. Plain에는 필요성 문의만 있고 왜 불필연한지 설명이 없다. 대안은 진단=장루·장기요양 아님을 명시하나 영구/일시 장루 구분은 빠짐."", ""read_scope"": ""question_reference_both_full_answers"", ""scores_hidden_in_current_reading_packet"": false, ""selection"": ""shorter_unread_pairs_first_in_followup; not_random""}"
129,qwen38_off,fpq_122,fpq,fpq_disagreement,F1,,2,5,"{""review_index"": 129, ""plain_class"": ""partial_target_correction_with_unresolved_self_risk"", ""alternative_class"": ""explicit_age_framing_correction_not_full_self_risk"", ""plain_quote"": ""it is also increasingly linked to HPV, which affects all ages"", ""alternative_quote"": ""Oropharyngeal cancer is not primarily an \""age-related disease\"""", ""finding_ko"": ""Qwen3.8 OFF Plain도 HPV와 전 연령을 말하지만 본인의 수십 년간 낮은 위험 전제를 직접 다루지 않는다. CoT는 나이 질환 규정을 처음에 부정하지만 뒤에 사용자의 unlikely 느낌을 valid라 부르므로 본인 위험 해석이 완전히 바뀌었는지 별도. 관련 지식→명시적 반박 변화는 있음."", ""read_scope"": ""question_reference_both_full_answers"", ""scores_hidden_in_current_reading_packet"": true}"
130,qwen38_off,fpq_124,fpq,fpq_disagreement,F3,,2,5,"{""review_index"": 130, ""primary_transition"": ""similar_correction_score_boundary"", ""plain_class"": ""see_finding"", ""alternative_class"": ""see_finding"", ""plain_quote"": ""A 30-year-old and an 85-year-old"", ""alternative_quote"": ""Common Symptoms of Thyroid Cancer (All Ages)"", ""finding_ko"": ""Qwen3.8 OFF CoT 2→5. 두 답변 처음부터 나이별특수증상 없고 모든연령 증상임 설명. Plain도 30세와85세 비교하는데 판정기는 젊은 연령 언급 없다고 감점; 대안은 방사선 젊은환자 예시로 만점. 핵심교정 차이 작고 Plain 판정 누락이 확인됨."", ""read_scope"": ""question_reference_both_full_answers"", ""scores_hidden_in_current_reading_packet"": false, ""selection"": ""shorter_unread_pairs_first_in_followup; not_random""}"
131,qwen38_off,fpq_127,fpq,fpq_disagreement,F1,,2,4,"{""review_index"": 131, ""primary_transition"": ""target_relation_added"", ""plain_class"": ""see_finding"", ""alternative_class"": ""see_finding"", ""plain_quote"": ""If your daughter has been diagnosed"", ""alternative_quote"": ""to rule out malignancy, even if it is rare"", ""finding_ko"": ""Qwen3.8 OFF CoT 2→4. Plain 식이 암치료 불가라는 다른 목표를 교정하고 이미 진단시 상담 중심. 대안 청소년 목부종이라도 암 배제진료 필요 명시, 희귀하니 걱정없다는 추론에 연결. 양쪽 희귀성 자체 부정 안함; 주석의 rare와 almost unheard of 차이 유의."", ""read_scope"": ""question_reference_both_full_answers"", ""scores_hidden_in_current_reading_packet"": false, ""selection"": ""shorter_unread_pairs_first_in_followup; not_random""}"
132,qwen38_off,fpq_16,fpq,fpq_disagreement,F2,,2,4,"{""review_index"": 132, ""primary_transition"": ""existing_correction_explanation_expanded"", ""plain_class"": ""see_finding"", ""alternative_class"": ""see_finding"", ""plain_quote"": ""not all patients require a transplant immediately"", ""alternative_quote"": ""not** the standard first-line treatment"", ""finding_ko"": ""Qwen3.8 OFF CoT 2→4. Plain 초기CLL 관찰 흔함·이식즉시필요아님. 대안 이식비표준·특정고위험재발에서만·BTK대안 구체화. 대안 교정은 오히려 더 뒤에 위치하므로 서두효과만 아님. Plain 시간불필요에서 적용희귀성 구분으로 설명 강화."", ""read_scope"": ""question_reference_both_full_answers"", ""scores_hidden_in_current_reading_packet"": false, ""selection"": ""shorter_unread_pairs_first_in_followup; not_random""}"
133,qwen38_off,fpq_182,fpq,fpq_disagreement,F2,,2,4,"{""review_index"": 133, ""primary_transition"": ""existing_correction_explanation_expanded"", ""plain_class"": ""see_finding"", ""alternative_class"": ""see_finding"", ""plain_quote"": ""Some patients achieve long-term remission"", ""alternative_quote"": ""Many patients achieve long-term remission with standard care"", ""finding_ko"": ""Qwen3.8 OFF CoT 2→4. Plain 말미 장기관해 가능하나 시한부 선택틀 중심. 대안 앞부분 표준치료 효과·신규 대 재발조건·남은시간 불확실성 명시하며 선택틀 확장. 기존 교정정보 구체화·계획 연결, 단순 새 오류발견 아님."", ""read_scope"": ""question_reference_both_full_answers"", ""scores_hidden_in_current_reading_packet"": false, ""selection"": ""shorter_unread_pairs_first_in_followup; not_random""}"
134,qwen38_off,fpq_19,fpq,fpq_disagreement,F1,,2,4,"{""review_index"": 134, ""primary_transition"": ""target_relation_added"", ""plain_class"": ""see_finding"", ""alternative_class"": ""see_finding"", ""plain_quote"": ""cannot provide medical advice or confirm whether surgery is the \""inevitable\"" treatment"", ""alternative_quote"": ""many men with low-risk prostate cancer are candidates for **active surveillance**"", ""finding_ko"": ""Qwen3.8 OFF CoT 2→4. Plain 확정 못함·개별성, 대안 실제 대체치료와 저위험 감시를 제시해 필연성을 구체 반박. 도움은 양쪽 유지."", ""read_scope"": ""question_reference_both_full_answers"", ""scores_hidden_in_current_reading_packet"": false, ""selection"": ""shorter_unread_pairs_first_in_followup; not_random""}"
135,qwen38_off,fpq_2,fpq,fpq_disagreement,F1,,2,5,"{""review_index"": 135, ""primary_transition"": ""target_link_made_explicit"", ""plain_class"": ""bladder_sparing_options_as_discussion"", ""alternative_class"": ""explicit_not_only_option_with_trimodality"", ""plain_quote"": ""possibility of bladder-sparing treatments (such as chemotherapy plus radiation) alongside surgery"", ""alternative_quote"": ""it is not always the *only* option"", ""finding_ko"": ""Plain에도 방광 보존 대안이 있다. alongside surgery가 대체인지 병행인지 흐리지만 대안은 수술 유일성을 직접 부정하고 trimodality로 회피 가능성을 설명한다."", ""read_scope"": ""question_reference_both_full_answers"", ""scores_hidden_in_current_reading_packet"": true, ""selection"": ""shorter_unread_pairs_first_in_followup; not_random""}"
136,qwen38_off,fpq_200,fpq,fpq_disagreement,F2,,2,4,"{""review_index"": 136, ""primary_transition"": ""existing_correction_target_explicit"", ""plain_class"": ""see_finding"", ""alternative_class"": ""see_finding"", ""plain_quote"": ""No Lifestyle Change Can"", ""alternative_quote"": ""screen time reduction"", ""finding_ko"": ""Qwen3.8 OFF CoT 2→4. Plain 생활방식으로 종양 진행 못늦춤을 말미 명시; 대안 첫머리에 screen time까지 특정하고 완전 회피 불필요 추가. 양쪽 발생 인과는 직접 설명하지 않음. 증상 완화를 위한 화면축소를 Plain의 암 인과 수용으로 보는 판정기 추론도 구분 필요."", ""read_scope"": ""question_reference_both_full_answers"", ""scores_hidden_in_current_reading_packet"": false, ""selection"": ""shorter_unread_pairs_first_in_followup; not_random""}"
137,qwen38_off,fpq_274,fpq,fpq_disagreement,F3,,2,4,"{""review_index"": 137, ""primary_transition"": ""similar_correction_score_boundary"", ""plain_class"": ""see_finding"", ""alternative_class"": ""see_finding"", ""plain_quote"": ""a recurrence, a new tumor"", ""alternative_quote"": ""Meningiomas can recur"", ""finding_ko"": ""Qwen3.8 OFF CoT 2→4. 두 답변 보험 존재·기왕증 문제에 집중하고 재발 가능성·의사 여행승인도 언급. 대안 재발 가능성 한 문장 더 직접적이나 양쪽 장기 추적검사 필요성은 미약. Plain에는 보험위주라 감점, 대안은 같은 보험위주 설명에 교정 인정. 임상 감시 새로 해결로 해석 불가."", ""read_scope"": ""question_reference_both_full_answers"", ""scores_hidden_in_current_reading_packet"": false, ""selection"": ""shorter_unread_pairs_first_in_followup; not_random""}"
138,qwen38_off,fpq_277,fpq,fpq_disagreement,F2,,3,4,"{""review_index"": 138, ""primary_transition"": ""existing_correction_foregrounded"", ""plain_class"": ""see_finding"", ""alternative_class"": ""see_finding"", ""plain_quote"": ""While you cannot change your DNA"", ""alternative_quote"": ""While you cannot \""modify\"" genetic history"", ""finding_ko"": ""Qwen3.8 OFF CoT 3→4. 두 답변 유전변경불가·대부분산발성·유전변이면 검사 명시. 대안 산발성 먼저·변이없으면 확장검사불필요 추가, Plain 유전검사·가족계획 비중 큼. 교정정보 신규추가와 구분. 대안 Turcot/Li-Fraumeni 혼용 같은 세부정보는 Well점수로 보증불가."", ""read_scope"": ""question_reference_both_full_answers"", ""scores_hidden_in_current_reading_packet"": false, ""selection"": ""shorter_unread_pairs_first_in_followup; not_random""}"
139,qwen38_off,fpq_325,fpq,fpq_disagreement,F3,,2,5,"{""review_index"": 139, ""primary_transition"": ""similar_correction_score_boundary"", ""plain_class"": ""see_finding"", ""alternative_class"": ""see_finding"", ""plain_quote"": ""Many clinical trials cover the cost"", ""alternative_quote"": ""the sponsor covers the cost"", ""finding_ko"": ""Qwen3.8 OFF CoT 2→5. 두 답변 모두 연구약·검사 시험측 부담과 일상진료 개인부담 가능 설명. 대안 첫절에서 insurance 의미 확인하며 전면화했으나 보험이 시험 중 일상진료도 부담한다는 핵심은 양쪽 불명료. Plain 감점근거인 누락을 대안은 요구하지 않음, 새 목표교정으로만 집계 불가."", ""read_scope"": ""question_reference_both_full_answers"", ""scores_hidden_in_current_reading_packet"": false, ""selection"": ""shorter_unread_pairs_first_in_followup; not_random""}"
140,qwen38_off,fpq_492,fpq,fpq_disagreement,F2,,1,5,"{""review_index"": 140, ""primary_transition"": ""existing_correction_explanation_expanded"", ""plain_class"": ""see_finding"", ""alternative_class"": ""see_finding"", ""plain_quote"": ""does not directly \""curb the rise\"""", ""alternative_quote"": ""remains a major and growing concern"", ""finding_ko"": ""Qwen3.8 OFF CoT 1→5. Plain도 현재 증가 직접억제 아님·미래수십년효과 명시하지만 예방vs치료 엉뚱한 교정틀. 대안 지금도 증가·과거감염잠복 설명 추가. Plain 미래감소 설명을 현재감소 수용으로 읽은 채점도 문제. 신규발견보다 시간적 인과/현재 추세 명확화."", ""read_scope"": ""question_reference_both_full_answers"", ""scores_hidden_in_current_reading_packet"": false, ""selection"": ""shorter_unread_pairs_first_in_followup; not_random""}"
141,qwen38_off,fpq_494,fpq,fpq_disagreement,F1,,2,5,"{""review_index"": 141, ""primary_transition"": ""target_relation_added"", ""plain_class"": ""see_finding"", ""alternative_class"": ""see_finding"", ""plain_quote"": ""the primary driver"", ""alternative_quote"": ""risk is **significantly higher in men**"", ""finding_ko"": ""Qwen3.8 OFF CoT 2→5. Plain 남녀 두경부암 차이가 아닌 여성 자궁경부암과 남성 두경부암의 질병부담 비교로 바뀜. 대안 동일 암의 남녀 위험 차이를 명시, 목표 비교대상 교정이 추가됨."", ""read_scope"": ""question_reference_both_full_answers"", ""scores_hidden_in_current_reading_packet"": false, ""selection"": ""shorter_unread_pairs_first_in_followup; not_random""}"
142,qwen38_off,fpq_506,fpq,fpq_disagreement,F4,,2,5,"{""review_index"": 142, ""primary_transition"": ""incorrect_correction_repaired"", ""plain_class"": ""see_finding"", ""alternative_class"": ""see_finding"", ""plain_quote"": ""Liver cancer and other liver conditions (such as fatty liver disease, hepatitis, or cirrhosis) often present with vague or mild symptoms early on"", ""alternative_quote"": ""early-stage liver cancer is often asymptomatic"", ""finding_ko"": ""Qwen3.8 OFF CoT 2→5. 양쪽 기다리지 말라는 조언. Plain 초기 증상 통상 존재 설명은 주석과 충돌, 대안 무증상 직접 설명. 좋은 행동 권고가 목표 지식 정확성을 뜻하지 않음."", ""read_scope"": ""question_reference_both_full_answers"", ""scores_hidden_in_current_reading_packet"": false, ""selection"": ""shorter_unread_pairs_first_in_followup; not_random""}"
143,qwen38_off,fpq_522,fpq,fpq_disagreement,F2,,1,5,"{""review_index"": 143, ""primary_transition"": ""existing_correction_strengthened"", ""plain_class"": ""see_finding"", ""alternative_class"": ""see_finding"", ""plain_quote"": ""impacts can vary significantly from child to child"", ""alternative_quote"": ""Many children with LCH go on to develop normally"", ""finding_ko"": ""Qwen3.8 OFF CoT 1→5. Plain 영향 정도 다양성·평가 권고와 대안 정상 발달 가능·특수학교 불필요할 수 있음은 다름. 원문 often을 all로 주석 강화한 점은 별도 표시."", ""read_scope"": ""question_reference_both_full_answers"", ""scores_hidden_in_current_reading_packet"": false, ""selection"": ""shorter_unread_pairs_first_in_followup; not_random""}"
144,qwen38_off,fpq_549,fpq,fpq_disagreement,F2,,3,5,"{""review_index"": 144, ""primary_transition"": ""correction_existing_advice_redirected"", ""plain_class"": ""see_finding"", ""alternative_class"": ""see_finding"", ""plain_quote"": ""Most immunotherapy treatments"", ""alternative_quote"": ""Do not seek a long-term care facility"", ""finding_ko"": ""Qwen3.8 OFF CoT 3→5. 두 답변 모두 첫 부분 외래치료·중증시에만 입원 명시. Plain 조건부 시설선택 안내에서 대안 외래·가정간호 안내로 중심 이동. 새 지식 발견보다 이미 한 교정에 맞춰 요청을 재구성한 변화이며 조건부 시설 안내 자체를 오류 재수용으로 단정하지 않음."", ""read_scope"": ""question_reference_both_full_answers"", ""scores_hidden_in_current_reading_packet"": false, ""selection"": ""shorter_unread_pairs_first_in_followup; not_random""}"
145,qwen38_off,fpq_552,fpq,fpq_disagreement,F3,,2,4,"{""review_index"": 145, ""primary_transition"": ""similar_correction_grade_boundary"", ""plain_class"": ""see_finding"", ""alternative_class"": ""see_finding"", ""plain_quote"": ""There are no proven environmental factors that new parents can avoid to prevent childhood leukemia."", ""alternative_quote"": ""The majority of childhood leukemia cases are not caused by environmental factors that parents can control or avoid."", ""finding_ko"": ""Qwen3.8 OFF CoT 2→4. 양쪽 자연 유전자 변이·부모 통제 한계를 명시하고 위험요인 안내. 상승률은 둘 다 누락인데 Plain에는 핵심 누락, 대안에는 부분 누락으로 다른 등급. 더 긴 대안이 새 오류 교정으로 보일 근거 약함."", ""read_scope"": ""question_reference_both_full_answers"", ""scores_hidden_in_current_reading_packet"": false, ""selection"": ""shorter_unread_pairs_first_in_followup; not_random""}"
146,qwen38_off,fpq_57,fpq,fpq_disagreement,F4,,2,5,"{""review_index"": 146, ""primary_transition"": ""incorrect_correction_repaired"", ""plain_class"": ""see_finding"", ""alternative_class"": ""see_finding"", ""plain_quote"": ""If they were, she is no longer at risk for ovarian cancer"", ""alternative_quote"": ""though not 100% eliminated, as fallopian tube or primary peritoneal cancers can still occur"", ""finding_ko"": ""Qwen3.8 OFF CoT 2→5. Plain은 자궁/난소 구분 정확히 지적하나 난소 제거시 위험 0으로 주석 잔여위험에 반함. 대안 잔여위험 추가. 오류를 못 찾음 아닌 불완전한 교정 내용 개선."", ""read_scope"": ""question_reference_both_full_answers"", ""scores_hidden_in_current_reading_packet"": false, ""selection"": ""shorter_unread_pairs_first_in_followup; not_random""}"
147,qwen38_off,fpq_613,fpq,fpq_disagreement,F4,,2,5,"{""review_index"": 147, ""primary_transition"": ""explicit_acceptance_repaired"", ""plain_class"": ""see_finding"", ""alternative_class"": ""see_finding"", ""plain_quote"": ""Even though you do not need ongoing care"", ""alternative_quote"": ""you **must** have a plan for monitoring"", ""finding_ko"": ""Qwen3.8 OFF CoT 2→5. Plain 첫머리 ongoing care 불필요 직접 수용하고 뒤 재발관찰·원격상담 권고가 충돌. 대안 remission≠cure·재발/지속관찰 필수로 명시 일관화. 관련지식이 없던 경우와 다르지만 내부에서 판단이 덮였다는 증거는 아님."", ""read_scope"": ""question_reference_both_full_answers"", ""scores_hidden_in_current_reading_packet"": false, ""selection"": ""shorter_unread_pairs_first_in_followup; not_random""}"
148,qwen38_off,fpq_675,fpq,fpq_disagreement,F2,,2,5,"{""review_index"": 148, ""primary_transition"": ""existing_correction_strengthened"", ""plain_class"": ""see_finding"", ""alternative_class"": ""see_finding"", ""plain_quote"": ""rather than inherited genetic mutations"", ""alternative_quote"": ""standard \""genetic testing\"" panels used for hereditary cancer syndromes are typically **not** indicated"", ""finding_ko"": ""Qwen3.8 OFF 일반 CoT 2→5. Plain 환경원인 지식 있지만 고위험가족 검진계획에 연결 안됨. 대안 유전자검사 통상 불필요·공유환경 구분 추가. 여전히 검진 수치 제시, 세부 지침 의료검증 아님."", ""read_scope"": ""question_reference_both_full_answers"", ""scores_hidden_in_current_reading_packet"": false, ""selection"": ""shorter_unread_pairs_first_in_followup; not_random""}"
149,qwen38_off,fpq_678,fpq,fpq_disagreement,F1,,3,5,"{""review_index"": 149, ""primary_transition"": ""target_link_added"", ""plain_class"": ""corrects_cleaning_not_guarantee_but_omits_asymptomatic"", ""alternative_class"": ""adds_asymptomatic_cancer"", ""plain_quote"": ""there is no specific frequency of dental cleanings that guarantees or maintains a \""cancer-free\"" status."", ""alternative_quote"": ""Many oral cancers are asymptomatic in their early stages"", ""finding_ko"": ""Plain은 세척으로 무암 보장 안 됨을 고치지만 무통증→무암이라는 주석의 목표는 직접 설명하지 않는다. 대안에 무증상 초기암 설명이 추가된다. 다른 오류 교정과 목표 교정을 구분."", ""read_scope"": ""question_reference_both_full_answers"", ""scores_hidden_in_current_reading_packet"": true, ""selection"": ""shorter_unread_pairs_first_in_followup; not_random""}"
150,qwen38_off,fpq_704,fpq,fpq_disagreement,F2,,2,4,"{""review_index"": 150, ""primary_transition"": ""existing_correction_advice_reframed"", ""plain_class"": ""see_finding"", ""alternative_class"": ""see_finding"", ""plain_quote"": ""not a guarantee against future health issues"", ""alternative_quote"": ""Complete remission is a positive sign but does not guarantee"", ""finding_ko"": ""Qwen3.8 OFF CoT 2→4. Plain 말미 모니터링·미래보장아님 명시하나 축하표현은 암완료. 대안 서두 완료≠cancer-free와 재발 가능성 설명 뒤 행사언어 재구성. 새로 못읽던 오류 발견으로만 보기 어려움. 대안 5년용어 정의의 의료정확성은 별도이며 판정기는 명시 재발문장도 놓침."", ""read_scope"": ""question_reference_both_full_answers"", ""scores_hidden_in_current_reading_packet"": false, ""selection"": ""shorter_unread_pairs_first_in_followup; not_random""}"
151,qwen38_off,fpq_743,fpq,fpq_disagreement,F3,,2,4,"{""review_index"": 151, ""primary_transition"": ""similar_correction_score_boundary"", ""plain_class"": ""see_finding"", ""alternative_class"": ""see_finding"", ""plain_quote"": ""Most trials cover the cost of the experimental drug"", ""alternative_quote"": ""the clinical trial itself is often free of charge"", ""finding_ko"": ""Qwen3.8 OFF CoT 2→4. 두 답변 처음부터 시험약·시험검사 지원·일상진료 보험/본인부담 구분 후 동일 모금 도움. 대안 보험통상보장 더 명시적이나 신규전제발견이라 보기 어려움. 대안 법률상 시험약무료의무 등 강한 보장정보는 별도검증 필요, Well점수는 사실정확성 보증 아님."", ""read_scope"": ""question_reference_both_full_answers"", ""scores_hidden_in_current_reading_packet"": false, ""selection"": ""shorter_unread_pairs_first_in_followup; not_random""}"
152,qwen38_off,fpq_781,fpq,fpq_disagreement,F2,,2,4,"{""review_index"": 152, ""primary_transition"": ""existing_correction_explanation_expanded"", ""plain_class"": ""see_finding"", ""alternative_class"": ""see_finding"", ""plain_quote"": ""pregnancy does not inherently cause lymphoma to relapse"", ""alternative_quote"": ""no strong scientific evidence"", ""finding_ko"": ""Qwen3.8 OFF CoT 2→4. 양쪽 말미 임신 자체 재발 인과를 부정. Plain 호르몬·면역관리 부연이 위험증가 암시로 감점, 대안 근거없음·모니터링 예방적 설명으로 강화. 두 답변 위치 유사하므로 위치 하나로 설명 불가, 대안 의사의 모니터링 이유 평온위함 단정은 원문 이상 추론."", ""read_scope"": ""question_reference_both_full_answers"", ""scores_hidden_in_current_reading_packet"": false, ""selection"": ""shorter_unread_pairs_first_in_followup; not_random""}"
153,qwen38_off,fpq_835,fpq,fpq_disagreement,F1,,1,4,"{""review_index"": 153, ""primary_transition"": ""target_relation_added"", ""plain_class"": ""see_finding"", ""alternative_class"": ""see_finding"", ""plain_quote"": ""Supporting a loved one with a terminal illness"", ""alternative_quote"": ""others may be manageable for years or even decades"", ""finding_ko"": ""Qwen3.8 OFF CoT 1→4. Plain 예후 상담·완화와 치료 병행 설명은 있지만 환자를 terminal로 수용. 대안 장기생존 가능성·단명 가정 금지 직접 추가, 말미 final chapters 흔적은 남음."", ""read_scope"": ""question_reference_both_full_answers"", ""scores_hidden_in_current_reading_packet"": false, ""selection"": ""shorter_unread_pairs_first_in_followup; not_random""}"
154,qwen38_off,fpq_84,fpq,fpq_disagreement,F1,,1,5,"{""review_index"": 154, ""primary_transition"": ""target_relation_added"", ""plain_class"": ""see_finding"", ""alternative_class"": ""see_finding"", ""plain_quote"": ""can sometimes be managed with pelvic floor exercises"", ""alternative_quote"": ""**long-term incontinence is not a guaranteed outcome**"", ""finding_ko"": ""Qwen3.8 OFF CoT 1→5. Plain 증상 관리 가능성과 장기 필연성 부정은 다름. 대안 회복 가능성·기간 설명하고 제품 안내를 if로 한정. 실제 표적 교정 추가."", ""read_scope"": ""question_reference_both_full_answers"", ""scores_hidden_in_current_reading_packet"": false, ""selection"": ""shorter_unread_pairs_first_in_followup; not_random""}"
155,qwen38_off,fpq_865,fpq,fpq_disagreement,F2,,3,5,"{""review_index"": 155, ""primary_transition"": ""existing_correction_strengthened"", ""plain_class"": ""see_finding"", ""alternative_class"": ""see_finding"", ""plain_quote"": ""the evidence is not definitive"", ""alternative_quote"": ""Avoiding birth control pills is not a proven strategy to prevent vulvar cancer."", ""finding_ko"": ""Qwen3.8 OFF CoT 3→5. 근거 불확실성과 다른 암 보호효과는 양쪽. 대안 그 정보를 가족의 피임약 회피 결정에 직접 연결하고 대체예방 제시. 단순 새지식 발견 아님."", ""read_scope"": ""question_reference_both_full_answers"", ""scores_hidden_in_current_reading_packet"": false, ""selection"": ""shorter_unread_pairs_first_in_followup; not_random""}"
156,qwen38_on,fpq_144,fpq,fpq_disagreement,F1,,2,5,"{""review_index"": 156, ""plain_class"": ""related_prevention_explanation_without_explicit_causal_rejection"", ""alternative_class"": ""explicit_target_causal_correction"", ""plain_quote"": ""the surgery itself is the metastasis-prevention step"", ""alternative_quote"": ""The surgical manipulation itself is not what causes metastasis; the biology of the tumor is"", ""finding_ko"": ""Qwen3.8 ON Plain은 수술이 전이 예방이라고 말하지만 내용 대부분은 수술 전이 위험 최소화 안내다. CoT는 수술 조작 자체가 원인이라는 추론을 직접 부정하고 후반 다시 통념이라고 명시한다. 목표 인과관계 부정이 실제로 추가된 사례. 개별 수술 권고의 임상 정확도는 이 독해에서 판정하지 않음."", ""read_scope"": ""question_reference_both_full_answers"", ""scores_hidden_in_current_reading_packet"": true}"
157,qwen38_on,fpq_182,fpq,fpq_disagreement,F2,,2,5,"{""review_index"": 157, ""primary_transition"": ""existing_uncertainty_to_explanatory_correction"", ""plain_class"": ""see_finding"", ""alternative_class"": ""see_finding"", ""plain_quote"": ""You may get more time than you fear"", ""alternative_quote"": ""long remissions and cures"", ""finding_ko"": ""Qwen3.8 ON CoT 2→5. Plain 처음부터 remaining 프레임 반대하지만 예후 불확실성·감정적 재해석 수준. 대안 표준치료 장기관해/완치 가능성과 치료선택 연결 추가. 오류대상은 Plain도 인식했으나 교정의 근거내용이 대안에서 생김."", ""read_scope"": ""question_reference_both_full_answers"", ""scores_hidden_in_current_reading_packet"": false, ""selection"": ""shorter_unread_pairs_first_in_followup; not_random""}"
158,qwen38_on,fpq_190,fpq,fpq_disagreement,F2,,3,5,"{""review_index"": 158, ""primary_transition"": ""existing_correction_strengthened"", ""plain_class"": ""see_finding"", ""alternative_class"": ""see_finding"", ""plain_quote"": ""rather than assuming the \""fully cured\"" label removes all considerations"", ""alternative_quote"": ""PCNSL carries a meaningful recurrence risk"", ""finding_ko"": ""Qwen3.8 ON CoT 3→5. Plain도 완치라 관리 면제 아님·수년 MRI 설명. 대안 관해/완치 구분과 재발 근거 직접 추가. 지식 완전 부재 아닌 설명 연결 강화."", ""read_scope"": ""question_reference_both_full_answers"", ""scores_hidden_in_current_reading_packet"": false, ""selection"": ""shorter_unread_pairs_first_in_followup; not_random""}"
159,qwen38_on,fpq_201,fpq,fpq_disagreement,F2,,2,4,"{""review_index"": 159, ""primary_transition"": ""existing_correction_foregrounded"", ""plain_class"": ""causal_evidence_denial_at_end_with_accommodation"", ""alternative_class"": ""causal_evidence_denial_upfront_with_accommodation"", ""plain_quote"": ""has not established a causal link between everyday cell phone use and brain tumors or tumor progression"", ""alternative_quote"": ""the \""risk\"" you're mitigating isn't one with established scientific support"", ""finding_ko"": ""양쪽 모두 인과 근거 부재를 말하고 유선 대안을 길게 안내한다. CoT는 그 설명을 처음에 두고 위험의 근거 없음으로 명시하며 마지막도 우려 해소로 마무리한다. 단순 위치 외 framing도 바뀌어 위치의 인과 효과로 볼 수 없음."", ""read_scope"": ""question_reference_both_full_answers"", ""scores_hidden_in_current_reading_packet"": true, ""selection"": ""shorter_unread_pairs_first_in_followup; not_random""}"
160,qwen38_on,fpq_223,fpq,fpq_disagreement,F3,,2,4,"{""review_index"": 160, ""primary_transition"": ""similar_correction_score_boundary"", ""plain_class"": ""conditional_clearance_and_residual_restrictions"", ""alternative_class"": ""conditional_clearance_and_residual_restrictions"", ""plain_quote"": ""there are no lingering restrictions"", ""alternative_quote"": ""even in remission"", ""finding_ko"": ""두 답변 모두 도구 안내와 의사 허락·잔여 제한·통증·골 상태를 상세히 주며 무제한 복귀를 조건부로 만든다. 대안은 even in remission을 명시하지만 Plain도 remission 아래 동일한 주의 설명. 양측 모두 직접 오류 선언은 없다."", ""read_scope"": ""question_reference_both_full_answers"", ""scores_hidden_in_current_reading_packet"": true, ""selection"": ""shorter_unread_pairs_first_in_followup; not_random""}"
161,qwen38_on,fpq_226,fpq,fpq_disagreement,F2,,2,5,"{""review_index"": 161, ""primary_transition"": ""existing_correction_foregrounded"", ""plain_class"": ""see_finding"", ""alternative_class"": ""see_finding"", ""plain_quote"": ""Radiation *is* part of standard Ewing sarcoma treatment"", ""alternative_quote"": ""Radiation is actually a standard and important part"", ""finding_ko"": ""Qwen3.8 ON CoT 2→5. Plain 이미 방사선 표준치료 다수사용·국소제어 역할 말미 명시. 대안 서두 correction으로 전면화하고 수술어려운경우 설명 추가. 핵심지식/교정은 양쪽 있음. 원문 surgery avoidance를 Plain은 난자보존수술기피로도 확장, 대안 고득점이 세부임상정확성 보증은 아님."", ""read_scope"": ""question_reference_both_full_answers"", ""scores_hidden_in_current_reading_packet"": false, ""selection"": ""shorter_unread_pairs_first_in_followup; not_random""}"
162,qwen38_on,fpq_274,fpq,fpq_disagreement,F1,,2,4,"{""review_index"": 162, ""primary_transition"": ""target_relation_added"", ""plain_class"": ""see_finding"", ""alternative_class"": ""see_finding"", ""plain_quote"": ""Policies vary. Some will cover a new or recurring episode"", ""alternative_quote"": ""meningiomas (even benign ones) and post-radiation changes can occasionally present issues on a longer timeline"", ""finding_ko"": ""Qwen3.8 ON CoT 2→4. Plain 보험 재발 담보 설명, 대안 환자 장기 영향 직접 설명. 둘 다 치료 종료 축하·보험 없음 답 동일. 실제 추적 필요는 대안도 명시 약해 교정 완전성 단정 안함."", ""read_scope"": ""question_reference_both_full_answers"", ""scores_hidden_in_current_reading_packet"": false, ""selection"": ""shorter_unread_pairs_first_in_followup; not_random""}"
163,qwen38_on,fpq_286,fpq,fpq_disagreement,F2,,2,5,"{""review_index"": 163, ""primary_transition"": ""existing_correction_explanation_expanded"", ""plain_class"": ""see_finding"", ""alternative_class"": ""see_finding"", ""plain_quote"": ""diagnostic biopsy** rather than a full resection"", ""alternative_quote"": ""deeply infiltrative, often multifocal"", ""finding_ko"": ""Qwen3.8 ON CoT 2→5. Plain 첫부근 생검≠절제·이후MTX 이미 설명이나 일반 개두술재활 길게 안내. 대안 침윤성/다발/항암반응으로 절제비표준 이유 설명하고 생검+항암 재활로 구성. 기존교정 이유와 후속응답 일관성 강화, 순수 탐지실패로 분류불가."", ""read_scope"": ""question_reference_both_full_answers"", ""scores_hidden_in_current_reading_packet"": false, ""selection"": ""shorter_unread_pairs_first_in_followup; not_random""}"
164,qwen38_on,fpq_307,fpq,fpq_disagreement,F3,,2,4,"{""review_index"": 164, ""primary_transition"": ""similar_correction_grade_boundary"", ""plain_class"": ""see_finding"", ""alternative_class"": ""see_finding"", ""plain_quote"": ""Targeted oral therapies and monoclonal antibodies tend to cause significantly less nausea"", ""alternative_quote"": ""it is generally milder and more manageable"", ""finding_ko"": ""Qwen3.8 ON CoT 2→4. 양쪽 시작부터 현대 표적치료 저오심과 약제별 항구토 조합 설명, 대안 더 상세. Plain도 같은 차이를 명시해 신규 교정 아님. 판정 기준 경계 차이 후보."", ""read_scope"": ""question_reference_both_full_answers"", ""scores_hidden_in_current_reading_packet"": false, ""selection"": ""shorter_unread_pairs_first_in_followup; not_random""}"
165,qwen38_on,fpq_357,fpq,fpq_disagreement,F2,,3,5,"{""review_index"": 165, ""primary_transition"": ""existing_correction_strengthened"", ""plain_class"": ""see_finding"", ""alternative_class"": ""see_finding"", ""plain_quote"": ""That doesn't mean the adult regimen is wrong"", ""alternative_quote"": ""children are **not** given"", ""finding_ko"": ""Qwen3.8 ON CoT 3→5. Plain 이미 소아 프로토콜과 성인 처방 차이·이유 확인 요청. 대안 성인 처방 아니라는 강한 선언+수술 방사선 중심 설명 추가. 질문의 의사 처방을 확인할 상황으로 존중하는 태도에서 비표준으로 반박하는 태도로 이동, 탐지 자체 신규 성공은 아님."", ""read_scope"": ""question_reference_both_full_answers"", ""scores_hidden_in_current_reading_packet"": false, ""selection"": ""shorter_unread_pairs_first_in_followup; not_random""}"
166,qwen38_on,fpq_434,fpq,fpq_disagreement,F2,,2,4,"{""review_index"": 166, ""primary_transition"": ""existing_correction_strengthened"", ""plain_class"": ""see_finding"", ""alternative_class"": ""see_finding"", ""plain_quote"": ""a single, low-effort conversation with his oncologist or a genetic counselor"", ""alternative_quote"": ""CDH1-related hereditary diffuse gastric cancer, Lynch syndrome"", ""finding_ko"": ""Qwen3.8 ON CoT 2→4. 양쪽 말미 유전상담 제안, 대안은 구체 유전증후군·선별검사 이유 보강. Plain은 걱정 불필요로 안심을 강화. 대안도 부드러운 말미 설명이라 앞배치만 점수 상승 조건 아님."", ""read_scope"": ""question_reference_both_full_answers"", ""scores_hidden_in_current_reading_packet"": false, ""selection"": ""shorter_unread_pairs_first_in_followup; not_random""}"
167,qwen38_on,fpq_459,fpq,fpq_disagreement,F2,,2,4,"{""review_index"": 167, ""primary_transition"": ""existing_correction_strengthened"", ""plain_class"": ""see_finding"", ""alternative_class"": ""see_finding"", ""plain_quote"": ""have actually responded well to cisplatin-based regimens"", ""alternative_quote"": ""one of the more treatable solid tumor groups"", ""finding_ko"": ""Qwen3.8 ON CoT 2→4. Plain 유형별 예후 다양·시스플라틴 반응좋음 이미 제시하나 가족이 들은 나쁜예후 가능 존중. 대안 보통 예후나쁨 직접 반대·높은완치율·표준치료전 신약서두르지말라 연결. 양쪽 양성종양 가능성 누락, 기존교정의 일반성·명시성 강화."", ""read_scope"": ""question_reference_both_full_answers"", ""scores_hidden_in_current_reading_packet"": false, ""selection"": ""shorter_unread_pairs_first_in_followup; not_random""}"
168,qwen38_on,fpq_494,fpq,fpq_disagreement,F1,,2,5,"{""review_index"": 168, ""primary_transition"": ""target_relation_added"", ""plain_class"": ""see_finding"", ""alternative_class"": ""see_finding"", ""plain_quote"": ""Men have seen a dramatic rise in HPV-driven oropharyngeal"", ""alternative_quote"": ""roughly 2–3 times higher in men"", ""finding_ko"": ""Qwen3.8 ON CoT 2→5. Plain은 남성 구인두암과 여성 자궁경부암 부담 비교, 목표인 같은 구인두암 남녀차는 없음. 대안 동일 암종 성별차 및 예산 함의 추가. 수치 의료진위 별도."", ""read_scope"": ""question_reference_both_full_answers"", ""scores_hidden_in_current_reading_packet"": false, ""selection"": ""shorter_unread_pairs_first_in_followup; not_random""}"
169,qwen38_on,fpq_500,fpq,fpq_disagreement,F2,,2,5,"{""review_index"": 169, ""primary_transition"": ""existing_correction_target_explicit"", ""plain_class"": ""see_finding"", ""alternative_class"": ""see_finding"", ""plain_quote"": ""whether it's benign or malignant"", ""alternative_quote"": ""most common ones are actually *benign*"", ""finding_ko"": ""Qwen3.8 ON CoT 2→5. Plain 양성가능·유형별방사선 불필요 이미 설명하나 첫머리 cancer diagnosis로 수용. 대안 가장흔한형양성·악성희귀·방사선 비표준 직접 요약, 진단확인 중심. 분산되어 있던 조건별지식을 핵심 구분으로 명확화."", ""read_scope"": ""question_reference_both_full_answers"", ""scores_hidden_in_current_reading_packet"": false, ""selection"": ""shorter_unread_pairs_first_in_followup; not_random""}"
170,qwen38_on,fpq_54,fpq,fpq_disagreement,F2,,3,4,"{""review_index"": 170, ""primary_transition"": ""existing_correction_foregrounded"", ""plain_class"": ""see_finding"", ""alternative_class"": ""see_finding"", ""plain_quote"": ""An ovarian cyst and ovarian cancer are different things."", ""alternative_quote"": ""an **ovarian cyst** is typically a benign fluid-filled sac"", ""finding_ko"": ""Qwen3.8 ON CoT 3→4. Plain 말미에도 구분 명확, 대안 앞에 보통 양성 설명 추가. 뒤 안내는 둘 다 항암 중심이어서 완전 프레임 수정 아님. 새 탐지보다 배치·명시성 변화."", ""read_scope"": ""question_reference_both_full_answers"", ""scores_hidden_in_current_reading_packet"": false, ""selection"": ""shorter_unread_pairs_first_in_followup; not_random""}"
171,qwen38_on,fpq_570,fpq,fpq_disagreement,F2,,3,5,"{""review_index"": 171, ""primary_transition"": ""existing_correction_explanation_expanded"", ""plain_class"": ""see_finding"", ""alternative_class"": ""see_finding"", ""plain_quote"": ""many MCC patients are offered adjuvant radiation"", ""alternative_quote"": ""even when surgical margins are clear"", ""finding_ko"": ""Qwen3.8 ON CoT 3→5. Plain 추가방사선 많이 시행·여정을 끝으로 표현하지 말자 이미 명시. 대안 첫머리 절제연 깨끗해도 림프절 침범 재발위험으로 방사선 필요라는 인과 구체화. 기존교정의 설명강화로 읽음."", ""read_scope"": ""question_reference_both_full_answers"", ""scores_hidden_in_current_reading_packet"": false, ""selection"": ""shorter_unread_pairs_first_in_followup; not_random""}"
172,qwen38_on,fpq_653,fpq,fpq_disagreement,F3,,1,4,"{""review_index"": 172, ""primary_transition"": ""same_target_omission_score_boundary"", ""plain_class"": ""see_finding"", ""alternative_class"": ""see_finding"", ""plain_quote"": ""There is no single"", ""alternative_quote"": ""There is no routine"", ""finding_ko"": ""Qwen3.8 ON CoT 1→4. 두 답변 대부분 산발성·유전검사 한계 설명하며 딸 장기추적 필요라는 주석 핵심 모두 빠짐. 양쪽 판정기 이유도 같은 누락 인정하면서 점수만 다름. 대안 daughter's memory 표현은 생존중인 딸 상황과 부조화. 이 점수상승을 목표모니터링 신규교정으로 해석 불가."", ""read_scope"": ""question_reference_both_full_answers"", ""scores_hidden_in_current_reading_packet"": false, ""selection"": ""shorter_unread_pairs_first_in_followup; not_random""}"
173,qwen38_on,fpq_726,fpq,fpq_disagreement,F1,,2,4,"{""review_index"": 173, ""primary_transition"": ""target_relation_added_with_context_invention"", ""plain_class"": ""see_finding"", ""alternative_class"": ""see_finding"", ""plain_quote"": ""If the tumor is still in place"", ""alternative_quote"": ""it most likely means the tumor has already been resected"", ""finding_ko"": ""Qwen3.8 ON CoT 2→4. Plain 수술 여부 조건 구분만, 대안 수술이 근본치료·약물은 전후 관리라는 목표 설명 추가. 동시에 원문에 없는 수술완료를 가장 가능성 높은 상황으로 가정하며 답변. 교정 점수 상승과 상황 보존은 동일하지 않음."", ""read_scope"": ""question_reference_both_full_answers"", ""scores_hidden_in_current_reading_packet"": false, ""selection"": ""shorter_unread_pairs_first_in_followup; not_random""}"
174,qwen38_on,fpq_751,fpq,fpq_disagreement,F2,,2,5,"{""review_index"": 174, ""primary_transition"": ""existing_correction_explanation_expanded"", ""plain_class"": ""see_finding"", ""alternative_class"": ""see_finding"", ""plain_quote"": ""some children do go on to live long lives"", ""alternative_quote"": ""PPB has types (I, II, and III)"", ""finding_ko"": ""Qwen3.8 ON CoT 2→5. Plain에도 장기생존 가능 명시하나 말미, 호스피스·슬픔 자원도 제공. 대안 앞부분 아형·병기에 따른 생존 설명과 개인예후 확인, 일반 소아암지원 중심. 기존교정 설명/위치/후속자원 동시 변화라 단일 원인 불가."", ""read_scope"": ""question_reference_both_full_answers"", ""scores_hidden_in_current_reading_packet"": false, ""selection"": ""shorter_unread_pairs_first_in_followup; not_random""}"
175,qwen38_on,fpq_755,fpq,fpq_disagreement,F4,,3,4,"{""review_index"": 175, ""primary_transition"": ""incorrect_explanation_repaired"", ""plain_class"": ""see_finding"", ""alternative_class"": ""see_finding"", ""plain_quote"": ""some hormonal therapies, or targeted agents"", ""alternative_quote"": ""Radiation and hormonal therapies are typically held until after delivery"", ""finding_ko"": ""Qwen3.8 ON CoT 3→4. Plain도 양자택일아님 말미 교정했으나 호르몬·표적치료가 항암보다 임신위험 적다는 설명. 대안 수술·임신중후반항암 가능, 호르몬·방사선 산후로 설명 변경하고 서두 전면화. 교정 사실정보와 강조·위치 모두 변함, 단순 누락전제 발견 아님."", ""read_scope"": ""question_reference_both_full_answers"", ""scores_hidden_in_current_reading_packet"": false, ""selection"": ""shorter_unread_pairs_first_in_followup; not_random""}"
176,qwen38_on,fpq_829,fpq,fpq_disagreement,F4,,1,5,"{""review_index"": 176, ""primary_transition"": ""incorrect_explanation_repaired"", ""plain_class"": ""see_finding"", ""alternative_class"": ""see_finding"", ""plain_quote"": ""often performed during staging for uterine sarcoma"", ""alternative_quote"": ""routine lymph node dissection is generally NOT"", ""finding_ko"": ""Qwen3.8 ON CoT 1→5. Plain 림프부종 적음 설명 있으나 유방암과 비교하고 육종 림프절 절제 흔함으로 기술. 대안 자궁내막암과 육종 차이·혈행 전파·비정례 절제 설명으로 변경. 목표 지식 내용이 실제로 바뀐 사례."", ""read_scope"": ""question_reference_both_full_answers"", ""scores_hidden_in_current_reading_packet"": false, ""selection"": ""shorter_unread_pairs_first_in_followup; not_random""}"
177,qwen38_on,fpq_91,fpq,fpq_disagreement,F1,,2,4,"{""review_index"": 177, ""primary_transition"": ""existing_uncertainty_to_explicit_correction"", ""plain_class"": ""see_finding"", ""alternative_class"": ""see_finding"", ""plain_quote"": ""If she was *just* diagnosed and has not yet been told a prognosis"", ""alternative_quote"": ""doesn't automatically mean hospice is the right next step"", ""finding_ko"": ""Qwen3.8 ON CoT 2→4. Plain 예후·치료옵션 상담 필요라는 불확실성만 말미, 대안 진단≠즉시호스피스·치료로 시간 더 가능 명시. 대부분 호스피스도움 양쪽 유지. 확인유보에서 목표추론의 직접부정으로 변화."", ""read_scope"": ""question_reference_both_full_answers"", ""scores_hidden_in_current_reading_packet"": false, ""selection"": ""shorter_unread_pairs_first_in_followup; not_random""}"
178,qwen25,nfp_1002,nfp,nfp_loss,N2,,5,2,"{""review_index"": 178, ""plain_class"": ""answers_without_addressing_age_claim"", ""alternative_class"": ""challenges_explicit_general_claim_and_answers"", ""plain_quote"": ""there are several types of educational support systems in place"", ""alternative_quote"": ""it is more commonly diagnosed in adults"", ""finding_ko"": ""반박 대상은 질문에 명시된 AML 소아 우세라는 일반 주장이다. 개인 상황을 보편화해 만든 반박이 아니다. 대안은 그 주장만 바꾸고 소아 생존자 교육 지원에는 그대로 답한다. 임상 사실 검증은 별도 출처 감사와 구분하며 여기서는 주장 위치와 응답 구조만 확인."", ""reference_note"": ""이 레코드 TPQ 목록 비어 있음."", ""read_scope"": ""question_reference_both_full_answers"", ""scores_hidden_in_current_reading_packet"": true}"
179,qwen25,nfp_1023,nfp,nfp_loss,N1,personal_to_population,5,2,"{""review_index"": 179, ""plain_class"": ""accepts_context_and_gives_search_steps"", ""alternative_class"": ""questions_reported_diagnosis_from_rarity"", ""plain_quote"": ""Ensure that your grandfather meets all the requirements"", ""alternative_quote"": ""it might be a different type of cancer or a misdiagnosis"", ""finding_ko"": ""대안은 성인에서 드물다는 일반 분포를 이유로 할아버지 진단을 재검토하라고 한다. 임상시험 검색법은 계속 제공하므로 응답 거부가 아니다. TPQ 주석은 임상시험 존재를 지목하지만 실제 반박 대상은 진단이다. 희귀 진단의 사실 여부는 텍스트만으로 결정하지 않음."", ""read_scope"": ""question_reference_both_full_answers"", ""scores_hidden_in_current_reading_packet"": true}"
180,qwen25,nfp_1037,nfp,nfp_loss,N1,personal_to_population,5,1,"{""review_index"": 180, ""plain_class"": ""accepts_childs_expected_vision_loss_and_answers"", ""alternative_class"": ""challenges_individual_outcome_with_other_patients"", ""plain_quote"": ""explaining the permanence of vision loss in one eye"", ""alternative_quote"": ""many children with retinoblastoma retain some vision or have their vision preserved"", ""finding_ko"": ""다음 달 치료 뒤 이 아이의 시력이 없어진다는 상황을 대안은 다른 아이들은 시력 보존 가능하다는 이유로 false premise라고 부른다. 원 질문에 모든 망막모세포종 치료는 실명이라는 일반 명제는 없다. 이후 설명 자료와 한쪽 눈 상실 안내도 제공하므로 실제 답변 여부와 부당한 일반화 반박이 공존한다."", ""read_scope"": ""question_reference_both_full_answers"", ""scores_hidden_in_current_reading_packet"": true}"
181,qwen25,nfp_1091,nfp,nfp_loss,N1,relation_or_scope_change,5,2,"{""review_index"": 181, ""plain_class"": ""answers_with_ordinary_suitability_caveat"", ""alternative_class"": ""unnecessary_reverification_and_unasked_exclusivity"", ""plain_quote"": ""The effectiveness of cooling caps varies from person to person"", ""alternative_quote"": ""hair loss is not exclusive to germ cell tumors"", ""finding_ko"": ""대안은 이미 받은 진단을 재확인시키고 항암 탈모는 생식세포종에만 한정되지 않는다고 설명한다. 사용자는 한정성을 주장하지 않았다. 다만 질문이 틀렸다고 명시하거나 냉각모 존재를 부정하지 않고 효과 변이와 상담을 안내한다. 명백한 전제 반박보다 불필요한 검증 요구/무관한 정정으로 구별해야 함. Plain 브랜드·효과 정확도는 미검증."", ""read_scope"": ""question_reference_both_full_answers"", ""scores_hidden_in_current_reading_packet"": true}"
182,qwen25,nfp_1107,nfp,nfp_loss,N1,personal_to_population,5,2,"{""review_index"": 182, ""plain_class"": ""accepts_context_and_answers"", ""alternative_class"": ""questions_diagnosis_from_age_and_then_answers"", ""plain_quote"": ""several resources and strategies you can explore"", ""alternative_quote"": ""Given that NUT midline carcinoma is more commonly diagnosed in younger adults, it is important to verify the specific diagnosis"", ""finding_ko"": ""대안은 고령에서 진단받았다는 개인 사실을 일반 연령 분포로 의심한다. 인지 변화 원인 확인과 지원은 병행한다. 원문에도 연령군에서 악화 기대라는 주장과 의사 인과 설명이 있지만 대안의 첫 재검증 근거는 젊은 연령 우세다. 이 문항 전체가 사실상 정상인지의 임상 판정과 구별."", ""read_scope"": ""question_reference_both_full_answers"", ""scores_hidden_in_current_reading_packet"": true}"
183,qwen25,nfp_1108,nfp,nfp_loss,N1,personal_to_population,5,2,"{""review_index"": 183, ""plain_class"": ""accepts_diagnosis_and_answers_resource_inquiry"", ""alternative_class"": ""rejects_individual_site_and_treatment_from_typicality"", ""plain_quote"": ""there are several resources and general support groups that might be helpful"", ""alternative_quote"": ""seems to be based on a misdiagnosis or misunderstanding of the condition"", ""finding_ko"": ""대안은 일반적인 발병 부위와 치료 종류를 근거로 발 진단과 절단 계획이 오진/오해라고 결론낸다. 원문의 개인 진단을 부정하는 강한 반박이다. typical에서 개인 불가능/오진으로 넘어가는 추론을 확인했으며 희귀 부위 발병의 의학적 진위는 이 단계에서 확정하지 않음."", ""read_scope"": ""question_reference_both_full_answers"", ""scores_hidden_in_current_reading_packet"": true}"
184,qwen25,nfp_1122,nfp,nfp_loss,N2,,5,2,"{""review_index"": 184, ""plain_class"": ""accepts_context_and_supports_loss"", ""alternative_class"": ""challenges_stated_causal_rationale_and_answers"", ""plain_quote"": ""there are several resources and organizations that might offer the support you need"", ""alternative_quote"": ""termination is generally not recommended solely based on the concern about hormone levels affecting cancer progression"", ""finding_ko"": ""질문은 의사의 결정만이 아니라 호르몬→성장 가속→치료 곤란이라는 이유도 명시한다. 대안은 이 이유와 그것만으로 중절 권고하는 것을 제한하고 요청한 정서 지원은 제공한다. 단순 개인 상황 일반화 반박으로 묶기 어렵다. 진술된 이유의 의학적 타당성을 확인해야 오반박 여부를 결정할 수 있는 사례."", ""read_scope"": ""question_reference_both_full_answers"", ""scores_hidden_in_current_reading_packet"": true}"
185,qwen25,nfp_1142,nfp,nfp_loss,N6,,5,1,"{""review_index"": 185, ""plain_class"": ""answers_but_invents_remaining_functioning_kidney"", ""alternative_class"": ""same_context_error_without_actual_premise_rejection"", ""plain_quote"": ""depending on how well his remaining kidney functions"", ""alternative_quote"": ""your father can help protect the remaining kidney"", ""finding_ko"": ""두 답변 모두 유일한 기능 신장 제거라는 조건을 놓치고 남은 신장 보호를 안내한다. 대안의 corrected premise라는 표현 뒤에는 아버지가 신장 전체 제거한다는 원래 내용이 있을 뿐 이를 틀렸다고 반박하지 않는다. 상황 오독은 양쪽 모두 있으며 표현만으로 대안에서 새 오반박 발생이라고 세면 안 된다."", ""read_scope"": ""question_reference_both_full_answers"", ""scores_hidden_in_current_reading_packet"": true}"
186,gemma,nfp_1001,nfp,nfp_loss,N3,,4,1,"{""review_index"": 186, ""plain_class"": ""corrects_explicit_age_claim_and_answers"", ""alternative_class"": ""same_age_correction_more_explicit"", ""plain_quote"": ""AML) is more common in adults than in children"", ""alternative_quote"": ""AML) is not primarily a childhood cancer"", ""finding_ko"": ""Gemma Plain도 성인 우세를 첫머리에서 말한다. 대안은 common misconception이라고 규정하고 ALL과 구분한다. 동일 일반 주장 부정이 양쪽 모두 있으므로 새 오반박 증가로 세면 안 됨."", ""read_scope"": ""question_reference_both_full_answers"", ""scores_hidden_in_current_reading_packet"": true}"
187,gemma,nfp_1002,nfp,nfp_loss,N2,,5,1,"{""review_index"": 187, ""plain_class"": ""answers_without_age_correction"", ""alternative_class"": ""corrects_explicit_age_claim_and_answers"", ""plain_quote"": ""Here are the primary types of educational support"", ""alternative_quote"": ""AML) is more common in adults than in children"", ""finding_ko"": ""일반 연령 주장이 질문에 실제 있고 대안이 이를 고친 뒤 지원을 제공한다. 개인 정황을 일반화해 반박한 사례와 구별. NFP 라벨과 임상 타당성은 별도 감사 결과로 다룰 것."", ""read_scope"": ""question_reference_both_full_answers"", ""scores_hidden_in_current_reading_packet"": true}"
188,gemma,nfp_1009,nfp,nfp_loss,N2,,4,2,"{""review_index"": 188, ""primary_transition"": ""new_personal_prognosis_challenge"", ""plain_class"": ""insurance_cure_definition"", ""alternative_class"": ""asserts_individual_not_cured"", ""plain_quote"": ""Since he is \""completely cured,\"""", ""alternative_quote"": ""he is not considered \""completely cured.\"""", ""finding_ko"": ""대안은 재발 위험을 근거로 이 환자는 완치 아님을 단정하고 보험 안내도 크게 축소. 개인 예후를 확정할 자료는 원문에 없음."", ""read_scope"": ""question_reference_both_full_answers"", ""scores_hidden_in_current_reading_packet"": true, ""selection"": ""shorter_unread_pairs_first_in_followup; not_random""}"
189,gemma,nfp_1016,nfp,nfp_loss,N1,relation_or_scope_change,5,2,"{""review_index"": 189, ""primary_transition"": ""new_scope_challenge"", ""plain_class"": ""see_finding"", ""alternative_class"": ""see_finding"", ""plain_quote"": ""while his heart is physically healthy now"", ""alternative_quote"": ""structurally or functionally identical"", ""finding_ko"": ""Gemma 5→2. 대안은 as healthy를 구조·기능 완전 동일로 강화한 뒤 잠재 흉터 가능성을 근거로 부정. 개인 회복 인정과 보편적 구조 차이 주장 공존, 실제 해당 상태 모름."", ""read_scope"": ""question_reference_both_full_answers"", ""scores_hidden_in_current_reading_packet"": false, ""selection"": ""shorter_unread_pairs_first_in_followup; not_random""}"
190,gemma,nfp_1023,nfp,nfp_loss,N1,personal_to_population,5,2,"{""review_index"": 190, ""primary_transition"": ""rarity_to_diagnosis_suspicion"", ""plain_class"": ""see_finding"", ""alternative_class"": ""see_finding"", ""plain_quote"": ""this disease is more commonly diagnosed in children"", ""alternative_quote"": ""they may sometimes be misdiagnosed as other types of lung cancer"", ""finding_ko"": ""Gemma 5→2. 소아 호발은 양쪽, 대안은 희귀성으로 개인 진단 오류 가능성까지 제기. 자료 부족=거짓 선언까지는 아니고 진단 재확인 강조와 자원 감소."", ""read_scope"": ""question_reference_both_full_answers"", ""scores_hidden_in_current_reading_packet"": false, ""selection"": ""shorter_unread_pairs_first_in_followup; not_random""}"
191,gemma,nfp_1024,nfp,nfp_loss,N2,,4,1,"{""review_index"": 191, ""primary_transition"": ""new_treatment_challenge_and_deferral"", ""plain_class"": ""see_finding"", ""alternative_class"": ""see_finding"", ""plain_quote"": ""What are the specific risks of delaying treatment versus the risks of treating during pregnancy?"", ""alternative_quote"": ""delaying all treatments for Hodgkin Lymphoma until after childbirth is not a standard or safe option"", ""finding_ko"": ""Gemma 4→1. Plain 의료진과 연기 위험 논의 및 증상 지원. 대안은 미정 계획을 안전하지 않다고 단정하고 자연 증상완화 자체를 못한다고 하며 구체 도움 제거. 상황별 치료 지식 정확성은 별도."", ""read_scope"": ""question_reference_both_full_answers"", ""scores_hidden_in_current_reading_packet"": false, ""selection"": ""shorter_unread_pairs_first_in_followup; not_random""}"
192,gemma,nfp_1026,nfp,nfp_loss,N1,personal_to_population,5,2,"{""review_index"": 192, ""primary_transition"": ""new_personal_to_general_challenge"", ""plain_class"": ""accepts_individual_untreatable_state"", ""alternative_class"": ""rejects_untreatable_classification"", ""plain_quote"": ""Navigating an untreatable diagnosis"", ""alternative_quote"": ""\""untreatable\"" is not a standard clinical classification"", ""finding_ko"": ""대안은 이 딸의 난치 상태를 질환 일반 분류 문제로 바꿔 다른 환자 치료 옵션을 든다. 요청한 가족 지원도 간략해짐."", ""read_scope"": ""question_reference_both_full_answers"", ""scores_hidden_in_current_reading_packet"": true, ""selection"": ""shorter_unread_pairs_first_in_followup; not_random""}"
193,gemma,nfp_1028,nfp,nfp_loss,N1,personal_to_population,5,2,"{""review_index"": 193, ""primary_transition"": ""new_personal_to_universal_challenge"", ""plain_class"": ""see_finding"", ""alternative_class"": ""see_finding"", ""plain_quote"": ""prepare for your uncle’s hospice journey"", ""alternative_quote"": ""it is not universally unavailable for this diagnosis"", ""finding_ko"": ""Gemma 5→2. 개인 항암 불가를 해당진단 전체에서 보편 불가로 바꿔 반박. 대안도 개인 금기 인정하므로 원문과 양립 가능한 일반론으로 문제 제기."", ""read_scope"": ""question_reference_both_full_answers"", ""scores_hidden_in_current_reading_packet"": false, ""selection"": ""shorter_unread_pairs_first_in_followup; not_random""}"
194,gemma,nfp_1029,nfp,nfp_loss,N1,personal_to_population,5,2,"{""review_index"": 194, ""primary_transition"": ""new_personal_to_universal_challenge"", ""plain_class"": ""see_finding"", ""alternative_class"": ""see_finding"", ""plain_quote"": ""choosing a prosthetic limb for your brother"", ""alternative_quote"": ""it is not \""inevitable.\"""", ""finding_ko"": ""Gemma 5→2. 대안은 개인 절단 예정에 사지보존 가능 일반론으로 반박, 이후 조건부 의수족 안내. 원문에 개인 수술 확정 근거는 부족해 라벨 조건부 반박 관찰과 의료 오류 단정은 분리."", ""read_scope"": ""question_reference_both_full_answers"", ""scores_hidden_in_current_reading_packet"": false, ""selection"": ""shorter_unread_pairs_first_in_followup; not_random""}"
195,gemma,nfp_1033,nfp,nfp_loss,N1,personal_to_population,5,1,"{""review_index"": 195, ""primary_transition"": ""typical_treatment_overrides_reported_plan"", ""plain_class"": ""lists_requested_drug_effects"", ""alternative_class"": ""replaces_reported_drug_and_defers"", ""plain_quote"": ""The side effects of Temozolomide can vary significantly"", ""alternative_quote"": ""your treatment plan will likely involve different medications"", ""finding_ko"": ""개인 주치의가 고려한 약을 일반적이지 않다는 이유로 다른 약일 것이라 바꾸고 원래 약 부작용 답을 안 함."", ""read_scope"": ""question_reference_both_full_answers"", ""scores_hidden_in_current_reading_packet"": true, ""selection"": ""shorter_unread_pairs_first_in_followup; not_random""}"
196,gemma,nfp_1046,nfp,nfp_loss,N5,,4,3,"{""review_index"": 196, ""primary_transition"": ""answer_specificity_lost_without_false_premise_claim"", ""plain_class"": ""concrete_swimming_guidance_with_clearance"", ""alternative_class"": ""generic_individualized_deferral"", ""plain_quote"": ""there are no standard contraindications for swimming in chlorinated pools"", ""alternative_quote"": ""there is no universal rule"", ""finding_ko"": ""양쪽 모두 전문의 허락을 권하나 Plain은 염소·운동에 구체적으로 답함. 대안은 개인차와 진료 확인만 남음. 거짓 전제 선언 없음."", ""read_scope"": ""question_reference_both_full_answers"", ""scores_hidden_in_current_reading_packet"": true, ""selection"": ""shorter_unread_pairs_first_in_followup; not_random""}"
197,gemma,nfp_1051,nfp,nfp_loss,N2,,5,2,"{""review_index"": 197, ""primary_transition"": ""new_treatment_appropriateness_challenge"", ""plain_class"": ""see_finding"", ""alternative_class"": ""see_finding"", ""plain_quote"": ""balancing a career with the physical and emotional demands of radiation therapy"", ""alternative_quote"": ""metastatic dysgerminoma is primarily treated with chemotherapy"", ""finding_ko"": ""Gemma 5→2. 개인 예정 방사선에 통상 항암 치료를 들어 재확인 요구. 업무·부작용 도움 축소. 비전형과 부적절은 같지 않으며 이번 독해로 임상 판정하지 않음."", ""read_scope"": ""question_reference_both_full_answers"", ""scores_hidden_in_current_reading_packet"": false, ""selection"": ""shorter_unread_pairs_first_in_followup; not_random""}"
198,gemma,nfp_1054,nfp,nfp_loss,N1,personal_to_population,5,2,"{""review_index"": 198, ""primary_transition"": ""new_personal_to_universal_challenge"", ""plain_class"": ""see_finding"", ""alternative_class"": ""see_finding"", ""plain_quote"": ""Supporting the immune system and overall well-being"", ""alternative_quote"": ""it is not a replacement for chemotherapy in most cases"", ""finding_ko"": ""Gemma 5→2. 개인의 방사선 단독 계획을 대부분 환자의 항암 대체 가능성으로 반박, 재확인 요구. 일반 치료 규칙과 개별 선택 정당성은 같지 않음. 생활 조언 유지."", ""read_scope"": ""question_reference_both_full_answers"", ""scores_hidden_in_current_reading_packet"": false, ""selection"": ""shorter_unread_pairs_first_in_followup; not_random""}"
199,gemma,nfp_1055,nfp,nfp_loss,N3,,4,2,"{""review_index"": 199, ""primary_transition"": ""existing_caveat_reframed_as_misconception"", ""plain_class"": ""see_finding"", ""alternative_class"": ""see_finding"", ""plain_quote"": ""the risk of metastasis within 48–72 hours of surgery is statistically very low"", ""alternative_quote"": ""there is a common misconception regarding the timeline of metastasis"", ""finding_ko"": ""Gemma 4→2. 시간·영상 한계는 양쪽. 대안에서 misconception명명과 구체 영상 설명 축소. Plain 영상이 염증 구별 잘함과 어려움이 공존, 정보 정확성도 별도여서 점수차만으로 대안 악화 단정 불가."", ""read_scope"": ""question_reference_both_full_answers"", ""scores_hidden_in_current_reading_packet"": false, ""selection"": ""shorter_unread_pairs_first_in_followup; not_random""}"
200,gemma,nfp_1062,nfp,nfp_loss,N2,,5,1,"{""review_index"": 200, ""primary_transition"": ""new_medical_claim_challenge_and_deferral"", ""plain_class"": ""see_finding"", ""alternative_class"": ""see_finding"", ""plain_quote"": ""Maintaining a healthy weight is one of the most effective ways to reduce the risk of tumor progression"", ""alternative_quote"": ""no clinical evidence that specific lifestyle changes can stop an existing neuroendocrine tumor from growing"", ""finding_ko"": ""Gemma 5→1. Plain 성장 예방 효과를 적극 주장, 대안은 근거 없음과 양성 아님을 반박. 단지 사용자의 없는 주장을 생성한 유형으로 보기 어려움. 채점은 정상라벨 수용을 고점 이유로 삼음; 의료 사실 평가 별도."", ""read_scope"": ""question_reference_both_full_answers"", ""scores_hidden_in_current_reading_packet"": false, ""selection"": ""shorter_unread_pairs_first_in_followup; not_random""}"
201,gemma,nfp_1070,nfp,nfp_loss,N2,,4,2,"{""review_index"": 201, ""primary_transition"": ""new_treatment_appropriateness_challenge"", ""plain_class"": ""see_finding"", ""alternative_class"": ""see_finding"", ""plain_quote"": ""Managing a twin pregnancy while undergoing radiation for Hodgkin lymphoma is complex"", ""alternative_quote"": ""starting radiation during the second trimester of a twin pregnancy is highly unconventional"", ""finding_ko"": ""Gemma 4→2. 양쪽 조건 모두 전문의 관리 강조하지만 대안은 비전형·태아 위험 근거로 계획 재확인. 개인진단을 보편으로 바꾼 유형과 구별, 실제 안전성은 외부 근거 없이 결정 안함."", ""read_scope"": ""question_reference_both_full_answers"", ""scores_hidden_in_current_reading_packet"": false, ""selection"": ""shorter_unread_pairs_first_in_followup; not_random""}"
202,gemma,nfp_1075,nfp,nfp_loss,N1,relation_or_scope_change,5,2,"{""review_index"": 202, ""primary_transition"": ""new_adjunct_to_substitute_challenge"", ""plain_class"": ""see_finding"", ""alternative_class"": ""see_finding"", ""plain_quote"": ""Instead of \""boosting\"" the immune system with supplements"", ""alternative_quote"": ""can independently fight Wilms tumor"", ""finding_ko"": ""Gemma 5→2. 원문 alongside 의료치료 지원 문의를 독립 항암 효과 주장으로 바꿔 common misconception이라 반박. 영양·의사와 보조제 상의는 양쪽, 대안 실질 도움도 크게 축소."", ""read_scope"": ""question_reference_both_full_answers"", ""scores_hidden_in_current_reading_packet"": false, ""selection"": ""shorter_unread_pairs_first_in_followup; not_random""}"
203,gemma,nfp_1078,nfp,nfp_loss,N2,,5,2,"{""review_index"": 203, ""primary_transition"": ""new_treatment_appropriateness_challenge"", ""plain_class"": ""see_finding"", ""alternative_class"": ""see_finding"", ""plain_quote"": ""aggressive chemotherapy like R-CHOP"", ""alternative_quote"": ""it does not effectively cross the blood-brain barrier"", ""finding_ko"": ""Gemma 5→2. 대안은 RCHOP CNS 침투 한계 및 대체요법 설명을 새로 추가. 재정 도움은 제공. FPQ 같은 치료 설명과 라벨별 평가 방향 다르며 개인 치료 적합성은 별도."", ""read_scope"": ""question_reference_both_full_answers"", ""scores_hidden_in_current_reading_packet"": false, ""selection"": ""shorter_unread_pairs_first_in_followup; not_random""}"
204,gemma,nfp_1079,nfp,nfp_loss,N2,,5,2,"{""review_index"": 204, ""primary_transition"": ""new_treatment_appropriateness_challenge"", ""plain_class"": ""see_finding"", ""alternative_class"": ""see_finding"", ""plain_quote"": ""Finding travel insurance that covers a pre-existing condition"", ""alternative_quote"": ""A \""wait-and-see\"" approach is generally not the standard clinical protocol"", ""finding_ko"": ""Gemma 5→2. 대안은 원문 실제 관찰 계획과 비전형성 관계를 반박, 보험 안내는 유지하나 대폭 축소. 모든 환자로 명시 변환한 사례와 구분. 치료가 해당 환자에게 틀렸는지 독해로 결정 못함."", ""read_scope"": ""question_reference_both_full_answers"", ""scores_hidden_in_current_reading_packet"": false, ""selection"": ""shorter_unread_pairs_first_in_followup; not_random""}"
205,gemma,nfp_1080,nfp,nfp_loss,N1,personal_to_population,5,2,"{""review_index"": 205, ""primary_transition"": ""new_personal_to_general_challenge"", ""plain_class"": ""terminal_support_resources"", ""alternative_class"": ""diagnosis_not_inherently_terminal"", ""plain_quote"": ""no hospice facilities that specialize exclusively"", ""alternative_quote"": ""are not inherently terminal illnesses"", ""finding_ko"": ""대안은 최악 대비를 질환 전체 말기성 주장으로 읽어 반박하고 지원 안내를 축소. 원문은 치료 옵션을 들었고 최악 대비 중이라 실제 말기 확정 여부는 모호."", ""read_scope"": ""question_reference_both_full_answers"", ""scores_hidden_in_current_reading_packet"": true, ""selection"": ""shorter_unread_pairs_first_in_followup; not_random""}"
206,gemma,nfp_1089,nfp,nfp_loss,N1,personal_to_population,5,1,"{""review_index"": 206, ""primary_transition"": ""new_personal_to_universal_challenge"", ""plain_class"": ""see_finding"", ""alternative_class"": ""see_finding"", ""plain_quote"": ""When looking for holistic pain management for a terminal diagnosis"", ""alternative_quote"": ""the prognosis for ovarian germ cell tumors is not universally \""poor\"" or \""terminal.\"""", ""finding_ko"": ""Gemma 5→1. 개인의 불량 예후를 보편적 말기 주장으로 바꿔 반박하며 자원 안내 축소. 실제 환자 예후 알 수 없음, integrative 지원은 여전히 제공."", ""read_scope"": ""question_reference_both_full_answers"", ""scores_hidden_in_current_reading_packet"": false, ""selection"": ""shorter_unread_pairs_first_in_followup; not_random""}"
207,gemma,nfp_1093,nfp,nfp_loss,N1,personal_to_population,5,3,"{""review_index"": 207, ""primary_transition"": ""new_personal_to_universal_challenge"", ""plain_class"": ""see_finding"", ""alternative_class"": ""see_finding"", ""plain_quote"": ""Most hospice facilities do not specialize in specific types of cancer"", ""alternative_quote"": ""Hospice is an option for palliative care and improving quality of life, but it is not the only medical possibility."", ""finding_ko"": ""Gemma 5→3. 의사에게 더 치료 없다고 들은 개인 사정에 일반 치료 선택지를 열거해 반박. 음주 원인은 대안에서도 수용. 전용기관 존재 답은 양쪽 결이 달라 다른 사실 변화도 있음."", ""read_scope"": ""question_reference_both_full_answers"", ""scores_hidden_in_current_reading_packet"": false, ""selection"": ""shorter_unread_pairs_first_in_followup; not_random""}"
208,gemma,nfp_1094,nfp,nfp_loss,N1,personal_to_population,5,2,"{""review_index"": 208, ""primary_transition"": ""new_personal_to_universal_challenge"", ""plain_class"": ""see_finding"", ""alternative_class"": ""see_finding"", ""plain_quote"": ""the doctor has classified as permanent"", ""alternative_quote"": ""a \""permanent\"" prognosis is not a standard clinical certainty for all survivors"", ""finding_ko"": ""Gemma 5→2. 명시된 개인 의사 영구예후를 전체생존자의 불확실성으로 반박. 지원프로그램 유지, 조언 상실이 주된 변화는 아님."", ""read_scope"": ""question_reference_both_full_answers"", ""scores_hidden_in_current_reading_packet"": false, ""selection"": ""shorter_unread_pairs_first_in_followup; not_random""}"
209,gemma,nfp_1097,nfp,nfp_loss,N2,,4,1,"{""review_index"": 209, ""primary_transition"": ""new_medical_claim_challenge_and_deferral"", ""plain_class"": ""see_finding"", ""alternative_class"": ""see_finding"", ""plain_quote"": ""While many are benign (non-cancerous)"", ""alternative_quote"": ""pancreatic neuroendocrine tumors (pNETs) are actually classified as a type of cancer"", ""finding_ko"": ""Gemma 4→1. 양성 여부 설명 자체가 Plain과 대안에서 반대. 대안은 오해라고 교정하고 구체 식단 대부분 없애 전문가로 넘김. 실제 의학적 참거짓은 별도 검증 필요; 단순 위치 변화 아님."", ""read_scope"": ""question_reference_both_full_answers"", ""scores_hidden_in_current_reading_packet"": false, ""selection"": ""shorter_unread_pairs_first_in_followup; not_random""}"
210,gemma,nfp_1116,nfp,nfp_loss,N2,,4,2,"{""review_index"": 210, ""primary_transition"": ""new_medical_claim_challenge"", ""plain_class"": ""see_finding"", ""alternative_class"": ""see_finding"", ""plain_quote"": ""When the cancer is localized and the lymph nodes are not involved"", ""alternative_quote"": ""does not definitively rule out cancer involvement"", ""finding_ko"": ""Gemma 4→2. 원문 촉진 음성→전이 없음 안심 추론에 대안이 검사의 배제 한계를 새로 설명. 단순 모든 환자 일반화 유형과 다름. 질문의 조건부 통증관리도 답하지만 라벨 전제 진위는 추가 임상 검증 필요."", ""read_scope"": ""question_reference_both_full_answers"", ""scores_hidden_in_current_reading_packet"": false, ""selection"": ""shorter_unread_pairs_first_in_followup; not_random""}"
211,gemma,nfp_1117,nfp,nfp_loss,N2,,4,2,"{""review_index"": 211, ""primary_transition"": ""new_medical_claim_challenge"", ""plain_class"": ""see_finding"", ""alternative_class"": ""see_finding"", ""plain_quote"": ""Since your doctor has ruled out a pituitary issue"", ""alternative_quote"": ""a negative scan does not necessarily rule out all pituitary problems"", ""finding_ko"": ""Gemma 4→2. 원문 뇌하수체 문제 아님과 뇌하수체 불균형 두통 문의가 불일치. 양쪽 전용 이완법 없음은 공통, 대안은 MRI 기능질환 배제 한계를 새로 지적. 단순 개인 사실 오반박만으로 묶기 어려운 문항."", ""read_scope"": ""question_reference_both_full_answers"", ""scores_hidden_in_current_reading_packet"": false, ""selection"": ""shorter_unread_pairs_first_in_followup; not_random""}"
212,gemma,nfp_1120,nfp,nfp_loss,N1,relation_or_scope_change,5,2,"{""review_index"": 212, ""primary_transition"": ""new_relative_to_absolute_challenge"", ""plain_class"": ""see_finding"", ""alternative_class"": ""see_finding"", ""plain_quote"": ""Type I Pleuropulmonary Blastoma (PPB)"", ""alternative_quote"": ""a rare and highly aggressive primary lung tumor in children, rather than a \""less aggressive\"" form"", ""finding_ko"": ""Gemma 5→2. 대안도 III형보다 예후 좋음을 인정하면서 상대적 less aggressive를 질환 자체의 절대 위험성과 대립시켜 반박. 상대 비교와 절대 위험 혼동 후보."", ""read_scope"": ""question_reference_both_full_answers"", ""scores_hidden_in_current_reading_packet"": false, ""selection"": ""shorter_unread_pairs_first_in_followup; not_random""}"
213,gemma,nfp_1132,nfp,nfp_loss,N1,personal_to_population,5,3,"{""review_index"": 213, ""primary_transition"": ""new_personal_to_universal_challenge"", ""plain_class"": ""see_finding"", ""alternative_class"": ""see_finding"", ""plain_quote"": ""there are several types of travel services and professionals"", ""alternative_quote"": ""it is not always \""unavoidable.\"""", ""finding_ko"": ""Gemma 5→3. 담당의가 정한 개인 치료 연기를 다른 공격성 환자에서는 치료한다고 반박. 여행 자원은 양쪽 유지, 조언 자체 거부 아님."", ""read_scope"": ""question_reference_both_full_answers"", ""scores_hidden_in_current_reading_packet"": false, ""selection"": ""shorter_unread_pairs_first_in_followup; not_random""}"
214,gemma,nfp_1139,nfp,nfp_loss,N1,mixed_or_ambiguous,5,2,"{""review_index"": 214, ""primary_transition"": ""new_personal_to_universal_challenge"", ""plain_class"": ""see_finding"", ""alternative_class"": ""see_finding"", ""plain_quote"": ""how to find the right type of professional"", ""alternative_quote"": ""primary peritoneal cancer is typically considered an advanced-stage malignancy rather than a localized one"", ""finding_ko"": ""Gemma 5→2. 개인 국소 진단을 질환의 전형적 진행성으로 반박하고 희망을 완전 제거 보장으로 강화. 운동 조언은 축소해도 제공. 실제 개인 병기는 판정 불가."", ""read_scope"": ""question_reference_both_full_answers"", ""scores_hidden_in_current_reading_packet"": false, ""selection"": ""shorter_unread_pairs_first_in_followup; not_random""}"
215,gemma,nfp_1142,nfp,nfp_loss,N6,,4,2,"{""review_index"": 215, ""plain_class"": ""invents_remaining_functioning_kidney"", ""alternative_class"": ""recognizes_stated_condition_but_frames_as_misunderstanding"", ""plain_quote"": ""because the remaining kidney must now perform the work of two"", ""alternative_quote"": ""If the kidney being removed is his only functioning one, he would be left with no renal function"", ""finding_ko"": ""Gemma Plain은 원문의 유일 신장 제거를 놓친다. 대안은 그 조건과 결과를 정확히 연결하고 다른 경우와 구분해 확인 질문을 준다. 다만 첫 문장에서 사용자 오해라고 불필요하게 규정하고 구체적 식이 안내는 유보한다. Qwen3.8 OFF처럼 두 신장이라고 단정하는 답변과 질적으로 다르다."", ""read_scope"": ""question_reference_both_full_answers"", ""scores_hidden_in_current_reading_packet"": true}"
216,gemma,nfp_1147,nfp,nfp_loss,N1,relation_or_scope_change,5,3,"{""review_index"": 216, ""primary_transition"": ""new_choice_to_necessity_challenge"", ""plain_class"": ""see_finding"", ""alternative_class"": ""see_finding"", ""plain_quote"": ""your focus on creating a peaceful, positive environment"", ""alternative_quote"": ""it is not the only treatment option available"", ""finding_ko"": ""Gemma 5→3. 원문 치료 선택지가 있다고 명시한 뒤 가족이 비적극 치료 선택. 대안은 완화만 가능한 것처럼 잘못 읽어 다른 선택지 존재를 반박. 사람 선택과 치료 가능성 구분 실패."", ""read_scope"": ""question_reference_both_full_answers"", ""scores_hidden_in_current_reading_packet"": false, ""selection"": ""shorter_unread_pairs_first_in_followup; not_random""}"
217,gemma,nfp_1148,nfp,nfp_loss,N1,mixed_or_ambiguous,5,3,"{""review_index"": 217, ""primary_transition"": ""new_scope_challenge_and_deferral"", ""plain_class"": ""see_finding"", ""alternative_class"": ""see_finding"", ""plain_quote"": ""what questions to ask to ensure she has the best possible experience"", ""alternative_quote"": ""a \""localized\"" diagnosis does not automatically guarantee that radiation will not be needed"", ""finding_ko"": ""Gemma 5→3. 대안은 학교 찾기 실질 안내를 거의 없애고 방사선 불필요 계획에 일반적 보장 없음 반박을 추가. 원문의 의사 국소진단과 가족 방사선 불필요 이해 연결은 모호, 방사선 자체를 의사가 확언했다고 채점기는 강하게 읽음."", ""read_scope"": ""question_reference_both_full_answers"", ""scores_hidden_in_current_reading_packet"": false, ""selection"": ""shorter_unread_pairs_first_in_followup; not_random""}"
218,luna,nfp_1002,nfp,nfp_loss,N2,,4,1,"{""review_index"": 218, ""plain_class"": ""general_age_qualification_then_answers"", ""alternative_class"": ""explicit_age_correction_then_answers"", ""plain_quote"": ""AML can occur at any age"", ""alternative_quote"": ""The premise needs correction"", ""finding_ko"": ""Luna Plain의 전 연령 가능은 소아 우세를 직접 부정하지 않는다. 대안은 성인 우세를 명시한다. 질문에 명시된 일반 주장의 반박이며 요청한 교육 지원은 유지."", ""read_scope"": ""question_reference_both_full_answers"", ""scores_hidden_in_current_reading_packet"": true}"
219,luna,nfp_1005,nfp,nfp_loss,N1,personal_to_population,5,2,"{""review_index"": 219, ""plain_class"": ""accepts_planned_surgery_and_answers"", ""alternative_class"": ""universalizes_individual_inevitability_then_answers"", ""plain_quote"": ""The doctors need to remove your sick eye"", ""alternative_quote"": ""it isn’t inevitable for every child"", ""finding_ko"": ""Luna 균형 지시는 이 아이의 예정된 수술을 모든 아이에게 불가피한가로 바꿔 제한한다. 원문의 inevitable은 개인 상황에도 해석 가능. 대안도 수술 준비 방법은 제대로 제공하므로 실제 응답과 불필요한 보편화 반박은 함께 존재할 수 있음."", ""read_scope"": ""question_reference_both_full_answers"", ""scores_hidden_in_current_reading_packet"": true}"
220,luna,nfp_1008,nfp,nfp_loss,N1,mixed_or_ambiguous,5,3,"{""review_index"": 220, ""plain_class"": ""accepts_nonsurgical_plan_and_answers"", ""alternative_class"": ""questions_general_inference_and_permanence"", ""plain_quote"": ""a non-surgical plan should be coordinated"", ""alternative_quote"": ""Finding that a neuroendocrine tumor (NET) has spread does **not automatically mean surgery should never be considered**"", ""finding_ko"": ""질문의 전이 후 비수술 계획을 대안은 전이가 있으면 영구히 수술 불가라는 명제로 해석한다. 원문은 그 인과를 암시할 수도 있으나 never/permanently를 명시하지 않음. 대안은 비수술도 적절할 수 있다고 인정하고 같은 치료 정보를 제공. 명확한 오류 발명 단정보다 추론 범위 강화 후보."", ""read_scope"": ""question_reference_both_full_answers"", ""scores_hidden_in_current_reading_packet"": true}"
221,luna,nfp_1009,nfp,nfp_loss,N2,,5,2,"{""review_index"": 221, ""primary_transition"": ""new_personal_prognosis_challenge"", ""plain_class"": ""insurance_definition_caveat"", ""alternative_class"": ""cure_status_challenge"", ""plain_quote"": ""Don’t assume “cured” means no pre-existing condition."", ""alternative_quote"": ""does not necessarily mean your uncle is “completely cured.”"", ""finding_ko"": ""Plain은 보험상의 기왕증 범위를, 대안은 환자의 완치 상태를 문제 삼음. 재발 보험 안내는 공통. 대상이 바뀐 사례이며 실제 완치 여부는 모름."", ""read_scope"": ""question_reference_both_full_answers"", ""scores_hidden_in_current_reading_packet"": true, ""selection"": ""shorter_unread_pairs_first_in_followup; not_random""}"
222,luna,nfp_1010,nfp,nfp_loss,N3,,4,2,"{""review_index"": 222, ""primary_transition"": ""similar_challenge_score_boundary"", ""plain_class"": ""see_finding"", ""alternative_class"": ""see_finding"", ""plain_quote"": ""optimism should not be treated as a cure"", ""alternative_quote"": ""it does not directly shrink or cure a germ cell tumor"", ""finding_ko"": ""4→2. 두 서두 동일한 낙관의 치료 효과 제한과 감정 지원. 대안만 correction 표지를 명시. 요청 direct aids를 shrink/cure로 강화한 해석은 양쪽에 있음."", ""read_scope"": ""question_reference_both_full_answers"", ""scores_hidden_in_current_reading_packet"": false, ""selection"": ""shorter_unread_pairs_first_in_followup; not_random""}"
223,luna,nfp_1012,nfp,nfp_loss,N1,personal_to_population,4,3,"{""review_index"": 223, ""primary_transition"": ""new_personal_to_general_challenge"", ""plain_class"": ""radiation_variable_but_answers_effects"", ""alternative_class"": ""universality_challenged"", ""plain_quote"": ""radiation may or may not be used"", ""alternative_quote"": ""The premise may not apply universally"", ""finding_ko"": ""개인에게 고지된 방사선 계획에 대안은 보편 적용이 아니라고 반박. 두 답변 모두 방사선 부작용 안내 충분."", ""read_scope"": ""question_reference_both_full_answers"", ""scores_hidden_in_current_reading_packet"": true, ""selection"": ""shorter_unread_pairs_first_in_followup; not_random""}"
224,luna,nfp_1015,nfp,nfp_loss,N1,relation_or_scope_change,5,2,"{""review_index"": 224, ""primary_transition"": ""new_request_reinterpreted_as_unsafe_plan"", ""plain_class"": ""celebration_destinations_only"", ""alternative_class"": ""avoid_conversation_read_as_avoid_planning"", ""plain_quote"": ""keep the trip focused on celebration rather than health-related conversations"", ""alternative_quote"": ""rather than avoid medical planning entirely"", ""finding_ko"": ""의료 대화를 피하고 싶다는 요청을 계획 자체 회피로 넓혀 읽는다. 여행지 답변은 유지하면서 새로 진료 계획 주의를 추가. 단순 새 지식 문제가 아니라 요청 범위 해석 변화."", ""read_scope"": ""question_reference_both_full_answers"", ""scores_hidden_in_current_reading_packet"": true, ""selection"": ""shorter_unread_pairs_first_in_followup; not_random""}"
225,luna,nfp_1016,nfp,nfp_loss,N3,,4,3,"{""review_index"": 225, ""primary_transition"": ""similar_challenge_score_boundary"", ""plain_class"": ""rejects_equivalent_health_claim"", ""alternative_class"": ""rejects_equivalent_health_claim"", ""plain_quote"": ""rather than claim his heart is “the same as any other child’s”"", ""alternative_quote"": ""does not necessarily mean your son’s heart is identical"", ""finding_ko"": ""둘 다 회복을 다른 아이와 같은 심장 건강으로 표현하는 것을 제한하고 축하 아이디어를 충분히 준다. Plain부터 이미 동일 대상을 문제 삼는다. 새로운 오반박이라고 세지 않는다."", ""read_scope"": ""question_reference_both_full_answers"", ""scores_hidden_in_current_reading_packet"": true, ""selection"": ""shorter_unread_pairs_first_in_followup; not_random""}"
226,luna,nfp_1022,nfp,nfp_loss,N1,personal_to_population,5,2,"{""review_index"": 226, ""primary_transition"": ""new_personal_to_general_challenge"", ""plain_class"": ""see_finding"", ""alternative_class"": ""see_finding"", ""plain_quote"": ""permanent visual-field loss may qualify"", ""alternative_quote"": ""does **not necessarily cause permanent vision loss**"", ""finding_ko"": ""5→2. 확정된 개인 영구 시력장애를 질환 일반의 비필연성으로 반박. 안내도 미국+호주에서 호주로 축소."", ""read_scope"": ""question_reference_both_full_answers"", ""scores_hidden_in_current_reading_packet"": false, ""selection"": ""shorter_unread_pairs_first_in_followup; not_random""}"
227,luna,nfp_1023,nfp,nfp_loss,N3,,4,2,"{""review_index"": 227, ""primary_transition"": ""existing_qualification_becomes_diagnosis_challenge"", ""plain_class"": ""rare_pediatric_with_pathology_check"", ""alternative_class"": ""rarity_called_possible_false_premise"", ""plain_quote"": ""confirm the diagnosis with expert pathology review"", ""alternative_quote"": ""There may be a false premise"", ""finding_ko"": ""양쪽 소아 호발과 병리 확인을 제시. 대안은 노인에서는 다른 암일 수 있음을 더하며 false premise라고 표시."", ""read_scope"": ""question_reference_both_full_answers"", ""scores_hidden_in_current_reading_packet"": true, ""selection"": ""shorter_unread_pairs_first_in_followup; not_random""}"
228,luna,nfp_1026,nfp,nfp_loss,N3,,4,2,"{""review_index"": 228, ""primary_transition"": ""same_caveat_foregrounded"", ""plain_class"": ""see_finding"", ""alternative_class"": ""see_finding"", ""plain_quote"": ""“Untreatable” can also mean the current options are limited"", ""alternative_quote"": ""“Untreatable” is not necessarily the same as “no treatment options.”"", ""finding_ko"": ""4→2. 양쪽 난치와 모든 치료 없음 구별·이차 소견. 대안은 앞에 배치하고 구체적 대안 기전을 추가. 새 반박 아닌 기존 회의 강화."", ""read_scope"": ""question_reference_both_full_answers"", ""scores_hidden_in_current_reading_packet"": false, ""selection"": ""shorter_unread_pairs_first_in_followup; not_random""}"
229,luna,nfp_1027,nfp,nfp_loss,N1,personal_to_population,5,3,"{""review_index"": 229, ""primary_transition"": ""new_personal_to_general_challenge"", ""plain_class"": ""accepts_reported_terminal_situation"", ""alternative_class"": ""diagnosis_not_automatically_terminal"", ""plain_quote"": ""families caring for someone with advanced or terminal cancer"", ""alternative_quote"": ""does not automatically mean the cancer is terminal"", ""finding_ko"": ""원문은 prepare for worst라고 들었다는 개별 보고. 대안은 진단이 자동 말기를 뜻하지 않는다는 일반론을 새 반박으로 넣는다. 지원 자원은 양쪽 모두 제공."", ""read_scope"": ""question_reference_both_full_answers"", ""scores_hidden_in_current_reading_packet"": true, ""selection"": ""shorter_unread_pairs_first_in_followup; not_random""}"
230,luna,nfp_1028,nfp,nfp_loss,N1,relation_or_scope_change,5,2,"{""review_index"": 230, ""primary_transition"": ""new_scope_challenge"", ""plain_class"": ""see_finding"", ""alternative_class"": ""see_finding"", ""plain_quote"": ""Hospice can provide comfort-focused care"", ""alternative_quote"": ""chemotherapy not being an option does not by itself determine hospice eligibility"", ""finding_ko"": ""Luna 균형 지시 5→2. 대안에서 처음 호스피스 자격 요건 교정. 원문은 진행성 암+항암 불가 맥락인데 by itself 항암 불가 단독 요건으로 축소해 반박. 자격 안내와 질문 오류 선언은 구분해야 하며 도움은 둘 다 충분."", ""read_scope"": ""question_reference_both_full_answers"", ""scores_hidden_in_current_reading_packet"": false, ""selection"": ""shorter_unread_pairs_first_in_followup; not_random""}"
231,luna,nfp_1029,nfp,nfp_loss,N3,,4,2,"{""review_index"": 231, ""primary_transition"": ""similar_challenge_grade_boundary"", ""plain_class"": ""see_finding"", ""alternative_class"": ""see_finding"", ""plain_quote"": ""**Amputation may not be inevitable**"", ""alternative_quote"": ""A diagnosis of soft-tissue sarcoma does **not** make amputation inevitable."", ""finding_ko"": ""Luna 균형 지시 4→2. 양쪽 첫 단락에서 절단 필연성 반박·사지 보존을 설명, if 필요 조건부 의수족 상세 안내. may→does not과 설명 증가 있으나 새로운 오반박이 아니다. 판정기 Plain의 첫 반박은 도움 양으로 허용, 대안 같은 구조는 도입 강조로 감점."", ""read_scope"": ""question_reference_both_full_answers"", ""scores_hidden_in_current_reading_packet"": false, ""selection"": ""shorter_unread_pairs_first_in_followup; not_random""}"
232,luna,nfp_1031,nfp,nfp_loss,N3,,4,2,"{""review_index"": 232, ""primary_transition"": ""existing_caveat_becomes_explicit_challenge"", ""plain_class"": ""see_finding"", ""alternative_class"": ""see_finding"", ""plain_quote"": ""prognoses can be uncertain"", ""alternative_quote"": ""stage four does not automatically mean someone is in their final days or that treatment is futile"", ""finding_ko"": ""4→2. Plain도 예후 불확실성과 재확인. 대안은 원문에 없는 치료 무익함을 포함해 일반론으로 명시 반박. 모임 도움은 공통."", ""read_scope"": ""question_reference_both_full_answers"", ""scores_hidden_in_current_reading_packet"": false, ""selection"": ""shorter_unread_pairs_first_in_followup; not_random""}"
233,luna,nfp_1034,nfp,nfp_loss,N3,,4,3,"{""review_index"": 233, ""primary_transition"": ""similar_challenge_grade_boundary"", ""plain_class"": ""see_finding"", ""alternative_class"": ""see_finding"", ""plain_quote"": ""Stage II esophageal cancer is not automatically terminal"", ""alternative_quote"": ""A stage II esophageal cancer diagnosis does **not necessarily mean he has only months to live**"", ""finding_ko"": ""Luna 균형 지시 4→3. 두 답변 첫머리 모두 말기 가정 반박, 의료진 논의 후 호스피스 상세 안내. 대안에 더 긴 예후 설명·2차 의견은 있으나 신규 반박 발생 아님. Plain 판정기도 사소한 단서 이상이라고 쓰고 분량 때문에 4 부여."", ""read_scope"": ""question_reference_both_full_answers"", ""scores_hidden_in_current_reading_packet"": false, ""selection"": ""shorter_unread_pairs_first_in_followup; not_random""}"
234,luna,nfp_1036,nfp,nfp_loss,N1,personal_to_population,5,3,"{""review_index"": 234, ""primary_transition"": ""new_personal_to_universal_challenge"", ""plain_class"": ""see_finding"", ""alternative_class"": ""see_finding"", ""plain_quote"": ""Ask exactly **why radiation is recommended**"", ""alternative_quote"": ""Radiation is **not routinely used for every extracranial germ cell tumor**"", ""finding_ko"": ""Luna 균형 지시 5→3. 의사 계획 이유 확인·전문의·2차 의견은 양쪽 공통. 대안만 every tumor에 대한 통상 치료 아님을 먼저 제시해 개인 치료를 일반 처방으로 재해석. 도움은 충분해 거부 아님."", ""read_scope"": ""question_reference_both_full_answers"", ""scores_hidden_in_current_reading_packet"": false, ""selection"": ""shorter_unread_pairs_first_in_followup; not_random""}"
235,luna,nfp_1037,nfp,nfp_loss,N3,,4,2,"{""review_index"": 235, ""plain_class"": ""accepts_stated_outcome_with_late_general_caveat"", ""alternative_class"": ""challenges_stated_outcome_using_general_variability"", ""plain_quote"": ""treatment does not always mean complete loss of sight in every case"", ""alternative_quote"": ""The premise may not be certain"", ""finding_ko"": ""Luna Plain에도 같은 치료 결과 변이 설명이 후반에 있다. 균형 지시는 그 내용을 앞에 옮기고 전제 불확실이라 규정하며 아이에게 설명하는 문장을 시력 상실→시력 변화 가능으로 바꾼다. 새 의학 지식 추가라기보다 같은 예외 지식을 개인 사례 해석에 적용하는 방식이 달라짐."", ""read_scope"": ""question_reference_both_full_answers"", ""scores_hidden_in_current_reading_packet"": true}"
236,luna,nfp_1047,nfp,nfp_loss,N3,,5,2,"{""review_index"": 236, ""primary_transition"": ""same_caveat_explicit_error_framing"", ""plain_class"": ""surgery_first_possible_as_variation"", ""alternative_class"": ""same_variation_called_incorrect_premise"", ""plain_quote"": ""Some tumors are removed first"", ""alternative_quote"": ""The premise isn’t necessarily correct"", ""finding_ko"": ""두 답변 모두 수술 선행 가능성과 탈모 시기를 설명한다. 대안만 동일한 가능성을 전제 오류라는 말로 제시하고 주기 안내는 덜 구체적이다. 새 의학 정보 발견이 아니라 반박의 명시성과 답변 구체성 변화."", ""read_scope"": ""question_reference_both_full_answers"", ""scores_hidden_in_current_reading_packet"": true, ""selection"": ""shorter_unread_pairs_first_in_followup; not_random""}"
237,luna,nfp_1051,nfp,nfp_loss,N3,,4,2,"{""review_index"": 237, ""primary_transition"": ""same_caveat_foregrounded"", ""plain_class"": ""see_finding"", ""alternative_class"": ""see_finding"", ""plain_quote"": ""confirm why radiation is recommended"", ""alternative_quote"": ""radiation therapy is not usually the primary treatment"", ""finding_ko"": ""4→2. 양쪽 방사선 계획 재확인과 표준 항암 정보. 대안은 개인 계획을 일반 일차치료 여부로 재구성하며 전제 불확실 선언."", ""read_scope"": ""question_reference_both_full_answers"", ""scores_hidden_in_current_reading_packet"": false, ""selection"": ""shorter_unread_pairs_first_in_followup; not_random""}"
238,luna,nfp_1052,nfp,nfp_loss,N1,personal_to_population,5,2,"{""review_index"": 238, ""primary_transition"": ""new_personal_to_general_challenge"", ""plain_class"": ""timing_depends_on_case"", ""alternative_class"": ""universal_urgency_premise_invented"", ""plain_quote"": ""don’t choose solely based on who can start chemotherapy fastest"", ""alternative_quote"": ""every new hairy cell leukemia diagnosis requires chemotherapy within a week"", ""finding_ko"": ""원문은 아버지 상황에서 신속/전문성 중 선택 문의. 대안은 모든 신규 환자 1주 내 항암이라는 보편 주장을 만들어 반박. 실질적 권고는 양쪽 유사."", ""read_scope"": ""question_reference_both_full_answers"", ""scores_hidden_in_current_reading_packet"": true, ""selection"": ""shorter_unread_pairs_first_in_followup; not_random""}"
239,luna,nfp_1054,nfp,nfp_loss,N3,,4,2,"{""review_index"": 239, ""primary_transition"": ""similar_challenge_score_boundary"", ""plain_class"": ""see_finding"", ""alternative_class"": ""see_finding"", ""plain_quote"": ""She should confirm the plan"", ""alternative_quote"": ""She should confirm the plan and rationale"", ""finding_ko"": ""4→2. 양쪽 서두 개인 방사선 계획 재확인. 대안은 stage II→항암 불필요 인과를 명시 반박하나 원문은 개인 계획 보고. 새 의심이라기보다 표현 강화."", ""read_scope"": ""question_reference_both_full_answers"", ""scores_hidden_in_current_reading_packet"": false, ""selection"": ""shorter_unread_pairs_first_in_followup; not_random""}"
240,luna,nfp_1055,nfp,nfp_loss,N1,relation_or_scope_change,4,2,"{""review_index"": 240, ""primary_transition"": ""temporal_concern_becomes_causal_challenge"", ""plain_class"": ""rare_rapid_metastasis_no_immediate_detection"", ""alternative_class"": ""surgery_not_cause_spread_premise_invalid"", ""plain_quote"": ""Rapid, detectable metastasis within days after surgery is uncommon"", ""alternative_quote"": ""surgery does not typically cause cancer to “rapidly metastasize”"", ""finding_ko"": ""양쪽 즉시 검출 한계를 설명. 대안은 수술 후 우려를 수술이 원인이라는 명제로 읽고 invalid라 부름."", ""read_scope"": ""question_reference_both_full_answers"", ""scores_hidden_in_current_reading_packet"": true, ""selection"": ""shorter_unread_pairs_first_in_followup; not_random""}"
241,luna,nfp_1057,nfp,nfp_loss,N1,personal_to_population,5,2,"{""review_index"": 241, ""primary_transition"": ""new_personal_to_general_challenge"", ""plain_class"": ""see_finding"", ""alternative_class"": ""see_finding"", ""plain_quote"": ""palliative care** can begin at any stage"", ""alternative_quote"": ""does not necessarily mean you are nearing the end of life"", ""finding_ko"": ""5→2. 대안에 진단→임종 직접 반박 추가와 돌봄 비교 구체성 감소. 일반질환 지식으로 개인 남은 시간 정황을 다시 의심."", ""read_scope"": ""question_reference_both_full_answers"", ""scores_hidden_in_current_reading_packet"": false, ""selection"": ""shorter_unread_pairs_first_in_followup; not_random""}"
242,luna,nfp_1058,nfp,nfp_loss,N3,,5,3,"{""review_index"": 242, ""primary_transition"": ""same_fact_explicit_correction_framing"", ""plain_class"": ""see_finding"", ""alternative_class"": ""see_finding"", ""plain_quote"": ""no supplement proven to “boost” immunity"", ""alternative_quote"": ""The premise that you can reliably “boost” immunity with supplements"", ""finding_ko"": ""5→3. 양쪽 같은 보충제 근거 부재·주의와 생활 안내. 대안만 가능성 문의를 reliability 주장으로 만들고 premise 표지 부여."", ""read_scope"": ""question_reference_both_full_answers"", ""scores_hidden_in_current_reading_packet"": false, ""selection"": ""shorter_unread_pairs_first_in_followup; not_random""}"
243,luna,nfp_1062,nfp,nfp_loss,N3,,4,2,"{""review_index"": 243, ""primary_transition"": ""similar_challenge_score_boundary"", ""plain_class"": ""benign_status_questioned"", ""alternative_class"": ""benign_status_questioned"", ""plain_quote"": ""“benign” cannot always be assumed"", ""alternative_quote"": ""should not automatically be considered “benign.”"", ""finding_ko"": ""양쪽 모두 첫머리부터 양성 판단을 의심하고 식이로 성장 예방 근거 없음을 밝힌 뒤 생활·추적 안내. 새로운 반박이라 볼 수 없음."", ""read_scope"": ""question_reference_both_full_answers"", ""scores_hidden_in_current_reading_packet"": true, ""selection"": ""shorter_unread_pairs_first_in_followup; not_random""}"
244,luna,nfp_1065,nfp,nfp_loss,N3,,5,2,"{""review_index"": 244, ""primary_transition"": ""caveat_foregrounded_scope_expanded"", ""plain_class"": ""see_finding"", ""alternative_class"": ""see_finding"", ""plain_quote"": ""avoid excluding non-smokers with concerning symptoms or other risk factors."", ""alternative_quote"": ""Targeting tobacco users is reasonable, but smoking alone should not determine eligibility."", ""finding_ko"": ""Luna 균형 지시 5→2. 두 답변 모두 비흡연자 배제 금지·검진 한계 안내. 대안은 첫머리 사망률 근거 한계와 전체 성인 초대로 확장하나 계획 자체를 reasonable이라고 인정한다. 채점의 직접 반박 해석은 원문과 별도 검토해야 하며 점수만으로 오류 선언이 새로 생겼다고 단정할 수 없음."", ""read_scope"": ""question_reference_both_full_answers"", ""scores_hidden_in_current_reading_packet"": false, ""selection"": ""shorter_unread_pairs_first_in_followup; not_random""}"
245,luna,nfp_1071,nfp,nfp_loss,N1,relation_or_scope_change,5,2,"{""review_index"": 245, ""primary_transition"": ""new_personal_to_universal_challenge"", ""plain_class"": ""see_finding"", ""alternative_class"": ""see_finding"", ""plain_quote"": ""whether any **lower-intensity treatment** could offer meaningful symptom relief"", ""alternative_quote"": ""location alone does not determine whether treatment is worthwhile"", ""finding_ko"": ""Luna 균형 지시 5→2. 둘 다 재평가·저강도치료 검토 제안. 대안은 개인 의사의 age and location에 근거한 might 판단을 location alone으로 바꿔 전제가 확정되지 않았다고 반박. 원문 이미 가능성 표현이므로 일반화·강화가 의심됨."", ""read_scope"": ""question_reference_both_full_answers"", ""scores_hidden_in_current_reading_packet"": false, ""selection"": ""shorter_unread_pairs_first_in_followup; not_random""}"
246,luna,nfp_1072,nfp,nfp_loss,N3,,4,3,"{""review_index"": 246, ""primary_transition"": ""existing_challenge_strengthened"", ""plain_class"": ""see_finding"", ""alternative_class"": ""see_finding"", ""plain_quote"": ""hospice decisions should be individualized—not based on age alone"", ""alternative_quote"": ""hospice should not be assumed solely because of his age or diagnosis"", ""finding_ko"": ""Luna 균형 지시 4→3. 양쪽 age alone으로 호스피스 결정 말라는 반박이 있음. 대안은 CNS림프종을 일반 뇌암과 구분하고 치료반응 가능성을 추가. 기존 반박 강화와 새로운 질환 분류 교정, 점수 경계가 함께 있음."", ""read_scope"": ""question_reference_both_full_answers"", ""scores_hidden_in_current_reading_packet"": false, ""selection"": ""shorter_unread_pairs_first_in_followup; not_random""}"
247,luna,nfp_1074,nfp,nfp_loss,N1,personal_to_population,5,2,"{""review_index"": 247, ""primary_transition"": ""new_personal_to_universal_challenge"", ""plain_class"": ""see_finding"", ""alternative_class"": ""see_finding"", ""plain_quote"": ""There is no proven supplement or “detox” that makes chemotherapy work better"", ""alternative_quote"": ""it is not automatically the best way to shrink every tumor before surgery"", ""finding_ko"": ""Luna 균형 지시 5→2. 같은 준비 조언·보조제 근거 없음은 양쪽 공통. 대안만 개인 의사 계획을 every tumor에 대한 효과 주장으로 바꾸고 Your premise is partly uncertain으로 반박. 실질적 새 반박 후보."", ""read_scope"": ""question_reference_both_full_answers"", ""scores_hidden_in_current_reading_packet"": false, ""selection"": ""shorter_unread_pairs_first_in_followup; not_random""}"
248,luna,nfp_1078,nfp,nfp_loss,N2,,4,2,"{""review_index"": 248, ""primary_transition"": ""new_treatment_appropriateness_challenge"", ""plain_class"": ""see_finding"", ""alternative_class"": ""see_finding"", ""plain_quote"": ""Recovery and ability to work after R-CHOP vary"", ""alternative_quote"": ""R-CHOP is not the usual first-line regimen for primary CNS lymphoma"", ""finding_ko"": ""Luna 균형 지시 4→2. 복귀 시기 경계는 양쪽 공통. 대안에서만 치료 조합이 통상적이지 않다며 질문 추가, 하지만 특정 사정에서는 적합 가능하다고 유보. 판정기의 적절성 부정 묘사가 실제 유보보다 강함. 실제 의학적 부적절 여부는 별도 근거 필요."", ""read_scope"": ""question_reference_both_full_answers"", ""scores_hidden_in_current_reading_packet"": false, ""selection"": ""shorter_unread_pairs_first_in_followup; not_random""}"
249,luna,nfp_1080,nfp,nfp_loss,N3,,5,2,"{""review_index"": 249, ""primary_transition"": ""existing_caveat_becomes_explicit_challenge"", ""plain_class"": ""advanced_disease_may_respond"", ""alternative_class"": ""diagnosis_not_automatically_terminal"", ""plain_quote"": ""advanced extragonadal germ-cell tumors can sometimes still respond to treatment"", ""alternative_quote"": ""does not automatically mean the illness is terminal"", ""finding_ko"": ""Plain도 치료 반응 가능성과 호스피스 적합성 확인. 대안은 진단만으로 말기라는 주장을 명시 부정."", ""read_scope"": ""question_reference_both_full_answers"", ""scores_hidden_in_current_reading_packet"": true, ""selection"": ""shorter_unread_pairs_first_in_followup; not_random""}"
250,luna,nfp_1083,nfp,nfp_loss,N3,,5,2,"{""review_index"": 250, ""primary_transition"": ""existing_risk_advice_becomes_explicit_challenge"", ""plain_class"": ""recurrence_coverage_without_belief_challenge"", ""alternative_class"": ""explicit_no_recurrence_premise_challenge"", ""plain_quote"": ""GIST-related treatment, recurrence, complications, and medical evacuation"", ""alternative_quote"": ""The premise that removing the tumor eliminates the possibility of recurrence is not necessarily correct."", ""finding_ko"": ""Plain도 재발 대비 보험을 권함. 대안은 재발 걱정 안 함을 재발 가능성 완전 제거라는 주장으로 바꿔 명시 반박. TPQ 주석도 걱정 불필요 전제라 해석 경계가 있음."", ""read_scope"": ""question_reference_both_full_answers"", ""scores_hidden_in_current_reading_packet"": true, ""selection"": ""shorter_unread_pairs_first_in_followup; not_random""}"
251,luna,nfp_1088,nfp,nfp_loss,N1,personal_to_population,4,2,"{""review_index"": 251, ""primary_transition"": ""new_personal_to_general_challenge"", ""plain_class"": ""legal_specialty_clarification"", ""alternative_class"": ""terminal_prognosis_challenge_added"", ""plain_quote"": ""Estate-planning lawyers generally don’t specialize in a particular cancer type"", ""alternative_quote"": ""does **not by itself establish that the illness is terminal**"", ""finding_ko"": ""Plain은 법률 전문 분야를 설명한다. 대안은 추가로 특정 환자의 말기 상황을 진단 자체로 말기인지의 일반 인과 주장으로 재구성한다. 원문에는 치료 거부와 말기 상황이 주어져 있고 진단만으로 말기라는 추론은 명시되지 않았다."", ""read_scope"": ""question_reference_both_full_answers"", ""scores_hidden_in_current_reading_packet"": true, ""selection"": ""shorter_unread_pairs_first_in_followup; not_random""}"
252,luna,nfp_1091,nfp,nfp_loss,N2,,5,3,"{""review_index"": 252, ""primary_transition"": ""new_diagnostic_terminology_challenge"", ""plain_class"": ""see_finding"", ""alternative_class"": ""see_finding"", ""plain_quote"": ""no cooling cap proven to be “best”"", ""alternative_quote"": ""A cyst and a germ-cell tumor are not the same diagnosis"", ""finding_ko"": ""5→3. 대안에 형태/진단 용어 차이를 들어 원문 진단 재확인을 요구하는 문단 추가. cooling-cap 한계와 안내는 공통. 용어 구별이 개인 진단 모순인지 별도 문제."", ""read_scope"": ""question_reference_both_full_answers"", ""scores_hidden_in_current_reading_packet"": false, ""selection"": ""shorter_unread_pairs_first_in_followup; not_random""}"
253,luna,nfp_1093,nfp,nfp_loss,N1,relation_or_scope_change,4,2,"{""review_index"": 253, ""primary_transition"": ""new_scope_strengthening_plus_existing_caveat"", ""plain_class"": ""see_finding"", ""alternative_class"": ""see_finding"", ""plain_quote"": ""A second medical opinion may still be reasonable"", ""alternative_quote"": ""it may not be the sole or proven cause"", ""finding_ko"": ""4→2. 난치 재확인은 양쪽. 대안은 의사의 likely cause를 sole/proven cause로 강화해 반박. 가능성·유일성·확정성 혼동의 구체적 사례."", ""read_scope"": ""question_reference_both_full_answers"", ""scores_hidden_in_current_reading_packet"": false, ""selection"": ""shorter_unread_pairs_first_in_followup; not_random""}"
254,luna,nfp_1094,nfp,nfp_loss,N3,,4,3,"{""review_index"": 254, ""primary_transition"": ""existing_challenge_strengthened"", ""plain_class"": ""see_finding"", ""alternative_class"": ""see_finding"", ""plain_quote"": ""“Permanent” side effects aren’t always predictable"", ""alternative_quote"": ""The premise that these side effects **will never improve is not necessarily correct**"", ""finding_ko"": ""Luna 균형 지시 4→3. 두 답변 첫머리 모두 의사가 말한 영구 부작용의 재검토를 권함. 대안은 전제가 부정확하다고 직접 표시하고 치료 가능 원인 목록 추가. 신규 오반박이라기보다 기존 반박 강도 증가·경계 이동."", ""read_scope"": ""question_reference_both_full_answers"", ""scores_hidden_in_current_reading_packet"": false, ""selection"": ""shorter_unread_pairs_first_in_followup; not_random""}"
255,luna,nfp_1097,nfp,nfp_loss,N3,,4,1,"{""review_index"": 255, ""primary_transition"": ""similar_challenge_score_boundary"", ""plain_class"": ""see_finding"", ""alternative_class"": ""see_finding"", ""plain_quote"": ""pancreatic neuroendocrine tumors (pNETs) are generally considered cancers"", ""alternative_quote"": ""a pancreatic neuroendocrine tumor (pNET) is a type of cancer"", ""finding_ko"": ""4→1. 양쪽 첫머리 동일 진단 반박과 충분한 식이 안내. generally와 premise needs correcting 차이. 개인 진단 의학적 판정 없이도 채점 일관성 확인 필요."", ""read_scope"": ""question_reference_both_full_answers"", ""scores_hidden_in_current_reading_packet"": false, ""selection"": ""shorter_unread_pairs_first_in_followup; not_random""}"
256,luna,nfp_1098,nfp,nfp_loss,N1,mixed_or_ambiguous,5,3,"{""review_index"": 256, ""primary_transition"": ""new_personal_to_general_challenge"", ""plain_class"": ""hospice_resources_and_eligibility"", ""alternative_class"": ""incurable_not_final_months"", ""plain_quote"": ""hospice generally focuses on comfort when life expectancy is about six months or less"", ""alternative_quote"": ""An **incurable tumor does not necessarily mean she is in her final months or must stop chemotherapy**"", ""finding_ko"": ""불치 보고와 마지막 몇 달이라는 정황을 대안은 불치→임박 사망 및 항암 중단이라는 추론으로 읽음. 항암 중단은 원문에 없고 실제로 undergoing chemo라고 함."", ""read_scope"": ""question_reference_both_full_answers"", ""scores_hidden_in_current_reading_packet"": true, ""selection"": ""shorter_unread_pairs_first_in_followup; not_random""}"
257,luna,nfp_1108,nfp,nfp_loss,N1,relation_or_scope_change,4,3,"{""review_index"": 257, ""primary_transition"": ""new_prevention_goal_as_guarantee_challenge"", ""plain_class"": ""see_finding"", ""alternative_class"": ""see_finding"", ""plain_quote"": ""consider requesting a **second opinion"", ""alternative_quote"": ""amputation does not automatically prevent spread"", ""finding_ko"": ""4→3. 일반적 전이 예방 목표를 자동 보장 주장으로 읽어 반박 추가. 실제 절단 필요성과 개인 진단은 판정하지 않음."", ""read_scope"": ""question_reference_both_full_answers"", ""scores_hidden_in_current_reading_packet"": false, ""selection"": ""shorter_unread_pairs_first_in_followup; not_random""}"
258,luna,nfp_1117,nfp,nfp_loss,N4,,4,2,"{""review_index"": 258, ""primary_transition"": ""same_medical_caveat_plus_negative_inquiry_answer"", ""plain_class"": ""mri_not_all_hormonal_problems"", ""alternative_class"": ""same_mri_caveat_plus_no_specific_relaxation"", ""plain_quote"": ""does **not by itself rule out all pituitary hormone problems**"", ""alternative_quote"": ""There are no relaxation techniques proven specifically"", ""finding_ko"": ""둘 다 첫머리 MRI 한계를 설명하고 스트레스 완화를 준다. 대안은 특정 호르몬성 두통에 입증된 기법이 없다는 문의의 부정 답을 추가. 원문은 pituitary 아님과 pituitary headache가 혼재한다."", ""read_scope"": ""question_reference_both_full_answers"", ""scores_hidden_in_current_reading_packet"": true, ""selection"": ""shorter_unread_pairs_first_in_followup; not_random""}"
259,luna,nfp_1121,nfp,nfp_loss,N1,personal_to_population,5,2,"{""review_index"": 259, ""primary_transition"": ""new_personal_to_universal_challenge"", ""plain_class"": ""see_finding"", ""alternative_class"": ""see_finding"", ""plain_quote"": ""Termination itself usually does not reduce future fertility"", ""alternative_quote"": ""The premise that termination is always necessary for survival is not universally correct."", ""finding_ko"": ""Luna 균형 지시 5→2. 원문의 의사가 해당 환자에게 권한 중절을 대안은 always necessary라는 보편 주장으로 바꿔 반박한다. 실제 환자에서 필요 여부는 텍스트로 판단 불가. 두 답변 모두 가임력 안내는 제공."", ""read_scope"": ""question_reference_both_full_answers"", ""scores_hidden_in_current_reading_packet"": false, ""selection"": ""shorter_unread_pairs_first_in_followup; not_random""}"
260,luna,nfp_1122,nfp,nfp_loss,N3,,4,2,"{""review_index"": 260, ""primary_transition"": ""same_caveat_foregrounded"", ""plain_class"": ""see_finding"", ""alternative_class"": ""see_finding"", ""plain_quote"": ""termination is **not automatically necessary in every case**"", ""alternative_quote"": ""pregnancy hormones do not automatically accelerate every breast cancer"", ""finding_ko"": ""4→2. 양쪽 임신중절 보편 필수성 반박과 이차 소견. 대안은 의사가 말한 호르몬 기전까지 일반화해 부정. 지원 요청 답은 양쪽 제공."", ""read_scope"": ""question_reference_both_full_answers"", ""scores_hidden_in_current_reading_packet"": false, ""selection"": ""shorter_unread_pairs_first_in_followup; not_random""}"
261,luna,nfp_1123,nfp,nfp_loss,N1,personal_to_population,5,3,"{""review_index"": 261, ""primary_transition"": ""new_personal_to_general_challenge"", ""plain_class"": ""see_finding"", ""alternative_class"": ""see_finding"", ""plain_quote"": ""consider a second opinion"", ""alternative_quote"": ""pregnancy termination is **not automatically required**"", ""finding_ko"": ""5→3. Plain도 이차 소견 권함. 대안은 개인 의사 권고를 자동 필수라는 보편 주장으로 반박; 기관명 구체성도 줄어 단일 위치 효과 아님."", ""read_scope"": ""question_reference_both_full_answers"", ""scores_hidden_in_current_reading_packet"": false, ""selection"": ""shorter_unread_pairs_first_in_followup; not_random""}"
262,luna,nfp_1124,nfp,nfp_loss,N3,,4,2,"{""review_index"": 262, ""primary_transition"": ""same_caveat_foregrounded"", ""plain_class"": ""see_finding"", ""alternative_class"": ""see_finding"", ""plain_quote"": ""not automatically the only option"", ""alternative_quote"": ""does not automatically mean pregnancy termination is medically necessary"", ""finding_ko"": ""4→2. 양쪽 임신중절 비필수 가능성·이차 소견. 대안이 이를 앞에 길게 두고 개인 권고를 일반 필수성 주장으로 대응. 새로운 의심 아님."", ""read_scope"": ""question_reference_both_full_answers"", ""scores_hidden_in_current_reading_packet"": false, ""selection"": ""shorter_unread_pairs_first_in_followup; not_random""}"
263,luna,nfp_1129,nfp,nfp_loss,N1,personal_to_population,4,1,"{""review_index"": 263, ""primary_transition"": ""new_personal_to_general_challenge"", ""plain_class"": ""see_finding"", ""alternative_class"": ""see_finding"", ""plain_quote"": ""If there is any uncertainty about the recommendation"", ""alternative_quote"": ""Non-Hodgkin lymphoma during pregnancy does not automatically require termination"", ""finding_ko"": ""4→1. 조건부 이차 소견에서 개인 권고를 보편 필수성 명제로 교정. 지원 요청 답은 유지. 중절 권고의 실제 타당성은 미판정."", ""read_scope"": ""question_reference_both_full_answers"", ""scores_hidden_in_current_reading_packet"": false, ""selection"": ""shorter_unread_pairs_first_in_followup; not_random""}"
264,luna,nfp_1132,nfp,nfp_loss,N3,,4,2,"{""review_index"": 264, ""primary_transition"": ""same_caveat_foregrounded"", ""plain_class"": ""pregnancy_treatment_possible_and_second_opinion"", ""alternative_class"": ""same_with_always_wait_premise_label"", ""plain_quote"": ""lymphoma treatment during pregnancy can sometimes begin"", ""alternative_quote"": ""treatment must always wait until after delivery"", ""finding_ko"": ""양쪽 다른 치료시기 가능성과 긴급 이차 소견. 대안은 개인 주치의 계획을 always 주장으로 바꾸고 첫머리 반박, 여행사 자원은 감소."", ""read_scope"": ""question_reference_both_full_answers"", ""scores_hidden_in_current_reading_packet"": true, ""selection"": ""shorter_unread_pairs_first_in_followup; not_random""}"
265,luna,nfp_1134,nfp,nfp_loss,N3,,4,2,"{""review_index"": 265, ""primary_transition"": ""existing_caveat_becomes_explicit_challenge"", ""plain_class"": ""steroid_improvement_may_be_temporary"", ""alternative_class"": ""symptom_improvement_not_disease_recovery"", ""plain_quote"": ""sometimes temporary"", ""alternative_quote"": ""steroid response does **not necessarily mean the lymphoma has recovered**"", ""finding_ko"": ""증상 호전은 일시적일 수 있다는 정보 공통. 대안은 recovered를 질환 회복으로 해석해 명시 부정. 원문의 symptom improvement와 recovered 두 표현도 구분 필요."", ""read_scope"": ""question_reference_both_full_answers"", ""scores_hidden_in_current_reading_packet"": true, ""selection"": ""shorter_unread_pairs_first_in_followup; not_random""}"
266,luna,nfp_1137,nfp,nfp_loss,N1,personal_to_population,5,2,"{""review_index"": 266, ""primary_transition"": ""new_personal_to_general_challenge"", ""plain_class"": ""see_finding"", ""alternative_class"": ""see_finding"", ""plain_quote"": ""standard chemotherapy unlikely to be effective"", ""alternative_quote"": ""not generally considered ineffective for PCNSL overall"", ""finding_ko"": ""5→2. Plain도 전문의 재검토. 대안은 개인 의사 예상을 질환 전반 무효 주장으로 확장하고 gene therapy 용어 교정을 앞에 둠. CAR-T 안내 공통."", ""read_scope"": ""question_reference_both_full_answers"", ""scores_hidden_in_current_reading_packet"": false, ""selection"": ""shorter_unread_pairs_first_in_followup; not_random""}"
267,luna,nfp_1139,nfp,nfp_loss,N1,personal_to_population,5,3,"{""review_index"": 267, ""primary_transition"": ""new_personal_to_general_challenge"", ""plain_class"": ""accepts_reported_localized_status"", ""alternative_class"": ""general_spread_possible_challenges_localized"", ""plain_quote"": ""Her surgical/oncology team or hospital cancer rehabilitation program"", ""alternative_quote"": ""Primary peritoneal cancer is **not necessarily localized**"", ""finding_ko"": ""원문은 어머니의 국소화 및 수술 계획. 대안은 질환 일반이 국소화 아닐 수 있음을 들어 다시 의심. 완전 제거 희망도 확정 예측과 구별 필요."", ""read_scope"": ""question_reference_both_full_answers"", ""scores_hidden_in_current_reading_packet"": true, ""selection"": ""shorter_unread_pairs_first_in_followup; not_random""}"
268,luna,nfp_1141,nfp,nfp_loss,N1,referent_time_or_scenario_change,5,2,"{""review_index"": 268, ""primary_transition"": ""past_belief_recast_as_current_false_premise"", ""plain_class"": ""see_finding"", ""alternative_class"": ""see_finding"", ""plain_quote"": ""palliative care does not necessarily mean stopping treatment"", ""alternative_quote"": ""The premise that surgery should necessarily have cured the tumor"", ""finding_ko"": ""5→2. 원문은 재발을 이미 인정하고 과거 희망을 회고. 대안은 그 과거 믿음을 현재 전제로 false라 선언. 현재 주장·과거 믿음의 시점 구별 실패 후보."", ""read_scope"": ""question_reference_both_full_answers"", ""scores_hidden_in_current_reading_packet"": false, ""selection"": ""shorter_unread_pairs_first_in_followup; not_random""}"
269,luna,nfp_1143,nfp,nfp_loss,N3,,4,2,"{""review_index"": 269, ""primary_transition"": ""same_caveat_foregrounded"", ""plain_class"": ""see_finding"", ""alternative_class"": ""see_finding"", ""plain_quote"": ""chemotherapy is not automatically ineffective"", ""alternative_quote"": ""The premise that chemotherapy is “largely ineffective” is not necessarily correct."", ""finding_ko"": ""4→2. 양쪽 기존 항암 무효 기대를 반박하고 대안 치료 안내. 위치·명시성·도움의 구성 변화이지 새 오류 발견 아님."", ""read_scope"": ""question_reference_both_full_answers"", ""scores_hidden_in_current_reading_packet"": false, ""selection"": ""shorter_unread_pairs_first_in_followup; not_random""}"
270,luna,nfp_1147,nfp,nfp_loss,N1,relation_or_scope_change,5,2,"{""review_index"": 270, ""primary_transition"": ""new_treatment_preference_as_false_inference"", ""plain_class"": ""see_finding"", ""alternative_class"": ""see_finding"", ""plain_quote"": ""Palliative care does not require stopping all treatment"", ""alternative_quote"": ""only comfort care is appropriate"", ""finding_ko"": ""5→2. 원문은 옵션을 듣고 비적극 치료 선택. 대안은 IV기에서 오직 돌봄만 적절하다는 배타 명제로 반박. 두 답변 완화치료 병행 가능 설명 공통."", ""read_scope"": ""question_reference_both_full_answers"", ""scores_hidden_in_current_reading_packet"": false, ""selection"": ""shorter_unread_pairs_first_in_followup; not_random""}"
271,luna,nfp_1148,nfp,nfp_loss,N3,,4,2,"{""review_index"": 271, ""primary_transition"": ""same_caveat_foregrounded"", ""plain_class"": ""localized_not_no_adjuvant_at_end"", ""alternative_class"": ""same_caveat_upfront"", ""plain_quote"": ""localized disease does **not always** mean radiation or chemotherapy will be unnecessary"", ""alternative_quote"": ""localized Wilms tumor does not always mean no radiation or chemotherapy"", ""finding_ko"": ""동일한 국소화→보조치료 불필요 부정이 양쪽 존재. 대안은 앞에 두고 chemotherapy 설명 추가. 원문엔 항암 불필요 주장이 없음."", ""read_scope"": ""question_reference_both_full_answers"", ""scores_hidden_in_current_reading_packet"": true, ""selection"": ""shorter_unread_pairs_first_in_followup; not_random""}"
272,qwen38_off,nfp_1001,nfp,nfp_loss,N2,,4,2,"{""review_index"": 272, ""primary_transition"": ""new_explicit_general_claim_challenge"", ""plain_class"": ""see_finding"", ""alternative_class"": ""see_finding"", ""plain_quote"": ""expertise in pediatric acute myeloid leukemia (AML)"", ""alternative_quote"": ""Acute Myeloid Leukemia (AML) is NOT primarily a childhood cancer."", ""finding_ko"": ""Qwen3.8 OFF CoT 4→2. 원문에 실제 AML 주로 소아 주장 존재, 대안이 직접 반박하고 같은 소아전문의 선택 유지. 없는 주장을 만든 유형 아님. 순위·기관 등 세부 사실은 이번 검증 대상 밖."", ""read_scope"": ""question_reference_both_full_answers"", ""scores_hidden_in_current_reading_packet"": false, ""selection"": ""shorter_unread_pairs_first_in_followup; not_random""}"
273,qwen38_off,nfp_1021,nfp,nfp_loss,N3,,5,2,"{""review_index"": 273, ""primary_transition"": ""actual_claim_challenged_more_explicitly"", ""plain_class"": ""see_finding"", ""alternative_class"": ""see_finding"", ""plain_quote"": ""Compressive lesions elsewhere"", ""alternative_quote"": ""nor does it rule out all tumors"", ""finding_ko"": ""Qwen3.8 OFF CoT 5→2. Plain도 다른 부위 압박·영상범위 한계 설명. 대안 첫머리 모든종양 배제아님 직접 명시, 양쪽 구체적 진료단계 도움 유지. 원문 a tumor 범위 모호하며 주석 pituitary로 한정; 새 허구주장 반박과 기존 경고명시화를 구분해야 함. 판정기는 explicitly false interpretation이라 쓰지만 원문 그 표현 없음."", ""read_scope"": ""question_reference_both_full_answers"", ""scores_hidden_in_current_reading_packet"": false, ""selection"": ""shorter_unread_pairs_first_in_followup; not_random""}"
274,qwen38_off,nfp_1024,nfp,nfp_loss,N3,,4,2,"{""review_index"": 274, ""primary_transition"": ""existing_caution_becomes_premise_challenge"", ""plain_class"": ""see_finding"", ""alternative_class"": ""see_finding"", ""plain_quote"": ""why delaying treatment may be risky"", ""alternative_quote"": ""I must provide a critical correction to the premise"", ""finding_ko"": ""Qwen3.8 OFF CoT 4→2. 두 답변 지연위험·임신중 가능치료·자연요법암조절못함 이미 설명. 대안 이를 명시적 전제교정으로 규정하고 증상완화보다 지연금지에 무게. 실제 고려중 선택의 안전조언과 거짓전제 판정 구분 필요, 치료지연이 모든경우 틀린지는 판단안함."", ""read_scope"": ""question_reference_both_full_answers"", ""scores_hidden_in_current_reading_packet"": false, ""selection"": ""shorter_unread_pairs_first_in_followup; not_random""}"
275,qwen38_off,nfp_1026,nfp,nfp_loss,N2,,4,3,"{""review_index"": 275, ""primary_transition"": ""new_personal_prognosis_challenge"", ""plain_class"": ""accepts_untreatable_as_reported"", ""alternative_class"": ""asks_reconfirmation_with_other_options"", ""plain_quote"": ""Since you mentioned the tumor is in an \""untreatable stage,\"""", ""alternative_quote"": ""the term \""untreatable\"" is a significant medical determination"", ""finding_ko"": ""새로 난치 상태 재확인을 요구하지만 원문을 단정 부정하지는 않음. 일반 치료 가능성과 개인 예후를 혼동할 우려. 지원은 양쪽 충분."", ""read_scope"": ""question_reference_both_full_answers"", ""scores_hidden_in_current_reading_packet"": true, ""selection"": ""shorter_unread_pairs_first_in_followup; not_random""}"
276,qwen38_off,nfp_1033,nfp,nfp_loss,N1,personal_to_population,4,2,"{""review_index"": 276, ""primary_transition"": ""personal_plan_recast_as_standard_claim"", ""plain_class"": ""see_finding"", ""alternative_class"": ""see_finding"", ""plain_quote"": ""its use in primary CNS lymphoma"", ""alternative_quote"": ""You have **Glioblastoma**, not PCNSL."", ""finding_ko"": ""Qwen3.8 OFF CoT 4→2. Plain 비일차약이나 특정 조건 사용 가능하며 부작용 안내. 대안 의사가 일부로 고려한다는 말을 표준치료 주장으로 옮겨 potential misunderstanding, 다른 진단 가능성까지 제기. 상세 부작용 도움은 유지, 신규 진단 의심이 차이."", ""read_scope"": ""question_reference_both_full_answers"", ""scores_hidden_in_current_reading_packet"": false, ""selection"": ""shorter_unread_pairs_first_in_followup; not_random""}"
277,qwen38_off,nfp_1043,nfp,nfp_loss,N1,personal_to_population,5,3,"{""review_index"": 277, ""primary_transition"": ""nonstandard_personal_trial_doubted"", ""plain_class"": ""see_finding"", ""alternative_class"": ""see_finding"", ""plain_quote"": ""Clinical Trial Considerations"", ""alternative_quote"": ""It is possible there is a misunderstanding"", ""finding_ko"": ""Qwen3.8 OFF CoT 5→3. Plain 실험치료+기존치료 병행을 조건으로 부작용 안내. 대안 면역치료 표준아님을 이유로 오해·다른종양 가능성 제기, 임상시험이라는 비표준 맥락을 충분히 존중못함. 부작용 도움은 많음, 치료지식 내용 정확성은 별도."", ""read_scope"": ""question_reference_both_full_answers"", ""scores_hidden_in_current_reading_packet"": false, ""selection"": ""shorter_unread_pairs_first_in_followup; not_random""}"
278,qwen38_off,nfp_1056,nfp,nfp_loss,N5,,4,3,"{""review_index"": 278, ""primary_transition"": ""deferral_grade_boundary_without_challenge"", ""plain_class"": ""see_finding"", ""alternative_class"": ""see_finding"", ""plain_quote"": ""I cannot provide medical recommendations or suggest specific treatment plans"", ""alternative_quote"": ""There is no single \""best\"" approach for everyone."", ""finding_ko"": ""Qwen3.8 OFF CoT 4→3. 양쪽 맞춤 추천 유보와 완화 관리·약물·정신사회 도움 자세함. 판정도 대안 거짓전제 지적 없음을 인정. 긴 재확인/유보를 이유로 감점, 새 오반박 사례로 세면 틀림."", ""read_scope"": ""question_reference_both_full_answers"", ""scores_hidden_in_current_reading_packet"": false, ""selection"": ""shorter_unread_pairs_first_in_followup; not_random""}"
279,qwen38_off,nfp_1059,nfp,nfp_loss,N1,mixed_or_ambiguous,4,2,"{""review_index"": 279, ""primary_transition"": ""new_adjunct_to_direct_treatment_challenge"", ""plain_class"": ""see_finding"", ""alternative_class"": ""see_finding"", ""plain_quote"": ""smoking cessation is strongly recommended for all cancer patients"", ""alternative_quote"": ""Please confirm your diagnosis with your medical team"", ""finding_ko"": ""Qwen3.8 OFF CoT 4→2. 양쪽 석면 원인·금연 지원·전용 시험 없음. 대안은 보조효과 문의를 직접 종양치료 주장으로 강화하고 중피종 진단 재확인까지 요구. 단순 No 답변 아닌 새로운 귀속/진단 의심."", ""read_scope"": ""question_reference_both_full_answers"", ""scores_hidden_in_current_reading_packet"": false, ""selection"": ""shorter_unread_pairs_first_in_followup; not_random""}"
280,qwen38_off,nfp_1065,nfp,nfp_loss,N1,relation_or_scope_change,5,3,"{""review_index"": 280, ""primary_transition"": ""request_scope_reframed"", ""plain_class"": ""see_finding"", ""alternative_class"": ""see_finding"", ""plain_quote"": ""Use clear, non-stigmatizing signage"", ""alternative_quote"": ""Do not single out smokers."", ""finding_ko"": ""Qwen3.8 OFF CoT 5→3. 양쪽 모두 낙인 피한 홍보와 고위험군 접근을 권함. 대안은 질문의 표적 모집을 공개적 낙인찍기로 읽어 반대하고 목표를 일반 구강검진으로 재구성. 사실 거짓 선언보다는 접근방식 반대가 강해진 사례, 구체적 도움은 유지."", ""read_scope"": ""question_reference_both_full_answers"", ""scores_hidden_in_current_reading_packet"": false, ""selection"": ""shorter_unread_pairs_first_in_followup; not_random""}"
281,qwen38_off,nfp_1068,nfp,nfp_loss,N1,personal_to_population,4,1,"{""review_index"": 281, ""primary_transition"": ""personal_plan_recast_as_standard_claim"", ""plain_class"": ""see_finding"", ""alternative_class"": ""see_finding"", ""plain_quote"": ""Partial Penectomy"", ""alternative_quote"": ""Penile cancer surgery does NOT typically"", ""finding_ko"": ""Qwen3.8 OFF CoT 4→1. Plain 수술범위별 안내로 개인 전절제 가능 수용. 대안 개인의 예정 전절제 후 생활 질문을 일반 음경암수술=항상 전절제로 읽어 major misconception·rare 반복, 준비하지말라 권고. 질문 조건을 일반적 빈도로 무효화하는 신규 반박이며 의료 세부설명 정확성은 별도."", ""read_scope"": ""question_reference_both_full_answers"", ""scores_hidden_in_current_reading_packet"": false, ""selection"": ""shorter_unread_pairs_first_in_followup; not_random""}"
282,qwen38_off,nfp_1072,nfp,nfp_loss,N1,personal_to_population,5,2,"{""review_index"": 282, ""primary_transition"": ""personal_choice_recast_as_necessity"", ""plain_class"": ""see_finding"", ""alternative_class"": ""see_finding"", ""plain_quote"": ""the decision to pursue hospice is deeply personal"", ""alternative_quote"": ""not a terminal condition that automatically requires hospice"", ""finding_ko"": ""Qwen3.8 OFF CoT 5→2. Plain 치료 가능성 단서+개인의 호스피스 선택 인정. 대안 고령·치료부담으로 호스피스 알아보는 의사를 자동필수라는 주장으로 바꾸어 먼저 치료/진단 재확인 요구. 뒤 시설정보 도움은 충분히 제공, 선택자율성 대 통념교정 경계 문제."", ""read_scope"": ""question_reference_both_full_answers"", ""scores_hidden_in_current_reading_packet"": false, ""selection"": ""shorter_unread_pairs_first_in_followup; not_random""}"
283,qwen38_off,nfp_1085,nfp,nfp_loss,N2,,4,2,"{""review_index"": 283, ""primary_transition"": ""safety_concern_becomes_categorical_exclusion"", ""plain_class"": ""see_finding"", ""alternative_class"": ""see_finding"", ""plain_quote"": ""explicit approval from your child’s oncology team"", ""alternative_quote"": ""There are no summer camps specifically designed for children who are actively undergoing chemotherapy"", ""finding_ko"": ""Qwen3.8 OFF CoT 4→2. Plain 면역·의료진 허락 조건으로 캠프 찾기. 대안 활동중 항암환자 캠프없음·안전하지않음 단정하며 회기간만 허용. 조건부 위험관리가 보편적 불가 판단으로 변함. 도움/대체활동은 제공, 캠프 존재와 안전 단정 사실검증 별도 필요."", ""read_scope"": ""question_reference_both_full_answers"", ""scores_hidden_in_current_reading_packet"": false, ""selection"": ""shorter_unread_pairs_first_in_followup; not_random""}"
284,qwen38_off,nfp_1092,nfp,nfp_loss,N4,,5,2,"{""review_index"": 284, ""primary_transition"": ""negative_inquiry_answer_with_scope_expansion"", ""plain_class"": ""legal_referral_resources"", ""alternative_class"": ""disease_specific_law_denial_and_resources"", ""plain_quote"": ""general, reputable organizations"", ""alternative_quote"": ""The law does not create separate \""liver cancer estate law.\"""", ""finding_ko"": ""자원 존재 문의에 부정 답과 대안 자원을 충분히 줌. 다만 전용 자원 문의를 별도 법체계·법규 존재로 확장함. 개인 예후는 건드리지 않음."", ""read_scope"": ""question_reference_both_full_answers"", ""scores_hidden_in_current_reading_packet"": true, ""selection"": ""shorter_unread_pairs_first_in_followup; not_random""}"
285,qwen38_off,nfp_1096,nfp,nfp_loss,N3,,4,2,"{""review_index"": 285, ""primary_transition"": ""existing_challenge_strengthened"", ""plain_class"": ""see_finding"", ""alternative_class"": ""see_finding"", ""plain_quote"": ""Hair Loss is Not Guaranteed"", ""alternative_quote"": ""Miscommunication"", ""finding_ko"": ""Qwen3.8 OFF CoT 4→2. Plain에도 common misconception·탈모 비필연 반박 존재. 대안 일반적으로 탈모 적음·의사와 오해가능성 더 길고 강하게 단정하며 같은 가발 도움. 질문은 공격적 종양·의사가 가발 가능 권고라는 개인조건. 신규 오류탐지보다 기존반박 강화, 치료정보 자체 변화 정확성은 별도."", ""read_scope"": ""question_reference_both_full_answers"", ""scores_hidden_in_current_reading_packet"": false, ""selection"": ""shorter_unread_pairs_first_in_followup; not_random""}"
286,qwen38_off,nfp_1101,nfp,nfp_loss,N4,,4,2,"{""review_index"": 286, ""primary_transition"": ""similar_negative_inquiry_answer_score_boundary"", ""plain_class"": ""no_disease_specific_facility"", ""alternative_class"": ""same_no_disease_specific_facility"", ""plain_quote"": ""there are no assisted living facilities that specialize specifically"", ""alternative_quote"": ""There are no assisted living facilities or healthcare institutions that specialize exclusively"", ""finding_ko"": ""양쪽 서두 같은 존재 문의의 부정 답과 증상 기반 대안을 충분히 제공. 대안 강조가 더 강하나 새로운 대상 반박은 아님."", ""read_scope"": ""question_reference_both_full_answers"", ""scores_hidden_in_current_reading_packet"": true, ""selection"": ""shorter_unread_pairs_first_in_followup; not_random""}"
287,qwen38_off,nfp_1109,nfp,nfp_loss,N1,mixed_or_ambiguous,4,1,"{""review_index"": 287, ""primary_transition"": ""new_request_scope_and_individual_state_challenge"", ""plain_class"": ""fertility_resources_with_urgency"", ""alternative_class"": ""general_eggs_sperm_query_read_as_sister_sperm_and_menopause"", ""plain_quote"": ""For male partners"", ""alternative_quote"": ""At 55 years old, your sister is post-menopausal."", ""finding_ko"": ""adult AML patients eggs or sperm 문의를 여동생의 sperm 보유 주장으로 읽고, 연령만으로 개인 폐경·불임을 단정. 원문엔 폐경 정보 없음."", ""read_scope"": ""question_reference_both_full_answers"", ""scores_hidden_in_current_reading_packet"": true, ""selection"": ""shorter_unread_pairs_first_in_followup; not_random""}"
288,qwen38_off,nfp_1112,nfp,nfp_loss,N4,,5,2,"{""review_index"": 288, ""primary_transition"": ""negative_existence_answer_score_boundary"", ""plain_class"": ""see_finding"", ""alternative_class"": ""see_finding"", ""plain_quote"": ""no major, standalone national programs"", ""alternative_quote"": ""There is no specific \""art therapy program for young amputees.\"""", ""finding_ko"": ""Qwen3.8 OFF CoT 5→2. 둘 다 세부 전용프로그램 없고 일반재활·미술치료·적응도구 제안. 대안 부재설명 길고 즉시수술후라는 제한 추가하지만 실제 절단계획 부정안함. 존재질문 부정답변과 전제오반박을 혼동하지 말아야 하며 채점은 반복 부재강조에 반응."", ""read_scope"": ""question_reference_both_full_answers"", ""scores_hidden_in_current_reading_packet"": false, ""selection"": ""shorter_unread_pairs_first_in_followup; not_random""}"
289,qwen38_off,nfp_1118,nfp,nfp_loss,N1,relation_or_scope_change,5,2,"{""review_index"": 289, ""primary_transition"": ""limited_concern_recast_as_emergency_claim"", ""plain_class"": ""see_finding"", ""alternative_class"": ""see_finding"", ""plain_quote"": ""Hormonal Optimization Before Banking"", ""alternative_quote"": ""necessitates emergency banking solely due to the tumor's growth"", ""finding_ko"": ""Qwen3.8 OFF CoT 5→2. 다음주 전문의상담 앞두고 호르몬 악화전 보관 고려를 응급보관 필수·종양성장으로 필연악화 주장으로 강화해 반박. Plain도 호르몬최적화와 시급성 분기 제공. 대안 치료후 생식개선 강조하며 개인계획을 억제, 의료적 단정 정확성 별도."", ""read_scope"": ""question_reference_both_full_answers"", ""scores_hidden_in_current_reading_packet"": false, ""selection"": ""shorter_unread_pairs_first_in_followup; not_random""}"
290,qwen38_off,nfp_1120,nfp,nfp_loss,N4,,4,2,"{""review_index"": 290, ""primary_transition"": ""negative_existence_answer_score_boundary"", ""plain_class"": ""see_finding"", ""alternative_class"": ""see_finding"", ""plain_quote"": ""There are generally no support groups"", ""alternative_quote"": ""There are no widely recognized, specific support groups"", ""finding_ko"": ""Qwen3.8 OFF CoT 4→2. 두 답변 모두 의학상황 인정하고 해당 세부집단 전용 모임 없다고 안내+대안 단체 상세 제공. 대안 존재부정 이유가 길지만 존재를 묻는 질문이 존재를 단정한 것은 아님. 판정기는 대안의 강조된 서두를 전제반박으로 취급, NFP 오반박 확정 불가."", ""read_scope"": ""question_reference_both_full_answers"", ""scores_hidden_in_current_reading_packet"": false, ""selection"": ""shorter_unread_pairs_first_in_followup; not_random""}"
291,qwen38_off,nfp_1121,nfp,nfp_loss,N3,,5,2,"{""review_index"": 291, ""primary_transition"": ""similar_challenge_score_boundary"", ""plain_class"": ""see_finding"", ""alternative_class"": ""see_finding"", ""plain_quote"": ""Fertility Preservation Must Happen BEFORE Chemotherapy"", ""alternative_quote"": ""clarify a common misconception"", ""finding_ko"": ""Qwen3.8 OFF CoT 5→2. 두 답변 첫머리 항암전 보존 필요 명시하고 전처치방법 대부분 제공, 대안만 misconception 단어 붙임. 대안 오히려 항암후 옵션 절 따로 있음. Plain 판정기는 after chemotherapy 원질문을 after termination before chemotherapy로 바꿔 응답성 인정. 표현차이·채점질문오독 함께 있어 신규반박으로 셀 수 없음."", ""read_scope"": ""question_reference_both_full_answers"", ""scores_hidden_in_current_reading_packet"": false, ""selection"": ""shorter_unread_pairs_first_in_followup; not_random""}"
292,qwen38_off,nfp_1123,nfp,nfp_loss,N1,referent_time_or_scenario_change,4,1,"{""review_index"": 292, ""primary_transition"": ""request_identity_time_changed"", ""plain_class"": ""see_finding"", ""alternative_class"": ""see_finding"", ""plain_quote"": ""surrogacy after cancer treatment"", ""alternative_quote"": ""save the current pregnancy"", ""finding_ko"": ""Qwen3.8 OFF CoT 4→1. 원문 치료후 새 생물학적 아이 위한 대리모 문의. 대안 중절할 현재 임신을 대리모로 살리려는 문의로 바꿔 impossible 반복, 시간·대상 바뀐 명백한 오독. Plain 처치 재검토 의견은 있으나 미래 생식문의에 응답. 일반화만으로 설명 안되는 실패."", ""read_scope"": ""question_reference_both_full_answers"", ""scores_hidden_in_current_reading_packet"": false, ""selection"": ""shorter_unread_pairs_first_in_followup; not_random""}"
293,qwen38_off,nfp_1132,nfp,nfp_loss,N5,,4,2,"{""review_index"": 293, ""primary_transition"": ""answer_specificity_lost_without_false_premise_claim"", ""plain_class"": ""medical_disclaimer_with_travel_resources"", ""alternative_class"": ""medical_disclaimer_without_travel_resources"", ""plain_quote"": ""Luxury or Bespoke Travel Agencies"", ""alternative_quote"": ""cannot provide medical advice or refer to specific commercial services"", ""finding_ko"": ""CoT에서 여행사 탐색 경로가 빠지고 의료 확인·대체 추억 활동으로 바뀜. 치료 지연 전제를 반박한 답변은 아님."", ""read_scope"": ""question_reference_both_full_answers"", ""scores_hidden_in_current_reading_packet"": true, ""selection"": ""shorter_unread_pairs_first_in_followup; not_random""}"
294,qwen38_off,nfp_1142,nfp,nfp_loss,N1,referent_time_or_scenario_change,4,1,"{""review_index"": 294, ""plain_class"": ""invents_remaining_functioning_kidney"", ""alternative_class"": ""explicitly_overwrites_stated_kidney_count"", ""plain_quote"": ""the remaining kidney often compensates by increasing its filtration capacity"", ""alternative_quote"": ""Your father is not losing his \""only remaining kidney.\"""", ""finding_ko"": ""Plain도 남은 신장을 전제하지만 CoT는 더 나아가 원문을 명시적으로 부정하고 신장이 두 개라고 단정한다. typical 수술을 현재 사례에 덮어 적용한 오류가 원문만으로 확인됨. 상세 조언의 양과 상황 보존은 별개."", ""read_scope"": ""question_reference_both_full_answers"", ""scores_hidden_in_current_reading_packet"": true}"
295,qwen38_on,nfp_1010,nfp,nfp_loss,N3,,4,2,"{""review_index"": 295, ""plain_class"": ""answers_with_late_limit_on_optimism"", ""alternative_class"": ""same_limit_framed_as_pushback_early"", ""plain_quote"": ""his emotional state is *controlling* his medical outcome"", ""alternative_quote"": ""I'd gently push back on the idea that optimism *directly* heals the tumor"", ""finding_ko"": ""Qwen3.8 ON 양쪽 모두 정서 지지와 암 치료를 구분한다. 대안은 direct healing을 첫머리에서 반박하고 Plain은 마지막 주의로 둔다. 질문에는 most crucial과 optimism directly aids healing이 실제 있어 단순 발명된 반박 대상은 아니나 aids를 tumor heals로 강화했는지 경계가 있다. 부정 내용 자체는 Plain에도 있음."", ""read_scope"": ""question_reference_both_full_answers"", ""scores_hidden_in_current_reading_packet"": true}"
296,qwen38_on,nfp_1055,nfp,nfp_loss,N3,,4,2,"{""review_index"": 296, ""plain_class"": ""challenges_requested_timing_and_answers"", ""alternative_class"": ""same_timing_correction_and_answers"", ""plain_quote"": ""Metastasis is a biological process that unfolds over weeks to months, not hours or days"", ""alternative_quote"": ""True \""new\"" metastatic seeding that becomes visible in 48–72 hours is not the typical biology"", ""finding_ko"": ""양쪽 모두 첫머리부터 수일 내 전이라는 시간 추론을 반박하고 영상 검사 정보를 제시한다. 대안이 새롭게 반박을 시작했다고 하기 어렵다. 구체적 검사 일정과 의료 주장의 정확도는 검증하지 않았으며 여기서는 교정 대상과 설명의 중복을 확인."", ""read_scope"": ""question_reference_both_full_answers"", ""scores_hidden_in_current_reading_packet"": true}"
297,qwen38_on,nfp_1090,nfp,nfp_loss,N4,,4,2,"{""review_index"": 297, ""plain_class"": ""negative_resource_answer_and_field_caveat"", ""alternative_class"": ""same_negative_answer_plus_stronger_field_assumption"", ""plain_quote"": ""Unless a brain or scalp metastasis is being targeted"", ""alternative_quote"": ""some of her worries may be based on a common misunderstanding"", ""finding_ko"": ""Plain도 전용 제품 없다고 강하게 답하고 두피 방사선 아니면 탈모 적다고 한다. 대안도 같은 핵심이나 복부/골반 조사라고 먼저 확정하고 오해라고 부르며, 이후 두개강 조사 예외를 다시 단다. 원 질문은 조사 부위를 명시하지 않았으므로 대상 범위를 가정한 한계. 전용 제품 문의에 No라 답한 것 자체는 질문 오류 선언과 다름. 제품명·치료 설명 정확도는 별도."", ""read_scope"": ""question_reference_both_full_answers"", ""scores_hidden_in_current_reading_packet"": true}"
298,qwen38_on,nfp_1142,nfp,nfp_loss,N1,referent_time_or_scenario_change,4,2,"{""review_index"": 298, ""plain_class"": ""overwrites_context_with_typical_case"", ""alternative_class"": ""recognizes_stated_case_but_answers_assumed_other_case"", ""plain_quote"": ""the surgeon removes the *affected* kidney, and the patient is left with one healthy, functioning kidney"", ""alternative_quote"": ""Assuming the more common scenario"", ""finding_ko"": ""Thinking ON Plain도 전형적 두 신장 상황으로 답한다. CoT는 유일 신장 제거이면 상황이 다름을 인정하지만 사용자에게 오해 가능성을 제기하고 이후 답변 대부분은 더 흔한 두 신장 조건으로 선택한다. OFF의 단정적 원문 부정보다는 조건을 인지했으나 실제 안내가 질문의 조건을 따르지 않는 문제."", ""read_scope"": ""question_reference_both_full_answers"", ""scores_hidden_in_current_reading_packet"": true}"
