model,gate,id,set,gate_on,selected_method,score
qwen,text,fpq_0,fpq,1,fp_unconditional,4
qwen,text,fpq_10,fpq,1,fp_unconditional,4
qwen,text,fpq_100,fpq,1,fp_unconditional,1
qwen,text,fpq_101,fpq,1,fp_unconditional,2
qwen,text,fpq_102,fpq,1,fp_unconditional,5
qwen,text,fpq_103,fpq,1,fp_unconditional,4
qwen,text,fpq_105,fpq,1,fp_unconditional,5
qwen,text,fpq_106,fpq,1,fp_unconditional,1
qwen,text,fpq_107,fpq,0,plain,1
qwen,text,fpq_108,fpq,1,fp_unconditional,5
qwen,text,fpq_109,fpq,1,fp_unconditional,4
qwen,text,fpq_11,fpq,1,fp_unconditional,5
qwen,text,fpq_110,fpq,1,fp_unconditional,2
qwen,text,fpq_111,fpq,1,fp_unconditional,4
qwen,text,fpq_112,fpq,1,fp_unconditional,4
qwen,text,fpq_113,fpq,1,fp_unconditional,4
qwen,text,fpq_114,fpq,1,fp_unconditional,1
qwen,text,fpq_115,fpq,0,plain,1
qwen,text,fpq_116,fpq,1,fp_unconditional,5
qwen,text,fpq_12,fpq,1,fp_unconditional,4
qwen,text,fpq_120,fpq,1,fp_unconditional,2
qwen,text,fpq_121,fpq,1,fp_unconditional,4
qwen,text,fpq_122,fpq,1,fp_unconditional,2
qwen,text,fpq_123,fpq,1,fp_unconditional,1
qwen,text,fpq_124,fpq,1,fp_unconditional,5
qwen,text,fpq_125,fpq,1,fp_unconditional,2
qwen,text,fpq_126,fpq,1,fp_unconditional,4
qwen,text,fpq_127,fpq,1,fp_unconditional,2
qwen,text,fpq_128,fpq,0,plain,1
qwen,text,fpq_129,fpq,1,fp_unconditional,1
qwen,text,fpq_13,fpq,1,fp_unconditional,1
qwen,text,fpq_130,fpq,1,fp_unconditional,1
qwen,text,fpq_131,fpq,1,fp_unconditional,1
qwen,text,fpq_133,fpq,1,fp_unconditional,4
qwen,text,fpq_134,fpq,1,fp_unconditional,2
qwen,text,fpq_135,fpq,1,fp_unconditional,4
qwen,text,fpq_136,fpq,1,fp_unconditional,4
qwen,text,fpq_137,fpq,1,fp_unconditional,4
qwen,text,fpq_138,fpq,1,fp_unconditional,1
qwen,text,fpq_139,fpq,1,fp_unconditional,2
qwen,text,fpq_14,fpq,1,fp_unconditional,2
qwen,text,fpq_140,fpq,1,fp_unconditional,2
qwen,text,fpq_141,fpq,1,fp_unconditional,2
qwen,text,fpq_142,fpq,1,fp_unconditional,5
qwen,text,fpq_143,fpq,1,fp_unconditional,2
qwen,text,fpq_144,fpq,1,fp_unconditional,4
qwen,text,fpq_145,fpq,1,fp_unconditional,5
qwen,text,fpq_146,fpq,1,fp_unconditional,5
qwen,text,fpq_147,fpq,1,fp_unconditional,5
qwen,text,fpq_148,fpq,1,fp_unconditional,5
qwen,text,fpq_149,fpq,1,fp_unconditional,3
qwen,text,fpq_15,fpq,1,fp_unconditional,1
qwen,text,fpq_152,fpq,1,fp_unconditional,1
qwen,text,fpq_153,fpq,1,fp_unconditional,5
qwen,text,fpq_155,fpq,1,fp_unconditional,1
qwen,text,fpq_156,fpq,1,fp_unconditional,5
qwen,text,fpq_157,fpq,1,fp_unconditional,4
qwen,text,fpq_158,fpq,1,fp_unconditional,5
qwen,text,fpq_159,fpq,1,fp_unconditional,1
qwen,text,fpq_16,fpq,1,fp_unconditional,1
qwen,text,fpq_160,fpq,1,fp_unconditional,1
qwen,text,fpq_163,fpq,1,fp_unconditional,1
qwen,text,fpq_164,fpq,1,fp_unconditional,4
qwen,text,fpq_165,fpq,1,fp_unconditional,4
qwen,text,fpq_166,fpq,1,fp_unconditional,2
qwen,text,fpq_167,fpq,1,fp_unconditional,1
qwen,text,fpq_168,fpq,1,fp_unconditional,2
qwen,text,fpq_169,fpq,1,fp_unconditional,2
qwen,text,fpq_17,fpq,1,fp_unconditional,5
qwen,text,fpq_170,fpq,1,fp_unconditional,1
qwen,text,fpq_173,fpq,1,fp_unconditional,4
qwen,text,fpq_174,fpq,1,fp_unconditional,2
qwen,text,fpq_175,fpq,0,plain,1
qwen,text,fpq_176,fpq,1,fp_unconditional,2
qwen,text,fpq_177,fpq,1,fp_unconditional,1
qwen,text,fpq_178,fpq,1,fp_unconditional,4
qwen,text,fpq_179,fpq,1,fp_unconditional,1
qwen,text,fpq_18,fpq,1,fp_unconditional,2
qwen,text,fpq_180,fpq,1,fp_unconditional,4
qwen,text,fpq_181,fpq,1,fp_unconditional,5
qwen,text,fpq_182,fpq,1,fp_unconditional,4
qwen,text,fpq_184,fpq,1,fp_unconditional,1
qwen,text,fpq_185,fpq,0,plain,1
qwen,text,fpq_186,fpq,1,fp_unconditional,4
qwen,text,fpq_188,fpq,0,plain,1
qwen,text,fpq_189,fpq,1,fp_unconditional,3
qwen,text,fpq_19,fpq,1,fp_unconditional,5
qwen,text,fpq_190,fpq,1,fp_unconditional,5
qwen,text,fpq_191,fpq,1,fp_unconditional,5
qwen,text,fpq_192,fpq,1,fp_unconditional,2
qwen,text,fpq_193,fpq,1,fp_unconditional,5
qwen,text,fpq_194,fpq,1,fp_unconditional,5
qwen,text,fpq_195,fpq,1,fp_unconditional,3
qwen,text,fpq_196,fpq,1,fp_unconditional,4
qwen,text,fpq_197,fpq,1,fp_unconditional,1
qwen,text,fpq_198,fpq,1,fp_unconditional,4
qwen,text,fpq_2,fpq,1,fp_unconditional,4
qwen,text,fpq_20,fpq,1,fp_unconditional,4
qwen,text,fpq_200,fpq,1,fp_unconditional,4
qwen,text,fpq_201,fpq,1,fp_unconditional,4
qwen,text,fpq_202,fpq,1,fp_unconditional,4
qwen,text,fpq_204,fpq,1,fp_unconditional,4
qwen,text,fpq_205,fpq,1,fp_unconditional,4
qwen,text,fpq_206,fpq,1,fp_unconditional,5
qwen,text,fpq_207,fpq,1,fp_unconditional,4
qwen,text,fpq_208,fpq,1,fp_unconditional,3
qwen,text,fpq_21,fpq,1,fp_unconditional,5
qwen,text,fpq_216,fpq,0,plain,1
qwen,text,fpq_217,fpq,1,fp_unconditional,1
qwen,text,fpq_218,fpq,1,fp_unconditional,1
qwen,text,fpq_219,fpq,1,fp_unconditional,1
qwen,text,fpq_22,fpq,1,fp_unconditional,5
qwen,text,fpq_220,fpq,1,fp_unconditional,1
qwen,text,fpq_221,fpq,1,fp_unconditional,1
qwen,text,fpq_222,fpq,1,fp_unconditional,5
qwen,text,fpq_223,fpq,1,fp_unconditional,2
qwen,text,fpq_224,fpq,1,fp_unconditional,5
qwen,text,fpq_225,fpq,0,plain,1
qwen,text,fpq_226,fpq,1,fp_unconditional,4
qwen,text,fpq_227,fpq,1,fp_unconditional,1
qwen,text,fpq_228,fpq,1,fp_unconditional,4
qwen,text,fpq_229,fpq,1,fp_unconditional,5
qwen,text,fpq_23,fpq,1,fp_unconditional,1
qwen,text,fpq_230,fpq,1,fp_unconditional,2
qwen,text,fpq_231,fpq,1,fp_unconditional,2
qwen,text,fpq_232,fpq,1,fp_unconditional,1
qwen,text,fpq_233,fpq,1,fp_unconditional,5
qwen,text,fpq_234,fpq,1,fp_unconditional,4
qwen,text,fpq_236,fpq,1,fp_unconditional,2
qwen,text,fpq_237,fpq,1,fp_unconditional,5
qwen,text,fpq_238,fpq,1,fp_unconditional,4
qwen,text,fpq_239,fpq,0,plain,2
qwen,text,fpq_24,fpq,1,fp_unconditional,5
qwen,text,fpq_240,fpq,1,fp_unconditional,5
qwen,text,fpq_241,fpq,0,plain,1
qwen,text,fpq_244,fpq,1,fp_unconditional,5
qwen,text,fpq_245,fpq,1,fp_unconditional,1
qwen,text,fpq_246,fpq,0,plain,1
qwen,text,fpq_247,fpq,1,fp_unconditional,2
qwen,text,fpq_248,fpq,1,fp_unconditional,5
qwen,text,fpq_249,fpq,1,fp_unconditional,5
qwen,text,fpq_25,fpq,1,fp_unconditional,4
qwen,text,fpq_250,fpq,1,fp_unconditional,1
qwen,text,fpq_251,fpq,1,fp_unconditional,1
qwen,text,fpq_252,fpq,1,fp_unconditional,4
qwen,text,fpq_253,fpq,0,plain,1
qwen,text,fpq_254,fpq,1,fp_unconditional,1
qwen,text,fpq_255,fpq,1,fp_unconditional,4
qwen,text,fpq_256,fpq,1,fp_unconditional,1
qwen,text,fpq_257,fpq,0,plain,1
qwen,text,fpq_258,fpq,1,fp_unconditional,5
qwen,text,fpq_259,fpq,1,fp_unconditional,1
qwen,text,fpq_26,fpq,1,fp_unconditional,4
qwen,text,fpq_260,fpq,1,fp_unconditional,2
qwen,text,fpq_261,fpq,1,fp_unconditional,5
qwen,text,fpq_262,fpq,1,fp_unconditional,5
qwen,text,fpq_263,fpq,0,plain,2
qwen,text,fpq_264,fpq,0,plain,1
qwen,text,fpq_265,fpq,1,fp_unconditional,1
qwen,text,fpq_266,fpq,1,fp_unconditional,4
qwen,text,fpq_267,fpq,1,fp_unconditional,4
qwen,text,fpq_268,fpq,0,plain,1
qwen,text,fpq_269,fpq,1,fp_unconditional,4
qwen,text,fpq_27,fpq,1,fp_unconditional,4
qwen,text,fpq_270,fpq,1,fp_unconditional,4
qwen,text,fpq_271,fpq,1,fp_unconditional,4
qwen,text,fpq_272,fpq,1,fp_unconditional,5
qwen,text,fpq_273,fpq,0,plain,1
qwen,text,fpq_274,fpq,1,fp_unconditional,3
qwen,text,fpq_275,fpq,1,fp_unconditional,4
qwen,text,fpq_276,fpq,1,fp_unconditional,1
qwen,text,fpq_277,fpq,1,fp_unconditional,5
qwen,text,fpq_278,fpq,1,fp_unconditional,1
qwen,text,fpq_279,fpq,1,fp_unconditional,5
qwen,text,fpq_28,fpq,1,fp_unconditional,2
qwen,text,fpq_283,fpq,0,plain,1
qwen,text,fpq_285,fpq,0,plain,1
qwen,text,fpq_286,fpq,0,plain,1
qwen,text,fpq_287,fpq,1,fp_unconditional,2
qwen,text,fpq_288,fpq,0,plain,1
qwen,text,fpq_289,fpq,1,fp_unconditional,4
qwen,text,fpq_29,fpq,1,fp_unconditional,5
qwen,text,fpq_290,fpq,0,plain,1
qwen,text,fpq_291,fpq,0,plain,1
qwen,text,fpq_292,fpq,1,fp_unconditional,4
qwen,text,fpq_293,fpq,1,fp_unconditional,5
qwen,text,fpq_294,fpq,1,fp_unconditional,4
qwen,text,fpq_295,fpq,0,plain,1
qwen,text,fpq_296,fpq,0,plain,1
qwen,text,fpq_297,fpq,1,fp_unconditional,1
qwen,text,fpq_3,fpq,1,fp_unconditional,4
qwen,text,fpq_30,fpq,1,fp_unconditional,4
qwen,text,fpq_302,fpq,1,fp_unconditional,4
qwen,text,fpq_303,fpq,1,fp_unconditional,4
qwen,text,fpq_304,fpq,1,fp_unconditional,1
qwen,text,fpq_305,fpq,1,fp_unconditional,1
qwen,text,fpq_306,fpq,0,plain,1
qwen,text,fpq_307,fpq,1,fp_unconditional,2
qwen,text,fpq_308,fpq,1,fp_unconditional,1
qwen,text,fpq_309,fpq,1,fp_unconditional,4
qwen,text,fpq_31,fpq,1,fp_unconditional,4
qwen,text,fpq_311,fpq,1,fp_unconditional,4
qwen,text,fpq_312,fpq,0,plain,1
qwen,text,fpq_313,fpq,1,fp_unconditional,4
qwen,text,fpq_314,fpq,1,fp_unconditional,1
qwen,text,fpq_315,fpq,1,fp_unconditional,4
qwen,text,fpq_316,fpq,1,fp_unconditional,4
qwen,text,fpq_317,fpq,1,fp_unconditional,2
qwen,text,fpq_318,fpq,1,fp_unconditional,2
qwen,text,fpq_319,fpq,1,fp_unconditional,1
qwen,text,fpq_32,fpq,1,fp_unconditional,2
qwen,text,fpq_320,fpq,1,fp_unconditional,4
qwen,text,fpq_321,fpq,1,fp_unconditional,1
qwen,text,fpq_325,fpq,1,fp_unconditional,5
qwen,text,fpq_326,fpq,1,fp_unconditional,1
qwen,text,fpq_327,fpq,0,plain,1
qwen,text,fpq_33,fpq,1,fp_unconditional,4
qwen,text,fpq_336,fpq,1,fp_unconditional,4
qwen,text,fpq_34,fpq,1,fp_unconditional,5
qwen,text,fpq_342,fpq,1,fp_unconditional,1
qwen,text,fpq_343,fpq,1,fp_unconditional,5
qwen,text,fpq_344,fpq,1,fp_unconditional,1
qwen,text,fpq_348,fpq,1,fp_unconditional,5
qwen,text,fpq_35,fpq,1,fp_unconditional,1
qwen,text,fpq_350,fpq,1,fp_unconditional,1
qwen,text,fpq_353,fpq,1,fp_unconditional,5
qwen,text,fpq_354,fpq,1,fp_unconditional,1
qwen,text,fpq_357,fpq,0,plain,1
qwen,text,fpq_358,fpq,0,plain,1
qwen,text,fpq_359,fpq,1,fp_unconditional,1
qwen,text,fpq_36,fpq,1,fp_unconditional,4
qwen,text,fpq_361,fpq,1,fp_unconditional,2
qwen,text,fpq_362,fpq,0,plain,1
qwen,text,fpq_366,fpq,0,plain,1
qwen,text,fpq_368,fpq,1,fp_unconditional,5
qwen,text,fpq_37,fpq,1,fp_unconditional,5
qwen,text,fpq_376,fpq,0,plain,1
qwen,text,fpq_378,fpq,0,plain,1
qwen,text,fpq_379,fpq,0,plain,2
qwen,text,fpq_38,fpq,1,fp_unconditional,5
qwen,text,fpq_380,fpq,0,plain,1
qwen,text,fpq_383,fpq,0,plain,1
qwen,text,fpq_385,fpq,1,fp_unconditional,1
qwen,text,fpq_386,fpq,1,fp_unconditional,5
qwen,text,fpq_387,fpq,1,fp_unconditional,5
qwen,text,fpq_388,fpq,1,fp_unconditional,4
qwen,text,fpq_39,fpq,1,fp_unconditional,4
qwen,text,fpq_390,fpq,1,fp_unconditional,2
qwen,text,fpq_391,fpq,1,fp_unconditional,4
qwen,text,fpq_392,fpq,1,fp_unconditional,4
qwen,text,fpq_394,fpq,1,fp_unconditional,4
qwen,text,fpq_395,fpq,0,plain,1
qwen,text,fpq_396,fpq,1,fp_unconditional,2
qwen,text,fpq_397,fpq,1,fp_unconditional,4
qwen,text,fpq_398,fpq,1,fp_unconditional,2
qwen,text,fpq_399,fpq,1,fp_unconditional,1
qwen,text,fpq_4,fpq,1,fp_unconditional,4
qwen,text,fpq_40,fpq,1,fp_unconditional,5
qwen,text,fpq_400,fpq,1,fp_unconditional,5
qwen,text,fpq_403,fpq,1,fp_unconditional,5
qwen,text,fpq_405,fpq,1,fp_unconditional,5
qwen,text,fpq_407,fpq,0,plain,1
qwen,text,fpq_408,fpq,1,fp_unconditional,4
qwen,text,fpq_41,fpq,1,fp_unconditional,4
qwen,text,fpq_415,fpq,1,fp_unconditional,4
qwen,text,fpq_416,fpq,1,fp_unconditional,4
qwen,text,fpq_417,fpq,0,plain,1
qwen,text,fpq_42,fpq,1,fp_unconditional,5
qwen,text,fpq_420,fpq,1,fp_unconditional,1
qwen,text,fpq_421,fpq,1,fp_unconditional,2
qwen,text,fpq_422,fpq,1,fp_unconditional,4
qwen,text,fpq_423,fpq,1,fp_unconditional,5
qwen,text,fpq_425,fpq,1,fp_unconditional,5
qwen,text,fpq_426,fpq,1,fp_unconditional,5
qwen,text,fpq_428,fpq,1,fp_unconditional,5
qwen,text,fpq_429,fpq,1,fp_unconditional,5
qwen,text,fpq_43,fpq,1,fp_unconditional,4
qwen,text,fpq_434,fpq,1,fp_unconditional,5
qwen,text,fpq_436,fpq,1,fp_unconditional,4
qwen,text,fpq_438,fpq,1,fp_unconditional,2
qwen,text,fpq_439,fpq,1,fp_unconditional,5
qwen,text,fpq_44,fpq,1,fp_unconditional,5
qwen,text,fpq_443,fpq,1,fp_unconditional,3
qwen,text,fpq_445,fpq,1,fp_unconditional,4
qwen,text,fpq_446,fpq,1,fp_unconditional,4
qwen,text,fpq_45,fpq,1,fp_unconditional,5
qwen,text,fpq_459,fpq,0,plain,1
qwen,text,fpq_46,fpq,1,fp_unconditional,5
qwen,text,fpq_460,fpq,0,plain,1
qwen,text,fpq_462,fpq,0,plain,1
qwen,text,fpq_467,fpq,0,plain,1
qwen,text,fpq_47,fpq,1,fp_unconditional,5
qwen,text,fpq_472,fpq,1,fp_unconditional,5
qwen,text,fpq_473,fpq,0,plain,1
qwen,text,fpq_474,fpq,0,plain,1
qwen,text,fpq_477,fpq,0,plain,1
qwen,text,fpq_479,fpq,1,fp_unconditional,4
qwen,text,fpq_48,fpq,1,fp_unconditional,1
qwen,text,fpq_484,fpq,1,fp_unconditional,5
qwen,text,fpq_485,fpq,1,fp_unconditional,5
qwen,text,fpq_487,fpq,0,plain,2
qwen,text,fpq_488,fpq,0,plain,1
qwen,text,fpq_49,fpq,1,fp_unconditional,1
qwen,text,fpq_492,fpq,1,fp_unconditional,2
qwen,text,fpq_493,fpq,1,fp_unconditional,4
qwen,text,fpq_494,fpq,1,fp_unconditional,5
qwen,text,fpq_495,fpq,1,fp_unconditional,4
qwen,text,fpq_497,fpq,1,fp_unconditional,2
qwen,text,fpq_499,fpq,1,fp_unconditional,3
qwen,text,fpq_5,fpq,1,fp_unconditional,1
qwen,text,fpq_50,fpq,1,fp_unconditional,1
qwen,text,fpq_500,fpq,0,plain,1
qwen,text,fpq_501,fpq,0,plain,1
qwen,text,fpq_502,fpq,1,fp_unconditional,4
qwen,text,fpq_505,fpq,1,fp_unconditional,1
qwen,text,fpq_506,fpq,1,fp_unconditional,4
qwen,text,fpq_507,fpq,1,fp_unconditional,4
qwen,text,fpq_51,fpq,1,fp_unconditional,4
qwen,text,fpq_512,fpq,1,fp_unconditional,4
qwen,text,fpq_514,fpq,1,fp_unconditional,2
qwen,text,fpq_516,fpq,1,fp_unconditional,3
qwen,text,fpq_517,fpq,1,fp_unconditional,1
qwen,text,fpq_52,fpq,1,fp_unconditional,4
qwen,text,fpq_521,fpq,1,fp_unconditional,5
qwen,text,fpq_522,fpq,0,plain,1
qwen,text,fpq_524,fpq,1,fp_unconditional,4
qwen,text,fpq_525,fpq,1,fp_unconditional,4
qwen,text,fpq_53,fpq,1,fp_unconditional,4
qwen,text,fpq_530,fpq,1,fp_unconditional,5
qwen,text,fpq_531,fpq,1,fp_unconditional,4
qwen,text,fpq_534,fpq,1,fp_unconditional,1
qwen,text,fpq_535,fpq,1,fp_unconditional,4
qwen,text,fpq_54,fpq,1,fp_unconditional,5
qwen,text,fpq_542,fpq,0,plain,1
qwen,text,fpq_543,fpq,1,fp_unconditional,2
qwen,text,fpq_546,fpq,0,plain,2
qwen,text,fpq_547,fpq,1,fp_unconditional,4
qwen,text,fpq_549,fpq,1,fp_unconditional,1
qwen,text,fpq_55,fpq,1,fp_unconditional,2
qwen,text,fpq_550,fpq,1,fp_unconditional,5
qwen,text,fpq_552,fpq,1,fp_unconditional,1
qwen,text,fpq_556,fpq,1,fp_unconditional,5
qwen,text,fpq_557,fpq,1,fp_unconditional,1
qwen,text,fpq_558,fpq,1,fp_unconditional,5
qwen,text,fpq_559,fpq,1,fp_unconditional,1
qwen,text,fpq_56,fpq,1,fp_unconditional,5
qwen,text,fpq_560,fpq,1,fp_unconditional,5
qwen,text,fpq_563,fpq,1,fp_unconditional,4
qwen,text,fpq_564,fpq,1,fp_unconditional,1
qwen,text,fpq_565,fpq,1,fp_unconditional,1
qwen,text,fpq_566,fpq,0,plain,1
qwen,text,fpq_57,fpq,1,fp_unconditional,4
qwen,text,fpq_570,fpq,1,fp_unconditional,2
qwen,text,fpq_572,fpq,1,fp_unconditional,2
qwen,text,fpq_574,fpq,0,plain,1
qwen,text,fpq_58,fpq,1,fp_unconditional,5
qwen,text,fpq_580,fpq,1,fp_unconditional,5
qwen,text,fpq_583,fpq,1,fp_unconditional,4
qwen,text,fpq_584,fpq,1,fp_unconditional,5
qwen,text,fpq_586,fpq,1,fp_unconditional,1
qwen,text,fpq_59,fpq,1,fp_unconditional,5
qwen,text,fpq_593,fpq,1,fp_unconditional,1
qwen,text,fpq_595,fpq,1,fp_unconditional,4
qwen,text,fpq_596,fpq,1,fp_unconditional,4
qwen,text,fpq_598,fpq,1,fp_unconditional,4
qwen,text,fpq_6,fpq,1,fp_unconditional,4
qwen,text,fpq_60,fpq,1,fp_unconditional,4
qwen,text,fpq_600,fpq,1,fp_unconditional,4
qwen,text,fpq_601,fpq,1,fp_unconditional,5
qwen,text,fpq_603,fpq,1,fp_unconditional,2
qwen,text,fpq_604,fpq,1,fp_unconditional,1
qwen,text,fpq_606,fpq,1,fp_unconditional,5
qwen,text,fpq_607,fpq,1,fp_unconditional,5
qwen,text,fpq_608,fpq,1,fp_unconditional,1
qwen,text,fpq_609,fpq,1,fp_unconditional,1
qwen,text,fpq_61,fpq,1,fp_unconditional,5
qwen,text,fpq_610,fpq,1,fp_unconditional,1
qwen,text,fpq_611,fpq,1,fp_unconditional,5
qwen,text,fpq_612,fpq,1,fp_unconditional,2
qwen,text,fpq_613,fpq,1,fp_unconditional,4
qwen,text,fpq_614,fpq,1,fp_unconditional,5
qwen,text,fpq_615,fpq,1,fp_unconditional,1
qwen,text,fpq_616,fpq,1,fp_unconditional,5
qwen,text,fpq_617,fpq,1,fp_unconditional,4
qwen,text,fpq_618,fpq,1,fp_unconditional,2
qwen,text,fpq_619,fpq,1,fp_unconditional,4
qwen,text,fpq_62,fpq,1,fp_unconditional,4
qwen,text,fpq_620,fpq,1,fp_unconditional,2
qwen,text,fpq_621,fpq,1,fp_unconditional,2
qwen,text,fpq_622,fpq,0,plain,1
qwen,text,fpq_623,fpq,1,fp_unconditional,4
qwen,text,fpq_624,fpq,1,fp_unconditional,5
qwen,text,fpq_625,fpq,1,fp_unconditional,4
qwen,text,fpq_626,fpq,1,fp_unconditional,3
qwen,text,fpq_628,fpq,1,fp_unconditional,1
qwen,text,fpq_629,fpq,1,fp_unconditional,1
qwen,text,fpq_63,fpq,1,fp_unconditional,2
qwen,text,fpq_630,fpq,1,fp_unconditional,5
qwen,text,fpq_631,fpq,0,plain,1
qwen,text,fpq_632,fpq,1,fp_unconditional,5
qwen,text,fpq_633,fpq,0,plain,1
qwen,text,fpq_634,fpq,1,fp_unconditional,5
qwen,text,fpq_635,fpq,0,plain,1
qwen,text,fpq_636,fpq,1,fp_unconditional,4
qwen,text,fpq_638,fpq,1,fp_unconditional,4
qwen,text,fpq_639,fpq,1,fp_unconditional,1
qwen,text,fpq_64,fpq,1,fp_unconditional,4
qwen,text,fpq_640,fpq,1,fp_unconditional,1
qwen,text,fpq_641,fpq,1,fp_unconditional,2
qwen,text,fpq_643,fpq,1,fp_unconditional,4
qwen,text,fpq_644,fpq,1,fp_unconditional,1
qwen,text,fpq_645,fpq,1,fp_unconditional,5
qwen,text,fpq_646,fpq,1,fp_unconditional,1
qwen,text,fpq_647,fpq,1,fp_unconditional,1
qwen,text,fpq_649,fpq,1,fp_unconditional,1
qwen,text,fpq_65,fpq,1,fp_unconditional,4
qwen,text,fpq_650,fpq,0,plain,1
qwen,text,fpq_652,fpq,1,fp_unconditional,5
qwen,text,fpq_653,fpq,1,fp_unconditional,3
qwen,text,fpq_654,fpq,1,fp_unconditional,1
qwen,text,fpq_655,fpq,1,fp_unconditional,1
qwen,text,fpq_657,fpq,1,fp_unconditional,4
qwen,text,fpq_659,fpq,1,fp_unconditional,1
qwen,text,fpq_66,fpq,1,fp_unconditional,1
qwen,text,fpq_661,fpq,1,fp_unconditional,3
qwen,text,fpq_662,fpq,1,fp_unconditional,1
qwen,text,fpq_663,fpq,0,plain,1
qwen,text,fpq_666,fpq,0,plain,1
qwen,text,fpq_669,fpq,0,plain,1
qwen,text,fpq_67,fpq,1,fp_unconditional,3
qwen,text,fpq_671,fpq,1,fp_unconditional,3
qwen,text,fpq_675,fpq,1,fp_unconditional,4
qwen,text,fpq_676,fpq,1,fp_unconditional,5
qwen,text,fpq_677,fpq,1,fp_unconditional,5
qwen,text,fpq_678,fpq,1,fp_unconditional,2
qwen,text,fpq_68,fpq,1,fp_unconditional,4
qwen,text,fpq_682,fpq,1,fp_unconditional,1
qwen,text,fpq_685,fpq,1,fp_unconditional,4
qwen,text,fpq_687,fpq,1,fp_unconditional,1
qwen,text,fpq_689,fpq,1,fp_unconditional,4
qwen,text,fpq_69,fpq,1,fp_unconditional,4
qwen,text,fpq_690,fpq,1,fp_unconditional,1
qwen,text,fpq_691,fpq,1,fp_unconditional,5
qwen,text,fpq_692,fpq,1,fp_unconditional,2
qwen,text,fpq_694,fpq,1,fp_unconditional,4
qwen,text,fpq_695,fpq,1,fp_unconditional,4
qwen,text,fpq_696,fpq,1,fp_unconditional,2
qwen,text,fpq_697,fpq,1,fp_unconditional,5
qwen,text,fpq_699,fpq,0,plain,1
qwen,text,fpq_7,fpq,1,fp_unconditional,5
qwen,text,fpq_70,fpq,1,fp_unconditional,1
qwen,text,fpq_702,fpq,1,fp_unconditional,5
qwen,text,fpq_703,fpq,1,fp_unconditional,4
qwen,text,fpq_704,fpq,1,fp_unconditional,5
qwen,text,fpq_705,fpq,1,fp_unconditional,1
qwen,text,fpq_706,fpq,1,fp_unconditional,4
qwen,text,fpq_71,fpq,1,fp_unconditional,5
qwen,text,fpq_712,fpq,1,fp_unconditional,5
qwen,text,fpq_713,fpq,0,plain,1
qwen,text,fpq_72,fpq,1,fp_unconditional,2
qwen,text,fpq_721,fpq,0,plain,1
qwen,text,fpq_722,fpq,1,fp_unconditional,5
qwen,text,fpq_723,fpq,1,fp_unconditional,4
qwen,text,fpq_724,fpq,1,fp_unconditional,5
qwen,text,fpq_725,fpq,1,fp_unconditional,2
qwen,text,fpq_726,fpq,1,fp_unconditional,1
qwen,text,fpq_727,fpq,1,fp_unconditional,4
qwen,text,fpq_728,fpq,1,fp_unconditional,4
qwen,text,fpq_729,fpq,1,fp_unconditional,1
qwen,text,fpq_73,fpq,1,fp_unconditional,4
qwen,text,fpq_730,fpq,1,fp_unconditional,5
qwen,text,fpq_735,fpq,1,fp_unconditional,4
qwen,text,fpq_736,fpq,1,fp_unconditional,4
qwen,text,fpq_738,fpq,1,fp_unconditional,2
qwen,text,fpq_739,fpq,1,fp_unconditional,5
qwen,text,fpq_74,fpq,1,fp_unconditional,2
qwen,text,fpq_740,fpq,1,fp_unconditional,2
qwen,text,fpq_741,fpq,1,fp_unconditional,4
qwen,text,fpq_743,fpq,1,fp_unconditional,5
qwen,text,fpq_744,fpq,1,fp_unconditional,5
qwen,text,fpq_745,fpq,1,fp_unconditional,2
qwen,text,fpq_746,fpq,1,fp_unconditional,5
qwen,text,fpq_747,fpq,1,fp_unconditional,4
qwen,text,fpq_749,fpq,1,fp_unconditional,4
qwen,text,fpq_75,fpq,1,fp_unconditional,1
qwen,text,fpq_750,fpq,1,fp_unconditional,1
qwen,text,fpq_751,fpq,0,plain,1
qwen,text,fpq_753,fpq,1,fp_unconditional,4
qwen,text,fpq_754,fpq,1,fp_unconditional,4
qwen,text,fpq_755,fpq,0,plain,1
qwen,text,fpq_76,fpq,1,fp_unconditional,5
qwen,text,fpq_761,fpq,1,fp_unconditional,5
qwen,text,fpq_762,fpq,1,fp_unconditional,5
qwen,text,fpq_763,fpq,1,fp_unconditional,1
qwen,text,fpq_764,fpq,1,fp_unconditional,3
qwen,text,fpq_77,fpq,1,fp_unconditional,5
qwen,text,fpq_771,fpq,1,fp_unconditional,2
qwen,text,fpq_772,fpq,1,fp_unconditional,4
qwen,text,fpq_773,fpq,1,fp_unconditional,5
qwen,text,fpq_774,fpq,1,fp_unconditional,4
qwen,text,fpq_775,fpq,0,plain,1
qwen,text,fpq_776,fpq,0,plain,1
qwen,text,fpq_777,fpq,1,fp_unconditional,4
qwen,text,fpq_778,fpq,1,fp_unconditional,1
qwen,text,fpq_78,fpq,1,fp_unconditional,1
qwen,text,fpq_780,fpq,1,fp_unconditional,2
qwen,text,fpq_781,fpq,0,plain,1
qwen,text,fpq_789,fpq,1,fp_unconditional,4
qwen,text,fpq_794,fpq,1,fp_unconditional,5
qwen,text,fpq_797,fpq,1,fp_unconditional,5
qwen,text,fpq_798,fpq,1,fp_unconditional,1
qwen,text,fpq_799,fpq,1,fp_unconditional,1
qwen,text,fpq_8,fpq,1,fp_unconditional,5
qwen,text,fpq_80,fpq,1,fp_unconditional,4
qwen,text,fpq_801,fpq,0,plain,1
qwen,text,fpq_802,fpq,1,fp_unconditional,5
qwen,text,fpq_804,fpq,0,plain,1
qwen,text,fpq_805,fpq,1,fp_unconditional,2
qwen,text,fpq_806,fpq,0,plain,1
qwen,text,fpq_807,fpq,1,fp_unconditional,2
qwen,text,fpq_808,fpq,1,fp_unconditional,1
qwen,text,fpq_81,fpq,1,fp_unconditional,5
qwen,text,fpq_813,fpq,1,fp_unconditional,5
qwen,text,fpq_814,fpq,0,plain,1
qwen,text,fpq_817,fpq,1,fp_unconditional,5
qwen,text,fpq_818,fpq,1,fp_unconditional,5
qwen,text,fpq_82,fpq,0,plain,1
qwen,text,fpq_820,fpq,1,fp_unconditional,1
qwen,text,fpq_823,fpq,1,fp_unconditional,1
qwen,text,fpq_824,fpq,1,fp_unconditional,4
qwen,text,fpq_827,fpq,1,fp_unconditional,2
qwen,text,fpq_828,fpq,1,fp_unconditional,2
qwen,text,fpq_829,fpq,1,fp_unconditional,4
qwen,text,fpq_830,fpq,1,fp_unconditional,4
qwen,text,fpq_831,fpq,1,fp_unconditional,1
qwen,text,fpq_832,fpq,1,fp_unconditional,4
qwen,text,fpq_833,fpq,1,fp_unconditional,5
qwen,text,fpq_834,fpq,1,fp_unconditional,5
qwen,text,fpq_835,fpq,1,fp_unconditional,5
qwen,text,fpq_836,fpq,1,fp_unconditional,5
qwen,text,fpq_837,fpq,0,plain,1
qwen,text,fpq_838,fpq,1,fp_unconditional,4
qwen,text,fpq_839,fpq,1,fp_unconditional,5
qwen,text,fpq_84,fpq,1,fp_unconditional,4
qwen,text,fpq_840,fpq,1,fp_unconditional,4
qwen,text,fpq_844,fpq,1,fp_unconditional,5
qwen,text,fpq_846,fpq,1,fp_unconditional,4
qwen,text,fpq_847,fpq,1,fp_unconditional,4
qwen,text,fpq_848,fpq,1,fp_unconditional,2
qwen,text,fpq_849,fpq,1,fp_unconditional,5
qwen,text,fpq_85,fpq,1,fp_unconditional,2
qwen,text,fpq_850,fpq,1,fp_unconditional,5
qwen,text,fpq_851,fpq,1,fp_unconditional,5
qwen,text,fpq_852,fpq,1,fp_unconditional,1
qwen,text,fpq_854,fpq,1,fp_unconditional,1
qwen,text,fpq_855,fpq,1,fp_unconditional,4
qwen,text,fpq_858,fpq,1,fp_unconditional,3
qwen,text,fpq_859,fpq,1,fp_unconditional,1
qwen,text,fpq_860,fpq,1,fp_unconditional,1
qwen,text,fpq_861,fpq,1,fp_unconditional,1
qwen,text,fpq_862,fpq,1,fp_unconditional,4
qwen,text,fpq_863,fpq,1,fp_unconditional,4
qwen,text,fpq_864,fpq,1,fp_unconditional,2
qwen,text,fpq_865,fpq,1,fp_unconditional,4
qwen,text,fpq_866,fpq,0,plain,1
qwen,text,fpq_869,fpq,1,fp_unconditional,4
qwen,text,fpq_87,fpq,1,fp_unconditional,1
qwen,text,fpq_870,fpq,1,fp_unconditional,1
qwen,text,fpq_871,fpq,0,plain,1
qwen,text,fpq_872,fpq,1,fp_unconditional,1
qwen,text,fpq_88,fpq,1,fp_unconditional,4
qwen,text,fpq_89,fpq,1,fp_unconditional,4
qwen,text,fpq_9,fpq,1,fp_unconditional,4
qwen,text,fpq_90,fpq,1,fp_unconditional,1
qwen,text,fpq_91,fpq,1,fp_unconditional,1
qwen,text,fpq_92,fpq,1,fp_unconditional,1
qwen,text,fpq_94,fpq,1,fp_unconditional,2
qwen,text,fpq_95,fpq,1,fp_unconditional,1
qwen,text,fpq_96,fpq,0,plain,1
qwen,text,fpq_97,fpq,1,fp_unconditional,1
qwen,text,fpq_98,fpq,1,fp_unconditional,1
qwen,text,fpq_99,fpq,1,fp_unconditional,4
qwen,text,nfp_1000,nfp,1,fp_unconditional,1
qwen,text,nfp_1001,nfp,1,fp_unconditional,2
qwen,text,nfp_1002,nfp,1,fp_unconditional,1
qwen,text,nfp_1003,nfp,0,plain,5
qwen,text,nfp_1004,nfp,0,plain,5
qwen,text,nfp_1005,nfp,1,fp_unconditional,2
qwen,text,nfp_1006,nfp,0,plain,5
qwen,text,nfp_1008,nfp,1,fp_unconditional,1
qwen,text,nfp_1009,nfp,1,fp_unconditional,1
qwen,text,nfp_1010,nfp,1,fp_unconditional,4
qwen,text,nfp_1011,nfp,1,fp_unconditional,4
qwen,text,nfp_1012,nfp,1,fp_unconditional,1
qwen,text,nfp_1013,nfp,0,plain,5
qwen,text,nfp_1014,nfp,1,fp_unconditional,2
qwen,text,nfp_1015,nfp,1,fp_unconditional,2
qwen,text,nfp_1016,nfp,1,fp_unconditional,2
qwen,text,nfp_1017,nfp,1,fp_unconditional,1
qwen,text,nfp_1018,nfp,1,fp_unconditional,5
qwen,text,nfp_1019,nfp,1,fp_unconditional,2
qwen,text,nfp_1020,nfp,1,fp_unconditional,2
qwen,text,nfp_1021,nfp,1,fp_unconditional,2
qwen,text,nfp_1022,nfp,1,fp_unconditional,2
qwen,text,nfp_1023,nfp,1,fp_unconditional,1
qwen,text,nfp_1024,nfp,0,plain,4
qwen,text,nfp_1025,nfp,1,fp_unconditional,4
qwen,text,nfp_1026,nfp,1,fp_unconditional,2
qwen,text,nfp_1027,nfp,1,fp_unconditional,2
qwen,text,nfp_1028,nfp,1,fp_unconditional,2
qwen,text,nfp_1029,nfp,1,fp_unconditional,2
qwen,text,nfp_1030,nfp,1,fp_unconditional,4
qwen,text,nfp_1031,nfp,1,fp_unconditional,2
qwen,text,nfp_1032,nfp,1,fp_unconditional,1
qwen,text,nfp_1033,nfp,1,fp_unconditional,4
qwen,text,nfp_1034,nfp,1,fp_unconditional,2
qwen,text,nfp_1035,nfp,0,plain,5
qwen,text,nfp_1036,nfp,0,plain,5
qwen,text,nfp_1037,nfp,1,fp_unconditional,2
qwen,text,nfp_1038,nfp,1,fp_unconditional,2
qwen,text,nfp_1039,nfp,1,fp_unconditional,3
qwen,text,nfp_1040,nfp,1,fp_unconditional,4
qwen,text,nfp_1041,nfp,1,fp_unconditional,2
qwen,text,nfp_1042,nfp,1,fp_unconditional,4
qwen,text,nfp_1043,nfp,0,plain,5
qwen,text,nfp_1044,nfp,0,plain,5
qwen,text,nfp_1045,nfp,1,fp_unconditional,2
qwen,text,nfp_1046,nfp,1,fp_unconditional,4
qwen,text,nfp_1047,nfp,0,plain,5
qwen,text,nfp_1048,nfp,0,plain,5
qwen,text,nfp_1049,nfp,0,plain,5
qwen,text,nfp_1050,nfp,1,fp_unconditional,2
qwen,text,nfp_1051,nfp,0,plain,5
qwen,text,nfp_1052,nfp,0,plain,5
qwen,text,nfp_1053,nfp,1,fp_unconditional,4
qwen,text,nfp_1054,nfp,0,plain,5
qwen,text,nfp_1055,nfp,1,fp_unconditional,2
qwen,text,nfp_1056,nfp,0,plain,5
qwen,text,nfp_1057,nfp,1,fp_unconditional,1
qwen,text,nfp_1058,nfp,0,plain,5
qwen,text,nfp_1059,nfp,1,fp_unconditional,2
qwen,text,nfp_1060,nfp,1,fp_unconditional,4
qwen,text,nfp_1061,nfp,1,fp_unconditional,5
qwen,text,nfp_1062,nfp,1,fp_unconditional,2
qwen,text,nfp_1063,nfp,0,plain,5
qwen,text,nfp_1064,nfp,1,fp_unconditional,4
qwen,text,nfp_1065,nfp,1,fp_unconditional,2
qwen,text,nfp_1066,nfp,1,fp_unconditional,2
qwen,text,nfp_1067,nfp,1,fp_unconditional,1
qwen,text,nfp_1068,nfp,1,fp_unconditional,1
qwen,text,nfp_1069,nfp,1,fp_unconditional,2
qwen,text,nfp_1070,nfp,0,plain,5
qwen,text,nfp_1071,nfp,1,fp_unconditional,3
qwen,text,nfp_1072,nfp,0,plain,5
qwen,text,nfp_1073,nfp,1,fp_unconditional,2
qwen,text,nfp_1074,nfp,1,fp_unconditional,2
qwen,text,nfp_1075,nfp,1,fp_unconditional,4
qwen,text,nfp_1076,nfp,1,fp_unconditional,4
qwen,text,nfp_1077,nfp,0,plain,5
qwen,text,nfp_1078,nfp,1,fp_unconditional,1
qwen,text,nfp_1079,nfp,1,fp_unconditional,1
qwen,text,nfp_1080,nfp,0,plain,4
qwen,text,nfp_1081,nfp,1,fp_unconditional,2
qwen,text,nfp_1082,nfp,1,fp_unconditional,1
qwen,text,nfp_1083,nfp,1,fp_unconditional,1
qwen,text,nfp_1084,nfp,0,plain,5
qwen,text,nfp_1085,nfp,0,plain,5
qwen,text,nfp_1086,nfp,0,plain,5
qwen,text,nfp_1087,nfp,0,plain,5
qwen,text,nfp_1088,nfp,0,plain,5
qwen,text,nfp_1089,nfp,0,plain,5
qwen,text,nfp_1090,nfp,0,plain,5
qwen,text,nfp_1091,nfp,0,plain,5
qwen,text,nfp_1092,nfp,1,fp_unconditional,2
qwen,text,nfp_1093,nfp,0,plain,4
qwen,text,nfp_1094,nfp,0,plain,5
qwen,text,nfp_1095,nfp,0,plain,5
qwen,text,nfp_1096,nfp,0,plain,5
qwen,text,nfp_1097,nfp,0,plain,5
qwen,text,nfp_1098,nfp,0,plain,5
qwen,text,nfp_1099,nfp,1,fp_unconditional,2
qwen,text,nfp_1100,nfp,0,plain,5
qwen,text,nfp_1101,nfp,0,plain,4
qwen,text,nfp_1102,nfp,0,plain,4
qwen,text,nfp_1103,nfp,0,plain,5
qwen,text,nfp_1104,nfp,0,plain,5
qwen,text,nfp_1105,nfp,1,fp_unconditional,2
qwen,text,nfp_1106,nfp,1,fp_unconditional,2
qwen,text,nfp_1107,nfp,0,plain,5
qwen,text,nfp_1108,nfp,0,plain,5
qwen,text,nfp_1109,nfp,1,fp_unconditional,1
qwen,text,nfp_1110,nfp,0,plain,5
qwen,text,nfp_1111,nfp,0,plain,5
qwen,text,nfp_1112,nfp,0,plain,5
qwen,text,nfp_1113,nfp,1,fp_unconditional,2
qwen,text,nfp_1114,nfp,1,fp_unconditional,2
qwen,text,nfp_1115,nfp,0,plain,5
qwen,text,nfp_1116,nfp,0,plain,5
qwen,text,nfp_1117,nfp,1,fp_unconditional,2
qwen,text,nfp_1118,nfp,0,plain,5
qwen,text,nfp_1119,nfp,0,plain,5
qwen,text,nfp_1120,nfp,0,plain,5
qwen,text,nfp_1121,nfp,0,plain,5
qwen,text,nfp_1122,nfp,0,plain,5
qwen,text,nfp_1123,nfp,1,fp_unconditional,1
qwen,text,nfp_1124,nfp,0,plain,5
qwen,text,nfp_1125,nfp,0,plain,5
qwen,text,nfp_1126,nfp,0,plain,5
qwen,text,nfp_1127,nfp,0,plain,5
qwen,text,nfp_1128,nfp,0,plain,5
qwen,text,nfp_1129,nfp,0,plain,5
qwen,text,nfp_1130,nfp,0,plain,5
qwen,text,nfp_1131,nfp,0,plain,5
qwen,text,nfp_1132,nfp,0,plain,5
qwen,text,nfp_1133,nfp,0,plain,4
qwen,text,nfp_1134,nfp,1,fp_unconditional,2
qwen,text,nfp_1135,nfp,0,plain,5
qwen,text,nfp_1136,nfp,1,fp_unconditional,4
qwen,text,nfp_1137,nfp,1,fp_unconditional,2
qwen,text,nfp_1138,nfp,0,plain,5
qwen,text,nfp_1139,nfp,1,fp_unconditional,2
qwen,text,nfp_1140,nfp,0,plain,5
qwen,text,nfp_1141,nfp,0,plain,4
qwen,text,nfp_1142,nfp,1,fp_unconditional,2
qwen,text,nfp_1143,nfp,0,plain,5
qwen,text,nfp_1144,nfp,0,plain,4
qwen,text,nfp_1145,nfp,0,plain,5
qwen,text,nfp_1146,nfp,0,plain,5
qwen,text,nfp_1147,nfp,1,fp_unconditional,4
qwen,text,nfp_1148,nfp,0,plain,4
qwen,text,nfp_1149,nfp,0,plain,5
qwen,hidden,fpq_0,fpq,1,fp_unconditional,4
qwen,hidden,fpq_10,fpq,1,fp_unconditional,4
qwen,hidden,fpq_100,fpq,1,fp_unconditional,1
qwen,hidden,fpq_101,fpq,1,fp_unconditional,2
qwen,hidden,fpq_102,fpq,1,fp_unconditional,5
qwen,hidden,fpq_103,fpq,1,fp_unconditional,4
qwen,hidden,fpq_105,fpq,1,fp_unconditional,5
qwen,hidden,fpq_106,fpq,1,fp_unconditional,1
qwen,hidden,fpq_107,fpq,0,plain,1
qwen,hidden,fpq_108,fpq,1,fp_unconditional,5
qwen,hidden,fpq_109,fpq,1,fp_unconditional,4
qwen,hidden,fpq_11,fpq,1,fp_unconditional,5
qwen,hidden,fpq_110,fpq,1,fp_unconditional,2
qwen,hidden,fpq_111,fpq,1,fp_unconditional,4
qwen,hidden,fpq_112,fpq,1,fp_unconditional,4
qwen,hidden,fpq_113,fpq,1,fp_unconditional,4
qwen,hidden,fpq_114,fpq,1,fp_unconditional,1
qwen,hidden,fpq_115,fpq,1,fp_unconditional,1
qwen,hidden,fpq_116,fpq,1,fp_unconditional,5
qwen,hidden,fpq_12,fpq,1,fp_unconditional,4
qwen,hidden,fpq_120,fpq,1,fp_unconditional,2
qwen,hidden,fpq_121,fpq,1,fp_unconditional,4
qwen,hidden,fpq_122,fpq,1,fp_unconditional,2
qwen,hidden,fpq_123,fpq,1,fp_unconditional,1
qwen,hidden,fpq_124,fpq,1,fp_unconditional,5
qwen,hidden,fpq_125,fpq,1,fp_unconditional,2
qwen,hidden,fpq_126,fpq,1,fp_unconditional,4
qwen,hidden,fpq_127,fpq,1,fp_unconditional,2
qwen,hidden,fpq_128,fpq,0,plain,1
qwen,hidden,fpq_129,fpq,0,plain,1
qwen,hidden,fpq_13,fpq,1,fp_unconditional,1
qwen,hidden,fpq_130,fpq,0,plain,1
qwen,hidden,fpq_131,fpq,1,fp_unconditional,1
qwen,hidden,fpq_133,fpq,0,plain,1
qwen,hidden,fpq_134,fpq,1,fp_unconditional,2
qwen,hidden,fpq_135,fpq,1,fp_unconditional,4
qwen,hidden,fpq_136,fpq,1,fp_unconditional,4
qwen,hidden,fpq_137,fpq,1,fp_unconditional,4
qwen,hidden,fpq_138,fpq,1,fp_unconditional,1
qwen,hidden,fpq_139,fpq,0,plain,1
qwen,hidden,fpq_14,fpq,1,fp_unconditional,2
qwen,hidden,fpq_140,fpq,1,fp_unconditional,2
qwen,hidden,fpq_141,fpq,1,fp_unconditional,2
qwen,hidden,fpq_142,fpq,1,fp_unconditional,5
qwen,hidden,fpq_143,fpq,0,plain,1
qwen,hidden,fpq_144,fpq,1,fp_unconditional,4
qwen,hidden,fpq_145,fpq,1,fp_unconditional,5
qwen,hidden,fpq_146,fpq,1,fp_unconditional,5
qwen,hidden,fpq_147,fpq,0,plain,1
qwen,hidden,fpq_148,fpq,1,fp_unconditional,5
qwen,hidden,fpq_149,fpq,0,plain,1
qwen,hidden,fpq_15,fpq,1,fp_unconditional,1
qwen,hidden,fpq_152,fpq,1,fp_unconditional,1
qwen,hidden,fpq_153,fpq,0,plain,1
qwen,hidden,fpq_155,fpq,1,fp_unconditional,1
qwen,hidden,fpq_156,fpq,1,fp_unconditional,5
qwen,hidden,fpq_157,fpq,1,fp_unconditional,4
qwen,hidden,fpq_158,fpq,1,fp_unconditional,5
qwen,hidden,fpq_159,fpq,1,fp_unconditional,1
qwen,hidden,fpq_16,fpq,1,fp_unconditional,1
qwen,hidden,fpq_160,fpq,1,fp_unconditional,1
qwen,hidden,fpq_163,fpq,1,fp_unconditional,1
qwen,hidden,fpq_164,fpq,1,fp_unconditional,4
qwen,hidden,fpq_165,fpq,1,fp_unconditional,4
qwen,hidden,fpq_166,fpq,1,fp_unconditional,2
qwen,hidden,fpq_167,fpq,1,fp_unconditional,1
qwen,hidden,fpq_168,fpq,1,fp_unconditional,2
qwen,hidden,fpq_169,fpq,1,fp_unconditional,2
qwen,hidden,fpq_17,fpq,1,fp_unconditional,5
qwen,hidden,fpq_170,fpq,1,fp_unconditional,1
qwen,hidden,fpq_173,fpq,1,fp_unconditional,4
qwen,hidden,fpq_174,fpq,1,fp_unconditional,2
qwen,hidden,fpq_175,fpq,1,fp_unconditional,2
qwen,hidden,fpq_176,fpq,1,fp_unconditional,2
qwen,hidden,fpq_177,fpq,1,fp_unconditional,1
qwen,hidden,fpq_178,fpq,1,fp_unconditional,4
qwen,hidden,fpq_179,fpq,1,fp_unconditional,1
qwen,hidden,fpq_18,fpq,1,fp_unconditional,2
qwen,hidden,fpq_180,fpq,0,plain,1
qwen,hidden,fpq_181,fpq,1,fp_unconditional,5
qwen,hidden,fpq_182,fpq,1,fp_unconditional,4
qwen,hidden,fpq_184,fpq,1,fp_unconditional,1
qwen,hidden,fpq_185,fpq,0,plain,1
qwen,hidden,fpq_186,fpq,1,fp_unconditional,4
qwen,hidden,fpq_188,fpq,0,plain,1
qwen,hidden,fpq_189,fpq,1,fp_unconditional,3
qwen,hidden,fpq_19,fpq,1,fp_unconditional,5
qwen,hidden,fpq_190,fpq,1,fp_unconditional,5
qwen,hidden,fpq_191,fpq,1,fp_unconditional,5
qwen,hidden,fpq_192,fpq,0,plain,1
qwen,hidden,fpq_193,fpq,1,fp_unconditional,5
qwen,hidden,fpq_194,fpq,1,fp_unconditional,5
qwen,hidden,fpq_195,fpq,1,fp_unconditional,3
qwen,hidden,fpq_196,fpq,1,fp_unconditional,4
qwen,hidden,fpq_197,fpq,1,fp_unconditional,1
qwen,hidden,fpq_198,fpq,0,plain,1
qwen,hidden,fpq_2,fpq,1,fp_unconditional,4
qwen,hidden,fpq_20,fpq,1,fp_unconditional,4
qwen,hidden,fpq_200,fpq,0,plain,1
qwen,hidden,fpq_201,fpq,1,fp_unconditional,4
qwen,hidden,fpq_202,fpq,1,fp_unconditional,4
qwen,hidden,fpq_204,fpq,1,fp_unconditional,4
qwen,hidden,fpq_205,fpq,1,fp_unconditional,4
qwen,hidden,fpq_206,fpq,1,fp_unconditional,5
qwen,hidden,fpq_207,fpq,1,fp_unconditional,4
qwen,hidden,fpq_208,fpq,1,fp_unconditional,3
qwen,hidden,fpq_21,fpq,1,fp_unconditional,5
qwen,hidden,fpq_216,fpq,1,fp_unconditional,2
qwen,hidden,fpq_217,fpq,1,fp_unconditional,1
qwen,hidden,fpq_218,fpq,1,fp_unconditional,1
qwen,hidden,fpq_219,fpq,1,fp_unconditional,1
qwen,hidden,fpq_22,fpq,1,fp_unconditional,5
qwen,hidden,fpq_220,fpq,1,fp_unconditional,1
qwen,hidden,fpq_221,fpq,1,fp_unconditional,1
qwen,hidden,fpq_222,fpq,1,fp_unconditional,5
qwen,hidden,fpq_223,fpq,1,fp_unconditional,2
qwen,hidden,fpq_224,fpq,1,fp_unconditional,5
qwen,hidden,fpq_225,fpq,0,plain,1
qwen,hidden,fpq_226,fpq,0,plain,1
qwen,hidden,fpq_227,fpq,1,fp_unconditional,1
qwen,hidden,fpq_228,fpq,1,fp_unconditional,4
qwen,hidden,fpq_229,fpq,1,fp_unconditional,5
qwen,hidden,fpq_23,fpq,1,fp_unconditional,1
qwen,hidden,fpq_230,fpq,0,plain,1
qwen,hidden,fpq_231,fpq,1,fp_unconditional,2
qwen,hidden,fpq_232,fpq,0,plain,1
qwen,hidden,fpq_233,fpq,1,fp_unconditional,5
qwen,hidden,fpq_234,fpq,1,fp_unconditional,4
qwen,hidden,fpq_236,fpq,0,plain,1
qwen,hidden,fpq_237,fpq,0,plain,1
qwen,hidden,fpq_238,fpq,0,plain,1
qwen,hidden,fpq_239,fpq,0,plain,2
qwen,hidden,fpq_24,fpq,1,fp_unconditional,5
qwen,hidden,fpq_240,fpq,1,fp_unconditional,5
qwen,hidden,fpq_241,fpq,0,plain,1
qwen,hidden,fpq_244,fpq,1,fp_unconditional,5
qwen,hidden,fpq_245,fpq,0,plain,1
qwen,hidden,fpq_246,fpq,1,fp_unconditional,4
qwen,hidden,fpq_247,fpq,1,fp_unconditional,2
qwen,hidden,fpq_248,fpq,1,fp_unconditional,5
qwen,hidden,fpq_249,fpq,1,fp_unconditional,5
qwen,hidden,fpq_25,fpq,1,fp_unconditional,4
qwen,hidden,fpq_250,fpq,1,fp_unconditional,1
qwen,hidden,fpq_251,fpq,1,fp_unconditional,1
qwen,hidden,fpq_252,fpq,1,fp_unconditional,4
qwen,hidden,fpq_253,fpq,1,fp_unconditional,1
qwen,hidden,fpq_254,fpq,1,fp_unconditional,1
qwen,hidden,fpq_255,fpq,1,fp_unconditional,4
qwen,hidden,fpq_256,fpq,0,plain,1
qwen,hidden,fpq_257,fpq,1,fp_unconditional,1
qwen,hidden,fpq_258,fpq,1,fp_unconditional,5
qwen,hidden,fpq_259,fpq,1,fp_unconditional,1
qwen,hidden,fpq_26,fpq,1,fp_unconditional,4
qwen,hidden,fpq_260,fpq,1,fp_unconditional,2
qwen,hidden,fpq_261,fpq,1,fp_unconditional,5
qwen,hidden,fpq_262,fpq,1,fp_unconditional,5
qwen,hidden,fpq_263,fpq,1,fp_unconditional,4
qwen,hidden,fpq_264,fpq,0,plain,1
qwen,hidden,fpq_265,fpq,0,plain,1
qwen,hidden,fpq_266,fpq,1,fp_unconditional,4
qwen,hidden,fpq_267,fpq,0,plain,1
qwen,hidden,fpq_268,fpq,0,plain,1
qwen,hidden,fpq_269,fpq,0,plain,1
qwen,hidden,fpq_27,fpq,1,fp_unconditional,4
qwen,hidden,fpq_270,fpq,0,plain,1
qwen,hidden,fpq_271,fpq,1,fp_unconditional,4
qwen,hidden,fpq_272,fpq,1,fp_unconditional,5
qwen,hidden,fpq_273,fpq,1,fp_unconditional,5
qwen,hidden,fpq_274,fpq,0,plain,1
qwen,hidden,fpq_275,fpq,1,fp_unconditional,4
qwen,hidden,fpq_276,fpq,1,fp_unconditional,1
qwen,hidden,fpq_277,fpq,1,fp_unconditional,5
qwen,hidden,fpq_278,fpq,0,plain,1
qwen,hidden,fpq_279,fpq,1,fp_unconditional,5
qwen,hidden,fpq_28,fpq,1,fp_unconditional,2
qwen,hidden,fpq_283,fpq,0,plain,1
qwen,hidden,fpq_285,fpq,0,plain,1
qwen,hidden,fpq_286,fpq,1,fp_unconditional,1
qwen,hidden,fpq_287,fpq,1,fp_unconditional,2
qwen,hidden,fpq_288,fpq,0,plain,1
qwen,hidden,fpq_289,fpq,0,plain,1
qwen,hidden,fpq_29,fpq,1,fp_unconditional,5
qwen,hidden,fpq_290,fpq,0,plain,1
qwen,hidden,fpq_291,fpq,0,plain,1
qwen,hidden,fpq_292,fpq,1,fp_unconditional,4
qwen,hidden,fpq_293,fpq,1,fp_unconditional,5
qwen,hidden,fpq_294,fpq,1,fp_unconditional,4
qwen,hidden,fpq_295,fpq,0,plain,1
qwen,hidden,fpq_296,fpq,1,fp_unconditional,3
qwen,hidden,fpq_297,fpq,1,fp_unconditional,1
qwen,hidden,fpq_3,fpq,1,fp_unconditional,4
qwen,hidden,fpq_30,fpq,1,fp_unconditional,4
qwen,hidden,fpq_302,fpq,1,fp_unconditional,4
qwen,hidden,fpq_303,fpq,1,fp_unconditional,4
qwen,hidden,fpq_304,fpq,0,plain,1
qwen,hidden,fpq_305,fpq,1,fp_unconditional,1
qwen,hidden,fpq_306,fpq,1,fp_unconditional,1
qwen,hidden,fpq_307,fpq,0,plain,1
qwen,hidden,fpq_308,fpq,1,fp_unconditional,1
qwen,hidden,fpq_309,fpq,1,fp_unconditional,4
qwen,hidden,fpq_31,fpq,1,fp_unconditional,4
qwen,hidden,fpq_311,fpq,1,fp_unconditional,4
qwen,hidden,fpq_312,fpq,0,plain,1
qwen,hidden,fpq_313,fpq,1,fp_unconditional,4
qwen,hidden,fpq_314,fpq,1,fp_unconditional,1
qwen,hidden,fpq_315,fpq,0,plain,1
qwen,hidden,fpq_316,fpq,0,plain,1
qwen,hidden,fpq_317,fpq,1,fp_unconditional,2
qwen,hidden,fpq_318,fpq,1,fp_unconditional,2
qwen,hidden,fpq_319,fpq,1,fp_unconditional,1
qwen,hidden,fpq_32,fpq,1,fp_unconditional,2
qwen,hidden,fpq_320,fpq,1,fp_unconditional,4
qwen,hidden,fpq_321,fpq,1,fp_unconditional,1
qwen,hidden,fpq_325,fpq,1,fp_unconditional,5
qwen,hidden,fpq_326,fpq,1,fp_unconditional,1
qwen,hidden,fpq_327,fpq,0,plain,1
qwen,hidden,fpq_33,fpq,1,fp_unconditional,4
qwen,hidden,fpq_336,fpq,0,plain,1
qwen,hidden,fpq_34,fpq,1,fp_unconditional,5
qwen,hidden,fpq_342,fpq,0,plain,1
qwen,hidden,fpq_343,fpq,1,fp_unconditional,5
qwen,hidden,fpq_344,fpq,1,fp_unconditional,1
qwen,hidden,fpq_348,fpq,1,fp_unconditional,5
qwen,hidden,fpq_35,fpq,1,fp_unconditional,1
qwen,hidden,fpq_350,fpq,0,plain,2
qwen,hidden,fpq_353,fpq,1,fp_unconditional,5
qwen,hidden,fpq_354,fpq,1,fp_unconditional,1
qwen,hidden,fpq_357,fpq,0,plain,1
qwen,hidden,fpq_358,fpq,0,plain,1
qwen,hidden,fpq_359,fpq,1,fp_unconditional,1
qwen,hidden,fpq_36,fpq,1,fp_unconditional,4
qwen,hidden,fpq_361,fpq,1,fp_unconditional,2
qwen,hidden,fpq_362,fpq,0,plain,1
qwen,hidden,fpq_366,fpq,0,plain,1
qwen,hidden,fpq_368,fpq,0,plain,1
qwen,hidden,fpq_37,fpq,1,fp_unconditional,5
qwen,hidden,fpq_376,fpq,0,plain,1
qwen,hidden,fpq_378,fpq,1,fp_unconditional,4
qwen,hidden,fpq_379,fpq,1,fp_unconditional,4
qwen,hidden,fpq_38,fpq,1,fp_unconditional,5
qwen,hidden,fpq_380,fpq,1,fp_unconditional,4
qwen,hidden,fpq_383,fpq,0,plain,1
qwen,hidden,fpq_385,fpq,1,fp_unconditional,1
qwen,hidden,fpq_386,fpq,0,plain,1
qwen,hidden,fpq_387,fpq,1,fp_unconditional,5
qwen,hidden,fpq_388,fpq,1,fp_unconditional,4
qwen,hidden,fpq_39,fpq,1,fp_unconditional,4
qwen,hidden,fpq_390,fpq,1,fp_unconditional,2
qwen,hidden,fpq_391,fpq,0,plain,1
qwen,hidden,fpq_392,fpq,1,fp_unconditional,4
qwen,hidden,fpq_394,fpq,0,plain,1
qwen,hidden,fpq_395,fpq,1,fp_unconditional,4
qwen,hidden,fpq_396,fpq,1,fp_unconditional,2
qwen,hidden,fpq_397,fpq,0,plain,2
qwen,hidden,fpq_398,fpq,1,fp_unconditional,2
qwen,hidden,fpq_399,fpq,1,fp_unconditional,1
qwen,hidden,fpq_4,fpq,1,fp_unconditional,4
qwen,hidden,fpq_40,fpq,1,fp_unconditional,5
qwen,hidden,fpq_400,fpq,0,plain,1
qwen,hidden,fpq_403,fpq,1,fp_unconditional,5
qwen,hidden,fpq_405,fpq,1,fp_unconditional,5
qwen,hidden,fpq_407,fpq,0,plain,1
qwen,hidden,fpq_408,fpq,1,fp_unconditional,4
qwen,hidden,fpq_41,fpq,1,fp_unconditional,4
qwen,hidden,fpq_415,fpq,0,plain,1
qwen,hidden,fpq_416,fpq,1,fp_unconditional,4
qwen,hidden,fpq_417,fpq,0,plain,1
qwen,hidden,fpq_42,fpq,1,fp_unconditional,5
qwen,hidden,fpq_420,fpq,1,fp_unconditional,1
qwen,hidden,fpq_421,fpq,1,fp_unconditional,2
qwen,hidden,fpq_422,fpq,1,fp_unconditional,4
qwen,hidden,fpq_423,fpq,1,fp_unconditional,5
qwen,hidden,fpq_425,fpq,1,fp_unconditional,5
qwen,hidden,fpq_426,fpq,1,fp_unconditional,5
qwen,hidden,fpq_428,fpq,1,fp_unconditional,5
qwen,hidden,fpq_429,fpq,1,fp_unconditional,5
qwen,hidden,fpq_43,fpq,1,fp_unconditional,4
qwen,hidden,fpq_434,fpq,1,fp_unconditional,5
qwen,hidden,fpq_436,fpq,0,plain,4
qwen,hidden,fpq_438,fpq,1,fp_unconditional,2
qwen,hidden,fpq_439,fpq,1,fp_unconditional,5
qwen,hidden,fpq_44,fpq,1,fp_unconditional,5
qwen,hidden,fpq_443,fpq,0,plain,1
qwen,hidden,fpq_445,fpq,1,fp_unconditional,4
qwen,hidden,fpq_446,fpq,1,fp_unconditional,4
qwen,hidden,fpq_45,fpq,1,fp_unconditional,5
qwen,hidden,fpq_459,fpq,0,plain,1
qwen,hidden,fpq_46,fpq,1,fp_unconditional,5
qwen,hidden,fpq_460,fpq,0,plain,1
qwen,hidden,fpq_462,fpq,1,fp_unconditional,1
qwen,hidden,fpq_467,fpq,0,plain,1
qwen,hidden,fpq_47,fpq,1,fp_unconditional,5
qwen,hidden,fpq_472,fpq,1,fp_unconditional,5
qwen,hidden,fpq_473,fpq,1,fp_unconditional,4
qwen,hidden,fpq_474,fpq,1,fp_unconditional,2
qwen,hidden,fpq_477,fpq,1,fp_unconditional,4
qwen,hidden,fpq_479,fpq,1,fp_unconditional,4
qwen,hidden,fpq_48,fpq,1,fp_unconditional,1
qwen,hidden,fpq_484,fpq,1,fp_unconditional,5
qwen,hidden,fpq_485,fpq,1,fp_unconditional,5
qwen,hidden,fpq_487,fpq,1,fp_unconditional,5
qwen,hidden,fpq_488,fpq,0,plain,1
qwen,hidden,fpq_49,fpq,1,fp_unconditional,1
qwen,hidden,fpq_492,fpq,1,fp_unconditional,2
qwen,hidden,fpq_493,fpq,1,fp_unconditional,4
qwen,hidden,fpq_494,fpq,1,fp_unconditional,5
qwen,hidden,fpq_495,fpq,1,fp_unconditional,4
qwen,hidden,fpq_497,fpq,1,fp_unconditional,2
qwen,hidden,fpq_499,fpq,0,plain,1
qwen,hidden,fpq_5,fpq,1,fp_unconditional,1
qwen,hidden,fpq_50,fpq,1,fp_unconditional,1
qwen,hidden,fpq_500,fpq,0,plain,1
qwen,hidden,fpq_501,fpq,0,plain,1
qwen,hidden,fpq_502,fpq,1,fp_unconditional,4
qwen,hidden,fpq_505,fpq,1,fp_unconditional,1
qwen,hidden,fpq_506,fpq,1,fp_unconditional,4
qwen,hidden,fpq_507,fpq,1,fp_unconditional,4
qwen,hidden,fpq_51,fpq,1,fp_unconditional,4
qwen,hidden,fpq_512,fpq,1,fp_unconditional,4
qwen,hidden,fpq_514,fpq,1,fp_unconditional,2
qwen,hidden,fpq_516,fpq,1,fp_unconditional,3
qwen,hidden,fpq_517,fpq,1,fp_unconditional,1
qwen,hidden,fpq_52,fpq,1,fp_unconditional,4
qwen,hidden,fpq_521,fpq,1,fp_unconditional,5
qwen,hidden,fpq_522,fpq,0,plain,1
qwen,hidden,fpq_524,fpq,1,fp_unconditional,4
qwen,hidden,fpq_525,fpq,1,fp_unconditional,4
qwen,hidden,fpq_53,fpq,1,fp_unconditional,4
qwen,hidden,fpq_530,fpq,1,fp_unconditional,5
qwen,hidden,fpq_531,fpq,0,plain,2
qwen,hidden,fpq_534,fpq,1,fp_unconditional,1
qwen,hidden,fpq_535,fpq,1,fp_unconditional,4
qwen,hidden,fpq_54,fpq,1,fp_unconditional,5
qwen,hidden,fpq_542,fpq,0,plain,1
qwen,hidden,fpq_543,fpq,0,plain,1
qwen,hidden,fpq_546,fpq,0,plain,2
qwen,hidden,fpq_547,fpq,1,fp_unconditional,4
qwen,hidden,fpq_549,fpq,0,plain,1
qwen,hidden,fpq_55,fpq,1,fp_unconditional,2
qwen,hidden,fpq_550,fpq,1,fp_unconditional,5
qwen,hidden,fpq_552,fpq,1,fp_unconditional,1
qwen,hidden,fpq_556,fpq,1,fp_unconditional,5
qwen,hidden,fpq_557,fpq,1,fp_unconditional,1
qwen,hidden,fpq_558,fpq,1,fp_unconditional,5
qwen,hidden,fpq_559,fpq,1,fp_unconditional,1
qwen,hidden,fpq_56,fpq,1,fp_unconditional,5
qwen,hidden,fpq_560,fpq,1,fp_unconditional,5
qwen,hidden,fpq_563,fpq,1,fp_unconditional,4
qwen,hidden,fpq_564,fpq,1,fp_unconditional,1
qwen,hidden,fpq_565,fpq,1,fp_unconditional,1
qwen,hidden,fpq_566,fpq,0,plain,1
qwen,hidden,fpq_57,fpq,1,fp_unconditional,4
qwen,hidden,fpq_570,fpq,0,plain,1
qwen,hidden,fpq_572,fpq,0,plain,1
qwen,hidden,fpq_574,fpq,0,plain,1
qwen,hidden,fpq_58,fpq,1,fp_unconditional,5
qwen,hidden,fpq_580,fpq,1,fp_unconditional,5
qwen,hidden,fpq_583,fpq,1,fp_unconditional,4
qwen,hidden,fpq_584,fpq,1,fp_unconditional,5
qwen,hidden,fpq_586,fpq,1,fp_unconditional,1
qwen,hidden,fpq_59,fpq,1,fp_unconditional,5
qwen,hidden,fpq_593,fpq,0,plain,1
qwen,hidden,fpq_595,fpq,1,fp_unconditional,4
qwen,hidden,fpq_596,fpq,1,fp_unconditional,4
qwen,hidden,fpq_598,fpq,0,plain,1
qwen,hidden,fpq_6,fpq,1,fp_unconditional,4
qwen,hidden,fpq_60,fpq,1,fp_unconditional,4
qwen,hidden,fpq_600,fpq,1,fp_unconditional,4
qwen,hidden,fpq_601,fpq,1,fp_unconditional,5
qwen,hidden,fpq_603,fpq,1,fp_unconditional,2
qwen,hidden,fpq_604,fpq,0,plain,1
qwen,hidden,fpq_606,fpq,1,fp_unconditional,5
qwen,hidden,fpq_607,fpq,1,fp_unconditional,5
qwen,hidden,fpq_608,fpq,1,fp_unconditional,1
qwen,hidden,fpq_609,fpq,1,fp_unconditional,1
qwen,hidden,fpq_61,fpq,1,fp_unconditional,5
qwen,hidden,fpq_610,fpq,1,fp_unconditional,1
qwen,hidden,fpq_611,fpq,1,fp_unconditional,5
qwen,hidden,fpq_612,fpq,1,fp_unconditional,2
qwen,hidden,fpq_613,fpq,1,fp_unconditional,4
qwen,hidden,fpq_614,fpq,1,fp_unconditional,5
qwen,hidden,fpq_615,fpq,0,plain,1
qwen,hidden,fpq_616,fpq,1,fp_unconditional,5
qwen,hidden,fpq_617,fpq,1,fp_unconditional,4
qwen,hidden,fpq_618,fpq,1,fp_unconditional,2
qwen,hidden,fpq_619,fpq,1,fp_unconditional,4
qwen,hidden,fpq_62,fpq,1,fp_unconditional,4
qwen,hidden,fpq_620,fpq,1,fp_unconditional,2
qwen,hidden,fpq_621,fpq,1,fp_unconditional,2
qwen,hidden,fpq_622,fpq,0,plain,1
qwen,hidden,fpq_623,fpq,1,fp_unconditional,4
qwen,hidden,fpq_624,fpq,1,fp_unconditional,5
qwen,hidden,fpq_625,fpq,1,fp_unconditional,4
qwen,hidden,fpq_626,fpq,1,fp_unconditional,3
qwen,hidden,fpq_628,fpq,1,fp_unconditional,1
qwen,hidden,fpq_629,fpq,1,fp_unconditional,1
qwen,hidden,fpq_63,fpq,1,fp_unconditional,2
qwen,hidden,fpq_630,fpq,1,fp_unconditional,5
qwen,hidden,fpq_631,fpq,1,fp_unconditional,5
qwen,hidden,fpq_632,fpq,1,fp_unconditional,5
qwen,hidden,fpq_633,fpq,0,plain,1
qwen,hidden,fpq_634,fpq,1,fp_unconditional,5
qwen,hidden,fpq_635,fpq,0,plain,1
qwen,hidden,fpq_636,fpq,1,fp_unconditional,4
qwen,hidden,fpq_638,fpq,0,plain,1
qwen,hidden,fpq_639,fpq,0,plain,1
qwen,hidden,fpq_64,fpq,1,fp_unconditional,4
qwen,hidden,fpq_640,fpq,1,fp_unconditional,1
qwen,hidden,fpq_641,fpq,1,fp_unconditional,2
qwen,hidden,fpq_643,fpq,1,fp_unconditional,4
qwen,hidden,fpq_644,fpq,0,plain,1
qwen,hidden,fpq_645,fpq,1,fp_unconditional,5
qwen,hidden,fpq_646,fpq,0,plain,1
qwen,hidden,fpq_647,fpq,1,fp_unconditional,1
qwen,hidden,fpq_649,fpq,0,plain,1
qwen,hidden,fpq_65,fpq,1,fp_unconditional,4
qwen,hidden,fpq_650,fpq,0,plain,1
qwen,hidden,fpq_652,fpq,1,fp_unconditional,5
qwen,hidden,fpq_653,fpq,0,plain,3
qwen,hidden,fpq_654,fpq,0,plain,1
qwen,hidden,fpq_655,fpq,1,fp_unconditional,1
qwen,hidden,fpq_657,fpq,1,fp_unconditional,4
qwen,hidden,fpq_659,fpq,1,fp_unconditional,1
qwen,hidden,fpq_66,fpq,1,fp_unconditional,1
qwen,hidden,fpq_661,fpq,1,fp_unconditional,3
qwen,hidden,fpq_662,fpq,1,fp_unconditional,1
qwen,hidden,fpq_663,fpq,1,fp_unconditional,1
qwen,hidden,fpq_666,fpq,0,plain,1
qwen,hidden,fpq_669,fpq,0,plain,1
qwen,hidden,fpq_67,fpq,1,fp_unconditional,3
qwen,hidden,fpq_671,fpq,1,fp_unconditional,3
qwen,hidden,fpq_675,fpq,1,fp_unconditional,4
qwen,hidden,fpq_676,fpq,0,plain,1
qwen,hidden,fpq_677,fpq,1,fp_unconditional,5
qwen,hidden,fpq_678,fpq,1,fp_unconditional,2
qwen,hidden,fpq_68,fpq,1,fp_unconditional,4
qwen,hidden,fpq_682,fpq,1,fp_unconditional,1
qwen,hidden,fpq_685,fpq,1,fp_unconditional,4
qwen,hidden,fpq_687,fpq,1,fp_unconditional,1
qwen,hidden,fpq_689,fpq,1,fp_unconditional,4
qwen,hidden,fpq_69,fpq,1,fp_unconditional,4
qwen,hidden,fpq_690,fpq,1,fp_unconditional,1
qwen,hidden,fpq_691,fpq,1,fp_unconditional,5
qwen,hidden,fpq_692,fpq,1,fp_unconditional,2
qwen,hidden,fpq_694,fpq,0,plain,1
qwen,hidden,fpq_695,fpq,1,fp_unconditional,4
qwen,hidden,fpq_696,fpq,1,fp_unconditional,2
qwen,hidden,fpq_697,fpq,0,plain,1
qwen,hidden,fpq_699,fpq,0,plain,1
qwen,hidden,fpq_7,fpq,1,fp_unconditional,5
qwen,hidden,fpq_70,fpq,1,fp_unconditional,1
qwen,hidden,fpq_702,fpq,0,plain,1
qwen,hidden,fpq_703,fpq,1,fp_unconditional,4
qwen,hidden,fpq_704,fpq,1,fp_unconditional,5
qwen,hidden,fpq_705,fpq,1,fp_unconditional,1
qwen,hidden,fpq_706,fpq,1,fp_unconditional,4
qwen,hidden,fpq_71,fpq,1,fp_unconditional,5
qwen,hidden,fpq_712,fpq,1,fp_unconditional,5
qwen,hidden,fpq_713,fpq,1,fp_unconditional,1
qwen,hidden,fpq_72,fpq,1,fp_unconditional,2
qwen,hidden,fpq_721,fpq,1,fp_unconditional,5
qwen,hidden,fpq_722,fpq,1,fp_unconditional,5
qwen,hidden,fpq_723,fpq,1,fp_unconditional,4
qwen,hidden,fpq_724,fpq,1,fp_unconditional,5
qwen,hidden,fpq_725,fpq,1,fp_unconditional,2
qwen,hidden,fpq_726,fpq,0,plain,1
qwen,hidden,fpq_727,fpq,0,plain,1
qwen,hidden,fpq_728,fpq,1,fp_unconditional,4
qwen,hidden,fpq_729,fpq,1,fp_unconditional,1
qwen,hidden,fpq_73,fpq,1,fp_unconditional,4
qwen,hidden,fpq_730,fpq,0,plain,1
qwen,hidden,fpq_735,fpq,1,fp_unconditional,4
qwen,hidden,fpq_736,fpq,1,fp_unconditional,4
qwen,hidden,fpq_738,fpq,1,fp_unconditional,2
qwen,hidden,fpq_739,fpq,0,plain,1
qwen,hidden,fpq_74,fpq,1,fp_unconditional,2
qwen,hidden,fpq_740,fpq,1,fp_unconditional,2
qwen,hidden,fpq_741,fpq,1,fp_unconditional,4
qwen,hidden,fpq_743,fpq,1,fp_unconditional,5
qwen,hidden,fpq_744,fpq,1,fp_unconditional,5
qwen,hidden,fpq_745,fpq,1,fp_unconditional,2
qwen,hidden,fpq_746,fpq,1,fp_unconditional,5
qwen,hidden,fpq_747,fpq,1,fp_unconditional,4
qwen,hidden,fpq_749,fpq,1,fp_unconditional,4
qwen,hidden,fpq_75,fpq,1,fp_unconditional,1
qwen,hidden,fpq_750,fpq,0,plain,1
qwen,hidden,fpq_751,fpq,0,plain,1
qwen,hidden,fpq_753,fpq,0,plain,1
qwen,hidden,fpq_754,fpq,1,fp_unconditional,4
qwen,hidden,fpq_755,fpq,0,plain,1
qwen,hidden,fpq_76,fpq,1,fp_unconditional,5
qwen,hidden,fpq_761,fpq,1,fp_unconditional,5
qwen,hidden,fpq_762,fpq,1,fp_unconditional,5
qwen,hidden,fpq_763,fpq,1,fp_unconditional,1
qwen,hidden,fpq_764,fpq,1,fp_unconditional,3
qwen,hidden,fpq_77,fpq,1,fp_unconditional,5
qwen,hidden,fpq_771,fpq,0,plain,1
qwen,hidden,fpq_772,fpq,0,plain,1
qwen,hidden,fpq_773,fpq,1,fp_unconditional,5
qwen,hidden,fpq_774,fpq,0,plain,1
qwen,hidden,fpq_775,fpq,0,plain,1
qwen,hidden,fpq_776,fpq,0,plain,1
qwen,hidden,fpq_777,fpq,0,plain,1
qwen,hidden,fpq_778,fpq,1,fp_unconditional,1
qwen,hidden,fpq_78,fpq,1,fp_unconditional,1
qwen,hidden,fpq_780,fpq,0,plain,1
qwen,hidden,fpq_781,fpq,0,plain,1
qwen,hidden,fpq_789,fpq,1,fp_unconditional,4
qwen,hidden,fpq_794,fpq,0,plain,1
qwen,hidden,fpq_797,fpq,1,fp_unconditional,5
qwen,hidden,fpq_798,fpq,1,fp_unconditional,1
qwen,hidden,fpq_799,fpq,1,fp_unconditional,1
qwen,hidden,fpq_8,fpq,1,fp_unconditional,5
qwen,hidden,fpq_80,fpq,1,fp_unconditional,4
qwen,hidden,fpq_801,fpq,0,plain,1
qwen,hidden,fpq_802,fpq,1,fp_unconditional,5
qwen,hidden,fpq_804,fpq,0,plain,1
qwen,hidden,fpq_805,fpq,0,plain,1
qwen,hidden,fpq_806,fpq,0,plain,1
qwen,hidden,fpq_807,fpq,1,fp_unconditional,2
qwen,hidden,fpq_808,fpq,0,plain,1
qwen,hidden,fpq_81,fpq,1,fp_unconditional,5
qwen,hidden,fpq_813,fpq,1,fp_unconditional,5
qwen,hidden,fpq_814,fpq,0,plain,1
qwen,hidden,fpq_817,fpq,0,plain,1
qwen,hidden,fpq_818,fpq,1,fp_unconditional,5
qwen,hidden,fpq_82,fpq,0,plain,1
qwen,hidden,fpq_820,fpq,1,fp_unconditional,1
qwen,hidden,fpq_823,fpq,1,fp_unconditional,1
qwen,hidden,fpq_824,fpq,0,plain,1
qwen,hidden,fpq_827,fpq,1,fp_unconditional,2
qwen,hidden,fpq_828,fpq,0,plain,1
qwen,hidden,fpq_829,fpq,0,plain,1
qwen,hidden,fpq_830,fpq,1,fp_unconditional,4
qwen,hidden,fpq_831,fpq,1,fp_unconditional,1
qwen,hidden,fpq_832,fpq,1,fp_unconditional,4
qwen,hidden,fpq_833,fpq,1,fp_unconditional,5
qwen,hidden,fpq_834,fpq,1,fp_unconditional,5
qwen,hidden,fpq_835,fpq,1,fp_unconditional,5
qwen,hidden,fpq_836,fpq,0,plain,1
qwen,hidden,fpq_837,fpq,1,fp_unconditional,1
qwen,hidden,fpq_838,fpq,1,fp_unconditional,4
qwen,hidden,fpq_839,fpq,1,fp_unconditional,5
qwen,hidden,fpq_84,fpq,1,fp_unconditional,4
qwen,hidden,fpq_840,fpq,1,fp_unconditional,4
qwen,hidden,fpq_844,fpq,1,fp_unconditional,5
qwen,hidden,fpq_846,fpq,1,fp_unconditional,4
qwen,hidden,fpq_847,fpq,1,fp_unconditional,4
qwen,hidden,fpq_848,fpq,0,plain,1
qwen,hidden,fpq_849,fpq,0,plain,1
qwen,hidden,fpq_85,fpq,1,fp_unconditional,2
qwen,hidden,fpq_850,fpq,1,fp_unconditional,5
qwen,hidden,fpq_851,fpq,1,fp_unconditional,5
qwen,hidden,fpq_852,fpq,1,fp_unconditional,1
qwen,hidden,fpq_854,fpq,1,fp_unconditional,1
qwen,hidden,fpq_855,fpq,0,plain,1
qwen,hidden,fpq_858,fpq,0,plain,1
qwen,hidden,fpq_859,fpq,0,plain,1
qwen,hidden,fpq_860,fpq,1,fp_unconditional,1
qwen,hidden,fpq_861,fpq,0,plain,2
qwen,hidden,fpq_862,fpq,0,plain,1
qwen,hidden,fpq_863,fpq,1,fp_unconditional,4
qwen,hidden,fpq_864,fpq,0,plain,1
qwen,hidden,fpq_865,fpq,1,fp_unconditional,4
qwen,hidden,fpq_866,fpq,0,plain,1
qwen,hidden,fpq_869,fpq,0,plain,1
qwen,hidden,fpq_87,fpq,1,fp_unconditional,1
qwen,hidden,fpq_870,fpq,1,fp_unconditional,1
qwen,hidden,fpq_871,fpq,1,fp_unconditional,2
qwen,hidden,fpq_872,fpq,1,fp_unconditional,1
qwen,hidden,fpq_88,fpq,1,fp_unconditional,4
qwen,hidden,fpq_89,fpq,1,fp_unconditional,4
qwen,hidden,fpq_9,fpq,1,fp_unconditional,4
qwen,hidden,fpq_90,fpq,1,fp_unconditional,1
qwen,hidden,fpq_91,fpq,1,fp_unconditional,1
qwen,hidden,fpq_92,fpq,1,fp_unconditional,1
qwen,hidden,fpq_94,fpq,1,fp_unconditional,2
qwen,hidden,fpq_95,fpq,1,fp_unconditional,1
qwen,hidden,fpq_96,fpq,1,fp_unconditional,1
qwen,hidden,fpq_97,fpq,1,fp_unconditional,1
qwen,hidden,fpq_98,fpq,1,fp_unconditional,1
qwen,hidden,fpq_99,fpq,1,fp_unconditional,4
qwen,hidden,nfp_1000,nfp,1,fp_unconditional,1
qwen,hidden,nfp_1001,nfp,1,fp_unconditional,2
qwen,hidden,nfp_1002,nfp,1,fp_unconditional,1
qwen,hidden,nfp_1003,nfp,1,fp_unconditional,2
qwen,hidden,nfp_1004,nfp,0,plain,5
qwen,hidden,nfp_1005,nfp,1,fp_unconditional,2
qwen,hidden,nfp_1006,nfp,0,plain,5
qwen,hidden,nfp_1008,nfp,1,fp_unconditional,1
qwen,hidden,nfp_1009,nfp,1,fp_unconditional,1
qwen,hidden,nfp_1010,nfp,1,fp_unconditional,4
qwen,hidden,nfp_1011,nfp,1,fp_unconditional,4
qwen,hidden,nfp_1012,nfp,1,fp_unconditional,1
qwen,hidden,nfp_1013,nfp,0,plain,5
qwen,hidden,nfp_1014,nfp,1,fp_unconditional,2
qwen,hidden,nfp_1015,nfp,1,fp_unconditional,2
qwen,hidden,nfp_1016,nfp,1,fp_unconditional,2
qwen,hidden,nfp_1017,nfp,1,fp_unconditional,1
qwen,hidden,nfp_1018,nfp,1,fp_unconditional,5
qwen,hidden,nfp_1019,nfp,0,plain,5
qwen,hidden,nfp_1020,nfp,0,plain,5
qwen,hidden,nfp_1021,nfp,1,fp_unconditional,2
qwen,hidden,nfp_1022,nfp,1,fp_unconditional,2
qwen,hidden,nfp_1023,nfp,1,fp_unconditional,1
qwen,hidden,nfp_1024,nfp,1,fp_unconditional,1
qwen,hidden,nfp_1025,nfp,1,fp_unconditional,4
qwen,hidden,nfp_1026,nfp,0,plain,5
qwen,hidden,nfp_1027,nfp,1,fp_unconditional,2
qwen,hidden,nfp_1028,nfp,1,fp_unconditional,2
qwen,hidden,nfp_1029,nfp,1,fp_unconditional,2
qwen,hidden,nfp_1030,nfp,1,fp_unconditional,4
qwen,hidden,nfp_1031,nfp,1,fp_unconditional,2
qwen,hidden,nfp_1032,nfp,1,fp_unconditional,1
qwen,hidden,nfp_1033,nfp,0,plain,5
qwen,hidden,nfp_1034,nfp,0,plain,5
qwen,hidden,nfp_1035,nfp,0,plain,5
qwen,hidden,nfp_1036,nfp,0,plain,5
qwen,hidden,nfp_1037,nfp,1,fp_unconditional,2
qwen,hidden,nfp_1038,nfp,0,plain,5
qwen,hidden,nfp_1039,nfp,0,plain,5
qwen,hidden,nfp_1040,nfp,1,fp_unconditional,4
qwen,hidden,nfp_1041,nfp,1,fp_unconditional,2
qwen,hidden,nfp_1042,nfp,0,plain,4
qwen,hidden,nfp_1043,nfp,0,plain,5
qwen,hidden,nfp_1044,nfp,0,plain,5
qwen,hidden,nfp_1045,nfp,0,plain,5
qwen,hidden,nfp_1046,nfp,1,fp_unconditional,4
qwen,hidden,nfp_1047,nfp,1,fp_unconditional,1
qwen,hidden,nfp_1048,nfp,0,plain,5
qwen,hidden,nfp_1049,nfp,1,fp_unconditional,2
qwen,hidden,nfp_1050,nfp,1,fp_unconditional,2
qwen,hidden,nfp_1051,nfp,0,plain,5
qwen,hidden,nfp_1052,nfp,1,fp_unconditional,5
qwen,hidden,nfp_1053,nfp,1,fp_unconditional,4
qwen,hidden,nfp_1054,nfp,0,plain,5
qwen,hidden,nfp_1055,nfp,0,plain,5
qwen,hidden,nfp_1056,nfp,0,plain,5
qwen,hidden,nfp_1057,nfp,1,fp_unconditional,1
qwen,hidden,nfp_1058,nfp,0,plain,5
qwen,hidden,nfp_1059,nfp,0,plain,4
qwen,hidden,nfp_1060,nfp,1,fp_unconditional,4
qwen,hidden,nfp_1061,nfp,1,fp_unconditional,5
qwen,hidden,nfp_1062,nfp,1,fp_unconditional,2
qwen,hidden,nfp_1063,nfp,1,fp_unconditional,2
qwen,hidden,nfp_1064,nfp,1,fp_unconditional,4
qwen,hidden,nfp_1065,nfp,1,fp_unconditional,2
qwen,hidden,nfp_1066,nfp,1,fp_unconditional,2
qwen,hidden,nfp_1067,nfp,1,fp_unconditional,1
qwen,hidden,nfp_1068,nfp,1,fp_unconditional,1
qwen,hidden,nfp_1069,nfp,1,fp_unconditional,2
qwen,hidden,nfp_1070,nfp,0,plain,5
qwen,hidden,nfp_1071,nfp,0,plain,5
qwen,hidden,nfp_1072,nfp,0,plain,5
qwen,hidden,nfp_1073,nfp,1,fp_unconditional,2
qwen,hidden,nfp_1074,nfp,0,plain,5
qwen,hidden,nfp_1075,nfp,1,fp_unconditional,4
qwen,hidden,nfp_1076,nfp,1,fp_unconditional,4
qwen,hidden,nfp_1077,nfp,1,fp_unconditional,1
qwen,hidden,nfp_1078,nfp,0,plain,5
qwen,hidden,nfp_1079,nfp,0,plain,5
qwen,hidden,nfp_1080,nfp,0,plain,4
qwen,hidden,nfp_1081,nfp,1,fp_unconditional,2
qwen,hidden,nfp_1082,nfp,0,plain,5
qwen,hidden,nfp_1083,nfp,1,fp_unconditional,1
qwen,hidden,nfp_1084,nfp,0,plain,5
qwen,hidden,nfp_1085,nfp,0,plain,5
qwen,hidden,nfp_1086,nfp,0,plain,5
qwen,hidden,nfp_1087,nfp,0,plain,5
qwen,hidden,nfp_1088,nfp,0,plain,5
qwen,hidden,nfp_1089,nfp,1,fp_unconditional,1
qwen,hidden,nfp_1090,nfp,0,plain,5
qwen,hidden,nfp_1091,nfp,0,plain,5
qwen,hidden,nfp_1092,nfp,1,fp_unconditional,2
qwen,hidden,nfp_1093,nfp,1,fp_unconditional,2
qwen,hidden,nfp_1094,nfp,1,fp_unconditional,1
qwen,hidden,nfp_1095,nfp,0,plain,5
qwen,hidden,nfp_1096,nfp,0,plain,5
qwen,hidden,nfp_1097,nfp,0,plain,5
qwen,hidden,nfp_1098,nfp,0,plain,5
qwen,hidden,nfp_1099,nfp,0,plain,5
qwen,hidden,nfp_1100,nfp,0,plain,5
qwen,hidden,nfp_1101,nfp,0,plain,4
qwen,hidden,nfp_1102,nfp,0,plain,4
qwen,hidden,nfp_1103,nfp,1,fp_unconditional,2
qwen,hidden,nfp_1104,nfp,0,plain,5
qwen,hidden,nfp_1105,nfp,1,fp_unconditional,2
qwen,hidden,nfp_1106,nfp,0,plain,5
qwen,hidden,nfp_1107,nfp,0,plain,5
qwen,hidden,nfp_1108,nfp,0,plain,5
qwen,hidden,nfp_1109,nfp,0,plain,5
qwen,hidden,nfp_1110,nfp,0,plain,5
qwen,hidden,nfp_1111,nfp,0,plain,5
qwen,hidden,nfp_1112,nfp,1,fp_unconditional,1
qwen,hidden,nfp_1113,nfp,0,plain,5
qwen,hidden,nfp_1114,nfp,0,plain,5
qwen,hidden,nfp_1115,nfp,1,fp_unconditional,1
qwen,hidden,nfp_1116,nfp,1,fp_unconditional,2
qwen,hidden,nfp_1117,nfp,1,fp_unconditional,2
qwen,hidden,nfp_1118,nfp,0,plain,5
qwen,hidden,nfp_1119,nfp,0,plain,5
qwen,hidden,nfp_1120,nfp,0,plain,5
qwen,hidden,nfp_1121,nfp,1,fp_unconditional,2
qwen,hidden,nfp_1122,nfp,0,plain,5
qwen,hidden,nfp_1123,nfp,1,fp_unconditional,1
qwen,hidden,nfp_1124,nfp,0,plain,5
qwen,hidden,nfp_1125,nfp,0,plain,5
qwen,hidden,nfp_1126,nfp,0,plain,5
qwen,hidden,nfp_1127,nfp,1,fp_unconditional,2
qwen,hidden,nfp_1128,nfp,0,plain,5
qwen,hidden,nfp_1129,nfp,0,plain,5
qwen,hidden,nfp_1130,nfp,0,plain,5
qwen,hidden,nfp_1131,nfp,0,plain,5
qwen,hidden,nfp_1132,nfp,0,plain,5
qwen,hidden,nfp_1133,nfp,0,plain,4
qwen,hidden,nfp_1134,nfp,0,plain,5
qwen,hidden,nfp_1135,nfp,0,plain,5
qwen,hidden,nfp_1136,nfp,1,fp_unconditional,4
qwen,hidden,nfp_1137,nfp,0,plain,5
qwen,hidden,nfp_1138,nfp,1,fp_unconditional,5
qwen,hidden,nfp_1139,nfp,0,plain,5
qwen,hidden,nfp_1140,nfp,0,plain,5
qwen,hidden,nfp_1141,nfp,0,plain,4
qwen,hidden,nfp_1142,nfp,1,fp_unconditional,2
qwen,hidden,nfp_1143,nfp,0,plain,5
qwen,hidden,nfp_1144,nfp,0,plain,4
qwen,hidden,nfp_1145,nfp,1,fp_unconditional,5
qwen,hidden,nfp_1146,nfp,0,plain,5
qwen,hidden,nfp_1147,nfp,1,fp_unconditional,4
qwen,hidden,nfp_1148,nfp,1,fp_unconditional,2
qwen,hidden,nfp_1149,nfp,0,plain,5
qwen,direct,fpq_0,fpq,0,plain,2
qwen,direct,fpq_10,fpq,0,plain,1
qwen,direct,fpq_100,fpq,0,plain,1
qwen,direct,fpq_101,fpq,0,plain,1
qwen,direct,fpq_102,fpq,0,plain,1
qwen,direct,fpq_103,fpq,0,plain,1
qwen,direct,fpq_105,fpq,0,plain,1
qwen,direct,fpq_106,fpq,0,plain,1
qwen,direct,fpq_107,fpq,0,plain,1
qwen,direct,fpq_108,fpq,0,plain,1
qwen,direct,fpq_109,fpq,0,plain,1
qwen,direct,fpq_11,fpq,0,plain,1
qwen,direct,fpq_110,fpq,0,plain,1
qwen,direct,fpq_111,fpq,0,plain,1
qwen,direct,fpq_112,fpq,0,plain,1
qwen,direct,fpq_113,fpq,0,plain,1
qwen,direct,fpq_114,fpq,0,plain,1
qwen,direct,fpq_115,fpq,0,plain,1
qwen,direct,fpq_116,fpq,0,plain,1
qwen,direct,fpq_12,fpq,0,plain,1
qwen,direct,fpq_120,fpq,0,plain,1
qwen,direct,fpq_121,fpq,0,plain,1
qwen,direct,fpq_122,fpq,0,plain,1
qwen,direct,fpq_123,fpq,0,plain,1
qwen,direct,fpq_124,fpq,0,plain,4
qwen,direct,fpq_125,fpq,0,plain,1
qwen,direct,fpq_126,fpq,0,plain,1
qwen,direct,fpq_127,fpq,1,fp_unconditional,2
qwen,direct,fpq_128,fpq,0,plain,1
qwen,direct,fpq_129,fpq,0,plain,1
qwen,direct,fpq_13,fpq,0,plain,1
qwen,direct,fpq_130,fpq,0,plain,1
qwen,direct,fpq_131,fpq,0,plain,1
qwen,direct,fpq_133,fpq,0,plain,1
qwen,direct,fpq_134,fpq,0,plain,1
qwen,direct,fpq_135,fpq,0,plain,1
qwen,direct,fpq_136,fpq,0,plain,2
qwen,direct,fpq_137,fpq,0,plain,1
qwen,direct,fpq_138,fpq,0,plain,1
qwen,direct,fpq_139,fpq,0,plain,1
qwen,direct,fpq_14,fpq,0,plain,1
qwen,direct,fpq_140,fpq,0,plain,1
qwen,direct,fpq_141,fpq,0,plain,1
qwen,direct,fpq_142,fpq,1,fp_unconditional,5
qwen,direct,fpq_143,fpq,0,plain,1
qwen,direct,fpq_144,fpq,0,plain,1
qwen,direct,fpq_145,fpq,0,plain,1
qwen,direct,fpq_146,fpq,0,plain,1
qwen,direct,fpq_147,fpq,0,plain,1
qwen,direct,fpq_148,fpq,0,plain,1
qwen,direct,fpq_149,fpq,0,plain,1
qwen,direct,fpq_15,fpq,0,plain,1
qwen,direct,fpq_152,fpq,0,plain,1
qwen,direct,fpq_153,fpq,0,plain,1
qwen,direct,fpq_155,fpq,0,plain,1
qwen,direct,fpq_156,fpq,0,plain,2
qwen,direct,fpq_157,fpq,0,plain,1
qwen,direct,fpq_158,fpq,0,plain,1
qwen,direct,fpq_159,fpq,0,plain,1
qwen,direct,fpq_16,fpq,0,plain,1
qwen,direct,fpq_160,fpq,0,plain,1
qwen,direct,fpq_163,fpq,0,plain,1
qwen,direct,fpq_164,fpq,0,plain,1
qwen,direct,fpq_165,fpq,0,plain,1
qwen,direct,fpq_166,fpq,0,plain,1
qwen,direct,fpq_167,fpq,0,plain,1
qwen,direct,fpq_168,fpq,0,plain,1
qwen,direct,fpq_169,fpq,0,plain,1
qwen,direct,fpq_17,fpq,0,plain,1
qwen,direct,fpq_170,fpq,0,plain,1
qwen,direct,fpq_173,fpq,0,plain,1
qwen,direct,fpq_174,fpq,0,plain,1
qwen,direct,fpq_175,fpq,0,plain,1
qwen,direct,fpq_176,fpq,0,plain,1
qwen,direct,fpq_177,fpq,0,plain,1
qwen,direct,fpq_178,fpq,1,fp_unconditional,4
qwen,direct,fpq_179,fpq,0,plain,1
qwen,direct,fpq_18,fpq,0,plain,1
qwen,direct,fpq_180,fpq,0,plain,1
qwen,direct,fpq_181,fpq,0,plain,1
qwen,direct,fpq_182,fpq,0,plain,1
qwen,direct,fpq_184,fpq,0,plain,1
qwen,direct,fpq_185,fpq,0,plain,1
qwen,direct,fpq_186,fpq,0,plain,1
qwen,direct,fpq_188,fpq,0,plain,1
qwen,direct,fpq_189,fpq,0,plain,1
qwen,direct,fpq_19,fpq,0,plain,2
qwen,direct,fpq_190,fpq,0,plain,1
qwen,direct,fpq_191,fpq,0,plain,1
qwen,direct,fpq_192,fpq,0,plain,1
qwen,direct,fpq_193,fpq,0,plain,1
qwen,direct,fpq_194,fpq,0,plain,1
qwen,direct,fpq_195,fpq,0,plain,1
qwen,direct,fpq_196,fpq,0,plain,1
qwen,direct,fpq_197,fpq,0,plain,1
qwen,direct,fpq_198,fpq,0,plain,1
qwen,direct,fpq_2,fpq,0,plain,2
qwen,direct,fpq_20,fpq,0,plain,2
qwen,direct,fpq_200,fpq,0,plain,1
qwen,direct,fpq_201,fpq,0,plain,1
qwen,direct,fpq_202,fpq,0,plain,2
qwen,direct,fpq_204,fpq,0,plain,1
qwen,direct,fpq_205,fpq,0,plain,1
qwen,direct,fpq_206,fpq,0,plain,1
qwen,direct,fpq_207,fpq,0,plain,1
qwen,direct,fpq_208,fpq,0,plain,1
qwen,direct,fpq_21,fpq,0,plain,1
qwen,direct,fpq_216,fpq,0,plain,1
qwen,direct,fpq_217,fpq,0,plain,1
qwen,direct,fpq_218,fpq,1,fp_unconditional,1
qwen,direct,fpq_219,fpq,0,plain,1
qwen,direct,fpq_22,fpq,1,fp_unconditional,5
qwen,direct,fpq_220,fpq,0,plain,1
qwen,direct,fpq_221,fpq,0,plain,1
qwen,direct,fpq_222,fpq,0,plain,1
qwen,direct,fpq_223,fpq,0,plain,1
qwen,direct,fpq_224,fpq,0,plain,1
qwen,direct,fpq_225,fpq,0,plain,1
qwen,direct,fpq_226,fpq,0,plain,1
qwen,direct,fpq_227,fpq,0,plain,1
qwen,direct,fpq_228,fpq,0,plain,1
qwen,direct,fpq_229,fpq,0,plain,1
qwen,direct,fpq_23,fpq,0,plain,1
qwen,direct,fpq_230,fpq,0,plain,1
qwen,direct,fpq_231,fpq,0,plain,1
qwen,direct,fpq_232,fpq,0,plain,1
qwen,direct,fpq_233,fpq,0,plain,1
qwen,direct,fpq_234,fpq,0,plain,1
qwen,direct,fpq_236,fpq,0,plain,1
qwen,direct,fpq_237,fpq,0,plain,1
qwen,direct,fpq_238,fpq,0,plain,1
qwen,direct,fpq_239,fpq,0,plain,2
qwen,direct,fpq_24,fpq,0,plain,1
qwen,direct,fpq_240,fpq,1,fp_unconditional,5
qwen,direct,fpq_241,fpq,0,plain,1
qwen,direct,fpq_244,fpq,0,plain,1
qwen,direct,fpq_245,fpq,1,fp_unconditional,1
qwen,direct,fpq_246,fpq,0,plain,1
qwen,direct,fpq_247,fpq,0,plain,1
qwen,direct,fpq_248,fpq,0,plain,1
qwen,direct,fpq_249,fpq,0,plain,4
qwen,direct,fpq_25,fpq,0,plain,1
qwen,direct,fpq_250,fpq,0,plain,1
qwen,direct,fpq_251,fpq,0,plain,1
qwen,direct,fpq_252,fpq,0,plain,2
qwen,direct,fpq_253,fpq,0,plain,1
qwen,direct,fpq_254,fpq,1,fp_unconditional,1
qwen,direct,fpq_255,fpq,0,plain,1
qwen,direct,fpq_256,fpq,0,plain,1
qwen,direct,fpq_257,fpq,1,fp_unconditional,1
qwen,direct,fpq_258,fpq,0,plain,2
qwen,direct,fpq_259,fpq,0,plain,1
qwen,direct,fpq_26,fpq,0,plain,1
qwen,direct,fpq_260,fpq,0,plain,1
qwen,direct,fpq_261,fpq,0,plain,1
qwen,direct,fpq_262,fpq,0,plain,1
qwen,direct,fpq_263,fpq,0,plain,2
qwen,direct,fpq_264,fpq,0,plain,1
qwen,direct,fpq_265,fpq,0,plain,1
qwen,direct,fpq_266,fpq,0,plain,1
qwen,direct,fpq_267,fpq,0,plain,1
qwen,direct,fpq_268,fpq,1,fp_unconditional,2
qwen,direct,fpq_269,fpq,1,fp_unconditional,4
qwen,direct,fpq_27,fpq,0,plain,1
qwen,direct,fpq_270,fpq,1,fp_unconditional,4
qwen,direct,fpq_271,fpq,0,plain,1
qwen,direct,fpq_272,fpq,0,plain,2
qwen,direct,fpq_273,fpq,0,plain,1
qwen,direct,fpq_274,fpq,0,plain,1
qwen,direct,fpq_275,fpq,0,plain,1
qwen,direct,fpq_276,fpq,0,plain,1
qwen,direct,fpq_277,fpq,0,plain,1
qwen,direct,fpq_278,fpq,0,plain,1
qwen,direct,fpq_279,fpq,1,fp_unconditional,5
qwen,direct,fpq_28,fpq,0,plain,1
qwen,direct,fpq_283,fpq,0,plain,1
qwen,direct,fpq_285,fpq,0,plain,1
qwen,direct,fpq_286,fpq,0,plain,1
qwen,direct,fpq_287,fpq,0,plain,1
qwen,direct,fpq_288,fpq,0,plain,1
qwen,direct,fpq_289,fpq,0,plain,1
qwen,direct,fpq_29,fpq,0,plain,1
qwen,direct,fpq_290,fpq,0,plain,1
qwen,direct,fpq_291,fpq,0,plain,1
qwen,direct,fpq_292,fpq,0,plain,1
qwen,direct,fpq_293,fpq,0,plain,2
qwen,direct,fpq_294,fpq,0,plain,1
qwen,direct,fpq_295,fpq,0,plain,1
qwen,direct,fpq_296,fpq,0,plain,1
qwen,direct,fpq_297,fpq,0,plain,1
qwen,direct,fpq_3,fpq,0,plain,1
qwen,direct,fpq_30,fpq,0,plain,1
qwen,direct,fpq_302,fpq,0,plain,1
qwen,direct,fpq_303,fpq,0,plain,1
qwen,direct,fpq_304,fpq,0,plain,1
qwen,direct,fpq_305,fpq,0,plain,1
qwen,direct,fpq_306,fpq,0,plain,1
qwen,direct,fpq_307,fpq,0,plain,1
qwen,direct,fpq_308,fpq,0,plain,1
qwen,direct,fpq_309,fpq,0,plain,1
qwen,direct,fpq_31,fpq,0,plain,1
qwen,direct,fpq_311,fpq,0,plain,1
qwen,direct,fpq_312,fpq,0,plain,1
qwen,direct,fpq_313,fpq,0,plain,1
qwen,direct,fpq_314,fpq,0,plain,1
qwen,direct,fpq_315,fpq,0,plain,1
qwen,direct,fpq_316,fpq,0,plain,1
qwen,direct,fpq_317,fpq,0,plain,1
qwen,direct,fpq_318,fpq,0,plain,1
qwen,direct,fpq_319,fpq,0,plain,1
qwen,direct,fpq_32,fpq,0,plain,1
qwen,direct,fpq_320,fpq,0,plain,1
qwen,direct,fpq_321,fpq,0,plain,1
qwen,direct,fpq_325,fpq,0,plain,1
qwen,direct,fpq_326,fpq,0,plain,1
qwen,direct,fpq_327,fpq,0,plain,1
qwen,direct,fpq_33,fpq,0,plain,1
qwen,direct,fpq_336,fpq,1,fp_unconditional,4
qwen,direct,fpq_34,fpq,0,plain,1
qwen,direct,fpq_342,fpq,0,plain,1
qwen,direct,fpq_343,fpq,0,plain,1
qwen,direct,fpq_344,fpq,0,plain,1
qwen,direct,fpq_348,fpq,0,plain,1
qwen,direct,fpq_35,fpq,0,plain,1
qwen,direct,fpq_350,fpq,0,plain,2
qwen,direct,fpq_353,fpq,0,plain,2
qwen,direct,fpq_354,fpq,0,plain,1
qwen,direct,fpq_357,fpq,1,fp_unconditional,4
qwen,direct,fpq_358,fpq,0,plain,1
qwen,direct,fpq_359,fpq,0,plain,1
qwen,direct,fpq_36,fpq,0,plain,1
qwen,direct,fpq_361,fpq,0,plain,1
qwen,direct,fpq_362,fpq,0,plain,1
qwen,direct,fpq_366,fpq,0,plain,1
qwen,direct,fpq_368,fpq,0,plain,1
qwen,direct,fpq_37,fpq,0,plain,1
qwen,direct,fpq_376,fpq,0,plain,1
qwen,direct,fpq_378,fpq,0,plain,1
qwen,direct,fpq_379,fpq,0,plain,2
qwen,direct,fpq_38,fpq,0,plain,2
qwen,direct,fpq_380,fpq,0,plain,1
qwen,direct,fpq_383,fpq,0,plain,1
qwen,direct,fpq_385,fpq,0,plain,1
qwen,direct,fpq_386,fpq,0,plain,1
qwen,direct,fpq_387,fpq,0,plain,1
qwen,direct,fpq_388,fpq,0,plain,1
qwen,direct,fpq_39,fpq,0,plain,1
qwen,direct,fpq_390,fpq,0,plain,1
qwen,direct,fpq_391,fpq,0,plain,1
qwen,direct,fpq_392,fpq,0,plain,1
qwen,direct,fpq_394,fpq,0,plain,1
qwen,direct,fpq_395,fpq,0,plain,1
qwen,direct,fpq_396,fpq,0,plain,1
qwen,direct,fpq_397,fpq,0,plain,2
qwen,direct,fpq_398,fpq,0,plain,1
qwen,direct,fpq_399,fpq,0,plain,1
qwen,direct,fpq_4,fpq,0,plain,1
qwen,direct,fpq_40,fpq,0,plain,1
qwen,direct,fpq_400,fpq,0,plain,1
qwen,direct,fpq_403,fpq,0,plain,1
qwen,direct,fpq_405,fpq,0,plain,1
qwen,direct,fpq_407,fpq,0,plain,1
qwen,direct,fpq_408,fpq,0,plain,1
qwen,direct,fpq_41,fpq,0,plain,1
qwen,direct,fpq_415,fpq,0,plain,1
qwen,direct,fpq_416,fpq,0,plain,1
qwen,direct,fpq_417,fpq,0,plain,1
qwen,direct,fpq_42,fpq,0,plain,2
qwen,direct,fpq_420,fpq,0,plain,1
qwen,direct,fpq_421,fpq,0,plain,1
qwen,direct,fpq_422,fpq,0,plain,1
qwen,direct,fpq_423,fpq,0,plain,2
qwen,direct,fpq_425,fpq,0,plain,2
qwen,direct,fpq_426,fpq,0,plain,4
qwen,direct,fpq_428,fpq,0,plain,1
qwen,direct,fpq_429,fpq,0,plain,2
qwen,direct,fpq_43,fpq,0,plain,1
qwen,direct,fpq_434,fpq,0,plain,1
qwen,direct,fpq_436,fpq,0,plain,4
qwen,direct,fpq_438,fpq,0,plain,1
qwen,direct,fpq_439,fpq,0,plain,1
qwen,direct,fpq_44,fpq,0,plain,1
qwen,direct,fpq_443,fpq,0,plain,1
qwen,direct,fpq_445,fpq,0,plain,4
qwen,direct,fpq_446,fpq,0,plain,1
qwen,direct,fpq_45,fpq,0,plain,1
qwen,direct,fpq_459,fpq,0,plain,1
qwen,direct,fpq_46,fpq,0,plain,4
qwen,direct,fpq_460,fpq,0,plain,1
qwen,direct,fpq_462,fpq,0,plain,1
qwen,direct,fpq_467,fpq,0,plain,1
qwen,direct,fpq_47,fpq,0,plain,1
qwen,direct,fpq_472,fpq,0,plain,1
qwen,direct,fpq_473,fpq,0,plain,1
qwen,direct,fpq_474,fpq,0,plain,1
qwen,direct,fpq_477,fpq,0,plain,1
qwen,direct,fpq_479,fpq,0,plain,1
qwen,direct,fpq_48,fpq,0,plain,1
qwen,direct,fpq_484,fpq,0,plain,1
qwen,direct,fpq_485,fpq,0,plain,2
qwen,direct,fpq_487,fpq,0,plain,2
qwen,direct,fpq_488,fpq,0,plain,1
qwen,direct,fpq_49,fpq,0,plain,1
qwen,direct,fpq_492,fpq,0,plain,1
qwen,direct,fpq_493,fpq,0,plain,2
qwen,direct,fpq_494,fpq,1,fp_unconditional,5
qwen,direct,fpq_495,fpq,1,fp_unconditional,4
qwen,direct,fpq_497,fpq,0,plain,1
qwen,direct,fpq_499,fpq,0,plain,1
qwen,direct,fpq_5,fpq,0,plain,1
qwen,direct,fpq_50,fpq,0,plain,2
qwen,direct,fpq_500,fpq,0,plain,1
qwen,direct,fpq_501,fpq,0,plain,1
qwen,direct,fpq_502,fpq,0,plain,1
qwen,direct,fpq_505,fpq,0,plain,1
qwen,direct,fpq_506,fpq,0,plain,4
qwen,direct,fpq_507,fpq,0,plain,1
qwen,direct,fpq_51,fpq,0,plain,2
qwen,direct,fpq_512,fpq,0,plain,1
qwen,direct,fpq_514,fpq,0,plain,1
qwen,direct,fpq_516,fpq,0,plain,2
qwen,direct,fpq_517,fpq,0,plain,1
qwen,direct,fpq_52,fpq,0,plain,1
qwen,direct,fpq_521,fpq,0,plain,1
qwen,direct,fpq_522,fpq,0,plain,1
qwen,direct,fpq_524,fpq,0,plain,1
qwen,direct,fpq_525,fpq,0,plain,1
qwen,direct,fpq_53,fpq,0,plain,1
qwen,direct,fpq_530,fpq,0,plain,1
qwen,direct,fpq_531,fpq,0,plain,2
qwen,direct,fpq_534,fpq,0,plain,1
qwen,direct,fpq_535,fpq,0,plain,1
qwen,direct,fpq_54,fpq,0,plain,1
qwen,direct,fpq_542,fpq,0,plain,1
qwen,direct,fpq_543,fpq,0,plain,1
qwen,direct,fpq_546,fpq,0,plain,2
qwen,direct,fpq_547,fpq,0,plain,1
qwen,direct,fpq_549,fpq,0,plain,1
qwen,direct,fpq_55,fpq,0,plain,1
qwen,direct,fpq_550,fpq,0,plain,1
qwen,direct,fpq_552,fpq,0,plain,1
qwen,direct,fpq_556,fpq,0,plain,1
qwen,direct,fpq_557,fpq,1,fp_unconditional,1
qwen,direct,fpq_558,fpq,0,plain,4
qwen,direct,fpq_559,fpq,0,plain,2
qwen,direct,fpq_56,fpq,0,plain,2
qwen,direct,fpq_560,fpq,1,fp_unconditional,5
qwen,direct,fpq_563,fpq,0,plain,1
qwen,direct,fpq_564,fpq,0,plain,1
qwen,direct,fpq_565,fpq,0,plain,1
qwen,direct,fpq_566,fpq,0,plain,1
qwen,direct,fpq_57,fpq,0,plain,1
qwen,direct,fpq_570,fpq,1,fp_unconditional,2
qwen,direct,fpq_572,fpq,0,plain,1
qwen,direct,fpq_574,fpq,0,plain,1
qwen,direct,fpq_58,fpq,0,plain,1
qwen,direct,fpq_580,fpq,0,plain,1
qwen,direct,fpq_583,fpq,0,plain,1
qwen,direct,fpq_584,fpq,0,plain,1
qwen,direct,fpq_586,fpq,0,plain,1
qwen,direct,fpq_59,fpq,1,fp_unconditional,5
qwen,direct,fpq_593,fpq,0,plain,1
qwen,direct,fpq_595,fpq,0,plain,1
qwen,direct,fpq_596,fpq,0,plain,1
qwen,direct,fpq_598,fpq,0,plain,1
qwen,direct,fpq_6,fpq,0,plain,1
qwen,direct,fpq_60,fpq,0,plain,1
qwen,direct,fpq_600,fpq,1,fp_unconditional,4
qwen,direct,fpq_601,fpq,0,plain,1
qwen,direct,fpq_603,fpq,0,plain,2
qwen,direct,fpq_604,fpq,0,plain,1
qwen,direct,fpq_606,fpq,0,plain,1
qwen,direct,fpq_607,fpq,0,plain,1
qwen,direct,fpq_608,fpq,0,plain,1
qwen,direct,fpq_609,fpq,0,plain,1
qwen,direct,fpq_61,fpq,0,plain,1
qwen,direct,fpq_610,fpq,0,plain,2
qwen,direct,fpq_611,fpq,0,plain,3
qwen,direct,fpq_612,fpq,0,plain,1
qwen,direct,fpq_613,fpq,0,plain,1
qwen,direct,fpq_614,fpq,1,fp_unconditional,5
qwen,direct,fpq_615,fpq,0,plain,1
qwen,direct,fpq_616,fpq,0,plain,2
qwen,direct,fpq_617,fpq,0,plain,1
qwen,direct,fpq_618,fpq,0,plain,1
qwen,direct,fpq_619,fpq,0,plain,2
qwen,direct,fpq_62,fpq,1,fp_unconditional,4
qwen,direct,fpq_620,fpq,0,plain,2
qwen,direct,fpq_621,fpq,0,plain,1
qwen,direct,fpq_622,fpq,0,plain,1
qwen,direct,fpq_623,fpq,0,plain,1
qwen,direct,fpq_624,fpq,0,plain,1
qwen,direct,fpq_625,fpq,0,plain,1
qwen,direct,fpq_626,fpq,0,plain,1
qwen,direct,fpq_628,fpq,0,plain,1
qwen,direct,fpq_629,fpq,0,plain,1
qwen,direct,fpq_63,fpq,0,plain,1
qwen,direct,fpq_630,fpq,0,plain,1
qwen,direct,fpq_631,fpq,1,fp_unconditional,5
qwen,direct,fpq_632,fpq,0,plain,1
qwen,direct,fpq_633,fpq,0,plain,1
qwen,direct,fpq_634,fpq,0,plain,1
qwen,direct,fpq_635,fpq,0,plain,1
qwen,direct,fpq_636,fpq,0,plain,1
qwen,direct,fpq_638,fpq,0,plain,1
qwen,direct,fpq_639,fpq,0,plain,1
qwen,direct,fpq_64,fpq,0,plain,1
qwen,direct,fpq_640,fpq,0,plain,1
qwen,direct,fpq_641,fpq,0,plain,1
qwen,direct,fpq_643,fpq,0,plain,1
qwen,direct,fpq_644,fpq,0,plain,1
qwen,direct,fpq_645,fpq,0,plain,5
qwen,direct,fpq_646,fpq,0,plain,1
qwen,direct,fpq_647,fpq,0,plain,1
qwen,direct,fpq_649,fpq,0,plain,1
qwen,direct,fpq_65,fpq,1,fp_unconditional,4
qwen,direct,fpq_650,fpq,0,plain,1
qwen,direct,fpq_652,fpq,0,plain,1
qwen,direct,fpq_653,fpq,0,plain,3
qwen,direct,fpq_654,fpq,0,plain,1
qwen,direct,fpq_655,fpq,0,plain,1
qwen,direct,fpq_657,fpq,0,plain,1
qwen,direct,fpq_659,fpq,0,plain,1
qwen,direct,fpq_66,fpq,0,plain,1
qwen,direct,fpq_661,fpq,0,plain,1
qwen,direct,fpq_662,fpq,0,plain,1
qwen,direct,fpq_663,fpq,0,plain,1
qwen,direct,fpq_666,fpq,1,fp_unconditional,4
qwen,direct,fpq_669,fpq,0,plain,1
qwen,direct,fpq_67,fpq,0,plain,1
qwen,direct,fpq_671,fpq,0,plain,1
qwen,direct,fpq_675,fpq,0,plain,1
qwen,direct,fpq_676,fpq,0,plain,1
qwen,direct,fpq_677,fpq,1,fp_unconditional,5
qwen,direct,fpq_678,fpq,0,plain,1
qwen,direct,fpq_68,fpq,0,plain,1
qwen,direct,fpq_682,fpq,0,plain,1
qwen,direct,fpq_685,fpq,0,plain,1
qwen,direct,fpq_687,fpq,0,plain,1
qwen,direct,fpq_689,fpq,0,plain,1
qwen,direct,fpq_69,fpq,0,plain,1
qwen,direct,fpq_690,fpq,0,plain,1
qwen,direct,fpq_691,fpq,0,plain,1
qwen,direct,fpq_692,fpq,0,plain,1
qwen,direct,fpq_694,fpq,0,plain,1
qwen,direct,fpq_695,fpq,0,plain,1
qwen,direct,fpq_696,fpq,0,plain,1
qwen,direct,fpq_697,fpq,0,plain,1
qwen,direct,fpq_699,fpq,0,plain,1
qwen,direct,fpq_7,fpq,0,plain,1
qwen,direct,fpq_70,fpq,0,plain,1
qwen,direct,fpq_702,fpq,0,plain,1
qwen,direct,fpq_703,fpq,0,plain,1
qwen,direct,fpq_704,fpq,0,plain,1
qwen,direct,fpq_705,fpq,0,plain,2
qwen,direct,fpq_706,fpq,0,plain,1
qwen,direct,fpq_71,fpq,0,plain,1
qwen,direct,fpq_712,fpq,0,plain,1
qwen,direct,fpq_713,fpq,0,plain,1
qwen,direct,fpq_72,fpq,0,plain,1
qwen,direct,fpq_721,fpq,0,plain,1
qwen,direct,fpq_722,fpq,0,plain,1
qwen,direct,fpq_723,fpq,0,plain,1
qwen,direct,fpq_724,fpq,0,plain,1
qwen,direct,fpq_725,fpq,0,plain,1
qwen,direct,fpq_726,fpq,0,plain,1
qwen,direct,fpq_727,fpq,0,plain,1
qwen,direct,fpq_728,fpq,0,plain,2
qwen,direct,fpq_729,fpq,0,plain,1
qwen,direct,fpq_73,fpq,1,fp_unconditional,4
qwen,direct,fpq_730,fpq,0,plain,1
qwen,direct,fpq_735,fpq,0,plain,1
qwen,direct,fpq_736,fpq,0,plain,1
qwen,direct,fpq_738,fpq,0,plain,1
qwen,direct,fpq_739,fpq,0,plain,1
qwen,direct,fpq_74,fpq,0,plain,2
qwen,direct,fpq_740,fpq,0,plain,1
qwen,direct,fpq_741,fpq,0,plain,1
qwen,direct,fpq_743,fpq,0,plain,1
qwen,direct,fpq_744,fpq,0,plain,2
qwen,direct,fpq_745,fpq,0,plain,2
qwen,direct,fpq_746,fpq,0,plain,1
qwen,direct,fpq_747,fpq,0,plain,3
qwen,direct,fpq_749,fpq,0,plain,1
qwen,direct,fpq_75,fpq,0,plain,1
qwen,direct,fpq_750,fpq,0,plain,1
qwen,direct,fpq_751,fpq,0,plain,1
qwen,direct,fpq_753,fpq,0,plain,1
qwen,direct,fpq_754,fpq,0,plain,1
qwen,direct,fpq_755,fpq,1,fp_unconditional,4
qwen,direct,fpq_76,fpq,0,plain,1
qwen,direct,fpq_761,fpq,0,plain,4
qwen,direct,fpq_762,fpq,0,plain,4
qwen,direct,fpq_763,fpq,0,plain,1
qwen,direct,fpq_764,fpq,0,plain,1
qwen,direct,fpq_77,fpq,0,plain,1
qwen,direct,fpq_771,fpq,0,plain,1
qwen,direct,fpq_772,fpq,0,plain,1
qwen,direct,fpq_773,fpq,0,plain,1
qwen,direct,fpq_774,fpq,0,plain,1
qwen,direct,fpq_775,fpq,1,fp_unconditional,4
qwen,direct,fpq_776,fpq,0,plain,1
qwen,direct,fpq_777,fpq,1,fp_unconditional,4
qwen,direct,fpq_778,fpq,0,plain,1
qwen,direct,fpq_78,fpq,0,plain,1
qwen,direct,fpq_780,fpq,0,plain,1
qwen,direct,fpq_781,fpq,0,plain,1
qwen,direct,fpq_789,fpq,0,plain,1
qwen,direct,fpq_794,fpq,1,fp_unconditional,5
qwen,direct,fpq_797,fpq,0,plain,1
qwen,direct,fpq_798,fpq,0,plain,1
qwen,direct,fpq_799,fpq,0,plain,1
qwen,direct,fpq_8,fpq,0,plain,1
qwen,direct,fpq_80,fpq,0,plain,1
qwen,direct,fpq_801,fpq,0,plain,1
qwen,direct,fpq_802,fpq,0,plain,1
qwen,direct,fpq_804,fpq,0,plain,1
qwen,direct,fpq_805,fpq,1,fp_unconditional,2
qwen,direct,fpq_806,fpq,0,plain,1
qwen,direct,fpq_807,fpq,0,plain,1
qwen,direct,fpq_808,fpq,0,plain,1
qwen,direct,fpq_81,fpq,0,plain,1
qwen,direct,fpq_813,fpq,0,plain,1
qwen,direct,fpq_814,fpq,1,fp_unconditional,1
qwen,direct,fpq_817,fpq,0,plain,1
qwen,direct,fpq_818,fpq,0,plain,1
qwen,direct,fpq_82,fpq,0,plain,1
qwen,direct,fpq_820,fpq,0,plain,1
qwen,direct,fpq_823,fpq,0,plain,1
qwen,direct,fpq_824,fpq,0,plain,1
qwen,direct,fpq_827,fpq,0,plain,1
qwen,direct,fpq_828,fpq,0,plain,1
qwen,direct,fpq_829,fpq,0,plain,1
qwen,direct,fpq_830,fpq,1,fp_unconditional,4
qwen,direct,fpq_831,fpq,0,plain,1
qwen,direct,fpq_832,fpq,0,plain,1
qwen,direct,fpq_833,fpq,0,plain,1
qwen,direct,fpq_834,fpq,0,plain,2
qwen,direct,fpq_835,fpq,0,plain,1
qwen,direct,fpq_836,fpq,0,plain,1
qwen,direct,fpq_837,fpq,0,plain,1
qwen,direct,fpq_838,fpq,0,plain,1
qwen,direct,fpq_839,fpq,0,plain,4
qwen,direct,fpq_84,fpq,0,plain,1
qwen,direct,fpq_840,fpq,0,plain,1
qwen,direct,fpq_844,fpq,0,plain,1
qwen,direct,fpq_846,fpq,0,plain,1
qwen,direct,fpq_847,fpq,0,plain,2
qwen,direct,fpq_848,fpq,0,plain,1
qwen,direct,fpq_849,fpq,1,fp_unconditional,5
qwen,direct,fpq_85,fpq,0,plain,1
qwen,direct,fpq_850,fpq,1,fp_unconditional,5
qwen,direct,fpq_851,fpq,0,plain,1
qwen,direct,fpq_852,fpq,0,plain,1
qwen,direct,fpq_854,fpq,0,plain,1
qwen,direct,fpq_855,fpq,0,plain,1
qwen,direct,fpq_858,fpq,1,fp_unconditional,3
qwen,direct,fpq_859,fpq,0,plain,1
qwen,direct,fpq_860,fpq,0,plain,1
qwen,direct,fpq_861,fpq,0,plain,2
qwen,direct,fpq_862,fpq,0,plain,1
qwen,direct,fpq_863,fpq,0,plain,2
qwen,direct,fpq_864,fpq,0,plain,1
qwen,direct,fpq_865,fpq,0,plain,1
qwen,direct,fpq_866,fpq,0,plain,1
qwen,direct,fpq_869,fpq,0,plain,1
qwen,direct,fpq_87,fpq,1,fp_unconditional,1
qwen,direct,fpq_870,fpq,0,plain,1
qwen,direct,fpq_871,fpq,0,plain,1
qwen,direct,fpq_872,fpq,0,plain,1
qwen,direct,fpq_88,fpq,0,plain,1
qwen,direct,fpq_89,fpq,0,plain,1
qwen,direct,fpq_9,fpq,0,plain,2
qwen,direct,fpq_90,fpq,0,plain,1
qwen,direct,fpq_91,fpq,0,plain,1
qwen,direct,fpq_92,fpq,0,plain,1
qwen,direct,fpq_94,fpq,1,fp_unconditional,2
qwen,direct,fpq_95,fpq,0,plain,1
qwen,direct,fpq_96,fpq,0,plain,1
qwen,direct,fpq_97,fpq,0,plain,1
qwen,direct,fpq_98,fpq,0,plain,1
qwen,direct,fpq_99,fpq,0,plain,1
qwen,direct,nfp_1000,nfp,1,fp_unconditional,1
qwen,direct,nfp_1001,nfp,0,plain,5
qwen,direct,nfp_1002,nfp,0,plain,5
qwen,direct,nfp_1003,nfp,0,plain,5
qwen,direct,nfp_1004,nfp,0,plain,5
qwen,direct,nfp_1005,nfp,0,plain,5
qwen,direct,nfp_1006,nfp,0,plain,5
qwen,direct,nfp_1008,nfp,0,plain,5
qwen,direct,nfp_1009,nfp,0,plain,4
qwen,direct,nfp_1010,nfp,0,plain,5
qwen,direct,nfp_1011,nfp,0,plain,5
qwen,direct,nfp_1012,nfp,0,plain,5
qwen,direct,nfp_1013,nfp,0,plain,5
qwen,direct,nfp_1014,nfp,0,plain,5
qwen,direct,nfp_1015,nfp,0,plain,5
qwen,direct,nfp_1016,nfp,0,plain,5
qwen,direct,nfp_1017,nfp,0,plain,5
qwen,direct,nfp_1018,nfp,0,plain,5
qwen,direct,nfp_1019,nfp,0,plain,5
qwen,direct,nfp_1020,nfp,0,plain,5
qwen,direct,nfp_1021,nfp,0,plain,5
qwen,direct,nfp_1022,nfp,0,plain,5
qwen,direct,nfp_1023,nfp,0,plain,5
qwen,direct,nfp_1024,nfp,0,plain,4
qwen,direct,nfp_1025,nfp,0,plain,5
qwen,direct,nfp_1026,nfp,0,plain,5
qwen,direct,nfp_1027,nfp,0,plain,5
qwen,direct,nfp_1028,nfp,0,plain,5
qwen,direct,nfp_1029,nfp,0,plain,5
qwen,direct,nfp_1030,nfp,0,plain,5
qwen,direct,nfp_1031,nfp,1,fp_unconditional,2
qwen,direct,nfp_1032,nfp,0,plain,5
qwen,direct,nfp_1033,nfp,0,plain,5
qwen,direct,nfp_1034,nfp,0,plain,5
qwen,direct,nfp_1035,nfp,0,plain,5
qwen,direct,nfp_1036,nfp,0,plain,5
qwen,direct,nfp_1037,nfp,1,fp_unconditional,2
qwen,direct,nfp_1038,nfp,0,plain,5
qwen,direct,nfp_1039,nfp,0,plain,5
qwen,direct,nfp_1040,nfp,0,plain,5
qwen,direct,nfp_1041,nfp,0,plain,5
qwen,direct,nfp_1042,nfp,0,plain,4
qwen,direct,nfp_1043,nfp,0,plain,5
qwen,direct,nfp_1044,nfp,0,plain,5
qwen,direct,nfp_1045,nfp,0,plain,5
qwen,direct,nfp_1046,nfp,0,plain,5
qwen,direct,nfp_1047,nfp,0,plain,5
qwen,direct,nfp_1048,nfp,1,fp_unconditional,3
qwen,direct,nfp_1049,nfp,0,plain,5
qwen,direct,nfp_1050,nfp,0,plain,5
qwen,direct,nfp_1051,nfp,0,plain,5
qwen,direct,nfp_1052,nfp,0,plain,5
qwen,direct,nfp_1053,nfp,0,plain,5
qwen,direct,nfp_1054,nfp,0,plain,5
qwen,direct,nfp_1055,nfp,0,plain,5
qwen,direct,nfp_1056,nfp,0,plain,5
qwen,direct,nfp_1057,nfp,0,plain,5
qwen,direct,nfp_1058,nfp,0,plain,5
qwen,direct,nfp_1059,nfp,1,fp_unconditional,2
qwen,direct,nfp_1060,nfp,0,plain,5
qwen,direct,nfp_1061,nfp,0,plain,5
qwen,direct,nfp_1062,nfp,0,plain,5
qwen,direct,nfp_1063,nfp,0,plain,5
qwen,direct,nfp_1064,nfp,0,plain,5
qwen,direct,nfp_1065,nfp,0,plain,5
qwen,direct,nfp_1066,nfp,0,plain,5
qwen,direct,nfp_1067,nfp,0,plain,5
qwen,direct,nfp_1068,nfp,1,fp_unconditional,1
qwen,direct,nfp_1069,nfp,0,plain,5
qwen,direct,nfp_1070,nfp,1,fp_unconditional,2
qwen,direct,nfp_1071,nfp,0,plain,5
qwen,direct,nfp_1072,nfp,0,plain,5
qwen,direct,nfp_1073,nfp,0,plain,5
qwen,direct,nfp_1074,nfp,0,plain,5
qwen,direct,nfp_1075,nfp,0,plain,5
qwen,direct,nfp_1076,nfp,1,fp_unconditional,4
qwen,direct,nfp_1077,nfp,0,plain,5
qwen,direct,nfp_1078,nfp,0,plain,5
qwen,direct,nfp_1079,nfp,0,plain,5
qwen,direct,nfp_1080,nfp,0,plain,4
qwen,direct,nfp_1081,nfp,0,plain,5
qwen,direct,nfp_1082,nfp,0,plain,5
qwen,direct,nfp_1083,nfp,1,fp_unconditional,1
qwen,direct,nfp_1084,nfp,0,plain,5
qwen,direct,nfp_1085,nfp,0,plain,5
qwen,direct,nfp_1086,nfp,0,plain,5
qwen,direct,nfp_1087,nfp,0,plain,5
qwen,direct,nfp_1088,nfp,0,plain,5
qwen,direct,nfp_1089,nfp,0,plain,5
qwen,direct,nfp_1090,nfp,0,plain,5
qwen,direct,nfp_1091,nfp,0,plain,5
qwen,direct,nfp_1092,nfp,0,plain,4
qwen,direct,nfp_1093,nfp,0,plain,4
qwen,direct,nfp_1094,nfp,0,plain,5
qwen,direct,nfp_1095,nfp,0,plain,5
qwen,direct,nfp_1096,nfp,0,plain,5
qwen,direct,nfp_1097,nfp,0,plain,5
qwen,direct,nfp_1098,nfp,0,plain,5
qwen,direct,nfp_1099,nfp,1,fp_unconditional,2
qwen,direct,nfp_1100,nfp,0,plain,5
qwen,direct,nfp_1101,nfp,0,plain,4
qwen,direct,nfp_1102,nfp,0,plain,4
qwen,direct,nfp_1103,nfp,0,plain,5
qwen,direct,nfp_1104,nfp,0,plain,5
qwen,direct,nfp_1105,nfp,1,fp_unconditional,2
qwen,direct,nfp_1106,nfp,0,plain,5
qwen,direct,nfp_1107,nfp,0,plain,5
qwen,direct,nfp_1108,nfp,0,plain,5
qwen,direct,nfp_1109,nfp,0,plain,5
qwen,direct,nfp_1110,nfp,0,plain,5
qwen,direct,nfp_1111,nfp,0,plain,5
qwen,direct,nfp_1112,nfp,0,plain,5
qwen,direct,nfp_1113,nfp,0,plain,5
qwen,direct,nfp_1114,nfp,0,plain,5
qwen,direct,nfp_1115,nfp,0,plain,5
qwen,direct,nfp_1116,nfp,0,plain,5
qwen,direct,nfp_1117,nfp,0,plain,4
qwen,direct,nfp_1118,nfp,0,plain,5
qwen,direct,nfp_1119,nfp,0,plain,5
qwen,direct,nfp_1120,nfp,0,plain,5
qwen,direct,nfp_1121,nfp,1,fp_unconditional,2
qwen,direct,nfp_1122,nfp,1,fp_unconditional,1
qwen,direct,nfp_1123,nfp,0,plain,4
qwen,direct,nfp_1124,nfp,1,fp_unconditional,2
qwen,direct,nfp_1125,nfp,0,plain,5
qwen,direct,nfp_1126,nfp,0,plain,5
qwen,direct,nfp_1127,nfp,0,plain,5
qwen,direct,nfp_1128,nfp,1,fp_unconditional,4
qwen,direct,nfp_1129,nfp,1,fp_unconditional,2
qwen,direct,nfp_1130,nfp,0,plain,5
qwen,direct,nfp_1131,nfp,0,plain,5
qwen,direct,nfp_1132,nfp,0,plain,5
qwen,direct,nfp_1133,nfp,0,plain,4
qwen,direct,nfp_1134,nfp,0,plain,5
qwen,direct,nfp_1135,nfp,0,plain,5
qwen,direct,nfp_1136,nfp,0,plain,5
qwen,direct,nfp_1137,nfp,0,plain,5
qwen,direct,nfp_1138,nfp,0,plain,5
qwen,direct,nfp_1139,nfp,0,plain,5
qwen,direct,nfp_1140,nfp,0,plain,5
qwen,direct,nfp_1141,nfp,0,plain,4
qwen,direct,nfp_1142,nfp,0,plain,5
qwen,direct,nfp_1143,nfp,0,plain,5
qwen,direct,nfp_1144,nfp,0,plain,4
qwen,direct,nfp_1145,nfp,0,plain,5
qwen,direct,nfp_1146,nfp,0,plain,5
qwen,direct,nfp_1147,nfp,0,plain,5
qwen,direct,nfp_1148,nfp,0,plain,4
qwen,direct,nfp_1149,nfp,0,plain,5
qwen,review,fpq_0,fpq,1,fp_unconditional,4
qwen,review,fpq_10,fpq,1,fp_unconditional,4
qwen,review,fpq_100,fpq,0,plain,1
qwen,review,fpq_101,fpq,0,plain,1
qwen,review,fpq_102,fpq,1,fp_unconditional,5
qwen,review,fpq_103,fpq,0,plain,1
qwen,review,fpq_105,fpq,0,plain,1
qwen,review,fpq_106,fpq,0,plain,1
qwen,review,fpq_107,fpq,0,plain,1
qwen,review,fpq_108,fpq,1,fp_unconditional,5
qwen,review,fpq_109,fpq,1,fp_unconditional,4
qwen,review,fpq_11,fpq,1,fp_unconditional,5
qwen,review,fpq_110,fpq,0,plain,1
qwen,review,fpq_111,fpq,0,plain,1
qwen,review,fpq_112,fpq,0,plain,1
qwen,review,fpq_113,fpq,0,plain,1
qwen,review,fpq_114,fpq,0,plain,1
qwen,review,fpq_115,fpq,1,fp_unconditional,1
qwen,review,fpq_116,fpq,0,plain,1
qwen,review,fpq_12,fpq,1,fp_unconditional,4
qwen,review,fpq_120,fpq,0,plain,1
qwen,review,fpq_121,fpq,1,fp_unconditional,4
qwen,review,fpq_122,fpq,0,plain,1
qwen,review,fpq_123,fpq,0,plain,1
qwen,review,fpq_124,fpq,0,plain,4
qwen,review,fpq_125,fpq,1,fp_unconditional,2
qwen,review,fpq_126,fpq,0,plain,1
qwen,review,fpq_127,fpq,0,plain,1
qwen,review,fpq_128,fpq,0,plain,1
qwen,review,fpq_129,fpq,0,plain,1
qwen,review,fpq_13,fpq,0,plain,1
qwen,review,fpq_130,fpq,0,plain,1
qwen,review,fpq_131,fpq,1,fp_unconditional,1
qwen,review,fpq_133,fpq,0,plain,1
qwen,review,fpq_134,fpq,0,plain,1
qwen,review,fpq_135,fpq,0,plain,1
qwen,review,fpq_136,fpq,1,fp_unconditional,4
qwen,review,fpq_137,fpq,0,plain,1
qwen,review,fpq_138,fpq,0,plain,1
qwen,review,fpq_139,fpq,1,fp_unconditional,2
qwen,review,fpq_14,fpq,0,plain,1
qwen,review,fpq_140,fpq,0,plain,1
qwen,review,fpq_141,fpq,0,plain,1
qwen,review,fpq_142,fpq,0,plain,2
qwen,review,fpq_143,fpq,0,plain,1
qwen,review,fpq_144,fpq,0,plain,1
qwen,review,fpq_145,fpq,0,plain,1
qwen,review,fpq_146,fpq,0,plain,1
qwen,review,fpq_147,fpq,0,plain,1
qwen,review,fpq_148,fpq,1,fp_unconditional,5
qwen,review,fpq_149,fpq,0,plain,1
qwen,review,fpq_15,fpq,0,plain,1
qwen,review,fpq_152,fpq,1,fp_unconditional,1
qwen,review,fpq_153,fpq,0,plain,1
qwen,review,fpq_155,fpq,1,fp_unconditional,1
qwen,review,fpq_156,fpq,1,fp_unconditional,5
qwen,review,fpq_157,fpq,0,plain,1
qwen,review,fpq_158,fpq,0,plain,1
qwen,review,fpq_159,fpq,0,plain,1
qwen,review,fpq_16,fpq,0,plain,1
qwen,review,fpq_160,fpq,0,plain,1
qwen,review,fpq_163,fpq,0,plain,1
qwen,review,fpq_164,fpq,0,plain,1
qwen,review,fpq_165,fpq,0,plain,1
qwen,review,fpq_166,fpq,1,fp_unconditional,2
qwen,review,fpq_167,fpq,0,plain,1
qwen,review,fpq_168,fpq,1,fp_unconditional,2
qwen,review,fpq_169,fpq,0,plain,1
qwen,review,fpq_17,fpq,0,plain,1
qwen,review,fpq_170,fpq,0,plain,1
qwen,review,fpq_173,fpq,1,fp_unconditional,4
qwen,review,fpq_174,fpq,0,plain,1
qwen,review,fpq_175,fpq,0,plain,1
qwen,review,fpq_176,fpq,0,plain,1
qwen,review,fpq_177,fpq,0,plain,1
qwen,review,fpq_178,fpq,1,fp_unconditional,4
qwen,review,fpq_179,fpq,0,plain,1
qwen,review,fpq_18,fpq,0,plain,1
qwen,review,fpq_180,fpq,0,plain,1
qwen,review,fpq_181,fpq,0,plain,1
qwen,review,fpq_182,fpq,0,plain,1
qwen,review,fpq_184,fpq,0,plain,1
qwen,review,fpq_185,fpq,0,plain,1
qwen,review,fpq_186,fpq,0,plain,1
qwen,review,fpq_188,fpq,0,plain,1
qwen,review,fpq_189,fpq,0,plain,1
qwen,review,fpq_19,fpq,0,plain,2
qwen,review,fpq_190,fpq,0,plain,1
qwen,review,fpq_191,fpq,0,plain,1
qwen,review,fpq_192,fpq,0,plain,1
qwen,review,fpq_193,fpq,0,plain,1
qwen,review,fpq_194,fpq,0,plain,1
qwen,review,fpq_195,fpq,1,fp_unconditional,3
qwen,review,fpq_196,fpq,0,plain,1
qwen,review,fpq_197,fpq,1,fp_unconditional,1
qwen,review,fpq_198,fpq,0,plain,1
qwen,review,fpq_2,fpq,0,plain,2
qwen,review,fpq_20,fpq,0,plain,2
qwen,review,fpq_200,fpq,0,plain,1
qwen,review,fpq_201,fpq,0,plain,1
qwen,review,fpq_202,fpq,0,plain,2
qwen,review,fpq_204,fpq,0,plain,1
qwen,review,fpq_205,fpq,0,plain,1
qwen,review,fpq_206,fpq,0,plain,1
qwen,review,fpq_207,fpq,0,plain,1
qwen,review,fpq_208,fpq,0,plain,1
qwen,review,fpq_21,fpq,0,plain,1
qwen,review,fpq_216,fpq,0,plain,1
qwen,review,fpq_217,fpq,0,plain,1
qwen,review,fpq_218,fpq,0,plain,1
qwen,review,fpq_219,fpq,0,plain,1
qwen,review,fpq_22,fpq,1,fp_unconditional,5
qwen,review,fpq_220,fpq,0,plain,1
qwen,review,fpq_221,fpq,0,plain,1
qwen,review,fpq_222,fpq,0,plain,1
qwen,review,fpq_223,fpq,0,plain,1
qwen,review,fpq_224,fpq,0,plain,1
qwen,review,fpq_225,fpq,0,plain,1
qwen,review,fpq_226,fpq,0,plain,1
qwen,review,fpq_227,fpq,0,plain,1
qwen,review,fpq_228,fpq,0,plain,1
qwen,review,fpq_229,fpq,0,plain,1
qwen,review,fpq_23,fpq,1,fp_unconditional,1
qwen,review,fpq_230,fpq,0,plain,1
qwen,review,fpq_231,fpq,0,plain,1
qwen,review,fpq_232,fpq,0,plain,1
qwen,review,fpq_233,fpq,0,plain,1
qwen,review,fpq_234,fpq,0,plain,1
qwen,review,fpq_236,fpq,0,plain,1
qwen,review,fpq_237,fpq,0,plain,1
qwen,review,fpq_238,fpq,1,fp_unconditional,4
qwen,review,fpq_239,fpq,0,plain,2
qwen,review,fpq_24,fpq,1,fp_unconditional,5
qwen,review,fpq_240,fpq,0,plain,2
qwen,review,fpq_241,fpq,0,plain,1
qwen,review,fpq_244,fpq,0,plain,1
qwen,review,fpq_245,fpq,0,plain,1
qwen,review,fpq_246,fpq,0,plain,1
qwen,review,fpq_247,fpq,0,plain,1
qwen,review,fpq_248,fpq,0,plain,1
qwen,review,fpq_249,fpq,1,fp_unconditional,5
qwen,review,fpq_25,fpq,0,plain,1
qwen,review,fpq_250,fpq,0,plain,1
qwen,review,fpq_251,fpq,0,plain,1
qwen,review,fpq_252,fpq,0,plain,2
qwen,review,fpq_253,fpq,0,plain,1
qwen,review,fpq_254,fpq,1,fp_unconditional,1
qwen,review,fpq_255,fpq,0,plain,1
qwen,review,fpq_256,fpq,0,plain,1
qwen,review,fpq_257,fpq,1,fp_unconditional,1
qwen,review,fpq_258,fpq,1,fp_unconditional,5
qwen,review,fpq_259,fpq,0,plain,1
qwen,review,fpq_26,fpq,0,plain,1
qwen,review,fpq_260,fpq,0,plain,1
qwen,review,fpq_261,fpq,0,plain,1
qwen,review,fpq_262,fpq,1,fp_unconditional,5
qwen,review,fpq_263,fpq,0,plain,2
qwen,review,fpq_264,fpq,0,plain,1
qwen,review,fpq_265,fpq,0,plain,1
qwen,review,fpq_266,fpq,0,plain,1
qwen,review,fpq_267,fpq,0,plain,1
qwen,review,fpq_268,fpq,0,plain,1
qwen,review,fpq_269,fpq,0,plain,1
qwen,review,fpq_27,fpq,1,fp_unconditional,4
qwen,review,fpq_270,fpq,0,plain,1
qwen,review,fpq_271,fpq,1,fp_unconditional,4
qwen,review,fpq_272,fpq,0,plain,2
qwen,review,fpq_273,fpq,0,plain,1
qwen,review,fpq_274,fpq,0,plain,1
qwen,review,fpq_275,fpq,1,fp_unconditional,4
qwen,review,fpq_276,fpq,0,plain,1
qwen,review,fpq_277,fpq,1,fp_unconditional,5
qwen,review,fpq_278,fpq,0,plain,1
qwen,review,fpq_279,fpq,1,fp_unconditional,5
qwen,review,fpq_28,fpq,0,plain,1
qwen,review,fpq_283,fpq,1,fp_unconditional,1
qwen,review,fpq_285,fpq,1,fp_unconditional,4
qwen,review,fpq_286,fpq,1,fp_unconditional,1
qwen,review,fpq_287,fpq,0,plain,1
qwen,review,fpq_288,fpq,0,plain,1
qwen,review,fpq_289,fpq,0,plain,1
qwen,review,fpq_29,fpq,1,fp_unconditional,5
qwen,review,fpq_290,fpq,0,plain,1
qwen,review,fpq_291,fpq,0,plain,1
qwen,review,fpq_292,fpq,0,plain,1
qwen,review,fpq_293,fpq,0,plain,2
qwen,review,fpq_294,fpq,1,fp_unconditional,4
qwen,review,fpq_295,fpq,0,plain,1
qwen,review,fpq_296,fpq,1,fp_unconditional,3
qwen,review,fpq_297,fpq,0,plain,1
qwen,review,fpq_3,fpq,0,plain,1
qwen,review,fpq_30,fpq,1,fp_unconditional,4
qwen,review,fpq_302,fpq,0,plain,1
qwen,review,fpq_303,fpq,0,plain,1
qwen,review,fpq_304,fpq,0,plain,1
qwen,review,fpq_305,fpq,0,plain,1
qwen,review,fpq_306,fpq,0,plain,1
qwen,review,fpq_307,fpq,1,fp_unconditional,2
qwen,review,fpq_308,fpq,1,fp_unconditional,1
qwen,review,fpq_309,fpq,0,plain,1
qwen,review,fpq_31,fpq,1,fp_unconditional,4
qwen,review,fpq_311,fpq,0,plain,1
qwen,review,fpq_312,fpq,0,plain,1
qwen,review,fpq_313,fpq,0,plain,1
qwen,review,fpq_314,fpq,1,fp_unconditional,1
qwen,review,fpq_315,fpq,0,plain,1
qwen,review,fpq_316,fpq,0,plain,1
qwen,review,fpq_317,fpq,0,plain,1
qwen,review,fpq_318,fpq,1,fp_unconditional,2
qwen,review,fpq_319,fpq,0,plain,1
qwen,review,fpq_32,fpq,0,plain,1
qwen,review,fpq_320,fpq,0,plain,1
qwen,review,fpq_321,fpq,0,plain,1
qwen,review,fpq_325,fpq,0,plain,1
qwen,review,fpq_326,fpq,0,plain,1
qwen,review,fpq_327,fpq,0,plain,1
qwen,review,fpq_33,fpq,0,plain,1
qwen,review,fpq_336,fpq,0,plain,1
qwen,review,fpq_34,fpq,1,fp_unconditional,5
qwen,review,fpq_342,fpq,0,plain,1
qwen,review,fpq_343,fpq,1,fp_unconditional,5
qwen,review,fpq_344,fpq,1,fp_unconditional,1
qwen,review,fpq_348,fpq,1,fp_unconditional,5
qwen,review,fpq_35,fpq,0,plain,1
qwen,review,fpq_350,fpq,1,fp_unconditional,1
qwen,review,fpq_353,fpq,0,plain,2
qwen,review,fpq_354,fpq,1,fp_unconditional,1
qwen,review,fpq_357,fpq,1,fp_unconditional,4
qwen,review,fpq_358,fpq,0,plain,1
qwen,review,fpq_359,fpq,0,plain,1
qwen,review,fpq_36,fpq,0,plain,1
qwen,review,fpq_361,fpq,0,plain,1
qwen,review,fpq_362,fpq,0,plain,1
qwen,review,fpq_366,fpq,0,plain,1
qwen,review,fpq_368,fpq,0,plain,1
qwen,review,fpq_37,fpq,0,plain,1
qwen,review,fpq_376,fpq,0,plain,1
qwen,review,fpq_378,fpq,0,plain,1
qwen,review,fpq_379,fpq,1,fp_unconditional,4
qwen,review,fpq_38,fpq,0,plain,2
qwen,review,fpq_380,fpq,0,plain,1
qwen,review,fpq_383,fpq,0,plain,1
qwen,review,fpq_385,fpq,0,plain,1
qwen,review,fpq_386,fpq,0,plain,1
qwen,review,fpq_387,fpq,1,fp_unconditional,5
qwen,review,fpq_388,fpq,0,plain,1
qwen,review,fpq_39,fpq,1,fp_unconditional,4
qwen,review,fpq_390,fpq,0,plain,1
qwen,review,fpq_391,fpq,0,plain,1
qwen,review,fpq_392,fpq,0,plain,1
qwen,review,fpq_394,fpq,1,fp_unconditional,4
qwen,review,fpq_395,fpq,1,fp_unconditional,4
qwen,review,fpq_396,fpq,0,plain,1
qwen,review,fpq_397,fpq,1,fp_unconditional,4
qwen,review,fpq_398,fpq,0,plain,1
qwen,review,fpq_399,fpq,0,plain,1
qwen,review,fpq_4,fpq,1,fp_unconditional,4
qwen,review,fpq_40,fpq,1,fp_unconditional,5
qwen,review,fpq_400,fpq,0,plain,1
qwen,review,fpq_403,fpq,0,plain,1
qwen,review,fpq_405,fpq,0,plain,1
qwen,review,fpq_407,fpq,1,fp_unconditional,2
qwen,review,fpq_408,fpq,0,plain,1
qwen,review,fpq_41,fpq,0,plain,1
qwen,review,fpq_415,fpq,0,plain,1
qwen,review,fpq_416,fpq,1,fp_unconditional,4
qwen,review,fpq_417,fpq,1,fp_unconditional,5
qwen,review,fpq_42,fpq,1,fp_unconditional,5
qwen,review,fpq_420,fpq,0,plain,1
qwen,review,fpq_421,fpq,0,plain,1
qwen,review,fpq_422,fpq,1,fp_unconditional,4
qwen,review,fpq_423,fpq,1,fp_unconditional,5
qwen,review,fpq_425,fpq,1,fp_unconditional,5
qwen,review,fpq_426,fpq,1,fp_unconditional,5
qwen,review,fpq_428,fpq,1,fp_unconditional,5
qwen,review,fpq_429,fpq,1,fp_unconditional,5
qwen,review,fpq_43,fpq,0,plain,1
qwen,review,fpq_434,fpq,0,plain,1
qwen,review,fpq_436,fpq,1,fp_unconditional,4
qwen,review,fpq_438,fpq,0,plain,1
qwen,review,fpq_439,fpq,1,fp_unconditional,5
qwen,review,fpq_44,fpq,1,fp_unconditional,5
qwen,review,fpq_443,fpq,0,plain,1
qwen,review,fpq_445,fpq,0,plain,4
qwen,review,fpq_446,fpq,1,fp_unconditional,4
qwen,review,fpq_45,fpq,1,fp_unconditional,5
qwen,review,fpq_459,fpq,0,plain,1
qwen,review,fpq_46,fpq,0,plain,4
qwen,review,fpq_460,fpq,0,plain,1
qwen,review,fpq_462,fpq,0,plain,1
qwen,review,fpq_467,fpq,0,plain,1
qwen,review,fpq_47,fpq,1,fp_unconditional,5
qwen,review,fpq_472,fpq,0,plain,1
qwen,review,fpq_473,fpq,0,plain,1
qwen,review,fpq_474,fpq,0,plain,1
qwen,review,fpq_477,fpq,1,fp_unconditional,4
qwen,review,fpq_479,fpq,0,plain,1
qwen,review,fpq_48,fpq,0,plain,1
qwen,review,fpq_484,fpq,0,plain,1
qwen,review,fpq_485,fpq,0,plain,2
qwen,review,fpq_487,fpq,1,fp_unconditional,5
qwen,review,fpq_488,fpq,0,plain,1
qwen,review,fpq_49,fpq,1,fp_unconditional,1
qwen,review,fpq_492,fpq,0,plain,1
qwen,review,fpq_493,fpq,0,plain,2
qwen,review,fpq_494,fpq,0,plain,2
qwen,review,fpq_495,fpq,0,plain,2
qwen,review,fpq_497,fpq,0,plain,1
qwen,review,fpq_499,fpq,0,plain,1
qwen,review,fpq_5,fpq,0,plain,1
qwen,review,fpq_50,fpq,0,plain,2
qwen,review,fpq_500,fpq,0,plain,1
qwen,review,fpq_501,fpq,0,plain,1
qwen,review,fpq_502,fpq,0,plain,1
qwen,review,fpq_505,fpq,0,plain,1
qwen,review,fpq_506,fpq,0,plain,4
qwen,review,fpq_507,fpq,0,plain,1
qwen,review,fpq_51,fpq,1,fp_unconditional,4
qwen,review,fpq_512,fpq,0,plain,1
qwen,review,fpq_514,fpq,0,plain,1
qwen,review,fpq_516,fpq,1,fp_unconditional,3
qwen,review,fpq_517,fpq,0,plain,1
qwen,review,fpq_52,fpq,0,plain,1
qwen,review,fpq_521,fpq,1,fp_unconditional,5
qwen,review,fpq_522,fpq,0,plain,1
qwen,review,fpq_524,fpq,0,plain,1
qwen,review,fpq_525,fpq,1,fp_unconditional,4
qwen,review,fpq_53,fpq,0,plain,1
qwen,review,fpq_530,fpq,1,fp_unconditional,5
qwen,review,fpq_531,fpq,0,plain,2
qwen,review,fpq_534,fpq,0,plain,1
qwen,review,fpq_535,fpq,1,fp_unconditional,4
qwen,review,fpq_54,fpq,1,fp_unconditional,5
qwen,review,fpq_542,fpq,0,plain,1
qwen,review,fpq_543,fpq,1,fp_unconditional,2
qwen,review,fpq_546,fpq,0,plain,2
qwen,review,fpq_547,fpq,1,fp_unconditional,4
qwen,review,fpq_549,fpq,0,plain,1
qwen,review,fpq_55,fpq,0,plain,1
qwen,review,fpq_550,fpq,1,fp_unconditional,5
qwen,review,fpq_552,fpq,1,fp_unconditional,1
qwen,review,fpq_556,fpq,0,plain,1
qwen,review,fpq_557,fpq,0,plain,1
qwen,review,fpq_558,fpq,1,fp_unconditional,5
qwen,review,fpq_559,fpq,1,fp_unconditional,1
qwen,review,fpq_56,fpq,1,fp_unconditional,5
qwen,review,fpq_560,fpq,0,plain,1
qwen,review,fpq_563,fpq,1,fp_unconditional,4
qwen,review,fpq_564,fpq,0,plain,1
qwen,review,fpq_565,fpq,1,fp_unconditional,1
qwen,review,fpq_566,fpq,0,plain,1
qwen,review,fpq_57,fpq,1,fp_unconditional,4
qwen,review,fpq_570,fpq,0,plain,1
qwen,review,fpq_572,fpq,0,plain,1
qwen,review,fpq_574,fpq,0,plain,1
qwen,review,fpq_58,fpq,1,fp_unconditional,5
qwen,review,fpq_580,fpq,0,plain,1
qwen,review,fpq_583,fpq,0,plain,1
qwen,review,fpq_584,fpq,0,plain,1
qwen,review,fpq_586,fpq,0,plain,1
qwen,review,fpq_59,fpq,0,plain,1
qwen,review,fpq_593,fpq,0,plain,1
qwen,review,fpq_595,fpq,1,fp_unconditional,4
qwen,review,fpq_596,fpq,1,fp_unconditional,4
qwen,review,fpq_598,fpq,0,plain,1
qwen,review,fpq_6,fpq,1,fp_unconditional,4
qwen,review,fpq_60,fpq,1,fp_unconditional,4
qwen,review,fpq_600,fpq,1,fp_unconditional,4
qwen,review,fpq_601,fpq,1,fp_unconditional,5
qwen,review,fpq_603,fpq,0,plain,2
qwen,review,fpq_604,fpq,0,plain,1
qwen,review,fpq_606,fpq,0,plain,1
qwen,review,fpq_607,fpq,0,plain,1
qwen,review,fpq_608,fpq,0,plain,1
qwen,review,fpq_609,fpq,0,plain,1
qwen,review,fpq_61,fpq,1,fp_unconditional,5
qwen,review,fpq_610,fpq,0,plain,2
qwen,review,fpq_611,fpq,1,fp_unconditional,5
qwen,review,fpq_612,fpq,0,plain,1
qwen,review,fpq_613,fpq,0,plain,1
qwen,review,fpq_614,fpq,1,fp_unconditional,5
qwen,review,fpq_615,fpq,0,plain,1
qwen,review,fpq_616,fpq,1,fp_unconditional,5
qwen,review,fpq_617,fpq,1,fp_unconditional,4
qwen,review,fpq_618,fpq,0,plain,1
qwen,review,fpq_619,fpq,0,plain,2
qwen,review,fpq_62,fpq,0,plain,1
qwen,review,fpq_620,fpq,0,plain,2
qwen,review,fpq_621,fpq,0,plain,1
qwen,review,fpq_622,fpq,1,fp_unconditional,4
qwen,review,fpq_623,fpq,1,fp_unconditional,4
qwen,review,fpq_624,fpq,0,plain,1
qwen,review,fpq_625,fpq,0,plain,1
qwen,review,fpq_626,fpq,0,plain,1
qwen,review,fpq_628,fpq,0,plain,1
qwen,review,fpq_629,fpq,0,plain,1
qwen,review,fpq_63,fpq,0,plain,1
qwen,review,fpq_630,fpq,0,plain,1
qwen,review,fpq_631,fpq,1,fp_unconditional,5
qwen,review,fpq_632,fpq,1,fp_unconditional,5
qwen,review,fpq_633,fpq,0,plain,1
qwen,review,fpq_634,fpq,0,plain,1
qwen,review,fpq_635,fpq,0,plain,1
qwen,review,fpq_636,fpq,0,plain,1
qwen,review,fpq_638,fpq,1,fp_unconditional,4
qwen,review,fpq_639,fpq,0,plain,1
qwen,review,fpq_64,fpq,1,fp_unconditional,4
qwen,review,fpq_640,fpq,0,plain,1
qwen,review,fpq_641,fpq,1,fp_unconditional,2
qwen,review,fpq_643,fpq,0,plain,1
qwen,review,fpq_644,fpq,0,plain,1
qwen,review,fpq_645,fpq,1,fp_unconditional,5
qwen,review,fpq_646,fpq,0,plain,1
qwen,review,fpq_647,fpq,1,fp_unconditional,1
qwen,review,fpq_649,fpq,0,plain,1
qwen,review,fpq_65,fpq,1,fp_unconditional,4
qwen,review,fpq_650,fpq,0,plain,1
qwen,review,fpq_652,fpq,0,plain,1
qwen,review,fpq_653,fpq,0,plain,3
qwen,review,fpq_654,fpq,0,plain,1
qwen,review,fpq_655,fpq,0,plain,1
qwen,review,fpq_657,fpq,1,fp_unconditional,4
qwen,review,fpq_659,fpq,0,plain,1
qwen,review,fpq_66,fpq,1,fp_unconditional,1
qwen,review,fpq_661,fpq,1,fp_unconditional,3
qwen,review,fpq_662,fpq,0,plain,1
qwen,review,fpq_663,fpq,0,plain,1
qwen,review,fpq_666,fpq,1,fp_unconditional,4
qwen,review,fpq_669,fpq,0,plain,1
qwen,review,fpq_67,fpq,0,plain,1
qwen,review,fpq_671,fpq,1,fp_unconditional,3
qwen,review,fpq_675,fpq,0,plain,1
qwen,review,fpq_676,fpq,0,plain,1
qwen,review,fpq_677,fpq,0,plain,1
qwen,review,fpq_678,fpq,1,fp_unconditional,2
qwen,review,fpq_68,fpq,0,plain,1
qwen,review,fpq_682,fpq,0,plain,1
qwen,review,fpq_685,fpq,0,plain,1
qwen,review,fpq_687,fpq,1,fp_unconditional,1
qwen,review,fpq_689,fpq,0,plain,1
qwen,review,fpq_69,fpq,0,plain,1
qwen,review,fpq_690,fpq,0,plain,1
qwen,review,fpq_691,fpq,0,plain,1
qwen,review,fpq_692,fpq,0,plain,1
qwen,review,fpq_694,fpq,1,fp_unconditional,4
qwen,review,fpq_695,fpq,1,fp_unconditional,4
qwen,review,fpq_696,fpq,1,fp_unconditional,2
qwen,review,fpq_697,fpq,1,fp_unconditional,5
qwen,review,fpq_699,fpq,0,plain,1
qwen,review,fpq_7,fpq,0,plain,1
qwen,review,fpq_70,fpq,1,fp_unconditional,1
qwen,review,fpq_702,fpq,0,plain,1
qwen,review,fpq_703,fpq,1,fp_unconditional,4
qwen,review,fpq_704,fpq,0,plain,1
qwen,review,fpq_705,fpq,0,plain,2
qwen,review,fpq_706,fpq,1,fp_unconditional,4
qwen,review,fpq_71,fpq,0,plain,1
qwen,review,fpq_712,fpq,1,fp_unconditional,5
qwen,review,fpq_713,fpq,0,plain,1
qwen,review,fpq_72,fpq,0,plain,1
qwen,review,fpq_721,fpq,0,plain,1
qwen,review,fpq_722,fpq,1,fp_unconditional,5
qwen,review,fpq_723,fpq,0,plain,1
qwen,review,fpq_724,fpq,0,plain,1
qwen,review,fpq_725,fpq,0,plain,1
qwen,review,fpq_726,fpq,1,fp_unconditional,1
qwen,review,fpq_727,fpq,0,plain,1
qwen,review,fpq_728,fpq,1,fp_unconditional,4
qwen,review,fpq_729,fpq,1,fp_unconditional,1
qwen,review,fpq_73,fpq,0,plain,1
qwen,review,fpq_730,fpq,0,plain,1
qwen,review,fpq_735,fpq,0,plain,1
qwen,review,fpq_736,fpq,0,plain,1
qwen,review,fpq_738,fpq,0,plain,1
qwen,review,fpq_739,fpq,0,plain,1
qwen,review,fpq_74,fpq,0,plain,2
qwen,review,fpq_740,fpq,1,fp_unconditional,2
qwen,review,fpq_741,fpq,1,fp_unconditional,4
qwen,review,fpq_743,fpq,0,plain,1
qwen,review,fpq_744,fpq,0,plain,2
qwen,review,fpq_745,fpq,0,plain,2
qwen,review,fpq_746,fpq,0,plain,1
qwen,review,fpq_747,fpq,1,fp_unconditional,4
qwen,review,fpq_749,fpq,1,fp_unconditional,4
qwen,review,fpq_75,fpq,0,plain,1
qwen,review,fpq_750,fpq,0,plain,1
qwen,review,fpq_751,fpq,1,fp_unconditional,1
qwen,review,fpq_753,fpq,1,fp_unconditional,4
qwen,review,fpq_754,fpq,1,fp_unconditional,4
qwen,review,fpq_755,fpq,0,plain,1
qwen,review,fpq_76,fpq,0,plain,1
qwen,review,fpq_761,fpq,1,fp_unconditional,5
qwen,review,fpq_762,fpq,1,fp_unconditional,5
qwen,review,fpq_763,fpq,0,plain,1
qwen,review,fpq_764,fpq,0,plain,1
qwen,review,fpq_77,fpq,0,plain,1
qwen,review,fpq_771,fpq,0,plain,1
qwen,review,fpq_772,fpq,0,plain,1
qwen,review,fpq_773,fpq,0,plain,1
qwen,review,fpq_774,fpq,0,plain,1
qwen,review,fpq_775,fpq,0,plain,1
qwen,review,fpq_776,fpq,0,plain,1
qwen,review,fpq_777,fpq,0,plain,1
qwen,review,fpq_778,fpq,0,plain,1
qwen,review,fpq_78,fpq,0,plain,1
qwen,review,fpq_780,fpq,0,plain,1
qwen,review,fpq_781,fpq,0,plain,1
qwen,review,fpq_789,fpq,1,fp_unconditional,4
qwen,review,fpq_794,fpq,0,plain,1
qwen,review,fpq_797,fpq,0,plain,1
qwen,review,fpq_798,fpq,0,plain,1
qwen,review,fpq_799,fpq,1,fp_unconditional,1
qwen,review,fpq_8,fpq,0,plain,1
qwen,review,fpq_80,fpq,0,plain,1
qwen,review,fpq_801,fpq,0,plain,1
qwen,review,fpq_802,fpq,0,plain,1
qwen,review,fpq_804,fpq,0,plain,1
qwen,review,fpq_805,fpq,0,plain,1
qwen,review,fpq_806,fpq,0,plain,1
qwen,review,fpq_807,fpq,0,plain,1
qwen,review,fpq_808,fpq,0,plain,1
qwen,review,fpq_81,fpq,0,plain,1
qwen,review,fpq_813,fpq,1,fp_unconditional,5
qwen,review,fpq_814,fpq,0,plain,1
qwen,review,fpq_817,fpq,0,plain,1
qwen,review,fpq_818,fpq,0,plain,1
qwen,review,fpq_82,fpq,0,plain,1
qwen,review,fpq_820,fpq,0,plain,1
qwen,review,fpq_823,fpq,1,fp_unconditional,1
qwen,review,fpq_824,fpq,0,plain,1
qwen,review,fpq_827,fpq,0,plain,1
qwen,review,fpq_828,fpq,1,fp_unconditional,2
qwen,review,fpq_829,fpq,1,fp_unconditional,4
qwen,review,fpq_830,fpq,1,fp_unconditional,4
qwen,review,fpq_831,fpq,1,fp_unconditional,1
qwen,review,fpq_832,fpq,1,fp_unconditional,4
qwen,review,fpq_833,fpq,0,plain,1
qwen,review,fpq_834,fpq,1,fp_unconditional,5
qwen,review,fpq_835,fpq,0,plain,1
qwen,review,fpq_836,fpq,0,plain,1
qwen,review,fpq_837,fpq,0,plain,1
qwen,review,fpq_838,fpq,1,fp_unconditional,4
qwen,review,fpq_839,fpq,0,plain,4
qwen,review,fpq_84,fpq,0,plain,1
qwen,review,fpq_840,fpq,0,plain,1
qwen,review,fpq_844,fpq,1,fp_unconditional,5
qwen,review,fpq_846,fpq,1,fp_unconditional,4
qwen,review,fpq_847,fpq,0,plain,2
qwen,review,fpq_848,fpq,0,plain,1
qwen,review,fpq_849,fpq,1,fp_unconditional,5
qwen,review,fpq_85,fpq,0,plain,1
qwen,review,fpq_850,fpq,0,plain,1
qwen,review,fpq_851,fpq,0,plain,1
qwen,review,fpq_852,fpq,1,fp_unconditional,1
qwen,review,fpq_854,fpq,0,plain,1
qwen,review,fpq_855,fpq,0,plain,1
qwen,review,fpq_858,fpq,0,plain,1
qwen,review,fpq_859,fpq,1,fp_unconditional,1
qwen,review,fpq_860,fpq,0,plain,1
qwen,review,fpq_861,fpq,0,plain,2
qwen,review,fpq_862,fpq,0,plain,1
qwen,review,fpq_863,fpq,1,fp_unconditional,4
qwen,review,fpq_864,fpq,0,plain,1
qwen,review,fpq_865,fpq,0,plain,1
qwen,review,fpq_866,fpq,0,plain,1
qwen,review,fpq_869,fpq,0,plain,1
qwen,review,fpq_87,fpq,0,plain,1
qwen,review,fpq_870,fpq,0,plain,1
qwen,review,fpq_871,fpq,0,plain,1
qwen,review,fpq_872,fpq,0,plain,1
qwen,review,fpq_88,fpq,1,fp_unconditional,4
qwen,review,fpq_89,fpq,0,plain,1
qwen,review,fpq_9,fpq,0,plain,2
qwen,review,fpq_90,fpq,0,plain,1
qwen,review,fpq_91,fpq,1,fp_unconditional,1
qwen,review,fpq_92,fpq,0,plain,1
qwen,review,fpq_94,fpq,1,fp_unconditional,2
qwen,review,fpq_95,fpq,1,fp_unconditional,1
qwen,review,fpq_96,fpq,1,fp_unconditional,1
qwen,review,fpq_97,fpq,0,plain,1
qwen,review,fpq_98,fpq,0,plain,1
qwen,review,fpq_99,fpq,0,plain,1
qwen,review,nfp_1000,nfp,0,plain,5
qwen,review,nfp_1001,nfp,0,plain,5
qwen,review,nfp_1002,nfp,1,fp_unconditional,1
qwen,review,nfp_1003,nfp,0,plain,5
qwen,review,nfp_1004,nfp,0,plain,5
qwen,review,nfp_1005,nfp,1,fp_unconditional,2
qwen,review,nfp_1006,nfp,0,plain,5
qwen,review,nfp_1008,nfp,0,plain,5
qwen,review,nfp_1009,nfp,0,plain,4
qwen,review,nfp_1010,nfp,0,plain,5
qwen,review,nfp_1011,nfp,1,fp_unconditional,4
qwen,review,nfp_1012,nfp,0,plain,5
qwen,review,nfp_1013,nfp,0,plain,5
qwen,review,nfp_1014,nfp,1,fp_unconditional,2
qwen,review,nfp_1015,nfp,0,plain,5
qwen,review,nfp_1016,nfp,1,fp_unconditional,2
qwen,review,nfp_1017,nfp,0,plain,5
qwen,review,nfp_1018,nfp,0,plain,5
qwen,review,nfp_1019,nfp,0,plain,5
qwen,review,nfp_1020,nfp,0,plain,5
qwen,review,nfp_1021,nfp,1,fp_unconditional,2
qwen,review,nfp_1022,nfp,0,plain,5
qwen,review,nfp_1023,nfp,1,fp_unconditional,1
qwen,review,nfp_1024,nfp,1,fp_unconditional,1
qwen,review,nfp_1025,nfp,0,plain,5
qwen,review,nfp_1026,nfp,0,plain,5
qwen,review,nfp_1027,nfp,0,plain,5
qwen,review,nfp_1028,nfp,0,plain,5
qwen,review,nfp_1029,nfp,0,plain,5
qwen,review,nfp_1030,nfp,0,plain,5
qwen,review,nfp_1031,nfp,0,plain,5
qwen,review,nfp_1032,nfp,0,plain,5
qwen,review,nfp_1033,nfp,1,fp_unconditional,4
qwen,review,nfp_1034,nfp,0,plain,5
qwen,review,nfp_1035,nfp,0,plain,5
qwen,review,nfp_1036,nfp,0,plain,5
qwen,review,nfp_1037,nfp,0,plain,5
qwen,review,nfp_1038,nfp,0,plain,5
qwen,review,nfp_1039,nfp,0,plain,5
qwen,review,nfp_1040,nfp,0,plain,5
qwen,review,nfp_1041,nfp,0,plain,5
qwen,review,nfp_1042,nfp,0,plain,4
qwen,review,nfp_1043,nfp,0,plain,5
qwen,review,nfp_1044,nfp,0,plain,5
qwen,review,nfp_1045,nfp,0,plain,5
qwen,review,nfp_1046,nfp,0,plain,5
qwen,review,nfp_1047,nfp,0,plain,5
qwen,review,nfp_1048,nfp,0,plain,5
qwen,review,nfp_1049,nfp,0,plain,5
qwen,review,nfp_1050,nfp,0,plain,5
qwen,review,nfp_1051,nfp,0,plain,5
qwen,review,nfp_1052,nfp,1,fp_unconditional,5
qwen,review,nfp_1053,nfp,0,plain,5
qwen,review,nfp_1054,nfp,0,plain,5
qwen,review,nfp_1055,nfp,0,plain,5
qwen,review,nfp_1056,nfp,0,plain,5
qwen,review,nfp_1057,nfp,0,plain,5
qwen,review,nfp_1058,nfp,0,plain,5
qwen,review,nfp_1059,nfp,0,plain,4
qwen,review,nfp_1060,nfp,0,plain,5
qwen,review,nfp_1061,nfp,0,plain,5
qwen,review,nfp_1062,nfp,0,plain,5
qwen,review,nfp_1063,nfp,0,plain,5
qwen,review,nfp_1064,nfp,0,plain,5
qwen,review,nfp_1065,nfp,1,fp_unconditional,2
qwen,review,nfp_1066,nfp,0,plain,5
qwen,review,nfp_1067,nfp,0,plain,5
qwen,review,nfp_1068,nfp,1,fp_unconditional,1
qwen,review,nfp_1069,nfp,1,fp_unconditional,2
qwen,review,nfp_1070,nfp,0,plain,5
qwen,review,nfp_1071,nfp,1,fp_unconditional,3
qwen,review,nfp_1072,nfp,0,plain,5
qwen,review,nfp_1073,nfp,0,plain,5
qwen,review,nfp_1074,nfp,0,plain,5
qwen,review,nfp_1075,nfp,0,plain,5
qwen,review,nfp_1076,nfp,0,plain,5
qwen,review,nfp_1077,nfp,0,plain,5
qwen,review,nfp_1078,nfp,0,plain,5
qwen,review,nfp_1079,nfp,1,fp_unconditional,1
qwen,review,nfp_1080,nfp,0,plain,4
qwen,review,nfp_1081,nfp,0,plain,5
qwen,review,nfp_1082,nfp,0,plain,5
qwen,review,nfp_1083,nfp,1,fp_unconditional,1
qwen,review,nfp_1084,nfp,0,plain,5
qwen,review,nfp_1085,nfp,0,plain,5
qwen,review,nfp_1086,nfp,0,plain,5
qwen,review,nfp_1087,nfp,0,plain,5
qwen,review,nfp_1088,nfp,0,plain,5
qwen,review,nfp_1089,nfp,0,plain,5
qwen,review,nfp_1090,nfp,0,plain,5
qwen,review,nfp_1091,nfp,0,plain,5
qwen,review,nfp_1092,nfp,0,plain,4
qwen,review,nfp_1093,nfp,0,plain,4
qwen,review,nfp_1094,nfp,0,plain,5
qwen,review,nfp_1095,nfp,0,plain,5
qwen,review,nfp_1096,nfp,0,plain,5
qwen,review,nfp_1097,nfp,0,plain,5
qwen,review,nfp_1098,nfp,0,plain,5
qwen,review,nfp_1099,nfp,0,plain,5
qwen,review,nfp_1100,nfp,0,plain,5
qwen,review,nfp_1101,nfp,0,plain,4
qwen,review,nfp_1102,nfp,0,plain,4
qwen,review,nfp_1103,nfp,0,plain,5
qwen,review,nfp_1104,nfp,0,plain,5
qwen,review,nfp_1105,nfp,0,plain,5
qwen,review,nfp_1106,nfp,0,plain,5
qwen,review,nfp_1107,nfp,0,plain,5
qwen,review,nfp_1108,nfp,1,fp_unconditional,1
qwen,review,nfp_1109,nfp,0,plain,5
qwen,review,nfp_1110,nfp,0,plain,5
qwen,review,nfp_1111,nfp,1,fp_unconditional,1
qwen,review,nfp_1112,nfp,0,plain,5
qwen,review,nfp_1113,nfp,0,plain,5
qwen,review,nfp_1114,nfp,1,fp_unconditional,2
qwen,review,nfp_1115,nfp,0,plain,5
qwen,review,nfp_1116,nfp,0,plain,5
qwen,review,nfp_1117,nfp,0,plain,4
qwen,review,nfp_1118,nfp,0,plain,5
qwen,review,nfp_1119,nfp,1,fp_unconditional,2
qwen,review,nfp_1120,nfp,0,plain,5
qwen,review,nfp_1121,nfp,0,plain,5
qwen,review,nfp_1122,nfp,1,fp_unconditional,1
qwen,review,nfp_1123,nfp,1,fp_unconditional,1
qwen,review,nfp_1124,nfp,0,plain,5
qwen,review,nfp_1125,nfp,0,plain,5
qwen,review,nfp_1126,nfp,0,plain,5
qwen,review,nfp_1127,nfp,0,plain,5
qwen,review,nfp_1128,nfp,0,plain,5
qwen,review,nfp_1129,nfp,1,fp_unconditional,2
qwen,review,nfp_1130,nfp,0,plain,5
qwen,review,nfp_1131,nfp,0,plain,5
qwen,review,nfp_1132,nfp,0,plain,5
qwen,review,nfp_1133,nfp,0,plain,4
qwen,review,nfp_1134,nfp,0,plain,5
qwen,review,nfp_1135,nfp,0,plain,5
qwen,review,nfp_1136,nfp,0,plain,5
qwen,review,nfp_1137,nfp,0,plain,5
qwen,review,nfp_1138,nfp,0,plain,5
qwen,review,nfp_1139,nfp,0,plain,5
qwen,review,nfp_1140,nfp,0,plain,5
qwen,review,nfp_1141,nfp,0,plain,4
qwen,review,nfp_1142,nfp,1,fp_unconditional,2
qwen,review,nfp_1143,nfp,0,plain,5
qwen,review,nfp_1144,nfp,0,plain,4
qwen,review,nfp_1145,nfp,0,plain,5
qwen,review,nfp_1146,nfp,0,plain,5
qwen,review,nfp_1147,nfp,0,plain,5
qwen,review,nfp_1148,nfp,0,plain,4
qwen,review,nfp_1149,nfp,0,plain,5
luna,text,fpq_0,fpq,1,fp_unconditional,5
luna,text,fpq_10,fpq,1,fp_unconditional,5
luna,text,fpq_100,fpq,1,fp_unconditional,5
luna,text,fpq_101,fpq,1,fp_unconditional,1
luna,text,fpq_102,fpq,1,fp_unconditional,5
luna,text,fpq_103,fpq,1,fp_unconditional,5
luna,text,fpq_105,fpq,1,fp_unconditional,4
luna,text,fpq_106,fpq,1,fp_unconditional,1
luna,text,fpq_107,fpq,0,plain,5
luna,text,fpq_108,fpq,1,fp_unconditional,5
luna,text,fpq_109,fpq,1,fp_unconditional,5
luna,text,fpq_11,fpq,1,fp_unconditional,5
luna,text,fpq_110,fpq,1,fp_unconditional,1
luna,text,fpq_111,fpq,1,fp_unconditional,5
luna,text,fpq_112,fpq,1,fp_unconditional,5
luna,text,fpq_113,fpq,1,fp_unconditional,5
luna,text,fpq_114,fpq,1,fp_unconditional,5
luna,text,fpq_115,fpq,0,plain,1
luna,text,fpq_116,fpq,1,fp_unconditional,5
luna,text,fpq_12,fpq,1,fp_unconditional,5
luna,text,fpq_120,fpq,1,fp_unconditional,4
luna,text,fpq_121,fpq,1,fp_unconditional,5
luna,text,fpq_122,fpq,1,fp_unconditional,5
luna,text,fpq_123,fpq,1,fp_unconditional,1
luna,text,fpq_124,fpq,1,fp_unconditional,4
luna,text,fpq_125,fpq,1,fp_unconditional,5
luna,text,fpq_126,fpq,1,fp_unconditional,4
luna,text,fpq_127,fpq,1,fp_unconditional,4
luna,text,fpq_128,fpq,0,plain,1
luna,text,fpq_129,fpq,1,fp_unconditional,5
luna,text,fpq_13,fpq,1,fp_unconditional,2
luna,text,fpq_130,fpq,1,fp_unconditional,5
luna,text,fpq_131,fpq,1,fp_unconditional,2
luna,text,fpq_133,fpq,1,fp_unconditional,5
luna,text,fpq_134,fpq,1,fp_unconditional,5
luna,text,fpq_135,fpq,1,fp_unconditional,5
luna,text,fpq_136,fpq,1,fp_unconditional,5
luna,text,fpq_137,fpq,1,fp_unconditional,5
luna,text,fpq_138,fpq,1,fp_unconditional,1
luna,text,fpq_139,fpq,1,fp_unconditional,2
luna,text,fpq_14,fpq,1,fp_unconditional,5
luna,text,fpq_140,fpq,1,fp_unconditional,4
luna,text,fpq_141,fpq,1,fp_unconditional,5
luna,text,fpq_142,fpq,1,fp_unconditional,5
luna,text,fpq_143,fpq,1,fp_unconditional,4
luna,text,fpq_144,fpq,1,fp_unconditional,5
luna,text,fpq_145,fpq,1,fp_unconditional,5
luna,text,fpq_146,fpq,1,fp_unconditional,5
luna,text,fpq_147,fpq,1,fp_unconditional,5
luna,text,fpq_148,fpq,1,fp_unconditional,5
luna,text,fpq_149,fpq,1,fp_unconditional,5
luna,text,fpq_15,fpq,1,fp_unconditional,4
luna,text,fpq_152,fpq,1,fp_unconditional,2
luna,text,fpq_153,fpq,1,fp_unconditional,5
luna,text,fpq_155,fpq,1,fp_unconditional,5
luna,text,fpq_156,fpq,1,fp_unconditional,5
luna,text,fpq_157,fpq,1,fp_unconditional,5
luna,text,fpq_158,fpq,1,fp_unconditional,5
luna,text,fpq_159,fpq,1,fp_unconditional,4
luna,text,fpq_16,fpq,1,fp_unconditional,5
luna,text,fpq_160,fpq,1,fp_unconditional,4
luna,text,fpq_163,fpq,1,fp_unconditional,4
luna,text,fpq_164,fpq,1,fp_unconditional,2
luna,text,fpq_165,fpq,1,fp_unconditional,5
luna,text,fpq_166,fpq,1,fp_unconditional,4
luna,text,fpq_167,fpq,1,fp_unconditional,5
luna,text,fpq_168,fpq,1,fp_unconditional,5
luna,text,fpq_169,fpq,1,fp_unconditional,5
luna,text,fpq_17,fpq,1,fp_unconditional,5
luna,text,fpq_170,fpq,1,fp_unconditional,5
luna,text,fpq_173,fpq,1,fp_unconditional,4
luna,text,fpq_174,fpq,1,fp_unconditional,5
luna,text,fpq_175,fpq,0,plain,5
luna,text,fpq_176,fpq,1,fp_unconditional,4
luna,text,fpq_177,fpq,1,fp_unconditional,1
luna,text,fpq_178,fpq,1,fp_unconditional,5
luna,text,fpq_179,fpq,1,fp_unconditional,5
luna,text,fpq_18,fpq,1,fp_unconditional,4
luna,text,fpq_180,fpq,1,fp_unconditional,5
luna,text,fpq_181,fpq,1,fp_unconditional,5
luna,text,fpq_182,fpq,1,fp_unconditional,5
luna,text,fpq_184,fpq,1,fp_unconditional,1
luna,text,fpq_185,fpq,0,plain,2
luna,text,fpq_186,fpq,1,fp_unconditional,5
luna,text,fpq_188,fpq,0,plain,4
luna,text,fpq_189,fpq,1,fp_unconditional,5
luna,text,fpq_19,fpq,1,fp_unconditional,5
luna,text,fpq_190,fpq,1,fp_unconditional,5
luna,text,fpq_191,fpq,1,fp_unconditional,5
luna,text,fpq_192,fpq,1,fp_unconditional,2
luna,text,fpq_193,fpq,1,fp_unconditional,5
luna,text,fpq_194,fpq,1,fp_unconditional,1
luna,text,fpq_195,fpq,1,fp_unconditional,3
luna,text,fpq_196,fpq,1,fp_unconditional,5
luna,text,fpq_197,fpq,1,fp_unconditional,5
luna,text,fpq_198,fpq,1,fp_unconditional,5
luna,text,fpq_2,fpq,1,fp_unconditional,5
luna,text,fpq_20,fpq,1,fp_unconditional,5
luna,text,fpq_200,fpq,1,fp_unconditional,5
luna,text,fpq_201,fpq,1,fp_unconditional,5
luna,text,fpq_202,fpq,1,fp_unconditional,5
luna,text,fpq_204,fpq,1,fp_unconditional,5
luna,text,fpq_205,fpq,1,fp_unconditional,5
luna,text,fpq_206,fpq,1,fp_unconditional,5
luna,text,fpq_207,fpq,1,fp_unconditional,4
luna,text,fpq_208,fpq,1,fp_unconditional,4
luna,text,fpq_21,fpq,1,fp_unconditional,5
luna,text,fpq_216,fpq,0,plain,1
luna,text,fpq_217,fpq,1,fp_unconditional,1
luna,text,fpq_218,fpq,1,fp_unconditional,5
luna,text,fpq_219,fpq,1,fp_unconditional,1
luna,text,fpq_22,fpq,1,fp_unconditional,3
luna,text,fpq_220,fpq,1,fp_unconditional,5
luna,text,fpq_221,fpq,1,fp_unconditional,1
luna,text,fpq_222,fpq,1,fp_unconditional,5
luna,text,fpq_223,fpq,1,fp_unconditional,5
luna,text,fpq_224,fpq,1,fp_unconditional,5
luna,text,fpq_225,fpq,0,plain,3
luna,text,fpq_226,fpq,1,fp_unconditional,5
luna,text,fpq_227,fpq,1,fp_unconditional,4
luna,text,fpq_228,fpq,1,fp_unconditional,4
luna,text,fpq_229,fpq,1,fp_unconditional,5
luna,text,fpq_23,fpq,1,fp_unconditional,5
luna,text,fpq_230,fpq,1,fp_unconditional,5
luna,text,fpq_231,fpq,1,fp_unconditional,5
luna,text,fpq_232,fpq,1,fp_unconditional,5
luna,text,fpq_233,fpq,1,fp_unconditional,5
luna,text,fpq_234,fpq,1,fp_unconditional,5
luna,text,fpq_236,fpq,1,fp_unconditional,1
luna,text,fpq_237,fpq,1,fp_unconditional,5
luna,text,fpq_238,fpq,1,fp_unconditional,5
luna,text,fpq_239,fpq,0,plain,4
luna,text,fpq_24,fpq,1,fp_unconditional,5
luna,text,fpq_240,fpq,1,fp_unconditional,5
luna,text,fpq_241,fpq,0,plain,1
luna,text,fpq_244,fpq,1,fp_unconditional,5
luna,text,fpq_245,fpq,1,fp_unconditional,4
luna,text,fpq_246,fpq,0,plain,4
luna,text,fpq_247,fpq,1,fp_unconditional,5
luna,text,fpq_248,fpq,1,fp_unconditional,5
luna,text,fpq_249,fpq,1,fp_unconditional,5
luna,text,fpq_25,fpq,1,fp_unconditional,5
luna,text,fpq_250,fpq,1,fp_unconditional,5
luna,text,fpq_251,fpq,1,fp_unconditional,4
luna,text,fpq_252,fpq,1,fp_unconditional,5
luna,text,fpq_253,fpq,0,plain,1
luna,text,fpq_254,fpq,1,fp_unconditional,5
luna,text,fpq_255,fpq,1,fp_unconditional,5
luna,text,fpq_256,fpq,1,fp_unconditional,5
luna,text,fpq_257,fpq,0,plain,1
luna,text,fpq_258,fpq,1,fp_unconditional,5
luna,text,fpq_259,fpq,1,fp_unconditional,1
luna,text,fpq_26,fpq,1,fp_unconditional,5
luna,text,fpq_260,fpq,1,fp_unconditional,4
luna,text,fpq_261,fpq,1,fp_unconditional,4
luna,text,fpq_262,fpq,1,fp_unconditional,5
luna,text,fpq_263,fpq,0,plain,5
luna,text,fpq_264,fpq,0,plain,2
luna,text,fpq_265,fpq,1,fp_unconditional,2
luna,text,fpq_266,fpq,1,fp_unconditional,5
luna,text,fpq_267,fpq,1,fp_unconditional,4
luna,text,fpq_268,fpq,0,plain,4
luna,text,fpq_269,fpq,1,fp_unconditional,5
luna,text,fpq_27,fpq,1,fp_unconditional,5
luna,text,fpq_270,fpq,1,fp_unconditional,4
luna,text,fpq_271,fpq,1,fp_unconditional,5
luna,text,fpq_272,fpq,1,fp_unconditional,5
luna,text,fpq_273,fpq,0,plain,5
luna,text,fpq_274,fpq,1,fp_unconditional,5
luna,text,fpq_275,fpq,1,fp_unconditional,4
luna,text,fpq_276,fpq,1,fp_unconditional,4
luna,text,fpq_277,fpq,1,fp_unconditional,5
luna,text,fpq_278,fpq,1,fp_unconditional,4
luna,text,fpq_279,fpq,1,fp_unconditional,5
luna,text,fpq_28,fpq,1,fp_unconditional,5
luna,text,fpq_283,fpq,0,plain,1
luna,text,fpq_285,fpq,0,plain,1
luna,text,fpq_286,fpq,0,plain,2
luna,text,fpq_287,fpq,1,fp_unconditional,5
luna,text,fpq_288,fpq,0,plain,2
luna,text,fpq_289,fpq,1,fp_unconditional,5
luna,text,fpq_29,fpq,1,fp_unconditional,5
luna,text,fpq_290,fpq,0,plain,1
luna,text,fpq_291,fpq,0,plain,4
luna,text,fpq_292,fpq,1,fp_unconditional,5
luna,text,fpq_293,fpq,1,fp_unconditional,5
luna,text,fpq_294,fpq,1,fp_unconditional,5
luna,text,fpq_295,fpq,0,plain,2
luna,text,fpq_296,fpq,0,plain,1
luna,text,fpq_297,fpq,1,fp_unconditional,5
luna,text,fpq_3,fpq,1,fp_unconditional,4
luna,text,fpq_30,fpq,1,fp_unconditional,5
luna,text,fpq_302,fpq,1,fp_unconditional,4
luna,text,fpq_303,fpq,1,fp_unconditional,5
luna,text,fpq_304,fpq,1,fp_unconditional,5
luna,text,fpq_305,fpq,1,fp_unconditional,5
luna,text,fpq_306,fpq,0,plain,1
luna,text,fpq_307,fpq,1,fp_unconditional,5
luna,text,fpq_308,fpq,1,fp_unconditional,5
luna,text,fpq_309,fpq,1,fp_unconditional,5
luna,text,fpq_31,fpq,1,fp_unconditional,5
luna,text,fpq_311,fpq,1,fp_unconditional,5
luna,text,fpq_312,fpq,0,plain,2
luna,text,fpq_313,fpq,1,fp_unconditional,5
luna,text,fpq_314,fpq,1,fp_unconditional,5
luna,text,fpq_315,fpq,1,fp_unconditional,5
luna,text,fpq_316,fpq,1,fp_unconditional,5
luna,text,fpq_317,fpq,1,fp_unconditional,5
luna,text,fpq_318,fpq,1,fp_unconditional,4
luna,text,fpq_319,fpq,1,fp_unconditional,1
luna,text,fpq_32,fpq,1,fp_unconditional,4
luna,text,fpq_320,fpq,1,fp_unconditional,5
luna,text,fpq_321,fpq,1,fp_unconditional,2
luna,text,fpq_325,fpq,1,fp_unconditional,4
luna,text,fpq_326,fpq,1,fp_unconditional,1
luna,text,fpq_327,fpq,0,plain,2
luna,text,fpq_33,fpq,1,fp_unconditional,5
luna,text,fpq_336,fpq,1,fp_unconditional,5
luna,text,fpq_34,fpq,1,fp_unconditional,4
luna,text,fpq_342,fpq,1,fp_unconditional,1
luna,text,fpq_343,fpq,1,fp_unconditional,5
luna,text,fpq_344,fpq,1,fp_unconditional,4
luna,text,fpq_348,fpq,1,fp_unconditional,5
luna,text,fpq_35,fpq,1,fp_unconditional,5
luna,text,fpq_350,fpq,1,fp_unconditional,5
luna,text,fpq_353,fpq,1,fp_unconditional,4
luna,text,fpq_354,fpq,1,fp_unconditional,4
luna,text,fpq_357,fpq,0,plain,3
luna,text,fpq_358,fpq,0,plain,4
luna,text,fpq_359,fpq,1,fp_unconditional,5
luna,text,fpq_36,fpq,1,fp_unconditional,5
luna,text,fpq_361,fpq,1,fp_unconditional,5
luna,text,fpq_362,fpq,0,plain,1
luna,text,fpq_366,fpq,0,plain,1
luna,text,fpq_368,fpq,1,fp_unconditional,4
luna,text,fpq_37,fpq,1,fp_unconditional,5
luna,text,fpq_376,fpq,0,plain,4
luna,text,fpq_378,fpq,0,plain,4
luna,text,fpq_379,fpq,0,plain,5
luna,text,fpq_38,fpq,1,fp_unconditional,5
luna,text,fpq_380,fpq,0,plain,1
luna,text,fpq_383,fpq,0,plain,2
luna,text,fpq_385,fpq,1,fp_unconditional,5
luna,text,fpq_386,fpq,1,fp_unconditional,5
luna,text,fpq_387,fpq,1,fp_unconditional,5
luna,text,fpq_388,fpq,1,fp_unconditional,5
luna,text,fpq_389,fpq,1,fp_unconditional,5
luna,text,fpq_39,fpq,1,fp_unconditional,5
luna,text,fpq_390,fpq,1,fp_unconditional,5
luna,text,fpq_391,fpq,1,fp_unconditional,5
luna,text,fpq_392,fpq,1,fp_unconditional,5
luna,text,fpq_394,fpq,1,fp_unconditional,5
luna,text,fpq_395,fpq,0,plain,5
luna,text,fpq_396,fpq,1,fp_unconditional,1
luna,text,fpq_397,fpq,1,fp_unconditional,5
luna,text,fpq_398,fpq,1,fp_unconditional,5
luna,text,fpq_399,fpq,1,fp_unconditional,5
luna,text,fpq_4,fpq,1,fp_unconditional,5
luna,text,fpq_40,fpq,1,fp_unconditional,5
luna,text,fpq_400,fpq,1,fp_unconditional,5
luna,text,fpq_403,fpq,1,fp_unconditional,5
luna,text,fpq_405,fpq,1,fp_unconditional,5
luna,text,fpq_407,fpq,0,plain,5
luna,text,fpq_408,fpq,1,fp_unconditional,5
luna,text,fpq_41,fpq,1,fp_unconditional,5
luna,text,fpq_415,fpq,1,fp_unconditional,5
luna,text,fpq_416,fpq,1,fp_unconditional,5
luna,text,fpq_417,fpq,0,plain,1
luna,text,fpq_42,fpq,1,fp_unconditional,5
luna,text,fpq_420,fpq,1,fp_unconditional,1
luna,text,fpq_421,fpq,1,fp_unconditional,2
luna,text,fpq_422,fpq,1,fp_unconditional,3
luna,text,fpq_423,fpq,1,fp_unconditional,5
luna,text,fpq_425,fpq,1,fp_unconditional,5
luna,text,fpq_426,fpq,1,fp_unconditional,5
luna,text,fpq_428,fpq,1,fp_unconditional,5
luna,text,fpq_429,fpq,1,fp_unconditional,5
luna,text,fpq_43,fpq,1,fp_unconditional,4
luna,text,fpq_434,fpq,1,fp_unconditional,5
luna,text,fpq_436,fpq,1,fp_unconditional,5
luna,text,fpq_438,fpq,1,fp_unconditional,4
luna,text,fpq_439,fpq,1,fp_unconditional,5
luna,text,fpq_44,fpq,1,fp_unconditional,5
luna,text,fpq_443,fpq,1,fp_unconditional,5
luna,text,fpq_445,fpq,1,fp_unconditional,5
luna,text,fpq_446,fpq,1,fp_unconditional,5
luna,text,fpq_45,fpq,1,fp_unconditional,5
luna,text,fpq_459,fpq,0,plain,4
luna,text,fpq_46,fpq,1,fp_unconditional,5
luna,text,fpq_460,fpq,0,plain,1
luna,text,fpq_462,fpq,0,plain,4
luna,text,fpq_467,fpq,0,plain,3
luna,text,fpq_47,fpq,1,fp_unconditional,5
luna,text,fpq_472,fpq,1,fp_unconditional,5
luna,text,fpq_473,fpq,0,plain,2
luna,text,fpq_474,fpq,0,plain,1
luna,text,fpq_477,fpq,0,plain,4
luna,text,fpq_479,fpq,1,fp_unconditional,5
luna,text,fpq_48,fpq,1,fp_unconditional,1
luna,text,fpq_484,fpq,1,fp_unconditional,5
luna,text,fpq_485,fpq,1,fp_unconditional,5
luna,text,fpq_487,fpq,0,plain,5
luna,text,fpq_488,fpq,0,plain,2
luna,text,fpq_49,fpq,1,fp_unconditional,1
luna,text,fpq_492,fpq,1,fp_unconditional,4
luna,text,fpq_493,fpq,1,fp_unconditional,4
luna,text,fpq_494,fpq,1,fp_unconditional,4
luna,text,fpq_495,fpq,1,fp_unconditional,5
luna,text,fpq_497,fpq,1,fp_unconditional,5
luna,text,fpq_499,fpq,1,fp_unconditional,4
luna,text,fpq_5,fpq,1,fp_unconditional,1
luna,text,fpq_50,fpq,1,fp_unconditional,1
luna,text,fpq_500,fpq,0,plain,5
luna,text,fpq_501,fpq,0,plain,4
luna,text,fpq_502,fpq,1,fp_unconditional,5
luna,text,fpq_505,fpq,1,fp_unconditional,1
luna,text,fpq_506,fpq,1,fp_unconditional,5
luna,text,fpq_507,fpq,1,fp_unconditional,5
luna,text,fpq_51,fpq,1,fp_unconditional,5
luna,text,fpq_512,fpq,1,fp_unconditional,5
luna,text,fpq_514,fpq,1,fp_unconditional,1
luna,text,fpq_516,fpq,1,fp_unconditional,4
luna,text,fpq_517,fpq,1,fp_unconditional,5
luna,text,fpq_52,fpq,1,fp_unconditional,4
luna,text,fpq_521,fpq,1,fp_unconditional,5
luna,text,fpq_522,fpq,0,plain,2
luna,text,fpq_524,fpq,1,fp_unconditional,4
luna,text,fpq_525,fpq,1,fp_unconditional,5
luna,text,fpq_53,fpq,1,fp_unconditional,5
luna,text,fpq_530,fpq,1,fp_unconditional,5
luna,text,fpq_531,fpq,1,fp_unconditional,5
luna,text,fpq_534,fpq,1,fp_unconditional,5
luna,text,fpq_535,fpq,1,fp_unconditional,5
luna,text,fpq_54,fpq,1,fp_unconditional,5
luna,text,fpq_542,fpq,0,plain,1
luna,text,fpq_543,fpq,1,fp_unconditional,5
luna,text,fpq_546,fpq,0,plain,2
luna,text,fpq_547,fpq,1,fp_unconditional,2
luna,text,fpq_549,fpq,1,fp_unconditional,5
luna,text,fpq_55,fpq,1,fp_unconditional,4
luna,text,fpq_550,fpq,1,fp_unconditional,5
luna,text,fpq_552,fpq,1,fp_unconditional,2
luna,text,fpq_556,fpq,1,fp_unconditional,5
luna,text,fpq_557,fpq,1,fp_unconditional,5
luna,text,fpq_558,fpq,1,fp_unconditional,5
luna,text,fpq_559,fpq,1,fp_unconditional,5
luna,text,fpq_56,fpq,1,fp_unconditional,5
luna,text,fpq_560,fpq,1,fp_unconditional,5
luna,text,fpq_563,fpq,1,fp_unconditional,5
luna,text,fpq_564,fpq,1,fp_unconditional,2
luna,text,fpq_565,fpq,1,fp_unconditional,5
luna,text,fpq_566,fpq,0,plain,5
luna,text,fpq_57,fpq,1,fp_unconditional,5
luna,text,fpq_570,fpq,1,fp_unconditional,5
luna,text,fpq_572,fpq,1,fp_unconditional,4
luna,text,fpq_574,fpq,0,plain,4
luna,text,fpq_58,fpq,1,fp_unconditional,5
luna,text,fpq_580,fpq,1,fp_unconditional,5
luna,text,fpq_583,fpq,1,fp_unconditional,5
luna,text,fpq_584,fpq,1,fp_unconditional,5
luna,text,fpq_586,fpq,1,fp_unconditional,1
luna,text,fpq_59,fpq,1,fp_unconditional,5
luna,text,fpq_593,fpq,1,fp_unconditional,4
luna,text,fpq_595,fpq,1,fp_unconditional,5
luna,text,fpq_596,fpq,1,fp_unconditional,5
luna,text,fpq_598,fpq,1,fp_unconditional,5
luna,text,fpq_6,fpq,1,fp_unconditional,5
luna,text,fpq_60,fpq,1,fp_unconditional,5
luna,text,fpq_600,fpq,1,fp_unconditional,2
luna,text,fpq_601,fpq,1,fp_unconditional,5
luna,text,fpq_603,fpq,1,fp_unconditional,5
luna,text,fpq_604,fpq,1,fp_unconditional,4
luna,text,fpq_606,fpq,1,fp_unconditional,5
luna,text,fpq_607,fpq,1,fp_unconditional,5
luna,text,fpq_608,fpq,1,fp_unconditional,5
luna,text,fpq_609,fpq,1,fp_unconditional,2
luna,text,fpq_61,fpq,1,fp_unconditional,5
luna,text,fpq_610,fpq,1,fp_unconditional,5
luna,text,fpq_611,fpq,1,fp_unconditional,5
luna,text,fpq_612,fpq,1,fp_unconditional,5
luna,text,fpq_613,fpq,1,fp_unconditional,5
luna,text,fpq_614,fpq,1,fp_unconditional,5
luna,text,fpq_615,fpq,1,fp_unconditional,5
luna,text,fpq_616,fpq,1,fp_unconditional,5
luna,text,fpq_617,fpq,1,fp_unconditional,5
luna,text,fpq_618,fpq,1,fp_unconditional,4
luna,text,fpq_619,fpq,1,fp_unconditional,5
luna,text,fpq_62,fpq,1,fp_unconditional,5
luna,text,fpq_620,fpq,1,fp_unconditional,1
luna,text,fpq_621,fpq,1,fp_unconditional,5
luna,text,fpq_622,fpq,0,plain,4
luna,text,fpq_623,fpq,1,fp_unconditional,5
luna,text,fpq_624,fpq,1,fp_unconditional,5
luna,text,fpq_625,fpq,1,fp_unconditional,5
luna,text,fpq_626,fpq,1,fp_unconditional,4
luna,text,fpq_628,fpq,1,fp_unconditional,4
luna,text,fpq_629,fpq,1,fp_unconditional,5
luna,text,fpq_63,fpq,1,fp_unconditional,5
luna,text,fpq_630,fpq,1,fp_unconditional,5
luna,text,fpq_631,fpq,0,plain,5
luna,text,fpq_632,fpq,1,fp_unconditional,5
luna,text,fpq_633,fpq,0,plain,1
luna,text,fpq_634,fpq,1,fp_unconditional,5
luna,text,fpq_635,fpq,0,plain,1
luna,text,fpq_636,fpq,1,fp_unconditional,5
luna,text,fpq_638,fpq,1,fp_unconditional,5
luna,text,fpq_639,fpq,1,fp_unconditional,5
luna,text,fpq_64,fpq,1,fp_unconditional,5
luna,text,fpq_640,fpq,1,fp_unconditional,3
luna,text,fpq_641,fpq,1,fp_unconditional,2
luna,text,fpq_643,fpq,1,fp_unconditional,5
luna,text,fpq_644,fpq,1,fp_unconditional,5
luna,text,fpq_645,fpq,1,fp_unconditional,5
luna,text,fpq_646,fpq,1,fp_unconditional,2
luna,text,fpq_647,fpq,1,fp_unconditional,4
luna,text,fpq_649,fpq,1,fp_unconditional,1
luna,text,fpq_65,fpq,1,fp_unconditional,2
luna,text,fpq_650,fpq,0,plain,2
luna,text,fpq_652,fpq,1,fp_unconditional,5
luna,text,fpq_653,fpq,1,fp_unconditional,4
luna,text,fpq_654,fpq,1,fp_unconditional,1
luna,text,fpq_655,fpq,1,fp_unconditional,5
luna,text,fpq_657,fpq,1,fp_unconditional,5
luna,text,fpq_659,fpq,1,fp_unconditional,4
luna,text,fpq_66,fpq,1,fp_unconditional,2
luna,text,fpq_661,fpq,1,fp_unconditional,4
luna,text,fpq_662,fpq,1,fp_unconditional,1
luna,text,fpq_663,fpq,0,plain,1
luna,text,fpq_666,fpq,0,plain,5
luna,text,fpq_669,fpq,0,plain,1
luna,text,fpq_67,fpq,1,fp_unconditional,5
luna,text,fpq_671,fpq,1,fp_unconditional,5
luna,text,fpq_675,fpq,1,fp_unconditional,5
luna,text,fpq_676,fpq,1,fp_unconditional,2
luna,text,fpq_677,fpq,1,fp_unconditional,4
luna,text,fpq_678,fpq,1,fp_unconditional,5
luna,text,fpq_68,fpq,1,fp_unconditional,5
luna,text,fpq_682,fpq,1,fp_unconditional,2
luna,text,fpq_685,fpq,1,fp_unconditional,4
luna,text,fpq_687,fpq,1,fp_unconditional,1
luna,text,fpq_689,fpq,1,fp_unconditional,5
luna,text,fpq_69,fpq,1,fp_unconditional,5
luna,text,fpq_690,fpq,1,fp_unconditional,5
luna,text,fpq_691,fpq,1,fp_unconditional,5
luna,text,fpq_692,fpq,1,fp_unconditional,4
luna,text,fpq_694,fpq,1,fp_unconditional,5
luna,text,fpq_695,fpq,1,fp_unconditional,5
luna,text,fpq_696,fpq,1,fp_unconditional,5
luna,text,fpq_697,fpq,1,fp_unconditional,5
luna,text,fpq_699,fpq,0,plain,2
luna,text,fpq_7,fpq,1,fp_unconditional,5
luna,text,fpq_70,fpq,1,fp_unconditional,5
luna,text,fpq_702,fpq,1,fp_unconditional,5
luna,text,fpq_703,fpq,1,fp_unconditional,5
luna,text,fpq_704,fpq,1,fp_unconditional,5
luna,text,fpq_705,fpq,1,fp_unconditional,5
luna,text,fpq_706,fpq,1,fp_unconditional,5
luna,text,fpq_71,fpq,1,fp_unconditional,5
luna,text,fpq_712,fpq,1,fp_unconditional,5
luna,text,fpq_713,fpq,0,plain,1
luna,text,fpq_72,fpq,1,fp_unconditional,2
luna,text,fpq_721,fpq,0,plain,4
luna,text,fpq_722,fpq,1,fp_unconditional,5
luna,text,fpq_723,fpq,1,fp_unconditional,5
luna,text,fpq_724,fpq,1,fp_unconditional,4
luna,text,fpq_725,fpq,1,fp_unconditional,4
luna,text,fpq_726,fpq,1,fp_unconditional,5
luna,text,fpq_727,fpq,1,fp_unconditional,5
luna,text,fpq_728,fpq,1,fp_unconditional,5
luna,text,fpq_729,fpq,1,fp_unconditional,2
luna,text,fpq_73,fpq,1,fp_unconditional,2
luna,text,fpq_730,fpq,1,fp_unconditional,4
luna,text,fpq_735,fpq,1,fp_unconditional,5
luna,text,fpq_736,fpq,1,fp_unconditional,5
luna,text,fpq_738,fpq,1,fp_unconditional,4
luna,text,fpq_739,fpq,1,fp_unconditional,5
luna,text,fpq_74,fpq,1,fp_unconditional,4
luna,text,fpq_740,fpq,1,fp_unconditional,5
luna,text,fpq_741,fpq,1,fp_unconditional,5
luna,text,fpq_743,fpq,1,fp_unconditional,5
luna,text,fpq_744,fpq,1,fp_unconditional,5
luna,text,fpq_745,fpq,1,fp_unconditional,5
luna,text,fpq_746,fpq,1,fp_unconditional,5
luna,text,fpq_747,fpq,1,fp_unconditional,5
luna,text,fpq_749,fpq,1,fp_unconditional,5
luna,text,fpq_75,fpq,1,fp_unconditional,5
luna,text,fpq_750,fpq,1,fp_unconditional,4
luna,text,fpq_751,fpq,0,plain,3
luna,text,fpq_753,fpq,1,fp_unconditional,5
luna,text,fpq_754,fpq,1,fp_unconditional,5
luna,text,fpq_755,fpq,0,plain,4
luna,text,fpq_76,fpq,1,fp_unconditional,5
luna,text,fpq_761,fpq,1,fp_unconditional,5
luna,text,fpq_762,fpq,1,fp_unconditional,5
luna,text,fpq_763,fpq,1,fp_unconditional,5
luna,text,fpq_764,fpq,1,fp_unconditional,4
luna,text,fpq_77,fpq,1,fp_unconditional,5
luna,text,fpq_771,fpq,1,fp_unconditional,5
luna,text,fpq_772,fpq,1,fp_unconditional,5
luna,text,fpq_773,fpq,1,fp_unconditional,5
luna,text,fpq_774,fpq,1,fp_unconditional,5
luna,text,fpq_775,fpq,0,plain,5
luna,text,fpq_776,fpq,0,plain,2
luna,text,fpq_777,fpq,1,fp_unconditional,5
luna,text,fpq_778,fpq,1,fp_unconditional,2
luna,text,fpq_78,fpq,1,fp_unconditional,5
luna,text,fpq_780,fpq,1,fp_unconditional,5
luna,text,fpq_781,fpq,0,plain,1
luna,text,fpq_789,fpq,1,fp_unconditional,5
luna,text,fpq_794,fpq,1,fp_unconditional,5
luna,text,fpq_797,fpq,1,fp_unconditional,4
luna,text,fpq_798,fpq,1,fp_unconditional,5
luna,text,fpq_799,fpq,1,fp_unconditional,1
luna,text,fpq_8,fpq,1,fp_unconditional,5
luna,text,fpq_80,fpq,1,fp_unconditional,3
luna,text,fpq_801,fpq,0,plain,1
luna,text,fpq_802,fpq,1,fp_unconditional,5
luna,text,fpq_804,fpq,0,plain,1
luna,text,fpq_805,fpq,1,fp_unconditional,4
luna,text,fpq_806,fpq,0,plain,2
luna,text,fpq_807,fpq,1,fp_unconditional,2
luna,text,fpq_808,fpq,1,fp_unconditional,4
luna,text,fpq_81,fpq,1,fp_unconditional,5
luna,text,fpq_813,fpq,1,fp_unconditional,5
luna,text,fpq_814,fpq,0,plain,1
luna,text,fpq_817,fpq,1,fp_unconditional,5
luna,text,fpq_818,fpq,1,fp_unconditional,5
luna,text,fpq_82,fpq,0,plain,5
luna,text,fpq_820,fpq,1,fp_unconditional,5
luna,text,fpq_823,fpq,1,fp_unconditional,5
luna,text,fpq_824,fpq,1,fp_unconditional,5
luna,text,fpq_827,fpq,1,fp_unconditional,2
luna,text,fpq_828,fpq,1,fp_unconditional,2
luna,text,fpq_829,fpq,1,fp_unconditional,2
luna,text,fpq_830,fpq,1,fp_unconditional,4
luna,text,fpq_831,fpq,1,fp_unconditional,5
luna,text,fpq_832,fpq,1,fp_unconditional,4
luna,text,fpq_833,fpq,1,fp_unconditional,5
luna,text,fpq_834,fpq,1,fp_unconditional,5
luna,text,fpq_835,fpq,1,fp_unconditional,4
luna,text,fpq_836,fpq,1,fp_unconditional,5
luna,text,fpq_837,fpq,0,plain,1
luna,text,fpq_838,fpq,1,fp_unconditional,5
luna,text,fpq_839,fpq,1,fp_unconditional,5
luna,text,fpq_84,fpq,1,fp_unconditional,5
luna,text,fpq_840,fpq,1,fp_unconditional,5
luna,text,fpq_844,fpq,1,fp_unconditional,5
luna,text,fpq_846,fpq,1,fp_unconditional,4
luna,text,fpq_847,fpq,1,fp_unconditional,4
luna,text,fpq_848,fpq,1,fp_unconditional,4
luna,text,fpq_849,fpq,1,fp_unconditional,5
luna,text,fpq_85,fpq,1,fp_unconditional,5
luna,text,fpq_850,fpq,1,fp_unconditional,5
luna,text,fpq_851,fpq,1,fp_unconditional,5
luna,text,fpq_852,fpq,1,fp_unconditional,1
luna,text,fpq_854,fpq,1,fp_unconditional,1
luna,text,fpq_855,fpq,1,fp_unconditional,4
luna,text,fpq_858,fpq,1,fp_unconditional,5
luna,text,fpq_859,fpq,1,fp_unconditional,1
luna,text,fpq_860,fpq,1,fp_unconditional,1
luna,text,fpq_861,fpq,1,fp_unconditional,5
luna,text,fpq_862,fpq,1,fp_unconditional,5
luna,text,fpq_863,fpq,1,fp_unconditional,5
luna,text,fpq_864,fpq,1,fp_unconditional,5
luna,text,fpq_865,fpq,1,fp_unconditional,4
luna,text,fpq_866,fpq,0,plain,2
luna,text,fpq_869,fpq,1,fp_unconditional,5
luna,text,fpq_87,fpq,1,fp_unconditional,4
luna,text,fpq_870,fpq,1,fp_unconditional,5
luna,text,fpq_871,fpq,0,plain,1
luna,text,fpq_872,fpq,1,fp_unconditional,4
luna,text,fpq_88,fpq,1,fp_unconditional,5
luna,text,fpq_89,fpq,1,fp_unconditional,5
luna,text,fpq_9,fpq,1,fp_unconditional,5
luna,text,fpq_90,fpq,1,fp_unconditional,5
luna,text,fpq_91,fpq,1,fp_unconditional,5
luna,text,fpq_92,fpq,1,fp_unconditional,5
luna,text,fpq_94,fpq,1,fp_unconditional,5
luna,text,fpq_95,fpq,1,fp_unconditional,5
luna,text,fpq_96,fpq,0,plain,1
luna,text,fpq_97,fpq,1,fp_unconditional,5
luna,text,fpq_98,fpq,1,fp_unconditional,4
luna,text,fpq_99,fpq,1,fp_unconditional,5
luna,text,nfp_1000,nfp,1,fp_unconditional,1
luna,text,nfp_1001,nfp,1,fp_unconditional,2
luna,text,nfp_1002,nfp,1,fp_unconditional,2
luna,text,nfp_1003,nfp,0,plain,5
luna,text,nfp_1004,nfp,0,plain,5
luna,text,nfp_1005,nfp,1,fp_unconditional,2
luna,text,nfp_1006,nfp,0,plain,5
luna,text,nfp_1008,nfp,1,fp_unconditional,2
luna,text,nfp_1009,nfp,1,fp_unconditional,2
luna,text,nfp_1010,nfp,1,fp_unconditional,2
luna,text,nfp_1011,nfp,1,fp_unconditional,2
luna,text,nfp_1012,nfp,1,fp_unconditional,2
luna,text,nfp_1013,nfp,0,plain,5
luna,text,nfp_1014,nfp,1,fp_unconditional,2
luna,text,nfp_1015,nfp,1,fp_unconditional,2
luna,text,nfp_1016,nfp,1,fp_unconditional,2
luna,text,nfp_1017,nfp,1,fp_unconditional,2
luna,text,nfp_1018,nfp,1,fp_unconditional,4
luna,text,nfp_1019,nfp,1,fp_unconditional,1
luna,text,nfp_1020,nfp,1,fp_unconditional,2
luna,text,nfp_1021,nfp,1,fp_unconditional,2
luna,text,nfp_1022,nfp,1,fp_unconditional,2
luna,text,nfp_1023,nfp,1,fp_unconditional,2
luna,text,nfp_1024,nfp,0,plain,2
luna,text,nfp_1025,nfp,1,fp_unconditional,4
luna,text,nfp_1026,nfp,1,fp_unconditional,2
luna,text,nfp_1027,nfp,1,fp_unconditional,4
luna,text,nfp_1028,nfp,1,fp_unconditional,3
luna,text,nfp_1029,nfp,1,fp_unconditional,2
luna,text,nfp_1030,nfp,1,fp_unconditional,2
luna,text,nfp_1031,nfp,1,fp_unconditional,2
luna,text,nfp_1032,nfp,1,fp_unconditional,5
luna,text,nfp_1033,nfp,1,fp_unconditional,4
luna,text,nfp_1034,nfp,1,fp_unconditional,2
luna,text,nfp_1035,nfp,0,plain,5
luna,text,nfp_1036,nfp,0,plain,5
luna,text,nfp_1037,nfp,1,fp_unconditional,2
luna,text,nfp_1038,nfp,1,fp_unconditional,4
luna,text,nfp_1039,nfp,1,fp_unconditional,4
luna,text,nfp_1040,nfp,1,fp_unconditional,5
luna,text,nfp_1041,nfp,1,fp_unconditional,1
luna,text,nfp_1042,nfp,1,fp_unconditional,2
luna,text,nfp_1043,nfp,0,plain,5
luna,text,nfp_1044,nfp,0,plain,5
luna,text,nfp_1045,nfp,1,fp_unconditional,2
luna,text,nfp_1046,nfp,1,fp_unconditional,4
luna,text,nfp_1047,nfp,0,plain,5
luna,text,nfp_1048,nfp,0,plain,5
luna,text,nfp_1049,nfp,0,plain,5
luna,text,nfp_1050,nfp,1,fp_unconditional,2
luna,text,nfp_1051,nfp,0,plain,4
luna,text,nfp_1052,nfp,0,plain,5
luna,text,nfp_1053,nfp,1,fp_unconditional,2
luna,text,nfp_1054,nfp,0,plain,4
luna,text,nfp_1055,nfp,1,fp_unconditional,1
luna,text,nfp_1056,nfp,0,plain,5
luna,text,nfp_1057,nfp,1,fp_unconditional,2
luna,text,nfp_1058,nfp,0,plain,5
luna,text,nfp_1059,nfp,1,fp_unconditional,2
luna,text,nfp_1060,nfp,1,fp_unconditional,3
luna,text,nfp_1061,nfp,1,fp_unconditional,1
luna,text,nfp_1062,nfp,1,fp_unconditional,2
luna,text,nfp_1063,nfp,0,plain,2
luna,text,nfp_1064,nfp,1,fp_unconditional,1
luna,text,nfp_1065,nfp,1,fp_unconditional,2
luna,text,nfp_1066,nfp,1,fp_unconditional,2
luna,text,nfp_1067,nfp,1,fp_unconditional,2
luna,text,nfp_1068,nfp,1,fp_unconditional,4
luna,text,nfp_1069,nfp,1,fp_unconditional,2
luna,text,nfp_1070,nfp,0,plain,5
luna,text,nfp_1071,nfp,1,fp_unconditional,2
luna,text,nfp_1072,nfp,0,plain,4
luna,text,nfp_1073,nfp,1,fp_unconditional,4
luna,text,nfp_1074,nfp,1,fp_unconditional,2
luna,text,nfp_1075,nfp,1,fp_unconditional,4
luna,text,nfp_1076,nfp,1,fp_unconditional,2
luna,text,nfp_1077,nfp,0,plain,5
luna,text,nfp_1078,nfp,1,fp_unconditional,2
luna,text,nfp_1079,nfp,1,fp_unconditional,4
luna,text,nfp_1080,nfp,0,plain,5
luna,text,nfp_1081,nfp,1,fp_unconditional,2
luna,text,nfp_1082,nfp,1,fp_unconditional,2
luna,text,nfp_1083,nfp,1,fp_unconditional,3
luna,text,nfp_1084,nfp,0,plain,5
luna,text,nfp_1085,nfp,0,plain,5
luna,text,nfp_1086,nfp,0,plain,5
luna,text,nfp_1087,nfp,0,plain,5
luna,text,nfp_1088,nfp,0,plain,4
luna,text,nfp_1089,nfp,0,plain,2
luna,text,nfp_1090,nfp,0,plain,5
luna,text,nfp_1091,nfp,0,plain,5
luna,text,nfp_1092,nfp,1,fp_unconditional,4
luna,text,nfp_1093,nfp,0,plain,4
luna,text,nfp_1094,nfp,0,plain,4
luna,text,nfp_1095,nfp,0,plain,5
luna,text,nfp_1096,nfp,0,plain,5
luna,text,nfp_1097,nfp,0,plain,4
luna,text,nfp_1098,nfp,0,plain,5
luna,text,nfp_1099,nfp,1,fp_unconditional,2
luna,text,nfp_1100,nfp,0,plain,5
luna,text,nfp_1101,nfp,0,plain,5
luna,text,nfp_1102,nfp,0,plain,5
luna,text,nfp_1103,nfp,0,plain,5
luna,text,nfp_1104,nfp,0,plain,5
luna,text,nfp_1105,nfp,1,fp_unconditional,2
luna,text,nfp_1106,nfp,1,fp_unconditional,4
luna,text,nfp_1107,nfp,0,plain,2
luna,text,nfp_1108,nfp,0,plain,4
luna,text,nfp_1109,nfp,1,fp_unconditional,2
luna,text,nfp_1110,nfp,0,plain,5
luna,text,nfp_1111,nfp,0,plain,5
luna,text,nfp_1112,nfp,0,plain,5
luna,text,nfp_1113,nfp,1,fp_unconditional,2
luna,text,nfp_1114,nfp,1,fp_unconditional,3
luna,text,nfp_1115,nfp,0,plain,5
luna,text,nfp_1116,nfp,0,plain,2
luna,text,nfp_1117,nfp,1,fp_unconditional,2
luna,text,nfp_1118,nfp,0,plain,5
luna,text,nfp_1119,nfp,0,plain,5
luna,text,nfp_1120,nfp,0,plain,3
luna,text,nfp_1121,nfp,0,plain,5
luna,text,nfp_1122,nfp,0,plain,4
luna,text,nfp_1123,nfp,1,fp_unconditional,2
luna,text,nfp_1124,nfp,0,plain,4
luna,text,nfp_1125,nfp,0,plain,5
luna,text,nfp_1126,nfp,0,plain,5
luna,text,nfp_1127,nfp,0,plain,2
luna,text,nfp_1128,nfp,0,plain,4
luna,text,nfp_1129,nfp,0,plain,4
luna,text,nfp_1130,nfp,0,plain,2
luna,text,nfp_1131,nfp,0,plain,4
luna,text,nfp_1132,nfp,0,plain,4
luna,text,nfp_1133,nfp,0,plain,4
luna,text,nfp_1134,nfp,1,fp_unconditional,2
luna,text,nfp_1135,nfp,0,plain,5
luna,text,nfp_1136,nfp,1,fp_unconditional,2
luna,text,nfp_1137,nfp,1,fp_unconditional,2
luna,text,nfp_1138,nfp,0,plain,5
luna,text,nfp_1139,nfp,1,fp_unconditional,2
luna,text,nfp_1140,nfp,0,plain,5
luna,text,nfp_1141,nfp,0,plain,5
luna,text,nfp_1142,nfp,1,fp_unconditional,2
luna,text,nfp_1143,nfp,0,plain,4
luna,text,nfp_1144,nfp,0,plain,5
luna,text,nfp_1145,nfp,0,plain,5
luna,text,nfp_1146,nfp,0,plain,5
luna,text,nfp_1147,nfp,1,fp_unconditional,2
luna,text,nfp_1148,nfp,0,plain,4
luna,text,nfp_1149,nfp,0,plain,5
sonnet,text,fpq_0,fpq,1,fp_unconditional,5
sonnet,text,fpq_10,fpq,1,fp_unconditional,5
sonnet,text,fpq_100,fpq,1,fp_unconditional,5
sonnet,text,fpq_101,fpq,1,fp_unconditional,2
sonnet,text,fpq_102,fpq,1,fp_unconditional,5
sonnet,text,fpq_103,fpq,1,fp_unconditional,5
sonnet,text,fpq_105,fpq,1,fp_unconditional,5
sonnet,text,fpq_106,fpq,1,fp_unconditional,1
sonnet,text,fpq_107,fpq,0,plain,5
sonnet,text,fpq_108,fpq,1,fp_unconditional,5
sonnet,text,fpq_109,fpq,1,fp_unconditional,5
sonnet,text,fpq_11,fpq,1,fp_unconditional,5
sonnet,text,fpq_110,fpq,1,fp_unconditional,4
sonnet,text,fpq_111,fpq,1,fp_unconditional,5
sonnet,text,fpq_112,fpq,1,fp_unconditional,5
sonnet,text,fpq_113,fpq,1,fp_unconditional,5
sonnet,text,fpq_114,fpq,1,fp_unconditional,5
sonnet,text,fpq_115,fpq,0,plain,1
sonnet,text,fpq_116,fpq,1,fp_unconditional,5
sonnet,text,fpq_12,fpq,1,fp_unconditional,5
sonnet,text,fpq_120,fpq,1,fp_unconditional,5
sonnet,text,fpq_121,fpq,1,fp_unconditional,5
sonnet,text,fpq_122,fpq,1,fp_unconditional,5
sonnet,text,fpq_123,fpq,1,fp_unconditional,1
sonnet,text,fpq_124,fpq,1,fp_unconditional,5
sonnet,text,fpq_125,fpq,1,fp_unconditional,2
sonnet,text,fpq_126,fpq,1,fp_unconditional,5
sonnet,text,fpq_127,fpq,1,fp_unconditional,5
sonnet,text,fpq_128,fpq,0,plain,5
sonnet,text,fpq_129,fpq,1,fp_unconditional,5
sonnet,text,fpq_13,fpq,1,fp_unconditional,5
sonnet,text,fpq_130,fpq,1,fp_unconditional,5
sonnet,text,fpq_131,fpq,1,fp_unconditional,2
sonnet,text,fpq_133,fpq,1,fp_unconditional,5
sonnet,text,fpq_134,fpq,1,fp_unconditional,5
sonnet,text,fpq_135,fpq,1,fp_unconditional,5
sonnet,text,fpq_136,fpq,1,fp_unconditional,5
sonnet,text,fpq_137,fpq,1,fp_unconditional,5
sonnet,text,fpq_138,fpq,1,fp_unconditional,2
sonnet,text,fpq_139,fpq,1,fp_unconditional,4
sonnet,text,fpq_14,fpq,1,fp_unconditional,5
sonnet,text,fpq_140,fpq,1,fp_unconditional,4
sonnet,text,fpq_141,fpq,1,fp_unconditional,4
sonnet,text,fpq_142,fpq,1,fp_unconditional,5
sonnet,text,fpq_143,fpq,1,fp_unconditional,5
sonnet,text,fpq_144,fpq,1,fp_unconditional,5
sonnet,text,fpq_145,fpq,1,fp_unconditional,5
sonnet,text,fpq_146,fpq,1,fp_unconditional,5
sonnet,text,fpq_147,fpq,1,fp_unconditional,5
sonnet,text,fpq_148,fpq,1,fp_unconditional,5
sonnet,text,fpq_149,fpq,1,fp_unconditional,5
sonnet,text,fpq_15,fpq,1,fp_unconditional,5
sonnet,text,fpq_152,fpq,1,fp_unconditional,4
sonnet,text,fpq_153,fpq,1,fp_unconditional,5
sonnet,text,fpq_155,fpq,1,fp_unconditional,5
sonnet,text,fpq_156,fpq,1,fp_unconditional,5
sonnet,text,fpq_157,fpq,1,fp_unconditional,5
sonnet,text,fpq_158,fpq,1,fp_unconditional,5
sonnet,text,fpq_159,fpq,1,fp_unconditional,1
sonnet,text,fpq_16,fpq,1,fp_unconditional,5
sonnet,text,fpq_160,fpq,1,fp_unconditional,5
sonnet,text,fpq_163,fpq,1,fp_unconditional,4
sonnet,text,fpq_164,fpq,1,fp_unconditional,1
sonnet,text,fpq_165,fpq,1,fp_unconditional,5
sonnet,text,fpq_166,fpq,1,fp_unconditional,1
sonnet,text,fpq_167,fpq,1,fp_unconditional,1
sonnet,text,fpq_168,fpq,1,fp_unconditional,3
sonnet,text,fpq_169,fpq,1,fp_unconditional,5
sonnet,text,fpq_17,fpq,1,fp_unconditional,5
sonnet,text,fpq_170,fpq,1,fp_unconditional,5
sonnet,text,fpq_173,fpq,1,fp_unconditional,5
sonnet,text,fpq_174,fpq,1,fp_unconditional,5
sonnet,text,fpq_175,fpq,0,plain,5
sonnet,text,fpq_176,fpq,1,fp_unconditional,2
sonnet,text,fpq_177,fpq,1,fp_unconditional,1
sonnet,text,fpq_178,fpq,1,fp_unconditional,5
sonnet,text,fpq_179,fpq,1,fp_unconditional,5
sonnet,text,fpq_18,fpq,1,fp_unconditional,5
sonnet,text,fpq_180,fpq,1,fp_unconditional,5
sonnet,text,fpq_181,fpq,1,fp_unconditional,5
sonnet,text,fpq_182,fpq,1,fp_unconditional,5
sonnet,text,fpq_184,fpq,1,fp_unconditional,4
sonnet,text,fpq_185,fpq,0,plain,5
sonnet,text,fpq_186,fpq,1,fp_unconditional,5
sonnet,text,fpq_188,fpq,0,plain,5
sonnet,text,fpq_189,fpq,1,fp_unconditional,5
sonnet,text,fpq_19,fpq,1,fp_unconditional,5
sonnet,text,fpq_190,fpq,1,fp_unconditional,5
sonnet,text,fpq_191,fpq,1,fp_unconditional,5
sonnet,text,fpq_192,fpq,1,fp_unconditional,5
sonnet,text,fpq_193,fpq,1,fp_unconditional,5
sonnet,text,fpq_194,fpq,1,fp_unconditional,5
sonnet,text,fpq_195,fpq,1,fp_unconditional,4
sonnet,text,fpq_196,fpq,1,fp_unconditional,5
sonnet,text,fpq_197,fpq,1,fp_unconditional,5
sonnet,text,fpq_198,fpq,1,fp_unconditional,5
sonnet,text,fpq_2,fpq,1,fp_unconditional,5
sonnet,text,fpq_20,fpq,1,fp_unconditional,5
sonnet,text,fpq_200,fpq,1,fp_unconditional,5
sonnet,text,fpq_201,fpq,1,fp_unconditional,5
sonnet,text,fpq_202,fpq,1,fp_unconditional,5
sonnet,text,fpq_204,fpq,1,fp_unconditional,5
sonnet,text,fpq_205,fpq,1,fp_unconditional,5
sonnet,text,fpq_206,fpq,1,fp_unconditional,5
sonnet,text,fpq_207,fpq,1,fp_unconditional,5
sonnet,text,fpq_208,fpq,1,fp_unconditional,5
sonnet,text,fpq_21,fpq,1,fp_unconditional,5
sonnet,text,fpq_216,fpq,0,plain,1
sonnet,text,fpq_217,fpq,1,fp_unconditional,2
sonnet,text,fpq_218,fpq,1,fp_unconditional,5
sonnet,text,fpq_219,fpq,1,fp_unconditional,5
sonnet,text,fpq_22,fpq,1,fp_unconditional,5
sonnet,text,fpq_220,fpq,1,fp_unconditional,5
sonnet,text,fpq_221,fpq,1,fp_unconditional,1
sonnet,text,fpq_222,fpq,1,fp_unconditional,5
sonnet,text,fpq_223,fpq,1,fp_unconditional,5
sonnet,text,fpq_224,fpq,1,fp_unconditional,5
sonnet,text,fpq_225,fpq,0,plain,5
sonnet,text,fpq_226,fpq,1,fp_unconditional,5
sonnet,text,fpq_227,fpq,1,fp_unconditional,4
sonnet,text,fpq_228,fpq,1,fp_unconditional,5
sonnet,text,fpq_229,fpq,1,fp_unconditional,5
sonnet,text,fpq_23,fpq,1,fp_unconditional,4
sonnet,text,fpq_230,fpq,1,fp_unconditional,5
sonnet,text,fpq_231,fpq,1,fp_unconditional,5
sonnet,text,fpq_232,fpq,1,fp_unconditional,5
sonnet,text,fpq_233,fpq,1,fp_unconditional,5
sonnet,text,fpq_234,fpq,1,fp_unconditional,5
sonnet,text,fpq_236,fpq,1,fp_unconditional,1
sonnet,text,fpq_237,fpq,1,fp_unconditional,5
sonnet,text,fpq_238,fpq,1,fp_unconditional,5
sonnet,text,fpq_239,fpq,0,plain,5
sonnet,text,fpq_24,fpq,1,fp_unconditional,5
sonnet,text,fpq_240,fpq,1,fp_unconditional,5
sonnet,text,fpq_241,fpq,0,plain,1
sonnet,text,fpq_244,fpq,1,fp_unconditional,5
sonnet,text,fpq_245,fpq,1,fp_unconditional,5
sonnet,text,fpq_246,fpq,0,plain,2
sonnet,text,fpq_247,fpq,1,fp_unconditional,5
sonnet,text,fpq_248,fpq,1,fp_unconditional,5
sonnet,text,fpq_249,fpq,1,fp_unconditional,5
sonnet,text,fpq_25,fpq,1,fp_unconditional,5
sonnet,text,fpq_250,fpq,1,fp_unconditional,5
sonnet,text,fpq_251,fpq,1,fp_unconditional,5
sonnet,text,fpq_252,fpq,1,fp_unconditional,5
sonnet,text,fpq_253,fpq,0,plain,5
sonnet,text,fpq_254,fpq,1,fp_unconditional,5
sonnet,text,fpq_255,fpq,1,fp_unconditional,5
sonnet,text,fpq_256,fpq,1,fp_unconditional,5
sonnet,text,fpq_257,fpq,0,plain,1
sonnet,text,fpq_258,fpq,1,fp_unconditional,5
sonnet,text,fpq_259,fpq,1,fp_unconditional,4
sonnet,text,fpq_26,fpq,1,fp_unconditional,5
sonnet,text,fpq_260,fpq,1,fp_unconditional,5
sonnet,text,fpq_261,fpq,1,fp_unconditional,5
sonnet,text,fpq_262,fpq,1,fp_unconditional,5
sonnet,text,fpq_263,fpq,0,plain,5
sonnet,text,fpq_264,fpq,0,plain,5
sonnet,text,fpq_265,fpq,1,fp_unconditional,5
sonnet,text,fpq_266,fpq,1,fp_unconditional,5
sonnet,text,fpq_267,fpq,1,fp_unconditional,5
sonnet,text,fpq_268,fpq,0,plain,5
sonnet,text,fpq_269,fpq,1,fp_unconditional,5
sonnet,text,fpq_27,fpq,1,fp_unconditional,5
sonnet,text,fpq_270,fpq,1,fp_unconditional,5
sonnet,text,fpq_271,fpq,1,fp_unconditional,5
sonnet,text,fpq_272,fpq,1,fp_unconditional,5
sonnet,text,fpq_273,fpq,0,plain,5
sonnet,text,fpq_274,fpq,1,fp_unconditional,5
sonnet,text,fpq_275,fpq,1,fp_unconditional,5
sonnet,text,fpq_276,fpq,1,fp_unconditional,5
sonnet,text,fpq_277,fpq,1,fp_unconditional,5
sonnet,text,fpq_278,fpq,1,fp_unconditional,5
sonnet,text,fpq_279,fpq,1,fp_unconditional,5
sonnet,text,fpq_28,fpq,1,fp_unconditional,5
sonnet,text,fpq_283,fpq,0,plain,2
sonnet,text,fpq_285,fpq,0,plain,1
sonnet,text,fpq_286,fpq,0,plain,5
sonnet,text,fpq_287,fpq,1,fp_unconditional,5
sonnet,text,fpq_288,fpq,0,plain,5
sonnet,text,fpq_289,fpq,1,fp_unconditional,5
sonnet,text,fpq_29,fpq,1,fp_unconditional,5
sonnet,text,fpq_290,fpq,0,plain,5
sonnet,text,fpq_291,fpq,0,plain,5
sonnet,text,fpq_292,fpq,1,fp_unconditional,5
sonnet,text,fpq_293,fpq,1,fp_unconditional,5
sonnet,text,fpq_294,fpq,1,fp_unconditional,5
sonnet,text,fpq_295,fpq,0,plain,1
sonnet,text,fpq_296,fpq,0,plain,1
sonnet,text,fpq_297,fpq,1,fp_unconditional,5
sonnet,text,fpq_3,fpq,1,fp_unconditional,5
sonnet,text,fpq_30,fpq,1,fp_unconditional,5
sonnet,text,fpq_302,fpq,1,fp_unconditional,5
sonnet,text,fpq_303,fpq,1,fp_unconditional,5
sonnet,text,fpq_304,fpq,1,fp_unconditional,5
sonnet,text,fpq_305,fpq,1,fp_unconditional,5
sonnet,text,fpq_306,fpq,0,plain,1
sonnet,text,fpq_307,fpq,1,fp_unconditional,5
sonnet,text,fpq_308,fpq,1,fp_unconditional,5
sonnet,text,fpq_309,fpq,1,fp_unconditional,5
sonnet,text,fpq_31,fpq,1,fp_unconditional,5
sonnet,text,fpq_311,fpq,1,fp_unconditional,5
sonnet,text,fpq_312,fpq,0,plain,1
sonnet,text,fpq_313,fpq,1,fp_unconditional,5
sonnet,text,fpq_314,fpq,1,fp_unconditional,5
sonnet,text,fpq_315,fpq,1,fp_unconditional,5
sonnet,text,fpq_316,fpq,1,fp_unconditional,5
sonnet,text,fpq_317,fpq,1,fp_unconditional,5
sonnet,text,fpq_318,fpq,1,fp_unconditional,4
sonnet,text,fpq_319,fpq,1,fp_unconditional,1
sonnet,text,fpq_32,fpq,1,fp_unconditional,5
sonnet,text,fpq_320,fpq,1,fp_unconditional,5
sonnet,text,fpq_321,fpq,1,fp_unconditional,5
sonnet,text,fpq_325,fpq,1,fp_unconditional,5
sonnet,text,fpq_326,fpq,1,fp_unconditional,2
sonnet,text,fpq_327,fpq,0,plain,5
sonnet,text,fpq_33,fpq,1,fp_unconditional,5
sonnet,text,fpq_336,fpq,1,fp_unconditional,5
sonnet,text,fpq_34,fpq,1,fp_unconditional,5
sonnet,text,fpq_342,fpq,1,fp_unconditional,1
sonnet,text,fpq_343,fpq,1,fp_unconditional,5
sonnet,text,fpq_344,fpq,1,fp_unconditional,1
sonnet,text,fpq_348,fpq,1,fp_unconditional,5
sonnet,text,fpq_35,fpq,1,fp_unconditional,5
sonnet,text,fpq_350,fpq,1,fp_unconditional,5
sonnet,text,fpq_353,fpq,1,fp_unconditional,5
sonnet,text,fpq_354,fpq,1,fp_unconditional,5
sonnet,text,fpq_357,fpq,0,plain,4
sonnet,text,fpq_358,fpq,0,plain,3
sonnet,text,fpq_359,fpq,1,fp_unconditional,5
sonnet,text,fpq_36,fpq,1,fp_unconditional,5
sonnet,text,fpq_361,fpq,1,fp_unconditional,5
sonnet,text,fpq_362,fpq,0,plain,1
sonnet,text,fpq_366,fpq,0,plain,1
sonnet,text,fpq_368,fpq,1,fp_unconditional,5
sonnet,text,fpq_37,fpq,1,fp_unconditional,5
sonnet,text,fpq_376,fpq,0,plain,5
sonnet,text,fpq_378,fpq,0,plain,5
sonnet,text,fpq_379,fpq,0,plain,5
sonnet,text,fpq_38,fpq,1,fp_unconditional,5
sonnet,text,fpq_380,fpq,0,plain,5
sonnet,text,fpq_383,fpq,0,plain,3
sonnet,text,fpq_385,fpq,1,fp_unconditional,5
sonnet,text,fpq_386,fpq,1,fp_unconditional,5
sonnet,text,fpq_387,fpq,1,fp_unconditional,5
sonnet,text,fpq_388,fpq,1,fp_unconditional,5
sonnet,text,fpq_389,fpq,1,fp_unconditional,5
sonnet,text,fpq_39,fpq,1,fp_unconditional,5
sonnet,text,fpq_390,fpq,1,fp_unconditional,5
sonnet,text,fpq_391,fpq,1,fp_unconditional,5
sonnet,text,fpq_392,fpq,1,fp_unconditional,5
sonnet,text,fpq_394,fpq,1,fp_unconditional,5
sonnet,text,fpq_395,fpq,0,plain,5
sonnet,text,fpq_396,fpq,1,fp_unconditional,5
sonnet,text,fpq_397,fpq,1,fp_unconditional,5
sonnet,text,fpq_398,fpq,1,fp_unconditional,5
sonnet,text,fpq_399,fpq,1,fp_unconditional,5
sonnet,text,fpq_4,fpq,1,fp_unconditional,5
sonnet,text,fpq_40,fpq,1,fp_unconditional,5
sonnet,text,fpq_400,fpq,1,fp_unconditional,5
sonnet,text,fpq_403,fpq,1,fp_unconditional,5
sonnet,text,fpq_405,fpq,1,fp_unconditional,5
sonnet,text,fpq_407,fpq,0,plain,5
sonnet,text,fpq_408,fpq,1,fp_unconditional,5
sonnet,text,fpq_41,fpq,1,fp_unconditional,5
sonnet,text,fpq_415,fpq,1,fp_unconditional,5
sonnet,text,fpq_416,fpq,1,fp_unconditional,5
sonnet,text,fpq_417,fpq,0,plain,1
sonnet,text,fpq_42,fpq,1,fp_unconditional,5
sonnet,text,fpq_420,fpq,1,fp_unconditional,1
sonnet,text,fpq_421,fpq,1,fp_unconditional,4
sonnet,text,fpq_422,fpq,1,fp_unconditional,5
sonnet,text,fpq_423,fpq,1,fp_unconditional,5
sonnet,text,fpq_425,fpq,1,fp_unconditional,5
sonnet,text,fpq_426,fpq,1,fp_unconditional,5
sonnet,text,fpq_428,fpq,1,fp_unconditional,5
sonnet,text,fpq_429,fpq,1,fp_unconditional,5
sonnet,text,fpq_43,fpq,1,fp_unconditional,5
sonnet,text,fpq_434,fpq,1,fp_unconditional,5
sonnet,text,fpq_436,fpq,1,fp_unconditional,5
sonnet,text,fpq_438,fpq,1,fp_unconditional,1
sonnet,text,fpq_439,fpq,1,fp_unconditional,5
sonnet,text,fpq_44,fpq,1,fp_unconditional,5
sonnet,text,fpq_443,fpq,1,fp_unconditional,5
sonnet,text,fpq_445,fpq,1,fp_unconditional,5
sonnet,text,fpq_446,fpq,1,fp_unconditional,5
sonnet,text,fpq_45,fpq,1,fp_unconditional,5
sonnet,text,fpq_459,fpq,0,plain,5
sonnet,text,fpq_46,fpq,1,fp_unconditional,5
sonnet,text,fpq_460,fpq,0,plain,1
sonnet,text,fpq_462,fpq,0,plain,4
sonnet,text,fpq_467,fpq,0,plain,5
sonnet,text,fpq_47,fpq,1,fp_unconditional,5
sonnet,text,fpq_472,fpq,1,fp_unconditional,5
sonnet,text,fpq_473,fpq,0,plain,5
sonnet,text,fpq_474,fpq,0,plain,5
sonnet,text,fpq_477,fpq,0,plain,5
sonnet,text,fpq_479,fpq,1,fp_unconditional,5
sonnet,text,fpq_48,fpq,1,fp_unconditional,1
sonnet,text,fpq_484,fpq,1,fp_unconditional,5
sonnet,text,fpq_485,fpq,1,fp_unconditional,5
sonnet,text,fpq_487,fpq,0,plain,5
sonnet,text,fpq_488,fpq,0,plain,4
sonnet,text,fpq_49,fpq,1,fp_unconditional,2
sonnet,text,fpq_492,fpq,1,fp_unconditional,5
sonnet,text,fpq_493,fpq,1,fp_unconditional,3
sonnet,text,fpq_494,fpq,1,fp_unconditional,5
sonnet,text,fpq_495,fpq,1,fp_unconditional,5
sonnet,text,fpq_497,fpq,1,fp_unconditional,5
sonnet,text,fpq_499,fpq,1,fp_unconditional,5
sonnet,text,fpq_5,fpq,1,fp_unconditional,1
sonnet,text,fpq_50,fpq,1,fp_unconditional,1
sonnet,text,fpq_500,fpq,0,plain,5
sonnet,text,fpq_501,fpq,0,plain,5
sonnet,text,fpq_502,fpq,1,fp_unconditional,5
sonnet,text,fpq_505,fpq,1,fp_unconditional,5
sonnet,text,fpq_506,fpq,1,fp_unconditional,5
sonnet,text,fpq_507,fpq,1,fp_unconditional,5
sonnet,text,fpq_51,fpq,1,fp_unconditional,5
sonnet,text,fpq_512,fpq,1,fp_unconditional,4
sonnet,text,fpq_514,fpq,1,fp_unconditional,2
sonnet,text,fpq_516,fpq,1,fp_unconditional,5
sonnet,text,fpq_517,fpq,1,fp_unconditional,5
sonnet,text,fpq_52,fpq,1,fp_unconditional,5
sonnet,text,fpq_521,fpq,1,fp_unconditional,5
sonnet,text,fpq_522,fpq,0,plain,2
sonnet,text,fpq_524,fpq,1,fp_unconditional,5
sonnet,text,fpq_525,fpq,1,fp_unconditional,5
sonnet,text,fpq_53,fpq,1,fp_unconditional,5
sonnet,text,fpq_530,fpq,1,fp_unconditional,5
sonnet,text,fpq_531,fpq,1,fp_unconditional,5
sonnet,text,fpq_534,fpq,1,fp_unconditional,5
sonnet,text,fpq_535,fpq,1,fp_unconditional,5
sonnet,text,fpq_54,fpq,1,fp_unconditional,5
sonnet,text,fpq_542,fpq,0,plain,2
sonnet,text,fpq_543,fpq,1,fp_unconditional,5
sonnet,text,fpq_546,fpq,0,plain,1
sonnet,text,fpq_547,fpq,1,fp_unconditional,3
sonnet,text,fpq_549,fpq,1,fp_unconditional,5
sonnet,text,fpq_55,fpq,1,fp_unconditional,5
sonnet,text,fpq_550,fpq,1,fp_unconditional,5
sonnet,text,fpq_552,fpq,1,fp_unconditional,5
sonnet,text,fpq_556,fpq,1,fp_unconditional,5
sonnet,text,fpq_557,fpq,1,fp_unconditional,5
sonnet,text,fpq_558,fpq,1,fp_unconditional,5
sonnet,text,fpq_559,fpq,1,fp_unconditional,5
sonnet,text,fpq_56,fpq,1,fp_unconditional,5
sonnet,text,fpq_560,fpq,1,fp_unconditional,5
sonnet,text,fpq_563,fpq,1,fp_unconditional,5
sonnet,text,fpq_564,fpq,1,fp_unconditional,2
sonnet,text,fpq_565,fpq,1,fp_unconditional,5
sonnet,text,fpq_566,fpq,0,plain,5
sonnet,text,fpq_57,fpq,1,fp_unconditional,5
sonnet,text,fpq_570,fpq,1,fp_unconditional,5
sonnet,text,fpq_572,fpq,1,fp_unconditional,5
sonnet,text,fpq_574,fpq,0,plain,5
sonnet,text,fpq_58,fpq,1,fp_unconditional,5
sonnet,text,fpq_580,fpq,1,fp_unconditional,5
sonnet,text,fpq_583,fpq,1,fp_unconditional,5
sonnet,text,fpq_584,fpq,1,fp_unconditional,5
sonnet,text,fpq_586,fpq,1,fp_unconditional,5
sonnet,text,fpq_59,fpq,1,fp_unconditional,5
sonnet,text,fpq_593,fpq,1,fp_unconditional,5
sonnet,text,fpq_595,fpq,1,fp_unconditional,5
sonnet,text,fpq_596,fpq,1,fp_unconditional,5
sonnet,text,fpq_598,fpq,1,fp_unconditional,5
sonnet,text,fpq_6,fpq,1,fp_unconditional,5
sonnet,text,fpq_60,fpq,1,fp_unconditional,5
sonnet,text,fpq_600,fpq,1,fp_unconditional,5
sonnet,text,fpq_601,fpq,1,fp_unconditional,5
sonnet,text,fpq_603,fpq,1,fp_unconditional,5
sonnet,text,fpq_604,fpq,1,fp_unconditional,5
sonnet,text,fpq_606,fpq,1,fp_unconditional,5
sonnet,text,fpq_607,fpq,1,fp_unconditional,5
sonnet,text,fpq_608,fpq,1,fp_unconditional,5
sonnet,text,fpq_609,fpq,1,fp_unconditional,1
sonnet,text,fpq_61,fpq,1,fp_unconditional,5
sonnet,text,fpq_610,fpq,1,fp_unconditional,5
sonnet,text,fpq_611,fpq,1,fp_unconditional,5
sonnet,text,fpq_612,fpq,1,fp_unconditional,5
sonnet,text,fpq_613,fpq,1,fp_unconditional,5
sonnet,text,fpq_614,fpq,1,fp_unconditional,5
sonnet,text,fpq_615,fpq,1,fp_unconditional,5
sonnet,text,fpq_616,fpq,1,fp_unconditional,5
sonnet,text,fpq_617,fpq,1,fp_unconditional,5
sonnet,text,fpq_618,fpq,1,fp_unconditional,5
sonnet,text,fpq_619,fpq,1,fp_unconditional,5
sonnet,text,fpq_62,fpq,1,fp_unconditional,5
sonnet,text,fpq_620,fpq,1,fp_unconditional,3
sonnet,text,fpq_621,fpq,1,fp_unconditional,5
sonnet,text,fpq_622,fpq,0,plain,5
sonnet,text,fpq_623,fpq,1,fp_unconditional,5
sonnet,text,fpq_624,fpq,1,fp_unconditional,5
sonnet,text,fpq_625,fpq,1,fp_unconditional,5
sonnet,text,fpq_626,fpq,1,fp_unconditional,5
sonnet,text,fpq_628,fpq,1,fp_unconditional,5
sonnet,text,fpq_629,fpq,1,fp_unconditional,5
sonnet,text,fpq_63,fpq,1,fp_unconditional,5
sonnet,text,fpq_630,fpq,1,fp_unconditional,5
sonnet,text,fpq_631,fpq,0,plain,5
sonnet,text,fpq_632,fpq,1,fp_unconditional,5
sonnet,text,fpq_633,fpq,0,plain,5
sonnet,text,fpq_634,fpq,1,fp_unconditional,5
sonnet,text,fpq_635,fpq,0,plain,1
sonnet,text,fpq_636,fpq,1,fp_unconditional,5
sonnet,text,fpq_638,fpq,1,fp_unconditional,5
sonnet,text,fpq_639,fpq,1,fp_unconditional,5
sonnet,text,fpq_64,fpq,1,fp_unconditional,5
sonnet,text,fpq_640,fpq,1,fp_unconditional,4
sonnet,text,fpq_641,fpq,1,fp_unconditional,5
sonnet,text,fpq_643,fpq,1,fp_unconditional,5
sonnet,text,fpq_644,fpq,1,fp_unconditional,1
sonnet,text,fpq_645,fpq,1,fp_unconditional,5
sonnet,text,fpq_646,fpq,1,fp_unconditional,2
sonnet,text,fpq_647,fpq,1,fp_unconditional,5
sonnet,text,fpq_649,fpq,1,fp_unconditional,1
sonnet,text,fpq_65,fpq,1,fp_unconditional,5
sonnet,text,fpq_650,fpq,0,plain,5
sonnet,text,fpq_652,fpq,1,fp_unconditional,5
sonnet,text,fpq_653,fpq,1,fp_unconditional,3
sonnet,text,fpq_654,fpq,1,fp_unconditional,3
sonnet,text,fpq_655,fpq,1,fp_unconditional,5
sonnet,text,fpq_657,fpq,1,fp_unconditional,5
sonnet,text,fpq_659,fpq,1,fp_unconditional,5
sonnet,text,fpq_66,fpq,1,fp_unconditional,2
sonnet,text,fpq_661,fpq,1,fp_unconditional,5
sonnet,text,fpq_662,fpq,1,fp_unconditional,1
sonnet,text,fpq_663,fpq,0,plain,1
sonnet,text,fpq_666,fpq,0,plain,5
sonnet,text,fpq_669,fpq,0,plain,1
sonnet,text,fpq_67,fpq,1,fp_unconditional,5
sonnet,text,fpq_671,fpq,1,fp_unconditional,5
sonnet,text,fpq_675,fpq,1,fp_unconditional,5
sonnet,text,fpq_676,fpq,1,fp_unconditional,5
sonnet,text,fpq_677,fpq,1,fp_unconditional,5
sonnet,text,fpq_678,fpq,1,fp_unconditional,5
sonnet,text,fpq_68,fpq,1,fp_unconditional,5
sonnet,text,fpq_682,fpq,1,fp_unconditional,2
sonnet,text,fpq_685,fpq,1,fp_unconditional,5
sonnet,text,fpq_687,fpq,1,fp_unconditional,1
sonnet,text,fpq_689,fpq,1,fp_unconditional,5
sonnet,text,fpq_69,fpq,1,fp_unconditional,5
sonnet,text,fpq_690,fpq,1,fp_unconditional,5
sonnet,text,fpq_691,fpq,1,fp_unconditional,5
sonnet,text,fpq_692,fpq,1,fp_unconditional,5
sonnet,text,fpq_694,fpq,1,fp_unconditional,5
sonnet,text,fpq_695,fpq,1,fp_unconditional,5
sonnet,text,fpq_696,fpq,1,fp_unconditional,5
sonnet,text,fpq_697,fpq,1,fp_unconditional,5
sonnet,text,fpq_699,fpq,0,plain,5
sonnet,text,fpq_7,fpq,1,fp_unconditional,5
sonnet,text,fpq_70,fpq,1,fp_unconditional,5
sonnet,text,fpq_702,fpq,1,fp_unconditional,5
sonnet,text,fpq_703,fpq,1,fp_unconditional,5
sonnet,text,fpq_704,fpq,1,fp_unconditional,5
sonnet,text,fpq_705,fpq,1,fp_unconditional,5
sonnet,text,fpq_706,fpq,1,fp_unconditional,5
sonnet,text,fpq_71,fpq,1,fp_unconditional,5
sonnet,text,fpq_712,fpq,1,fp_unconditional,5
sonnet,text,fpq_713,fpq,0,plain,1
sonnet,text,fpq_72,fpq,1,fp_unconditional,2
sonnet,text,fpq_721,fpq,0,plain,5
sonnet,text,fpq_722,fpq,1,fp_unconditional,5
sonnet,text,fpq_723,fpq,1,fp_unconditional,5
sonnet,text,fpq_724,fpq,1,fp_unconditional,5
sonnet,text,fpq_725,fpq,1,fp_unconditional,5
sonnet,text,fpq_726,fpq,1,fp_unconditional,5
sonnet,text,fpq_727,fpq,1,fp_unconditional,5
sonnet,text,fpq_728,fpq,1,fp_unconditional,5
sonnet,text,fpq_729,fpq,1,fp_unconditional,1
sonnet,text,fpq_73,fpq,1,fp_unconditional,5
sonnet,text,fpq_730,fpq,1,fp_unconditional,5
sonnet,text,fpq_735,fpq,1,fp_unconditional,5
sonnet,text,fpq_736,fpq,1,fp_unconditional,5
sonnet,text,fpq_738,fpq,1,fp_unconditional,5
sonnet,text,fpq_739,fpq,1,fp_unconditional,5
sonnet,text,fpq_74,fpq,1,fp_unconditional,5
sonnet,text,fpq_740,fpq,1,fp_unconditional,5
sonnet,text,fpq_741,fpq,1,fp_unconditional,5
sonnet,text,fpq_743,fpq,1,fp_unconditional,5
sonnet,text,fpq_744,fpq,1,fp_unconditional,5
sonnet,text,fpq_745,fpq,1,fp_unconditional,5
sonnet,text,fpq_746,fpq,1,fp_unconditional,5
sonnet,text,fpq_747,fpq,1,fp_unconditional,5
sonnet,text,fpq_749,fpq,1,fp_unconditional,5
sonnet,text,fpq_75,fpq,1,fp_unconditional,4
sonnet,text,fpq_750,fpq,1,fp_unconditional,4
sonnet,text,fpq_751,fpq,0,plain,5
sonnet,text,fpq_753,fpq,1,fp_unconditional,5
sonnet,text,fpq_754,fpq,1,fp_unconditional,5
sonnet,text,fpq_755,fpq,0,plain,5
sonnet,text,fpq_76,fpq,1,fp_unconditional,5
sonnet,text,fpq_761,fpq,1,fp_unconditional,5
sonnet,text,fpq_762,fpq,1,fp_unconditional,5
sonnet,text,fpq_763,fpq,1,fp_unconditional,5
sonnet,text,fpq_764,fpq,1,fp_unconditional,5
sonnet,text,fpq_77,fpq,1,fp_unconditional,5
sonnet,text,fpq_771,fpq,1,fp_unconditional,5
sonnet,text,fpq_772,fpq,1,fp_unconditional,5
sonnet,text,fpq_773,fpq,1,fp_unconditional,5
sonnet,text,fpq_774,fpq,1,fp_unconditional,5
sonnet,text,fpq_775,fpq,0,plain,5
sonnet,text,fpq_776,fpq,0,plain,5
sonnet,text,fpq_777,fpq,1,fp_unconditional,5
sonnet,text,fpq_778,fpq,1,fp_unconditional,5
sonnet,text,fpq_78,fpq,1,fp_unconditional,5
sonnet,text,fpq_780,fpq,1,fp_unconditional,5
sonnet,text,fpq_781,fpq,0,plain,5
sonnet,text,fpq_789,fpq,1,fp_unconditional,5
sonnet,text,fpq_794,fpq,1,fp_unconditional,5
sonnet,text,fpq_797,fpq,1,fp_unconditional,5
sonnet,text,fpq_798,fpq,1,fp_unconditional,5
sonnet,text,fpq_799,fpq,1,fp_unconditional,1
sonnet,text,fpq_8,fpq,1,fp_unconditional,5
sonnet,text,fpq_80,fpq,1,fp_unconditional,5
sonnet,text,fpq_801,fpq,0,plain,1
sonnet,text,fpq_802,fpq,1,fp_unconditional,5
sonnet,text,fpq_804,fpq,0,plain,1
sonnet,text,fpq_805,fpq,1,fp_unconditional,4
sonnet,text,fpq_806,fpq,0,plain,1
sonnet,text,fpq_807,fpq,1,fp_unconditional,2
sonnet,text,fpq_808,fpq,1,fp_unconditional,5
sonnet,text,fpq_81,fpq,1,fp_unconditional,5
sonnet,text,fpq_813,fpq,1,fp_unconditional,5
sonnet,text,fpq_814,fpq,0,plain,5
sonnet,text,fpq_817,fpq,1,fp_unconditional,5
sonnet,text,fpq_818,fpq,1,fp_unconditional,5
sonnet,text,fpq_82,fpq,0,plain,5
sonnet,text,fpq_820,fpq,1,fp_unconditional,5
sonnet,text,fpq_823,fpq,1,fp_unconditional,5
sonnet,text,fpq_824,fpq,1,fp_unconditional,5
sonnet,text,fpq_827,fpq,1,fp_unconditional,2
sonnet,text,fpq_828,fpq,1,fp_unconditional,4
sonnet,text,fpq_829,fpq,1,fp_unconditional,5
sonnet,text,fpq_830,fpq,1,fp_unconditional,4
sonnet,text,fpq_831,fpq,1,fp_unconditional,5
sonnet,text,fpq_832,fpq,1,fp_unconditional,5
sonnet,text,fpq_833,fpq,1,fp_unconditional,5
sonnet,text,fpq_834,fpq,1,fp_unconditional,5
sonnet,text,fpq_835,fpq,1,fp_unconditional,5
sonnet,text,fpq_836,fpq,1,fp_unconditional,5
sonnet,text,fpq_837,fpq,0,plain,1
sonnet,text,fpq_838,fpq,1,fp_unconditional,5
sonnet,text,fpq_839,fpq,1,fp_unconditional,5
sonnet,text,fpq_84,fpq,1,fp_unconditional,5
sonnet,text,fpq_840,fpq,1,fp_unconditional,5
sonnet,text,fpq_844,fpq,1,fp_unconditional,5
sonnet,text,fpq_846,fpq,1,fp_unconditional,5
sonnet,text,fpq_847,fpq,1,fp_unconditional,5
sonnet,text,fpq_848,fpq,1,fp_unconditional,4
sonnet,text,fpq_849,fpq,1,fp_unconditional,5
sonnet,text,fpq_85,fpq,1,fp_unconditional,4
sonnet,text,fpq_850,fpq,1,fp_unconditional,5
sonnet,text,fpq_851,fpq,1,fp_unconditional,5
sonnet,text,fpq_852,fpq,1,fp_unconditional,1
sonnet,text,fpq_854,fpq,1,fp_unconditional,1
sonnet,text,fpq_855,fpq,1,fp_unconditional,2
sonnet,text,fpq_858,fpq,1,fp_unconditional,5
sonnet,text,fpq_859,fpq,1,fp_unconditional,2
sonnet,text,fpq_860,fpq,1,fp_unconditional,1
sonnet,text,fpq_861,fpq,1,fp_unconditional,4
sonnet,text,fpq_862,fpq,1,fp_unconditional,4
sonnet,text,fpq_863,fpq,1,fp_unconditional,5
sonnet,text,fpq_864,fpq,1,fp_unconditional,5
sonnet,text,fpq_865,fpq,1,fp_unconditional,5
sonnet,text,fpq_866,fpq,0,plain,2
sonnet,text,fpq_869,fpq,1,fp_unconditional,5
sonnet,text,fpq_87,fpq,1,fp_unconditional,5
sonnet,text,fpq_870,fpq,1,fp_unconditional,1
sonnet,text,fpq_871,fpq,0,plain,1
sonnet,text,fpq_872,fpq,1,fp_unconditional,5
sonnet,text,fpq_88,fpq,1,fp_unconditional,5
sonnet,text,fpq_89,fpq,1,fp_unconditional,5
sonnet,text,fpq_9,fpq,1,fp_unconditional,5
sonnet,text,fpq_90,fpq,1,fp_unconditional,5
sonnet,text,fpq_91,fpq,1,fp_unconditional,5
sonnet,text,fpq_92,fpq,1,fp_unconditional,5
sonnet,text,fpq_94,fpq,1,fp_unconditional,5
sonnet,text,fpq_95,fpq,1,fp_unconditional,5
sonnet,text,fpq_96,fpq,0,plain,1
sonnet,text,fpq_97,fpq,1,fp_unconditional,5
sonnet,text,fpq_98,fpq,1,fp_unconditional,5
sonnet,text,fpq_99,fpq,1,fp_unconditional,5
sonnet,text,nfp_1000,nfp,1,fp_unconditional,2
sonnet,text,nfp_1001,nfp,1,fp_unconditional,1
sonnet,text,nfp_1002,nfp,1,fp_unconditional,1
sonnet,text,nfp_1003,nfp,0,plain,5
sonnet,text,nfp_1004,nfp,0,plain,3
sonnet,text,nfp_1005,nfp,1,fp_unconditional,2
sonnet,text,nfp_1006,nfp,0,plain,5
sonnet,text,nfp_1008,nfp,1,fp_unconditional,1
sonnet,text,nfp_1009,nfp,1,fp_unconditional,1
sonnet,text,nfp_1010,nfp,1,fp_unconditional,1
sonnet,text,nfp_1011,nfp,1,fp_unconditional,1
sonnet,text,nfp_1012,nfp,1,fp_unconditional,2
sonnet,text,nfp_1013,nfp,0,plain,5
sonnet,text,nfp_1014,nfp,1,fp_unconditional,2
sonnet,text,nfp_1015,nfp,1,fp_unconditional,1
sonnet,text,nfp_1016,nfp,1,fp_unconditional,2
sonnet,text,nfp_1017,nfp,1,fp_unconditional,2
sonnet,text,nfp_1018,nfp,1,fp_unconditional,1
sonnet,text,nfp_1019,nfp,1,fp_unconditional,2
sonnet,text,nfp_1020,nfp,1,fp_unconditional,1
sonnet,text,nfp_1021,nfp,1,fp_unconditional,2
sonnet,text,nfp_1022,nfp,1,fp_unconditional,2
sonnet,text,nfp_1023,nfp,1,fp_unconditional,2
sonnet,text,nfp_1024,nfp,0,plain,2
sonnet,text,nfp_1025,nfp,1,fp_unconditional,2
sonnet,text,nfp_1026,nfp,1,fp_unconditional,2
sonnet,text,nfp_1027,nfp,1,fp_unconditional,2
sonnet,text,nfp_1028,nfp,1,fp_unconditional,1
sonnet,text,nfp_1029,nfp,1,fp_unconditional,2
sonnet,text,nfp_1030,nfp,1,fp_unconditional,1
sonnet,text,nfp_1031,nfp,1,fp_unconditional,2
sonnet,text,nfp_1032,nfp,1,fp_unconditional,1
sonnet,text,nfp_1033,nfp,1,fp_unconditional,1
sonnet,text,nfp_1034,nfp,1,fp_unconditional,1
sonnet,text,nfp_1035,nfp,0,plain,5
sonnet,text,nfp_1036,nfp,0,plain,2
sonnet,text,nfp_1037,nfp,1,fp_unconditional,1
sonnet,text,nfp_1038,nfp,1,fp_unconditional,2
sonnet,text,nfp_1039,nfp,1,fp_unconditional,2
sonnet,text,nfp_1040,nfp,1,fp_unconditional,4
sonnet,text,nfp_1041,nfp,1,fp_unconditional,1
sonnet,text,nfp_1042,nfp,1,fp_unconditional,2
sonnet,text,nfp_1043,nfp,0,plain,5
sonnet,text,nfp_1044,nfp,0,plain,5
sonnet,text,nfp_1045,nfp,1,fp_unconditional,2
sonnet,text,nfp_1046,nfp,1,fp_unconditional,2
sonnet,text,nfp_1047,nfp,0,plain,4
sonnet,text,nfp_1048,nfp,0,plain,5
sonnet,text,nfp_1049,nfp,0,plain,4
sonnet,text,nfp_1050,nfp,1,fp_unconditional,2
sonnet,text,nfp_1051,nfp,0,plain,4
sonnet,text,nfp_1052,nfp,0,plain,4
sonnet,text,nfp_1053,nfp,1,fp_unconditional,1
sonnet,text,nfp_1054,nfp,0,plain,2
sonnet,text,nfp_1055,nfp,1,fp_unconditional,1
sonnet,text,nfp_1056,nfp,0,plain,5
sonnet,text,nfp_1057,nfp,1,fp_unconditional,1
sonnet,text,nfp_1058,nfp,0,plain,5
sonnet,text,nfp_1059,nfp,1,fp_unconditional,1
sonnet,text,nfp_1060,nfp,1,fp_unconditional,1
sonnet,text,nfp_1061,nfp,1,fp_unconditional,1
sonnet,text,nfp_1062,nfp,1,fp_unconditional,2
sonnet,text,nfp_1063,nfp,0,plain,4
sonnet,text,nfp_1064,nfp,1,fp_unconditional,2
sonnet,text,nfp_1065,nfp,1,fp_unconditional,2
sonnet,text,nfp_1066,nfp,1,fp_unconditional,2
sonnet,text,nfp_1067,nfp,1,fp_unconditional,1
sonnet,text,nfp_1068,nfp,1,fp_unconditional,2
sonnet,text,nfp_1069,nfp,1,fp_unconditional,2
sonnet,text,nfp_1070,nfp,0,plain,2
sonnet,text,nfp_1071,nfp,1,fp_unconditional,2
sonnet,text,nfp_1072,nfp,0,plain,2
sonnet,text,nfp_1073,nfp,1,fp_unconditional,2
sonnet,text,nfp_1074,nfp,1,fp_unconditional,2
sonnet,text,nfp_1075,nfp,1,fp_unconditional,2
sonnet,text,nfp_1076,nfp,1,fp_unconditional,1
sonnet,text,nfp_1077,nfp,0,plain,5
sonnet,text,nfp_1078,nfp,1,fp_unconditional,2
sonnet,text,nfp_1079,nfp,1,fp_unconditional,2
sonnet,text,nfp_1080,nfp,0,plain,1
sonnet,text,nfp_1081,nfp,1,fp_unconditional,2
sonnet,text,nfp_1082,nfp,1,fp_unconditional,1
sonnet,text,nfp_1083,nfp,1,fp_unconditional,2
sonnet,text,nfp_1084,nfp,0,plain,5
sonnet,text,nfp_1085,nfp,0,plain,5
sonnet,text,nfp_1086,nfp,0,plain,5
sonnet,text,nfp_1087,nfp,0,plain,5
sonnet,text,nfp_1088,nfp,0,plain,5
sonnet,text,nfp_1089,nfp,0,plain,2
sonnet,text,nfp_1090,nfp,0,plain,4
sonnet,text,nfp_1091,nfp,0,plain,3
sonnet,text,nfp_1092,nfp,1,fp_unconditional,2
sonnet,text,nfp_1093,nfp,0,plain,5
sonnet,text,nfp_1094,nfp,0,plain,5
sonnet,text,nfp_1095,nfp,0,plain,5
sonnet,text,nfp_1096,nfp,0,plain,2
sonnet,text,nfp_1097,nfp,0,plain,2
sonnet,text,nfp_1098,nfp,0,plain,5
sonnet,text,nfp_1099,nfp,1,fp_unconditional,2
sonnet,text,nfp_1100,nfp,0,plain,3
sonnet,text,nfp_1101,nfp,0,plain,4
sonnet,text,nfp_1102,nfp,0,plain,5
sonnet,text,nfp_1103,nfp,0,plain,5
sonnet,text,nfp_1104,nfp,0,plain,5
sonnet,text,nfp_1105,nfp,1,fp_unconditional,2
sonnet,text,nfp_1106,nfp,1,fp_unconditional,2
sonnet,text,nfp_1107,nfp,0,plain,1
sonnet,text,nfp_1108,nfp,0,plain,2
sonnet,text,nfp_1109,nfp,1,fp_unconditional,1
sonnet,text,nfp_1110,nfp,0,plain,5
sonnet,text,nfp_1111,nfp,0,plain,5
sonnet,text,nfp_1112,nfp,0,plain,5
sonnet,text,nfp_1113,nfp,1,fp_unconditional,2
sonnet,text,nfp_1114,nfp,1,fp_unconditional,4
sonnet,text,nfp_1115,nfp,0,plain,4
sonnet,text,nfp_1116,nfp,0,plain,2
sonnet,text,nfp_1117,nfp,1,fp_unconditional,2
sonnet,text,nfp_1118,nfp,0,plain,5
sonnet,text,nfp_1119,nfp,0,plain,5
sonnet,text,nfp_1120,nfp,0,plain,5
sonnet,text,nfp_1121,nfp,0,plain,5
sonnet,text,nfp_1122,nfp,0,plain,2
sonnet,text,nfp_1123,nfp,1,fp_unconditional,2
sonnet,text,nfp_1124,nfp,0,plain,2
sonnet,text,nfp_1125,nfp,0,plain,4
sonnet,text,nfp_1126,nfp,0,plain,5
sonnet,text,nfp_1127,nfp,0,plain,2
sonnet,text,nfp_1128,nfp,0,plain,4
sonnet,text,nfp_1129,nfp,0,plain,4
sonnet,text,nfp_1130,nfp,0,plain,1
sonnet,text,nfp_1131,nfp,0,plain,4
sonnet,text,nfp_1132,nfp,0,plain,5
sonnet,text,nfp_1133,nfp,0,plain,2
sonnet,text,nfp_1134,nfp,1,fp_unconditional,1
sonnet,text,nfp_1135,nfp,0,plain,5
sonnet,text,nfp_1136,nfp,1,fp_unconditional,2
sonnet,text,nfp_1137,nfp,1,fp_unconditional,2
sonnet,text,nfp_1138,nfp,0,plain,5
sonnet,text,nfp_1139,nfp,1,fp_unconditional,1
sonnet,text,nfp_1140,nfp,0,plain,2
sonnet,text,nfp_1141,nfp,0,plain,4
sonnet,text,nfp_1142,nfp,1,fp_unconditional,2
sonnet,text,nfp_1143,nfp,0,plain,5
sonnet,text,nfp_1144,nfp,0,plain,4
sonnet,text,nfp_1145,nfp,0,plain,5
sonnet,text,nfp_1146,nfp,0,plain,5
sonnet,text,nfp_1147,nfp,1,fp_unconditional,2
sonnet,text,nfp_1148,nfp,0,plain,2
sonnet,text,nfp_1149,nfp,0,plain,4
gemma,text,fpq_0,fpq,1,fp_unconditional,4
gemma,text,fpq_10,fpq,1,fp_unconditional,5
gemma,text,fpq_100,fpq,1,fp_unconditional,2
gemma,text,fpq_101,fpq,1,fp_unconditional,4
gemma,text,fpq_102,fpq,1,fp_unconditional,2
gemma,text,fpq_103,fpq,1,fp_unconditional,4
gemma,text,fpq_105,fpq,1,fp_unconditional,4
gemma,text,fpq_106,fpq,1,fp_unconditional,1
gemma,text,fpq_107,fpq,0,plain,1
gemma,text,fpq_108,fpq,1,fp_unconditional,4
gemma,text,fpq_109,fpq,1,fp_unconditional,4
gemma,text,fpq_11,fpq,1,fp_unconditional,5
gemma,text,fpq_110,fpq,1,fp_unconditional,4
gemma,text,fpq_111,fpq,1,fp_unconditional,4
gemma,text,fpq_112,fpq,1,fp_unconditional,3
gemma,text,fpq_113,fpq,1,fp_unconditional,4
gemma,text,fpq_114,fpq,1,fp_unconditional,4
gemma,text,fpq_115,fpq,0,plain,1
gemma,text,fpq_116,fpq,1,fp_unconditional,4
gemma,text,fpq_12,fpq,1,fp_unconditional,4
gemma,text,fpq_120,fpq,1,fp_unconditional,2
gemma,text,fpq_121,fpq,1,fp_unconditional,4
gemma,text,fpq_122,fpq,1,fp_unconditional,4
gemma,text,fpq_123,fpq,1,fp_unconditional,1
gemma,text,fpq_124,fpq,1,fp_unconditional,4
gemma,text,fpq_125,fpq,1,fp_unconditional,4
gemma,text,fpq_126,fpq,1,fp_unconditional,4
gemma,text,fpq_127,fpq,1,fp_unconditional,4
gemma,text,fpq_128,fpq,0,plain,1
gemma,text,fpq_129,fpq,1,fp_unconditional,4
gemma,text,fpq_13,fpq,1,fp_unconditional,1
gemma,text,fpq_130,fpq,1,fp_unconditional,5
gemma,text,fpq_131,fpq,1,fp_unconditional,1
gemma,text,fpq_133,fpq,1,fp_unconditional,2
gemma,text,fpq_134,fpq,1,fp_unconditional,4
gemma,text,fpq_135,fpq,1,fp_unconditional,4
gemma,text,fpq_136,fpq,1,fp_unconditional,5
gemma,text,fpq_137,fpq,1,fp_unconditional,4
gemma,text,fpq_138,fpq,1,fp_unconditional,4
gemma,text,fpq_139,fpq,1,fp_unconditional,5
gemma,text,fpq_14,fpq,1,fp_unconditional,3
gemma,text,fpq_140,fpq,1,fp_unconditional,2
gemma,text,fpq_141,fpq,1,fp_unconditional,4
gemma,text,fpq_142,fpq,1,fp_unconditional,2
gemma,text,fpq_143,fpq,1,fp_unconditional,4
gemma,text,fpq_144,fpq,1,fp_unconditional,5
gemma,text,fpq_145,fpq,1,fp_unconditional,4
gemma,text,fpq_146,fpq,1,fp_unconditional,4
gemma,text,fpq_147,fpq,1,fp_unconditional,4
gemma,text,fpq_148,fpq,1,fp_unconditional,5
gemma,text,fpq_149,fpq,1,fp_unconditional,5
gemma,text,fpq_15,fpq,1,fp_unconditional,1
gemma,text,fpq_152,fpq,1,fp_unconditional,4
gemma,text,fpq_153,fpq,1,fp_unconditional,1
gemma,text,fpq_155,fpq,1,fp_unconditional,4
gemma,text,fpq_156,fpq,1,fp_unconditional,4
gemma,text,fpq_157,fpq,1,fp_unconditional,4
gemma,text,fpq_158,fpq,1,fp_unconditional,5
gemma,text,fpq_159,fpq,1,fp_unconditional,1
gemma,text,fpq_16,fpq,1,fp_unconditional,4
gemma,text,fpq_160,fpq,1,fp_unconditional,2
gemma,text,fpq_163,fpq,1,fp_unconditional,4
gemma,text,fpq_164,fpq,1,fp_unconditional,2
gemma,text,fpq_165,fpq,1,fp_unconditional,3
gemma,text,fpq_166,fpq,1,fp_unconditional,4
gemma,text,fpq_167,fpq,1,fp_unconditional,1
gemma,text,fpq_168,fpq,1,fp_unconditional,4
gemma,text,fpq_169,fpq,1,fp_unconditional,4
gemma,text,fpq_17,fpq,1,fp_unconditional,5
gemma,text,fpq_170,fpq,1,fp_unconditional,4
gemma,text,fpq_173,fpq,1,fp_unconditional,4
gemma,text,fpq_174,fpq,1,fp_unconditional,4
gemma,text,fpq_175,fpq,0,plain,1
gemma,text,fpq_176,fpq,1,fp_unconditional,2
gemma,text,fpq_177,fpq,1,fp_unconditional,1
gemma,text,fpq_178,fpq,1,fp_unconditional,4
gemma,text,fpq_179,fpq,1,fp_unconditional,4
gemma,text,fpq_18,fpq,1,fp_unconditional,4
gemma,text,fpq_180,fpq,1,fp_unconditional,1
gemma,text,fpq_181,fpq,1,fp_unconditional,5
gemma,text,fpq_182,fpq,1,fp_unconditional,4
gemma,text,fpq_184,fpq,1,fp_unconditional,1
gemma,text,fpq_185,fpq,0,plain,1
gemma,text,fpq_186,fpq,1,fp_unconditional,4
gemma,text,fpq_188,fpq,0,plain,3
gemma,text,fpq_189,fpq,1,fp_unconditional,4
gemma,text,fpq_19,fpq,1,fp_unconditional,1
gemma,text,fpq_190,fpq,1,fp_unconditional,4
gemma,text,fpq_191,fpq,1,fp_unconditional,4
gemma,text,fpq_192,fpq,1,fp_unconditional,1
gemma,text,fpq_193,fpq,1,fp_unconditional,4
gemma,text,fpq_194,fpq,1,fp_unconditional,4
gemma,text,fpq_195,fpq,1,fp_unconditional,2
gemma,text,fpq_196,fpq,1,fp_unconditional,4
gemma,text,fpq_197,fpq,1,fp_unconditional,2
gemma,text,fpq_198,fpq,1,fp_unconditional,4
gemma,text,fpq_2,fpq,1,fp_unconditional,4
gemma,text,fpq_20,fpq,1,fp_unconditional,5
gemma,text,fpq_200,fpq,1,fp_unconditional,2
gemma,text,fpq_201,fpq,1,fp_unconditional,4
gemma,text,fpq_202,fpq,1,fp_unconditional,2
gemma,text,fpq_204,fpq,1,fp_unconditional,4
gemma,text,fpq_205,fpq,1,fp_unconditional,4
gemma,text,fpq_206,fpq,1,fp_unconditional,5
gemma,text,fpq_207,fpq,1,fp_unconditional,4
gemma,text,fpq_208,fpq,1,fp_unconditional,4
gemma,text,fpq_21,fpq,1,fp_unconditional,4
gemma,text,fpq_216,fpq,0,plain,1
gemma,text,fpq_217,fpq,1,fp_unconditional,1
gemma,text,fpq_218,fpq,1,fp_unconditional,1
gemma,text,fpq_219,fpq,1,fp_unconditional,1
gemma,text,fpq_22,fpq,1,fp_unconditional,5
gemma,text,fpq_220,fpq,1,fp_unconditional,1
gemma,text,fpq_221,fpq,1,fp_unconditional,1
gemma,text,fpq_222,fpq,1,fp_unconditional,4
gemma,text,fpq_223,fpq,1,fp_unconditional,4
gemma,text,fpq_224,fpq,1,fp_unconditional,5
gemma,text,fpq_225,fpq,0,plain,1
gemma,text,fpq_226,fpq,1,fp_unconditional,4
gemma,text,fpq_227,fpq,1,fp_unconditional,1
gemma,text,fpq_228,fpq,1,fp_unconditional,4
gemma,text,fpq_229,fpq,1,fp_unconditional,4
gemma,text,fpq_23,fpq,1,fp_unconditional,4
gemma,text,fpq_230,fpq,1,fp_unconditional,4
gemma,text,fpq_231,fpq,1,fp_unconditional,4
gemma,text,fpq_232,fpq,1,fp_unconditional,5
gemma,text,fpq_233,fpq,1,fp_unconditional,4
gemma,text,fpq_234,fpq,1,fp_unconditional,5
gemma,text,fpq_236,fpq,1,fp_unconditional,2
gemma,text,fpq_237,fpq,1,fp_unconditional,4
gemma,text,fpq_238,fpq,1,fp_unconditional,4
gemma,text,fpq_239,fpq,0,plain,2
gemma,text,fpq_24,fpq,1,fp_unconditional,4
gemma,text,fpq_240,fpq,1,fp_unconditional,2
gemma,text,fpq_241,fpq,0,plain,1
gemma,text,fpq_244,fpq,1,fp_unconditional,4
gemma,text,fpq_245,fpq,1,fp_unconditional,1
gemma,text,fpq_246,fpq,0,plain,1
gemma,text,fpq_247,fpq,1,fp_unconditional,5
gemma,text,fpq_248,fpq,1,fp_unconditional,4
gemma,text,fpq_249,fpq,1,fp_unconditional,4
gemma,text,fpq_25,fpq,1,fp_unconditional,4
gemma,text,fpq_250,fpq,1,fp_unconditional,4
gemma,text,fpq_251,fpq,1,fp_unconditional,2
gemma,text,fpq_252,fpq,1,fp_unconditional,4
gemma,text,fpq_253,fpq,0,plain,1
gemma,text,fpq_254,fpq,1,fp_unconditional,4
gemma,text,fpq_255,fpq,1,fp_unconditional,3
gemma,text,fpq_256,fpq,1,fp_unconditional,4
gemma,text,fpq_257,fpq,0,plain,1
gemma,text,fpq_258,fpq,1,fp_unconditional,5
gemma,text,fpq_259,fpq,1,fp_unconditional,1
gemma,text,fpq_26,fpq,1,fp_unconditional,4
gemma,text,fpq_260,fpq,1,fp_unconditional,4
gemma,text,fpq_261,fpq,1,fp_unconditional,4
gemma,text,fpq_262,fpq,1,fp_unconditional,5
gemma,text,fpq_263,fpq,0,plain,1
gemma,text,fpq_264,fpq,0,plain,1
gemma,text,fpq_265,fpq,1,fp_unconditional,2
gemma,text,fpq_266,fpq,1,fp_unconditional,5
gemma,text,fpq_267,fpq,1,fp_unconditional,2
gemma,text,fpq_268,fpq,0,plain,1
gemma,text,fpq_269,fpq,1,fp_unconditional,2
gemma,text,fpq_27,fpq,1,fp_unconditional,4
gemma,text,fpq_270,fpq,1,fp_unconditional,4
gemma,text,fpq_271,fpq,1,fp_unconditional,4
gemma,text,fpq_272,fpq,1,fp_unconditional,4
gemma,text,fpq_273,fpq,0,plain,2
gemma,text,fpq_274,fpq,1,fp_unconditional,4
gemma,text,fpq_275,fpq,1,fp_unconditional,4
gemma,text,fpq_276,fpq,1,fp_unconditional,4
gemma,text,fpq_277,fpq,1,fp_unconditional,2
gemma,text,fpq_278,fpq,1,fp_unconditional,2
gemma,text,fpq_279,fpq,1,fp_unconditional,4
gemma,text,fpq_28,fpq,1,fp_unconditional,4
gemma,text,fpq_283,fpq,0,plain,1
gemma,text,fpq_285,fpq,0,plain,1
gemma,text,fpq_286,fpq,0,plain,1
gemma,text,fpq_287,fpq,1,fp_unconditional,4
gemma,text,fpq_288,fpq,0,plain,1
gemma,text,fpq_289,fpq,1,fp_unconditional,4
gemma,text,fpq_29,fpq,1,fp_unconditional,4
gemma,text,fpq_290,fpq,0,plain,1
gemma,text,fpq_291,fpq,0,plain,1
gemma,text,fpq_292,fpq,1,fp_unconditional,4
gemma,text,fpq_293,fpq,1,fp_unconditional,4
gemma,text,fpq_294,fpq,1,fp_unconditional,4
gemma,text,fpq_295,fpq,0,plain,1
gemma,text,fpq_296,fpq,0,plain,1
gemma,text,fpq_297,fpq,1,fp_unconditional,4
gemma,text,fpq_3,fpq,1,fp_unconditional,3
gemma,text,fpq_30,fpq,1,fp_unconditional,4
gemma,text,fpq_302,fpq,1,fp_unconditional,1
gemma,text,fpq_303,fpq,1,fp_unconditional,5
gemma,text,fpq_304,fpq,1,fp_unconditional,4
gemma,text,fpq_305,fpq,1,fp_unconditional,1
gemma,text,fpq_306,fpq,0,plain,1
gemma,text,fpq_307,fpq,1,fp_unconditional,4
gemma,text,fpq_308,fpq,1,fp_unconditional,4
gemma,text,fpq_309,fpq,1,fp_unconditional,4
gemma,text,fpq_31,fpq,1,fp_unconditional,4
gemma,text,fpq_311,fpq,1,fp_unconditional,5
gemma,text,fpq_312,fpq,0,plain,1
gemma,text,fpq_313,fpq,1,fp_unconditional,4
gemma,text,fpq_314,fpq,1,fp_unconditional,5
gemma,text,fpq_315,fpq,1,fp_unconditional,5
gemma,text,fpq_316,fpq,1,fp_unconditional,4
gemma,text,fpq_317,fpq,1,fp_unconditional,4
gemma,text,fpq_318,fpq,1,fp_unconditional,2
gemma,text,fpq_319,fpq,1,fp_unconditional,4
gemma,text,fpq_32,fpq,1,fp_unconditional,4
gemma,text,fpq_320,fpq,1,fp_unconditional,4
gemma,text,fpq_321,fpq,1,fp_unconditional,4
gemma,text,fpq_325,fpq,1,fp_unconditional,4
gemma,text,fpq_326,fpq,1,fp_unconditional,1
gemma,text,fpq_327,fpq,0,plain,1
gemma,text,fpq_33,fpq,1,fp_unconditional,4
gemma,text,fpq_336,fpq,1,fp_unconditional,2
gemma,text,fpq_34,fpq,1,fp_unconditional,4
gemma,text,fpq_342,fpq,1,fp_unconditional,2
gemma,text,fpq_343,fpq,1,fp_unconditional,5
gemma,text,fpq_344,fpq,1,fp_unconditional,4
gemma,text,fpq_348,fpq,1,fp_unconditional,5
gemma,text,fpq_35,fpq,1,fp_unconditional,4
gemma,text,fpq_350,fpq,1,fp_unconditional,2
gemma,text,fpq_353,fpq,1,fp_unconditional,5
gemma,text,fpq_354,fpq,1,fp_unconditional,4
gemma,text,fpq_357,fpq,0,plain,1
gemma,text,fpq_358,fpq,0,plain,2
gemma,text,fpq_359,fpq,1,fp_unconditional,2
gemma,text,fpq_36,fpq,1,fp_unconditional,4
gemma,text,fpq_361,fpq,1,fp_unconditional,4
gemma,text,fpq_362,fpq,0,plain,1
gemma,text,fpq_366,fpq,0,plain,1
gemma,text,fpq_368,fpq,1,fp_unconditional,4
gemma,text,fpq_37,fpq,1,fp_unconditional,5
gemma,text,fpq_376,fpq,0,plain,1
gemma,text,fpq_378,fpq,0,plain,1
gemma,text,fpq_379,fpq,0,plain,2
gemma,text,fpq_38,fpq,1,fp_unconditional,5
gemma,text,fpq_380,fpq,0,plain,1
gemma,text,fpq_383,fpq,0,plain,1
gemma,text,fpq_385,fpq,1,fp_unconditional,4
gemma,text,fpq_386,fpq,1,fp_unconditional,4
gemma,text,fpq_387,fpq,1,fp_unconditional,5
gemma,text,fpq_388,fpq,1,fp_unconditional,2
gemma,text,fpq_389,fpq,1,fp_unconditional,5
gemma,text,fpq_39,fpq,1,fp_unconditional,4
gemma,text,fpq_390,fpq,1,fp_unconditional,4
gemma,text,fpq_391,fpq,1,fp_unconditional,4
gemma,text,fpq_392,fpq,1,fp_unconditional,4
gemma,text,fpq_394,fpq,1,fp_unconditional,4
gemma,text,fpq_395,fpq,0,plain,1
gemma,text,fpq_396,fpq,1,fp_unconditional,2
gemma,text,fpq_397,fpq,1,fp_unconditional,3
gemma,text,fpq_398,fpq,1,fp_unconditional,4
gemma,text,fpq_399,fpq,1,fp_unconditional,4
gemma,text,fpq_4,fpq,1,fp_unconditional,4
gemma,text,fpq_40,fpq,1,fp_unconditional,5
gemma,text,fpq_400,fpq,1,fp_unconditional,4
gemma,text,fpq_403,fpq,1,fp_unconditional,4
gemma,text,fpq_405,fpq,1,fp_unconditional,4
gemma,text,fpq_407,fpq,0,plain,1
gemma,text,fpq_408,fpq,1,fp_unconditional,4
gemma,text,fpq_41,fpq,1,fp_unconditional,4
gemma,text,fpq_415,fpq,1,fp_unconditional,4
gemma,text,fpq_416,fpq,1,fp_unconditional,2
gemma,text,fpq_417,fpq,0,plain,1
gemma,text,fpq_42,fpq,1,fp_unconditional,4
gemma,text,fpq_420,fpq,1,fp_unconditional,1
gemma,text,fpq_421,fpq,1,fp_unconditional,2
gemma,text,fpq_422,fpq,1,fp_unconditional,2
gemma,text,fpq_423,fpq,1,fp_unconditional,4
gemma,text,fpq_425,fpq,1,fp_unconditional,4
gemma,text,fpq_426,fpq,1,fp_unconditional,4
gemma,text,fpq_428,fpq,1,fp_unconditional,4
gemma,text,fpq_429,fpq,1,fp_unconditional,4
gemma,text,fpq_43,fpq,1,fp_unconditional,4
gemma,text,fpq_434,fpq,1,fp_unconditional,4
gemma,text,fpq_436,fpq,1,fp_unconditional,4
gemma,text,fpq_438,fpq,1,fp_unconditional,1
gemma,text,fpq_439,fpq,1,fp_unconditional,5
gemma,text,fpq_44,fpq,1,fp_unconditional,5
gemma,text,fpq_443,fpq,1,fp_unconditional,4
gemma,text,fpq_445,fpq,1,fp_unconditional,4
gemma,text,fpq_446,fpq,1,fp_unconditional,5
gemma,text,fpq_45,fpq,1,fp_unconditional,4
gemma,text,fpq_459,fpq,0,plain,1
gemma,text,fpq_46,fpq,1,fp_unconditional,4
gemma,text,fpq_460,fpq,0,plain,1
gemma,text,fpq_462,fpq,0,plain,1
gemma,text,fpq_467,fpq,0,plain,1
gemma,text,fpq_47,fpq,1,fp_unconditional,4
gemma,text,fpq_472,fpq,1,fp_unconditional,4
gemma,text,fpq_473,fpq,0,plain,1
gemma,text,fpq_474,fpq,0,plain,1
gemma,text,fpq_477,fpq,0,plain,1
gemma,text,fpq_479,fpq,1,fp_unconditional,4
gemma,text,fpq_48,fpq,1,fp_unconditional,1
gemma,text,fpq_484,fpq,1,fp_unconditional,5
gemma,text,fpq_485,fpq,1,fp_unconditional,4
gemma,text,fpq_487,fpq,0,plain,2
gemma,text,fpq_488,fpq,0,plain,1
gemma,text,fpq_49,fpq,1,fp_unconditional,1
gemma,text,fpq_492,fpq,1,fp_unconditional,5
gemma,text,fpq_493,fpq,1,fp_unconditional,5
gemma,text,fpq_494,fpq,1,fp_unconditional,4
gemma,text,fpq_495,fpq,1,fp_unconditional,4
gemma,text,fpq_497,fpq,1,fp_unconditional,4
gemma,text,fpq_499,fpq,1,fp_unconditional,4
gemma,text,fpq_5,fpq,1,fp_unconditional,1
gemma,text,fpq_50,fpq,1,fp_unconditional,1
gemma,text,fpq_500,fpq,0,plain,1
gemma,text,fpq_501,fpq,0,plain,1
gemma,text,fpq_502,fpq,1,fp_unconditional,4
gemma,text,fpq_505,fpq,1,fp_unconditional,1
gemma,text,fpq_506,fpq,1,fp_unconditional,4
gemma,text,fpq_507,fpq,1,fp_unconditional,4
gemma,text,fpq_51,fpq,1,fp_unconditional,4
gemma,text,fpq_512,fpq,1,fp_unconditional,4
gemma,text,fpq_514,fpq,1,fp_unconditional,2
gemma,text,fpq_516,fpq,1,fp_unconditional,4
gemma,text,fpq_517,fpq,1,fp_unconditional,4
gemma,text,fpq_52,fpq,1,fp_unconditional,2
gemma,text,fpq_521,fpq,1,fp_unconditional,4
gemma,text,fpq_522,fpq,0,plain,1
gemma,text,fpq_524,fpq,1,fp_unconditional,4
gemma,text,fpq_525,fpq,1,fp_unconditional,4
gemma,text,fpq_53,fpq,1,fp_unconditional,4
gemma,text,fpq_530,fpq,1,fp_unconditional,4
gemma,text,fpq_531,fpq,1,fp_unconditional,4
gemma,text,fpq_534,fpq,1,fp_unconditional,4
gemma,text,fpq_535,fpq,1,fp_unconditional,4
gemma,text,fpq_54,fpq,1,fp_unconditional,4
gemma,text,fpq_542,fpq,0,plain,1
gemma,text,fpq_543,fpq,1,fp_unconditional,1
gemma,text,fpq_546,fpq,0,plain,4
gemma,text,fpq_547,fpq,1,fp_unconditional,4
gemma,text,fpq_549,fpq,1,fp_unconditional,4
gemma,text,fpq_55,fpq,1,fp_unconditional,4
gemma,text,fpq_550,fpq,1,fp_unconditional,4
gemma,text,fpq_552,fpq,1,fp_unconditional,4
gemma,text,fpq_556,fpq,1,fp_unconditional,4
gemma,text,fpq_557,fpq,1,fp_unconditional,1
gemma,text,fpq_558,fpq,1,fp_unconditional,5
gemma,text,fpq_559,fpq,1,fp_unconditional,3
gemma,text,fpq_56,fpq,1,fp_unconditional,5
gemma,text,fpq_560,fpq,1,fp_unconditional,4
gemma,text,fpq_563,fpq,1,fp_unconditional,5
gemma,text,fpq_564,fpq,1,fp_unconditional,1
gemma,text,fpq_565,fpq,1,fp_unconditional,5
gemma,text,fpq_566,fpq,0,plain,1
gemma,text,fpq_57,fpq,1,fp_unconditional,4
gemma,text,fpq_570,fpq,1,fp_unconditional,4
gemma,text,fpq_572,fpq,1,fp_unconditional,4
gemma,text,fpq_574,fpq,0,plain,1
gemma,text,fpq_58,fpq,1,fp_unconditional,5
gemma,text,fpq_580,fpq,1,fp_unconditional,5
gemma,text,fpq_583,fpq,1,fp_unconditional,4
gemma,text,fpq_584,fpq,1,fp_unconditional,4
gemma,text,fpq_586,fpq,1,fp_unconditional,1
gemma,text,fpq_59,fpq,1,fp_unconditional,5
gemma,text,fpq_593,fpq,1,fp_unconditional,4
gemma,text,fpq_595,fpq,1,fp_unconditional,5
gemma,text,fpq_596,fpq,1,fp_unconditional,1
gemma,text,fpq_598,fpq,1,fp_unconditional,4
gemma,text,fpq_6,fpq,1,fp_unconditional,4
gemma,text,fpq_60,fpq,1,fp_unconditional,4
gemma,text,fpq_600,fpq,1,fp_unconditional,4
gemma,text,fpq_601,fpq,1,fp_unconditional,5
gemma,text,fpq_603,fpq,1,fp_unconditional,5
gemma,text,fpq_604,fpq,1,fp_unconditional,1
gemma,text,fpq_606,fpq,1,fp_unconditional,5
gemma,text,fpq_607,fpq,1,fp_unconditional,5
gemma,text,fpq_608,fpq,1,fp_unconditional,3
gemma,text,fpq_609,fpq,1,fp_unconditional,1
gemma,text,fpq_61,fpq,1,fp_unconditional,4
gemma,text,fpq_610,fpq,1,fp_unconditional,4
gemma,text,fpq_611,fpq,1,fp_unconditional,5
gemma,text,fpq_612,fpq,1,fp_unconditional,2
gemma,text,fpq_613,fpq,1,fp_unconditional,4
gemma,text,fpq_614,fpq,1,fp_unconditional,4
gemma,text,fpq_615,fpq,1,fp_unconditional,4
gemma,text,fpq_616,fpq,1,fp_unconditional,4
gemma,text,fpq_617,fpq,1,fp_unconditional,4
gemma,text,fpq_618,fpq,1,fp_unconditional,1
gemma,text,fpq_619,fpq,1,fp_unconditional,4
gemma,text,fpq_62,fpq,1,fp_unconditional,2
gemma,text,fpq_620,fpq,1,fp_unconditional,1
gemma,text,fpq_621,fpq,1,fp_unconditional,4
gemma,text,fpq_622,fpq,0,plain,1
gemma,text,fpq_623,fpq,1,fp_unconditional,4
gemma,text,fpq_624,fpq,1,fp_unconditional,4
gemma,text,fpq_625,fpq,1,fp_unconditional,4
gemma,text,fpq_626,fpq,1,fp_unconditional,5
gemma,text,fpq_628,fpq,1,fp_unconditional,4
gemma,text,fpq_629,fpq,1,fp_unconditional,4
gemma,text,fpq_63,fpq,1,fp_unconditional,5
gemma,text,fpq_630,fpq,1,fp_unconditional,5
gemma,text,fpq_631,fpq,0,plain,4
gemma,text,fpq_632,fpq,1,fp_unconditional,4
gemma,text,fpq_633,fpq,0,plain,1
gemma,text,fpq_634,fpq,1,fp_unconditional,4
gemma,text,fpq_635,fpq,0,plain,1
gemma,text,fpq_636,fpq,1,fp_unconditional,4
gemma,text,fpq_638,fpq,1,fp_unconditional,4
gemma,text,fpq_639,fpq,1,fp_unconditional,2
gemma,text,fpq_64,fpq,1,fp_unconditional,4
gemma,text,fpq_640,fpq,1,fp_unconditional,1
gemma,text,fpq_641,fpq,1,fp_unconditional,1
gemma,text,fpq_643,fpq,1,fp_unconditional,1
gemma,text,fpq_644,fpq,1,fp_unconditional,1
gemma,text,fpq_645,fpq,1,fp_unconditional,5
gemma,text,fpq_646,fpq,1,fp_unconditional,1
gemma,text,fpq_647,fpq,1,fp_unconditional,5
gemma,text,fpq_649,fpq,1,fp_unconditional,1
gemma,text,fpq_65,fpq,1,fp_unconditional,4
gemma,text,fpq_650,fpq,0,plain,1
gemma,text,fpq_652,fpq,1,fp_unconditional,4
gemma,text,fpq_653,fpq,1,fp_unconditional,2
gemma,text,fpq_654,fpq,1,fp_unconditional,1
gemma,text,fpq_655,fpq,1,fp_unconditional,4
gemma,text,fpq_657,fpq,1,fp_unconditional,4
gemma,text,fpq_659,fpq,1,fp_unconditional,2
gemma,text,fpq_66,fpq,1,fp_unconditional,4
gemma,text,fpq_661,fpq,1,fp_unconditional,1
gemma,text,fpq_662,fpq,1,fp_unconditional,1
gemma,text,fpq_663,fpq,0,plain,1
gemma,text,fpq_666,fpq,0,plain,1
gemma,text,fpq_669,fpq,0,plain,1
gemma,text,fpq_67,fpq,1,fp_unconditional,1
gemma,text,fpq_671,fpq,1,fp_unconditional,2
gemma,text,fpq_675,fpq,1,fp_unconditional,4
gemma,text,fpq_676,fpq,1,fp_unconditional,4
gemma,text,fpq_677,fpq,1,fp_unconditional,4
gemma,text,fpq_678,fpq,1,fp_unconditional,2
gemma,text,fpq_68,fpq,1,fp_unconditional,2
gemma,text,fpq_682,fpq,1,fp_unconditional,1
gemma,text,fpq_685,fpq,1,fp_unconditional,4
gemma,text,fpq_687,fpq,1,fp_unconditional,1
gemma,text,fpq_689,fpq,1,fp_unconditional,4
gemma,text,fpq_69,fpq,1,fp_unconditional,4
gemma,text,fpq_690,fpq,1,fp_unconditional,4
gemma,text,fpq_691,fpq,1,fp_unconditional,5
gemma,text,fpq_692,fpq,1,fp_unconditional,2
gemma,text,fpq_694,fpq,1,fp_unconditional,4
gemma,text,fpq_695,fpq,1,fp_unconditional,4
gemma,text,fpq_696,fpq,1,fp_unconditional,4
gemma,text,fpq_697,fpq,1,fp_unconditional,5
gemma,text,fpq_699,fpq,0,plain,2
gemma,text,fpq_7,fpq,1,fp_unconditional,5
gemma,text,fpq_70,fpq,1,fp_unconditional,5
gemma,text,fpq_702,fpq,1,fp_unconditional,5
gemma,text,fpq_703,fpq,1,fp_unconditional,5
gemma,text,fpq_704,fpq,1,fp_unconditional,4
gemma,text,fpq_705,fpq,1,fp_unconditional,2
gemma,text,fpq_706,fpq,1,fp_unconditional,4
gemma,text,fpq_71,fpq,1,fp_unconditional,4
gemma,text,fpq_712,fpq,1,fp_unconditional,4
gemma,text,fpq_713,fpq,0,plain,1
gemma,text,fpq_72,fpq,1,fp_unconditional,2
gemma,text,fpq_721,fpq,0,plain,2
gemma,text,fpq_722,fpq,1,fp_unconditional,4
gemma,text,fpq_723,fpq,1,fp_unconditional,4
gemma,text,fpq_724,fpq,1,fp_unconditional,4
gemma,text,fpq_725,fpq,1,fp_unconditional,4
gemma,text,fpq_726,fpq,1,fp_unconditional,2
gemma,text,fpq_727,fpq,1,fp_unconditional,4
gemma,text,fpq_728,fpq,1,fp_unconditional,4
gemma,text,fpq_729,fpq,1,fp_unconditional,3
gemma,text,fpq_73,fpq,1,fp_unconditional,4
gemma,text,fpq_730,fpq,1,fp_unconditional,4
gemma,text,fpq_735,fpq,1,fp_unconditional,4
gemma,text,fpq_736,fpq,1,fp_unconditional,1
gemma,text,fpq_738,fpq,1,fp_unconditional,4
gemma,text,fpq_739,fpq,1,fp_unconditional,4
gemma,text,fpq_74,fpq,1,fp_unconditional,4
gemma,text,fpq_740,fpq,1,fp_unconditional,4
gemma,text,fpq_741,fpq,1,fp_unconditional,4
gemma,text,fpq_743,fpq,1,fp_unconditional,5
gemma,text,fpq_744,fpq,1,fp_unconditional,4
gemma,text,fpq_745,fpq,1,fp_unconditional,4
gemma,text,fpq_746,fpq,1,fp_unconditional,4
gemma,text,fpq_747,fpq,1,fp_unconditional,5
gemma,text,fpq_749,fpq,1,fp_unconditional,4
gemma,text,fpq_75,fpq,1,fp_unconditional,4
gemma,text,fpq_750,fpq,1,fp_unconditional,2
gemma,text,fpq_751,fpq,0,plain,1
gemma,text,fpq_753,fpq,1,fp_unconditional,4
gemma,text,fpq_754,fpq,1,fp_unconditional,4
gemma,text,fpq_755,fpq,0,plain,1
gemma,text,fpq_76,fpq,1,fp_unconditional,4
gemma,text,fpq_761,fpq,1,fp_unconditional,5
gemma,text,fpq_762,fpq,1,fp_unconditional,5
gemma,text,fpq_763,fpq,1,fp_unconditional,4
gemma,text,fpq_764,fpq,1,fp_unconditional,5
gemma,text,fpq_77,fpq,1,fp_unconditional,4
gemma,text,fpq_771,fpq,1,fp_unconditional,4
gemma,text,fpq_772,fpq,1,fp_unconditional,4
gemma,text,fpq_773,fpq,1,fp_unconditional,4
gemma,text,fpq_774,fpq,1,fp_unconditional,5
gemma,text,fpq_775,fpq,0,plain,1
gemma,text,fpq_776,fpq,0,plain,1
gemma,text,fpq_777,fpq,1,fp_unconditional,4
gemma,text,fpq_778,fpq,1,fp_unconditional,2
gemma,text,fpq_78,fpq,1,fp_unconditional,4
gemma,text,fpq_780,fpq,1,fp_unconditional,4
gemma,text,fpq_781,fpq,0,plain,1
gemma,text,fpq_789,fpq,1,fp_unconditional,5
gemma,text,fpq_794,fpq,1,fp_unconditional,3
gemma,text,fpq_797,fpq,1,fp_unconditional,5
gemma,text,fpq_798,fpq,1,fp_unconditional,2
gemma,text,fpq_799,fpq,1,fp_unconditional,2
gemma,text,fpq_8,fpq,1,fp_unconditional,5
gemma,text,fpq_80,fpq,1,fp_unconditional,2
gemma,text,fpq_801,fpq,0,plain,1
gemma,text,fpq_802,fpq,1,fp_unconditional,5
gemma,text,fpq_804,fpq,0,plain,1
gemma,text,fpq_805,fpq,1,fp_unconditional,4
gemma,text,fpq_806,fpq,0,plain,1
gemma,text,fpq_807,fpq,1,fp_unconditional,1
gemma,text,fpq_808,fpq,1,fp_unconditional,4
gemma,text,fpq_81,fpq,1,fp_unconditional,5
gemma,text,fpq_813,fpq,1,fp_unconditional,5
gemma,text,fpq_814,fpq,0,plain,1
gemma,text,fpq_817,fpq,1,fp_unconditional,5
gemma,text,fpq_818,fpq,1,fp_unconditional,5
gemma,text,fpq_82,fpq,0,plain,1
gemma,text,fpq_820,fpq,1,fp_unconditional,1
gemma,text,fpq_823,fpq,1,fp_unconditional,2
gemma,text,fpq_824,fpq,1,fp_unconditional,4
gemma,text,fpq_827,fpq,1,fp_unconditional,4
gemma,text,fpq_828,fpq,1,fp_unconditional,2
gemma,text,fpq_829,fpq,1,fp_unconditional,4
gemma,text,fpq_830,fpq,1,fp_unconditional,4
gemma,text,fpq_831,fpq,1,fp_unconditional,1
gemma,text,fpq_832,fpq,1,fp_unconditional,2
gemma,text,fpq_833,fpq,1,fp_unconditional,4
gemma,text,fpq_834,fpq,1,fp_unconditional,4
gemma,text,fpq_835,fpq,1,fp_unconditional,4
gemma,text,fpq_836,fpq,1,fp_unconditional,4
gemma,text,fpq_837,fpq,0,plain,1
gemma,text,fpq_838,fpq,1,fp_unconditional,5
gemma,text,fpq_839,fpq,1,fp_unconditional,5
gemma,text,fpq_84,fpq,1,fp_unconditional,4
gemma,text,fpq_840,fpq,1,fp_unconditional,5
gemma,text,fpq_844,fpq,1,fp_unconditional,5
gemma,text,fpq_846,fpq,1,fp_unconditional,2
gemma,text,fpq_847,fpq,1,fp_unconditional,3
gemma,text,fpq_848,fpq,1,fp_unconditional,1
gemma,text,fpq_849,fpq,1,fp_unconditional,2
gemma,text,fpq_85,fpq,1,fp_unconditional,4
gemma,text,fpq_850,fpq,1,fp_unconditional,4
gemma,text,fpq_851,fpq,1,fp_unconditional,4
gemma,text,fpq_852,fpq,1,fp_unconditional,1
gemma,text,fpq_854,fpq,1,fp_unconditional,1
gemma,text,fpq_855,fpq,1,fp_unconditional,2
gemma,text,fpq_858,fpq,1,fp_unconditional,4
gemma,text,fpq_859,fpq,1,fp_unconditional,2
gemma,text,fpq_860,fpq,1,fp_unconditional,1
gemma,text,fpq_861,fpq,1,fp_unconditional,4
gemma,text,fpq_862,fpq,1,fp_unconditional,4
gemma,text,fpq_863,fpq,1,fp_unconditional,4
gemma,text,fpq_864,fpq,1,fp_unconditional,4
gemma,text,fpq_865,fpq,1,fp_unconditional,4
gemma,text,fpq_866,fpq,0,plain,1
gemma,text,fpq_869,fpq,1,fp_unconditional,4
gemma,text,fpq_87,fpq,1,fp_unconditional,4
gemma,text,fpq_870,fpq,1,fp_unconditional,1
gemma,text,fpq_871,fpq,0,plain,1
gemma,text,fpq_872,fpq,1,fp_unconditional,2
gemma,text,fpq_88,fpq,1,fp_unconditional,4
gemma,text,fpq_89,fpq,1,fp_unconditional,4
gemma,text,fpq_9,fpq,1,fp_unconditional,4
gemma,text,fpq_90,fpq,1,fp_unconditional,1
gemma,text,fpq_91,fpq,1,fp_unconditional,1
gemma,text,fpq_92,fpq,1,fp_unconditional,4
gemma,text,fpq_94,fpq,1,fp_unconditional,4
gemma,text,fpq_95,fpq,1,fp_unconditional,4
gemma,text,fpq_96,fpq,0,plain,1
gemma,text,fpq_97,fpq,1,fp_unconditional,4
gemma,text,fpq_98,fpq,1,fp_unconditional,4
gemma,text,fpq_99,fpq,1,fp_unconditional,4
gemma,text,nfp_1000,nfp,1,fp_unconditional,2
gemma,text,nfp_1001,nfp,1,fp_unconditional,1
gemma,text,nfp_1002,nfp,1,fp_unconditional,1
gemma,text,nfp_1003,nfp,0,plain,4
gemma,text,nfp_1004,nfp,0,plain,5
gemma,text,nfp_1005,nfp,1,fp_unconditional,1
gemma,text,nfp_1006,nfp,0,plain,5
gemma,text,nfp_1008,nfp,1,fp_unconditional,2
gemma,text,nfp_1009,nfp,1,fp_unconditional,1
gemma,text,nfp_1010,nfp,1,fp_unconditional,1
gemma,text,nfp_1011,nfp,1,fp_unconditional,4
gemma,text,nfp_1012,nfp,1,fp_unconditional,2
gemma,text,nfp_1013,nfp,0,plain,5
gemma,text,nfp_1014,nfp,1,fp_unconditional,1
gemma,text,nfp_1015,nfp,1,fp_unconditional,2
gemma,text,nfp_1016,nfp,1,fp_unconditional,1
gemma,text,nfp_1017,nfp,1,fp_unconditional,2
gemma,text,nfp_1018,nfp,1,fp_unconditional,2
gemma,text,nfp_1019,nfp,1,fp_unconditional,4
gemma,text,nfp_1020,nfp,1,fp_unconditional,1
gemma,text,nfp_1021,nfp,1,fp_unconditional,1
gemma,text,nfp_1022,nfp,1,fp_unconditional,2
gemma,text,nfp_1023,nfp,1,fp_unconditional,1
gemma,text,nfp_1024,nfp,0,plain,4
gemma,text,nfp_1025,nfp,1,fp_unconditional,2
gemma,text,nfp_1026,nfp,1,fp_unconditional,1
gemma,text,nfp_1027,nfp,1,fp_unconditional,1
gemma,text,nfp_1028,nfp,1,fp_unconditional,1
gemma,text,nfp_1029,nfp,1,fp_unconditional,2
gemma,text,nfp_1030,nfp,1,fp_unconditional,1
gemma,text,nfp_1031,nfp,1,fp_unconditional,2
gemma,text,nfp_1032,nfp,1,fp_unconditional,2
gemma,text,nfp_1033,nfp,1,fp_unconditional,1
gemma,text,nfp_1034,nfp,1,fp_unconditional,1
gemma,text,nfp_1035,nfp,0,plain,5
gemma,text,nfp_1036,nfp,0,plain,5
gemma,text,nfp_1037,nfp,1,fp_unconditional,1
gemma,text,nfp_1038,nfp,1,fp_unconditional,2
gemma,text,nfp_1039,nfp,1,fp_unconditional,1
gemma,text,nfp_1040,nfp,1,fp_unconditional,3
gemma,text,nfp_1041,nfp,1,fp_unconditional,1
gemma,text,nfp_1042,nfp,1,fp_unconditional,1
gemma,text,nfp_1043,nfp,0,plain,5
gemma,text,nfp_1044,nfp,0,plain,5
gemma,text,nfp_1045,nfp,1,fp_unconditional,2
gemma,text,nfp_1046,nfp,1,fp_unconditional,2
gemma,text,nfp_1047,nfp,0,plain,5
gemma,text,nfp_1048,nfp,0,plain,5
gemma,text,nfp_1049,nfp,0,plain,5
gemma,text,nfp_1050,nfp,1,fp_unconditional,2
gemma,text,nfp_1051,nfp,0,plain,5
gemma,text,nfp_1052,nfp,0,plain,5
gemma,text,nfp_1053,nfp,1,fp_unconditional,2
gemma,text,nfp_1054,nfp,0,plain,5
gemma,text,nfp_1055,nfp,1,fp_unconditional,1
gemma,text,nfp_1056,nfp,0,plain,4
gemma,text,nfp_1057,nfp,1,fp_unconditional,2
gemma,text,nfp_1058,nfp,0,plain,4
gemma,text,nfp_1059,nfp,1,fp_unconditional,2
gemma,text,nfp_1060,nfp,1,fp_unconditional,2
gemma,text,nfp_1061,nfp,1,fp_unconditional,2
gemma,text,nfp_1062,nfp,1,fp_unconditional,1
gemma,text,nfp_1063,nfp,0,plain,5
gemma,text,nfp_1064,nfp,1,fp_unconditional,1
gemma,text,nfp_1065,nfp,1,fp_unconditional,1
gemma,text,nfp_1066,nfp,1,fp_unconditional,2
gemma,text,nfp_1067,nfp,1,fp_unconditional,2
gemma,text,nfp_1068,nfp,1,fp_unconditional,2
gemma,text,nfp_1069,nfp,1,fp_unconditional,2
gemma,text,nfp_1070,nfp,0,plain,4
gemma,text,nfp_1071,nfp,1,fp_unconditional,3
gemma,text,nfp_1072,nfp,0,plain,5
gemma,text,nfp_1073,nfp,1,fp_unconditional,2
gemma,text,nfp_1074,nfp,1,fp_unconditional,2
gemma,text,nfp_1075,nfp,1,fp_unconditional,2
gemma,text,nfp_1076,nfp,1,fp_unconditional,1
gemma,text,nfp_1077,nfp,0,plain,5
gemma,text,nfp_1078,nfp,1,fp_unconditional,1
gemma,text,nfp_1079,nfp,1,fp_unconditional,2
gemma,text,nfp_1080,nfp,0,plain,5
gemma,text,nfp_1081,nfp,1,fp_unconditional,1
gemma,text,nfp_1082,nfp,1,fp_unconditional,1
gemma,text,nfp_1083,nfp,1,fp_unconditional,1
gemma,text,nfp_1084,nfp,0,plain,5
gemma,text,nfp_1085,nfp,0,plain,5
gemma,text,nfp_1086,nfp,0,plain,5
gemma,text,nfp_1087,nfp,0,plain,4
gemma,text,nfp_1088,nfp,0,plain,5
gemma,text,nfp_1089,nfp,0,plain,5
gemma,text,nfp_1090,nfp,0,plain,5
gemma,text,nfp_1091,nfp,0,plain,5
gemma,text,nfp_1092,nfp,1,fp_unconditional,2
gemma,text,nfp_1093,nfp,0,plain,5
gemma,text,nfp_1094,nfp,0,plain,5
gemma,text,nfp_1095,nfp,0,plain,5
gemma,text,nfp_1096,nfp,0,plain,5
gemma,text,nfp_1097,nfp,0,plain,4
gemma,text,nfp_1098,nfp,0,plain,5
gemma,text,nfp_1099,nfp,1,fp_unconditional,1
gemma,text,nfp_1100,nfp,0,plain,5
gemma,text,nfp_1101,nfp,0,plain,4
gemma,text,nfp_1102,nfp,0,plain,5
gemma,text,nfp_1103,nfp,0,plain,5
gemma,text,nfp_1104,nfp,0,plain,5
gemma,text,nfp_1105,nfp,1,fp_unconditional,2
gemma,text,nfp_1106,nfp,1,fp_unconditional,3
gemma,text,nfp_1107,nfp,0,plain,5
gemma,text,nfp_1108,nfp,0,plain,5
gemma,text,nfp_1109,nfp,1,fp_unconditional,1
gemma,text,nfp_1110,nfp,0,plain,5
gemma,text,nfp_1111,nfp,0,plain,5
gemma,text,nfp_1112,nfp,0,plain,5
gemma,text,nfp_1113,nfp,1,fp_unconditional,2
gemma,text,nfp_1114,nfp,1,fp_unconditional,2
gemma,text,nfp_1115,nfp,0,plain,5
gemma,text,nfp_1116,nfp,0,plain,4
gemma,text,nfp_1117,nfp,1,fp_unconditional,1
gemma,text,nfp_1118,nfp,0,plain,5
gemma,text,nfp_1119,nfp,0,plain,5
gemma,text,nfp_1120,nfp,0,plain,5
gemma,text,nfp_1121,nfp,0,plain,4
gemma,text,nfp_1122,nfp,0,plain,5
gemma,text,nfp_1123,nfp,1,fp_unconditional,2
gemma,text,nfp_1124,nfp,0,plain,5
gemma,text,nfp_1125,nfp,0,plain,5
gemma,text,nfp_1126,nfp,0,plain,5
gemma,text,nfp_1127,nfp,0,plain,5
gemma,text,nfp_1128,nfp,0,plain,5
gemma,text,nfp_1129,nfp,0,plain,5
gemma,text,nfp_1130,nfp,0,plain,5
gemma,text,nfp_1131,nfp,0,plain,5
gemma,text,nfp_1132,nfp,0,plain,5
gemma,text,nfp_1133,nfp,0,plain,5
gemma,text,nfp_1134,nfp,1,fp_unconditional,2
gemma,text,nfp_1135,nfp,0,plain,4
gemma,text,nfp_1136,nfp,1,fp_unconditional,2
gemma,text,nfp_1137,nfp,1,fp_unconditional,2
gemma,text,nfp_1138,nfp,0,plain,4
gemma,text,nfp_1139,nfp,1,fp_unconditional,1
gemma,text,nfp_1140,nfp,0,plain,5
gemma,text,nfp_1141,nfp,0,plain,5
gemma,text,nfp_1142,nfp,1,fp_unconditional,1
gemma,text,nfp_1143,nfp,0,plain,4
gemma,text,nfp_1144,nfp,0,plain,4
gemma,text,nfp_1145,nfp,0,plain,5
gemma,text,nfp_1146,nfp,0,plain,4
gemma,text,nfp_1147,nfp,1,fp_unconditional,1
gemma,text,nfp_1148,nfp,0,plain,5
gemma,text,nfp_1149,nfp,0,plain,5
qwen38_off,text,fpq_0,fpq,1,fp_unconditional,5
qwen38_off,text,fpq_10,fpq,1,fp_unconditional,5
qwen38_off,text,fpq_100,fpq,1,fp_unconditional,1
qwen38_off,text,fpq_101,fpq,1,fp_unconditional,1
qwen38_off,text,fpq_102,fpq,1,fp_unconditional,5
qwen38_off,text,fpq_103,fpq,1,fp_unconditional,5
qwen38_off,text,fpq_105,fpq,1,fp_unconditional,1
qwen38_off,text,fpq_106,fpq,1,fp_unconditional,1
qwen38_off,text,fpq_107,fpq,0,plain,5
qwen38_off,text,fpq_108,fpq,1,fp_unconditional,5
qwen38_off,text,fpq_109,fpq,1,fp_unconditional,5
qwen38_off,text,fpq_11,fpq,1,fp_unconditional,5
qwen38_off,text,fpq_110,fpq,1,fp_unconditional,1
qwen38_off,text,fpq_111,fpq,1,fp_unconditional,5
qwen38_off,text,fpq_112,fpq,1,fp_unconditional,5
qwen38_off,text,fpq_113,fpq,1,fp_unconditional,5
qwen38_off,text,fpq_114,fpq,1,fp_unconditional,2
qwen38_off,text,fpq_115,fpq,0,plain,1
qwen38_off,text,fpq_116,fpq,1,fp_unconditional,5
qwen38_off,text,fpq_12,fpq,1,fp_unconditional,5
qwen38_off,text,fpq_120,fpq,1,fp_unconditional,3
qwen38_off,text,fpq_121,fpq,1,fp_unconditional,5
qwen38_off,text,fpq_122,fpq,1,fp_unconditional,5
qwen38_off,text,fpq_123,fpq,1,fp_unconditional,1
qwen38_off,text,fpq_124,fpq,1,fp_unconditional,1
qwen38_off,text,fpq_125,fpq,1,fp_unconditional,1
qwen38_off,text,fpq_126,fpq,1,fp_unconditional,5
qwen38_off,text,fpq_127,fpq,1,fp_unconditional,5
qwen38_off,text,fpq_128,fpq,0,plain,1
qwen38_off,text,fpq_129,fpq,1,fp_unconditional,5
qwen38_off,text,fpq_13,fpq,1,fp_unconditional,1
qwen38_off,text,fpq_130,fpq,1,fp_unconditional,5
qwen38_off,text,fpq_131,fpq,1,fp_unconditional,1
qwen38_off,text,fpq_133,fpq,1,fp_unconditional,5
qwen38_off,text,fpq_134,fpq,1,fp_unconditional,5
qwen38_off,text,fpq_135,fpq,1,fp_unconditional,1
qwen38_off,text,fpq_136,fpq,1,fp_unconditional,5
qwen38_off,text,fpq_137,fpq,1,fp_unconditional,1
qwen38_off,text,fpq_138,fpq,1,fp_unconditional,2
qwen38_off,text,fpq_139,fpq,1,fp_unconditional,1
qwen38_off,text,fpq_14,fpq,1,fp_unconditional,4
qwen38_off,text,fpq_140,fpq,1,fp_unconditional,4
qwen38_off,text,fpq_141,fpq,1,fp_unconditional,2
qwen38_off,text,fpq_142,fpq,1,fp_unconditional,5
qwen38_off,text,fpq_143,fpq,1,fp_unconditional,4
qwen38_off,text,fpq_144,fpq,1,fp_unconditional,4
qwen38_off,text,fpq_145,fpq,1,fp_unconditional,5
qwen38_off,text,fpq_146,fpq,1,fp_unconditional,5
qwen38_off,text,fpq_147,fpq,1,fp_unconditional,5
qwen38_off,text,fpq_148,fpq,1,fp_unconditional,5
qwen38_off,text,fpq_149,fpq,1,fp_unconditional,5
qwen38_off,text,fpq_15,fpq,1,fp_unconditional,1
qwen38_off,text,fpq_152,fpq,1,fp_unconditional,4
qwen38_off,text,fpq_153,fpq,1,fp_unconditional,1
qwen38_off,text,fpq_155,fpq,1,fp_unconditional,1
qwen38_off,text,fpq_156,fpq,1,fp_unconditional,5
qwen38_off,text,fpq_157,fpq,1,fp_unconditional,5
qwen38_off,text,fpq_158,fpq,1,fp_unconditional,1
qwen38_off,text,fpq_159,fpq,1,fp_unconditional,1
qwen38_off,text,fpq_16,fpq,1,fp_unconditional,5
qwen38_off,text,fpq_160,fpq,1,fp_unconditional,5
qwen38_off,text,fpq_163,fpq,1,fp_unconditional,2
qwen38_off,text,fpq_164,fpq,1,fp_unconditional,1
qwen38_off,text,fpq_165,fpq,1,fp_unconditional,1
qwen38_off,text,fpq_166,fpq,1,fp_unconditional,1
qwen38_off,text,fpq_167,fpq,1,fp_unconditional,1
qwen38_off,text,fpq_168,fpq,1,fp_unconditional,1
qwen38_off,text,fpq_169,fpq,1,fp_unconditional,5
qwen38_off,text,fpq_17,fpq,1,fp_unconditional,5
qwen38_off,text,fpq_170,fpq,1,fp_unconditional,5
qwen38_off,text,fpq_173,fpq,1,fp_unconditional,5
qwen38_off,text,fpq_174,fpq,1,fp_unconditional,5
qwen38_off,text,fpq_175,fpq,0,plain,5
qwen38_off,text,fpq_176,fpq,1,fp_unconditional,2
qwen38_off,text,fpq_177,fpq,1,fp_unconditional,1
qwen38_off,text,fpq_178,fpq,1,fp_unconditional,5
qwen38_off,text,fpq_179,fpq,1,fp_unconditional,5
qwen38_off,text,fpq_18,fpq,1,fp_unconditional,4
qwen38_off,text,fpq_180,fpq,1,fp_unconditional,1
qwen38_off,text,fpq_181,fpq,1,fp_unconditional,5
qwen38_off,text,fpq_182,fpq,1,fp_unconditional,1
qwen38_off,text,fpq_184,fpq,1,fp_unconditional,1
qwen38_off,text,fpq_185,fpq,0,plain,4
qwen38_off,text,fpq_186,fpq,1,fp_unconditional,5
qwen38_off,text,fpq_188,fpq,0,plain,5
qwen38_off,text,fpq_189,fpq,1,fp_unconditional,5
qwen38_off,text,fpq_19,fpq,1,fp_unconditional,5
qwen38_off,text,fpq_190,fpq,1,fp_unconditional,5
qwen38_off,text,fpq_191,fpq,1,fp_unconditional,5
qwen38_off,text,fpq_192,fpq,1,fp_unconditional,1
qwen38_off,text,fpq_193,fpq,1,fp_unconditional,5
qwen38_off,text,fpq_194,fpq,1,fp_unconditional,4
qwen38_off,text,fpq_195,fpq,1,fp_unconditional,4
qwen38_off,text,fpq_196,fpq,1,fp_unconditional,5
qwen38_off,text,fpq_197,fpq,1,fp_unconditional,4
qwen38_off,text,fpq_198,fpq,1,fp_unconditional,5
qwen38_off,text,fpq_2,fpq,1,fp_unconditional,5
qwen38_off,text,fpq_20,fpq,1,fp_unconditional,5
qwen38_off,text,fpq_200,fpq,1,fp_unconditional,5
qwen38_off,text,fpq_201,fpq,1,fp_unconditional,4
qwen38_off,text,fpq_202,fpq,1,fp_unconditional,5
qwen38_off,text,fpq_204,fpq,1,fp_unconditional,2
qwen38_off,text,fpq_205,fpq,1,fp_unconditional,5
qwen38_off,text,fpq_206,fpq,1,fp_unconditional,5
qwen38_off,text,fpq_207,fpq,1,fp_unconditional,1
qwen38_off,text,fpq_208,fpq,1,fp_unconditional,1
qwen38_off,text,fpq_21,fpq,1,fp_unconditional,5
qwen38_off,text,fpq_216,fpq,0,plain,1
qwen38_off,text,fpq_217,fpq,1,fp_unconditional,1
qwen38_off,text,fpq_218,fpq,1,fp_unconditional,1
qwen38_off,text,fpq_219,fpq,1,fp_unconditional,1
qwen38_off,text,fpq_22,fpq,1,fp_unconditional,4
qwen38_off,text,fpq_220,fpq,1,fp_unconditional,1
qwen38_off,text,fpq_221,fpq,1,fp_unconditional,1
qwen38_off,text,fpq_222,fpq,1,fp_unconditional,5
qwen38_off,text,fpq_223,fpq,1,fp_unconditional,5
qwen38_off,text,fpq_224,fpq,1,fp_unconditional,5
qwen38_off,text,fpq_225,fpq,0,plain,1
qwen38_off,text,fpq_226,fpq,1,fp_unconditional,4
qwen38_off,text,fpq_227,fpq,1,fp_unconditional,1
qwen38_off,text,fpq_228,fpq,1,fp_unconditional,5
qwen38_off,text,fpq_229,fpq,1,fp_unconditional,5
qwen38_off,text,fpq_23,fpq,1,fp_unconditional,1
qwen38_off,text,fpq_230,fpq,1,fp_unconditional,1
qwen38_off,text,fpq_231,fpq,1,fp_unconditional,1
qwen38_off,text,fpq_232,fpq,1,fp_unconditional,5
qwen38_off,text,fpq_233,fpq,1,fp_unconditional,5
qwen38_off,text,fpq_234,fpq,1,fp_unconditional,5
qwen38_off,text,fpq_236,fpq,1,fp_unconditional,1
qwen38_off,text,fpq_237,fpq,1,fp_unconditional,5
qwen38_off,text,fpq_238,fpq,1,fp_unconditional,5
qwen38_off,text,fpq_239,fpq,0,plain,5
qwen38_off,text,fpq_24,fpq,1,fp_unconditional,5
qwen38_off,text,fpq_240,fpq,1,fp_unconditional,2
qwen38_off,text,fpq_241,fpq,0,plain,1
qwen38_off,text,fpq_244,fpq,1,fp_unconditional,5
qwen38_off,text,fpq_245,fpq,1,fp_unconditional,1
qwen38_off,text,fpq_246,fpq,0,plain,5
qwen38_off,text,fpq_247,fpq,1,fp_unconditional,5
qwen38_off,text,fpq_248,fpq,1,fp_unconditional,5
qwen38_off,text,fpq_249,fpq,1,fp_unconditional,4
qwen38_off,text,fpq_25,fpq,1,fp_unconditional,5
qwen38_off,text,fpq_250,fpq,1,fp_unconditional,5
qwen38_off,text,fpq_251,fpq,1,fp_unconditional,1
qwen38_off,text,fpq_252,fpq,1,fp_unconditional,5
qwen38_off,text,fpq_253,fpq,0,plain,4
qwen38_off,text,fpq_254,fpq,1,fp_unconditional,1
qwen38_off,text,fpq_255,fpq,1,fp_unconditional,4
qwen38_off,text,fpq_256,fpq,1,fp_unconditional,5
qwen38_off,text,fpq_257,fpq,0,plain,1
qwen38_off,text,fpq_258,fpq,1,fp_unconditional,5
qwen38_off,text,fpq_259,fpq,1,fp_unconditional,2
qwen38_off,text,fpq_26,fpq,1,fp_unconditional,1
qwen38_off,text,fpq_260,fpq,1,fp_unconditional,4
qwen38_off,text,fpq_261,fpq,1,fp_unconditional,5
qwen38_off,text,fpq_262,fpq,1,fp_unconditional,5
qwen38_off,text,fpq_263,fpq,0,plain,5
qwen38_off,text,fpq_264,fpq,0,plain,5
qwen38_off,text,fpq_265,fpq,1,fp_unconditional,1
qwen38_off,text,fpq_266,fpq,1,fp_unconditional,5
qwen38_off,text,fpq_267,fpq,1,fp_unconditional,4
qwen38_off,text,fpq_268,fpq,0,plain,5
qwen38_off,text,fpq_269,fpq,1,fp_unconditional,2
qwen38_off,text,fpq_27,fpq,1,fp_unconditional,5
qwen38_off,text,fpq_270,fpq,1,fp_unconditional,1
qwen38_off,text,fpq_271,fpq,1,fp_unconditional,5
qwen38_off,text,fpq_272,fpq,1,fp_unconditional,5
qwen38_off,text,fpq_273,fpq,0,plain,5
qwen38_off,text,fpq_274,fpq,1,fp_unconditional,5
qwen38_off,text,fpq_275,fpq,1,fp_unconditional,4
qwen38_off,text,fpq_276,fpq,1,fp_unconditional,5
qwen38_off,text,fpq_277,fpq,1,fp_unconditional,2
qwen38_off,text,fpq_278,fpq,1,fp_unconditional,1
qwen38_off,text,fpq_279,fpq,1,fp_unconditional,5
qwen38_off,text,fpq_28,fpq,1,fp_unconditional,5
qwen38_off,text,fpq_283,fpq,0,plain,1
qwen38_off,text,fpq_285,fpq,0,plain,1
qwen38_off,text,fpq_286,fpq,0,plain,5
qwen38_off,text,fpq_287,fpq,1,fp_unconditional,5
qwen38_off,text,fpq_288,fpq,0,plain,5
qwen38_off,text,fpq_289,fpq,1,fp_unconditional,5
qwen38_off,text,fpq_29,fpq,1,fp_unconditional,5
qwen38_off,text,fpq_290,fpq,0,plain,5
qwen38_off,text,fpq_291,fpq,0,plain,5
qwen38_off,text,fpq_292,fpq,1,fp_unconditional,5
qwen38_off,text,fpq_293,fpq,1,fp_unconditional,5
qwen38_off,text,fpq_294,fpq,1,fp_unconditional,5
qwen38_off,text,fpq_295,fpq,0,plain,1
qwen38_off,text,fpq_296,fpq,0,plain,1
qwen38_off,text,fpq_297,fpq,1,fp_unconditional,1
qwen38_off,text,fpq_3,fpq,1,fp_unconditional,1
qwen38_off,text,fpq_30,fpq,1,fp_unconditional,5
qwen38_off,text,fpq_302,fpq,1,fp_unconditional,1
qwen38_off,text,fpq_303,fpq,1,fp_unconditional,5
qwen38_off,text,fpq_304,fpq,1,fp_unconditional,5
qwen38_off,text,fpq_305,fpq,1,fp_unconditional,5
qwen38_off,text,fpq_306,fpq,0,plain,1
qwen38_off,text,fpq_307,fpq,1,fp_unconditional,5
qwen38_off,text,fpq_308,fpq,1,fp_unconditional,5
qwen38_off,text,fpq_309,fpq,1,fp_unconditional,5
qwen38_off,text,fpq_31,fpq,1,fp_unconditional,5
qwen38_off,text,fpq_311,fpq,1,fp_unconditional,5
qwen38_off,text,fpq_312,fpq,0,plain,2
qwen38_off,text,fpq_313,fpq,1,fp_unconditional,5
qwen38_off,text,fpq_314,fpq,1,fp_unconditional,5
qwen38_off,text,fpq_315,fpq,1,fp_unconditional,5
qwen38_off,text,fpq_316,fpq,1,fp_unconditional,5
qwen38_off,text,fpq_317,fpq,1,fp_unconditional,5
qwen38_off,text,fpq_318,fpq,1,fp_unconditional,5
qwen38_off,text,fpq_319,fpq,1,fp_unconditional,5
qwen38_off,text,fpq_32,fpq,1,fp_unconditional,5
qwen38_off,text,fpq_320,fpq,1,fp_unconditional,5
qwen38_off,text,fpq_321,fpq,1,fp_unconditional,1
qwen38_off,text,fpq_325,fpq,1,fp_unconditional,5
qwen38_off,text,fpq_326,fpq,1,fp_unconditional,2
qwen38_off,text,fpq_327,fpq,0,plain,4
qwen38_off,text,fpq_33,fpq,1,fp_unconditional,1
qwen38_off,text,fpq_336,fpq,1,fp_unconditional,5
qwen38_off,text,fpq_34,fpq,1,fp_unconditional,5
qwen38_off,text,fpq_342,fpq,1,fp_unconditional,1
qwen38_off,text,fpq_343,fpq,1,fp_unconditional,5
qwen38_off,text,fpq_344,fpq,1,fp_unconditional,1
qwen38_off,text,fpq_348,fpq,1,fp_unconditional,5
qwen38_off,text,fpq_35,fpq,1,fp_unconditional,1
qwen38_off,text,fpq_350,fpq,1,fp_unconditional,1
qwen38_off,text,fpq_353,fpq,1,fp_unconditional,5
qwen38_off,text,fpq_354,fpq,1,fp_unconditional,5
qwen38_off,text,fpq_357,fpq,0,plain,5
qwen38_off,text,fpq_358,fpq,0,plain,5
qwen38_off,text,fpq_359,fpq,1,fp_unconditional,5
qwen38_off,text,fpq_36,fpq,1,fp_unconditional,5
qwen38_off,text,fpq_361,fpq,1,fp_unconditional,5
qwen38_off,text,fpq_362,fpq,0,plain,1
qwen38_off,text,fpq_366,fpq,0,plain,1
qwen38_off,text,fpq_368,fpq,1,fp_unconditional,1
qwen38_off,text,fpq_37,fpq,1,fp_unconditional,5
qwen38_off,text,fpq_376,fpq,0,plain,5
qwen38_off,text,fpq_378,fpq,0,plain,1
qwen38_off,text,fpq_379,fpq,0,plain,5
qwen38_off,text,fpq_38,fpq,1,fp_unconditional,5
qwen38_off,text,fpq_380,fpq,0,plain,5
qwen38_off,text,fpq_383,fpq,0,plain,4
qwen38_off,text,fpq_385,fpq,1,fp_unconditional,5
qwen38_off,text,fpq_386,fpq,1,fp_unconditional,5
qwen38_off,text,fpq_387,fpq,1,fp_unconditional,5
qwen38_off,text,fpq_388,fpq,1,fp_unconditional,5
qwen38_off,text,fpq_389,fpq,1,fp_unconditional,5
qwen38_off,text,fpq_39,fpq,1,fp_unconditional,5
qwen38_off,text,fpq_390,fpq,1,fp_unconditional,5
qwen38_off,text,fpq_391,fpq,1,fp_unconditional,5
qwen38_off,text,fpq_392,fpq,1,fp_unconditional,5
qwen38_off,text,fpq_394,fpq,1,fp_unconditional,5
qwen38_off,text,fpq_395,fpq,0,plain,5
qwen38_off,text,fpq_396,fpq,1,fp_unconditional,5
qwen38_off,text,fpq_397,fpq,1,fp_unconditional,5
qwen38_off,text,fpq_398,fpq,1,fp_unconditional,5
qwen38_off,text,fpq_399,fpq,1,fp_unconditional,5
qwen38_off,text,fpq_4,fpq,1,fp_unconditional,5
qwen38_off,text,fpq_40,fpq,1,fp_unconditional,5
qwen38_off,text,fpq_400,fpq,1,fp_unconditional,5
qwen38_off,text,fpq_403,fpq,1,fp_unconditional,5
qwen38_off,text,fpq_405,fpq,1,fp_unconditional,5
qwen38_off,text,fpq_407,fpq,0,plain,1
qwen38_off,text,fpq_408,fpq,1,fp_unconditional,5
qwen38_off,text,fpq_41,fpq,1,fp_unconditional,5
qwen38_off,text,fpq_415,fpq,1,fp_unconditional,5
qwen38_off,text,fpq_416,fpq,1,fp_unconditional,5
qwen38_off,text,fpq_417,fpq,0,plain,1
qwen38_off,text,fpq_42,fpq,1,fp_unconditional,5
qwen38_off,text,fpq_420,fpq,1,fp_unconditional,1
qwen38_off,text,fpq_421,fpq,1,fp_unconditional,2
qwen38_off,text,fpq_422,fpq,1,fp_unconditional,2
qwen38_off,text,fpq_423,fpq,1,fp_unconditional,5
qwen38_off,text,fpq_425,fpq,1,fp_unconditional,5
qwen38_off,text,fpq_426,fpq,1,fp_unconditional,5
qwen38_off,text,fpq_428,fpq,1,fp_unconditional,5
qwen38_off,text,fpq_429,fpq,1,fp_unconditional,5
qwen38_off,text,fpq_43,fpq,1,fp_unconditional,4
qwen38_off,text,fpq_434,fpq,1,fp_unconditional,5
qwen38_off,text,fpq_436,fpq,1,fp_unconditional,5
qwen38_off,text,fpq_438,fpq,1,fp_unconditional,4
qwen38_off,text,fpq_439,fpq,1,fp_unconditional,5
qwen38_off,text,fpq_44,fpq,1,fp_unconditional,5
qwen38_off,text,fpq_443,fpq,1,fp_unconditional,5
qwen38_off,text,fpq_445,fpq,1,fp_unconditional,5
qwen38_off,text,fpq_446,fpq,1,fp_unconditional,5
qwen38_off,text,fpq_45,fpq,1,fp_unconditional,5
qwen38_off,text,fpq_459,fpq,0,plain,4
qwen38_off,text,fpq_46,fpq,1,fp_unconditional,5
qwen38_off,text,fpq_460,fpq,0,plain,1
qwen38_off,text,fpq_462,fpq,0,plain,2
qwen38_off,text,fpq_467,fpq,0,plain,4
qwen38_off,text,fpq_47,fpq,1,fp_unconditional,5
qwen38_off,text,fpq_472,fpq,1,fp_unconditional,5
qwen38_off,text,fpq_473,fpq,0,plain,5
qwen38_off,text,fpq_474,fpq,0,plain,1
qwen38_off,text,fpq_477,fpq,0,plain,4
qwen38_off,text,fpq_479,fpq,1,fp_unconditional,5
qwen38_off,text,fpq_48,fpq,1,fp_unconditional,1
qwen38_off,text,fpq_484,fpq,1,fp_unconditional,5
qwen38_off,text,fpq_485,fpq,1,fp_unconditional,5
qwen38_off,text,fpq_487,fpq,0,plain,5
qwen38_off,text,fpq_488,fpq,0,plain,2
qwen38_off,text,fpq_49,fpq,1,fp_unconditional,2
qwen38_off,text,fpq_492,fpq,1,fp_unconditional,5
qwen38_off,text,fpq_493,fpq,1,fp_unconditional,4
qwen38_off,text,fpq_494,fpq,1,fp_unconditional,5
qwen38_off,text,fpq_495,fpq,1,fp_unconditional,5
qwen38_off,text,fpq_497,fpq,1,fp_unconditional,5
qwen38_off,text,fpq_499,fpq,1,fp_unconditional,5
qwen38_off,text,fpq_5,fpq,1,fp_unconditional,5
qwen38_off,text,fpq_50,fpq,1,fp_unconditional,1
qwen38_off,text,fpq_500,fpq,0,plain,5
qwen38_off,text,fpq_501,fpq,0,plain,1
qwen38_off,text,fpq_502,fpq,1,fp_unconditional,5
qwen38_off,text,fpq_505,fpq,1,fp_unconditional,1
qwen38_off,text,fpq_506,fpq,1,fp_unconditional,2
qwen38_off,text,fpq_507,fpq,1,fp_unconditional,5
qwen38_off,text,fpq_51,fpq,1,fp_unconditional,5
qwen38_off,text,fpq_512,fpq,1,fp_unconditional,5
qwen38_off,text,fpq_514,fpq,1,fp_unconditional,2
qwen38_off,text,fpq_516,fpq,1,fp_unconditional,4
qwen38_off,text,fpq_517,fpq,1,fp_unconditional,5
qwen38_off,text,fpq_52,fpq,1,fp_unconditional,4
qwen38_off,text,fpq_521,fpq,1,fp_unconditional,5
qwen38_off,text,fpq_522,fpq,0,plain,1
qwen38_off,text,fpq_524,fpq,1,fp_unconditional,5
qwen38_off,text,fpq_525,fpq,1,fp_unconditional,5
qwen38_off,text,fpq_53,fpq,1,fp_unconditional,5
qwen38_off,text,fpq_530,fpq,1,fp_unconditional,5
qwen38_off,text,fpq_531,fpq,1,fp_unconditional,5
qwen38_off,text,fpq_534,fpq,1,fp_unconditional,2
qwen38_off,text,fpq_535,fpq,1,fp_unconditional,5
qwen38_off,text,fpq_54,fpq,1,fp_unconditional,5
qwen38_off,text,fpq_542,fpq,0,plain,1
qwen38_off,text,fpq_543,fpq,1,fp_unconditional,4
qwen38_off,text,fpq_546,fpq,0,plain,1
qwen38_off,text,fpq_547,fpq,1,fp_unconditional,5
qwen38_off,text,fpq_549,fpq,1,fp_unconditional,5
qwen38_off,text,fpq_55,fpq,1,fp_unconditional,5
qwen38_off,text,fpq_550,fpq,1,fp_unconditional,5
qwen38_off,text,fpq_552,fpq,1,fp_unconditional,4
qwen38_off,text,fpq_556,fpq,1,fp_unconditional,5
qwen38_off,text,fpq_557,fpq,1,fp_unconditional,1
qwen38_off,text,fpq_558,fpq,1,fp_unconditional,5
qwen38_off,text,fpq_559,fpq,1,fp_unconditional,5
qwen38_off,text,fpq_56,fpq,1,fp_unconditional,5
qwen38_off,text,fpq_560,fpq,1,fp_unconditional,5
qwen38_off,text,fpq_563,fpq,1,fp_unconditional,5
qwen38_off,text,fpq_564,fpq,1,fp_unconditional,5
qwen38_off,text,fpq_565,fpq,1,fp_unconditional,2
qwen38_off,text,fpq_566,fpq,0,plain,5
qwen38_off,text,fpq_57,fpq,1,fp_unconditional,2
qwen38_off,text,fpq_570,fpq,1,fp_unconditional,5
qwen38_off,text,fpq_572,fpq,1,fp_unconditional,1
qwen38_off,text,fpq_574,fpq,0,plain,5
qwen38_off,text,fpq_58,fpq,1,fp_unconditional,5
qwen38_off,text,fpq_580,fpq,1,fp_unconditional,5
qwen38_off,text,fpq_583,fpq,1,fp_unconditional,1
qwen38_off,text,fpq_584,fpq,1,fp_unconditional,5
qwen38_off,text,fpq_586,fpq,1,fp_unconditional,1
qwen38_off,text,fpq_59,fpq,1,fp_unconditional,1
qwen38_off,text,fpq_593,fpq,1,fp_unconditional,5
qwen38_off,text,fpq_595,fpq,1,fp_unconditional,5
qwen38_off,text,fpq_596,fpq,1,fp_unconditional,2
qwen38_off,text,fpq_598,fpq,1,fp_unconditional,5
qwen38_off,text,fpq_6,fpq,1,fp_unconditional,1
qwen38_off,text,fpq_60,fpq,1,fp_unconditional,5
qwen38_off,text,fpq_600,fpq,1,fp_unconditional,5
qwen38_off,text,fpq_601,fpq,1,fp_unconditional,1
qwen38_off,text,fpq_603,fpq,1,fp_unconditional,5
qwen38_off,text,fpq_604,fpq,1,fp_unconditional,1
qwen38_off,text,fpq_606,fpq,1,fp_unconditional,5
qwen38_off,text,fpq_607,fpq,1,fp_unconditional,5
qwen38_off,text,fpq_608,fpq,1,fp_unconditional,5
qwen38_off,text,fpq_609,fpq,1,fp_unconditional,1
qwen38_off,text,fpq_61,fpq,1,fp_unconditional,5
qwen38_off,text,fpq_610,fpq,1,fp_unconditional,1
qwen38_off,text,fpq_611,fpq,1,fp_unconditional,5
qwen38_off,text,fpq_612,fpq,1,fp_unconditional,1
qwen38_off,text,fpq_613,fpq,1,fp_unconditional,5
qwen38_off,text,fpq_614,fpq,1,fp_unconditional,5
qwen38_off,text,fpq_615,fpq,1,fp_unconditional,5
qwen38_off,text,fpq_616,fpq,1,fp_unconditional,5
qwen38_off,text,fpq_617,fpq,1,fp_unconditional,5
qwen38_off,text,fpq_618,fpq,1,fp_unconditional,2
qwen38_off,text,fpq_619,fpq,1,fp_unconditional,5
qwen38_off,text,fpq_62,fpq,1,fp_unconditional,5
qwen38_off,text,fpq_620,fpq,1,fp_unconditional,1
qwen38_off,text,fpq_621,fpq,1,fp_unconditional,5
qwen38_off,text,fpq_622,fpq,0,plain,5
qwen38_off,text,fpq_623,fpq,1,fp_unconditional,2
qwen38_off,text,fpq_624,fpq,1,fp_unconditional,5
qwen38_off,text,fpq_625,fpq,1,fp_unconditional,5
qwen38_off,text,fpq_626,fpq,1,fp_unconditional,5
qwen38_off,text,fpq_628,fpq,1,fp_unconditional,5
qwen38_off,text,fpq_629,fpq,1,fp_unconditional,5
qwen38_off,text,fpq_63,fpq,1,fp_unconditional,5
qwen38_off,text,fpq_630,fpq,1,fp_unconditional,5
qwen38_off,text,fpq_631,fpq,0,plain,5
qwen38_off,text,fpq_632,fpq,1,fp_unconditional,5
qwen38_off,text,fpq_633,fpq,0,plain,4
qwen38_off,text,fpq_634,fpq,1,fp_unconditional,5
qwen38_off,text,fpq_635,fpq,0,plain,1
qwen38_off,text,fpq_636,fpq,1,fp_unconditional,5
qwen38_off,text,fpq_638,fpq,1,fp_unconditional,5
qwen38_off,text,fpq_639,fpq,1,fp_unconditional,4
qwen38_off,text,fpq_64,fpq,1,fp_unconditional,5
qwen38_off,text,fpq_640,fpq,1,fp_unconditional,1
qwen38_off,text,fpq_641,fpq,1,fp_unconditional,4
qwen38_off,text,fpq_643,fpq,1,fp_unconditional,2
qwen38_off,text,fpq_644,fpq,1,fp_unconditional,1
qwen38_off,text,fpq_645,fpq,1,fp_unconditional,2
qwen38_off,text,fpq_646,fpq,1,fp_unconditional,1
qwen38_off,text,fpq_647,fpq,1,fp_unconditional,5
qwen38_off,text,fpq_649,fpq,1,fp_unconditional,1
qwen38_off,text,fpq_65,fpq,1,fp_unconditional,2
qwen38_off,text,fpq_650,fpq,0,plain,5
qwen38_off,text,fpq_652,fpq,1,fp_unconditional,1
qwen38_off,text,fpq_653,fpq,1,fp_unconditional,2
qwen38_off,text,fpq_654,fpq,1,fp_unconditional,1
qwen38_off,text,fpq_655,fpq,1,fp_unconditional,5
qwen38_off,text,fpq_657,fpq,1,fp_unconditional,5
qwen38_off,text,fpq_659,fpq,1,fp_unconditional,2
qwen38_off,text,fpq_66,fpq,1,fp_unconditional,1
qwen38_off,text,fpq_661,fpq,1,fp_unconditional,5
qwen38_off,text,fpq_662,fpq,1,fp_unconditional,4
qwen38_off,text,fpq_663,fpq,0,plain,1
qwen38_off,text,fpq_666,fpq,0,plain,5
qwen38_off,text,fpq_669,fpq,0,plain,1
qwen38_off,text,fpq_67,fpq,1,fp_unconditional,5
qwen38_off,text,fpq_671,fpq,1,fp_unconditional,5
qwen38_off,text,fpq_675,fpq,1,fp_unconditional,4
qwen38_off,text,fpq_676,fpq,1,fp_unconditional,4
qwen38_off,text,fpq_677,fpq,1,fp_unconditional,5
qwen38_off,text,fpq_678,fpq,1,fp_unconditional,2
qwen38_off,text,fpq_68,fpq,1,fp_unconditional,5
qwen38_off,text,fpq_682,fpq,1,fp_unconditional,2
qwen38_off,text,fpq_685,fpq,1,fp_unconditional,5
qwen38_off,text,fpq_687,fpq,1,fp_unconditional,1
qwen38_off,text,fpq_689,fpq,1,fp_unconditional,5
qwen38_off,text,fpq_69,fpq,1,fp_unconditional,5
qwen38_off,text,fpq_690,fpq,1,fp_unconditional,5
qwen38_off,text,fpq_691,fpq,1,fp_unconditional,5
qwen38_off,text,fpq_692,fpq,1,fp_unconditional,5
qwen38_off,text,fpq_694,fpq,1,fp_unconditional,5
qwen38_off,text,fpq_695,fpq,1,fp_unconditional,5
qwen38_off,text,fpq_696,fpq,1,fp_unconditional,5
qwen38_off,text,fpq_697,fpq,1,fp_unconditional,5
qwen38_off,text,fpq_699,fpq,0,plain,2
qwen38_off,text,fpq_7,fpq,1,fp_unconditional,5
qwen38_off,text,fpq_70,fpq,1,fp_unconditional,5
qwen38_off,text,fpq_702,fpq,1,fp_unconditional,5
qwen38_off,text,fpq_703,fpq,1,fp_unconditional,5
qwen38_off,text,fpq_704,fpq,1,fp_unconditional,5
qwen38_off,text,fpq_705,fpq,1,fp_unconditional,5
qwen38_off,text,fpq_706,fpq,1,fp_unconditional,5
qwen38_off,text,fpq_71,fpq,1,fp_unconditional,1
qwen38_off,text,fpq_712,fpq,1,fp_unconditional,5
qwen38_off,text,fpq_713,fpq,0,plain,1
qwen38_off,text,fpq_72,fpq,1,fp_unconditional,1
qwen38_off,text,fpq_721,fpq,0,plain,5
qwen38_off,text,fpq_722,fpq,1,fp_unconditional,5
qwen38_off,text,fpq_723,fpq,1,fp_unconditional,5
qwen38_off,text,fpq_724,fpq,1,fp_unconditional,1
qwen38_off,text,fpq_725,fpq,1,fp_unconditional,5
qwen38_off,text,fpq_726,fpq,1,fp_unconditional,5
qwen38_off,text,fpq_727,fpq,1,fp_unconditional,5
qwen38_off,text,fpq_728,fpq,1,fp_unconditional,5
qwen38_off,text,fpq_729,fpq,1,fp_unconditional,1
qwen38_off,text,fpq_73,fpq,1,fp_unconditional,1
qwen38_off,text,fpq_730,fpq,1,fp_unconditional,1
qwen38_off,text,fpq_735,fpq,1,fp_unconditional,5
qwen38_off,text,fpq_736,fpq,1,fp_unconditional,5
qwen38_off,text,fpq_738,fpq,1,fp_unconditional,1
qwen38_off,text,fpq_739,fpq,1,fp_unconditional,4
qwen38_off,text,fpq_74,fpq,1,fp_unconditional,5
qwen38_off,text,fpq_740,fpq,1,fp_unconditional,5
qwen38_off,text,fpq_741,fpq,1,fp_unconditional,5
qwen38_off,text,fpq_743,fpq,1,fp_unconditional,1
qwen38_off,text,fpq_744,fpq,1,fp_unconditional,5
qwen38_off,text,fpq_745,fpq,1,fp_unconditional,2
qwen38_off,text,fpq_746,fpq,1,fp_unconditional,5
qwen38_off,text,fpq_747,fpq,1,fp_unconditional,5
qwen38_off,text,fpq_749,fpq,1,fp_unconditional,5
qwen38_off,text,fpq_75,fpq,1,fp_unconditional,4
qwen38_off,text,fpq_750,fpq,1,fp_unconditional,2
qwen38_off,text,fpq_751,fpq,0,plain,1
qwen38_off,text,fpq_753,fpq,1,fp_unconditional,5
qwen38_off,text,fpq_754,fpq,1,fp_unconditional,5
qwen38_off,text,fpq_755,fpq,0,plain,5
qwen38_off,text,fpq_76,fpq,1,fp_unconditional,1
qwen38_off,text,fpq_761,fpq,1,fp_unconditional,5
qwen38_off,text,fpq_762,fpq,1,fp_unconditional,5
qwen38_off,text,fpq_763,fpq,1,fp_unconditional,5
qwen38_off,text,fpq_764,fpq,1,fp_unconditional,5
qwen38_off,text,fpq_77,fpq,1,fp_unconditional,5
qwen38_off,text,fpq_771,fpq,1,fp_unconditional,5
qwen38_off,text,fpq_772,fpq,1,fp_unconditional,5
qwen38_off,text,fpq_773,fpq,1,fp_unconditional,5
qwen38_off,text,fpq_774,fpq,1,fp_unconditional,5
qwen38_off,text,fpq_775,fpq,0,plain,1
qwen38_off,text,fpq_776,fpq,0,plain,1
qwen38_off,text,fpq_777,fpq,1,fp_unconditional,5
qwen38_off,text,fpq_778,fpq,1,fp_unconditional,1
qwen38_off,text,fpq_78,fpq,1,fp_unconditional,5
qwen38_off,text,fpq_780,fpq,1,fp_unconditional,5
qwen38_off,text,fpq_781,fpq,0,plain,2
qwen38_off,text,fpq_789,fpq,1,fp_unconditional,5
qwen38_off,text,fpq_794,fpq,1,fp_unconditional,5
qwen38_off,text,fpq_797,fpq,1,fp_unconditional,5
qwen38_off,text,fpq_798,fpq,1,fp_unconditional,5
qwen38_off,text,fpq_799,fpq,1,fp_unconditional,1
qwen38_off,text,fpq_8,fpq,1,fp_unconditional,5
qwen38_off,text,fpq_80,fpq,1,fp_unconditional,1
qwen38_off,text,fpq_801,fpq,0,plain,1
qwen38_off,text,fpq_802,fpq,1,fp_unconditional,1
qwen38_off,text,fpq_804,fpq,0,plain,5
qwen38_off,text,fpq_805,fpq,1,fp_unconditional,4
qwen38_off,text,fpq_806,fpq,0,plain,1
qwen38_off,text,fpq_807,fpq,1,fp_unconditional,1
qwen38_off,text,fpq_808,fpq,1,fp_unconditional,5
qwen38_off,text,fpq_81,fpq,1,fp_unconditional,5
qwen38_off,text,fpq_813,fpq,1,fp_unconditional,5
qwen38_off,text,fpq_814,fpq,0,plain,1
qwen38_off,text,fpq_817,fpq,1,fp_unconditional,5
qwen38_off,text,fpq_818,fpq,1,fp_unconditional,5
qwen38_off,text,fpq_82,fpq,0,plain,5
qwen38_off,text,fpq_820,fpq,1,fp_unconditional,5
qwen38_off,text,fpq_823,fpq,1,fp_unconditional,5
qwen38_off,text,fpq_824,fpq,1,fp_unconditional,5
qwen38_off,text,fpq_827,fpq,1,fp_unconditional,2
qwen38_off,text,fpq_828,fpq,1,fp_unconditional,2
qwen38_off,text,fpq_829,fpq,1,fp_unconditional,4
qwen38_off,text,fpq_830,fpq,1,fp_unconditional,4
qwen38_off,text,fpq_831,fpq,1,fp_unconditional,1
qwen38_off,text,fpq_832,fpq,1,fp_unconditional,5
qwen38_off,text,fpq_833,fpq,1,fp_unconditional,5
qwen38_off,text,fpq_834,fpq,1,fp_unconditional,5
qwen38_off,text,fpq_835,fpq,1,fp_unconditional,5
qwen38_off,text,fpq_836,fpq,1,fp_unconditional,5
qwen38_off,text,fpq_837,fpq,0,plain,2
qwen38_off,text,fpq_838,fpq,1,fp_unconditional,5
qwen38_off,text,fpq_839,fpq,1,fp_unconditional,5
qwen38_off,text,fpq_84,fpq,1,fp_unconditional,5
qwen38_off,text,fpq_840,fpq,1,fp_unconditional,5
qwen38_off,text,fpq_844,fpq,1,fp_unconditional,5
qwen38_off,text,fpq_846,fpq,1,fp_unconditional,5
qwen38_off,text,fpq_847,fpq,1,fp_unconditional,5
qwen38_off,text,fpq_848,fpq,1,fp_unconditional,4
qwen38_off,text,fpq_849,fpq,1,fp_unconditional,4
qwen38_off,text,fpq_85,fpq,1,fp_unconditional,5
qwen38_off,text,fpq_850,fpq,1,fp_unconditional,5
qwen38_off,text,fpq_851,fpq,1,fp_unconditional,5
qwen38_off,text,fpq_852,fpq,1,fp_unconditional,1
qwen38_off,text,fpq_854,fpq,1,fp_unconditional,1
qwen38_off,text,fpq_855,fpq,1,fp_unconditional,1
qwen38_off,text,fpq_858,fpq,1,fp_unconditional,1
qwen38_off,text,fpq_859,fpq,1,fp_unconditional,1
qwen38_off,text,fpq_860,fpq,1,fp_unconditional,1
qwen38_off,text,fpq_861,fpq,1,fp_unconditional,2
qwen38_off,text,fpq_862,fpq,1,fp_unconditional,5
qwen38_off,text,fpq_863,fpq,1,fp_unconditional,5
qwen38_off,text,fpq_864,fpq,1,fp_unconditional,5
qwen38_off,text,fpq_865,fpq,1,fp_unconditional,5
qwen38_off,text,fpq_866,fpq,0,plain,2
qwen38_off,text,fpq_869,fpq,1,fp_unconditional,5
qwen38_off,text,fpq_87,fpq,1,fp_unconditional,1
qwen38_off,text,fpq_870,fpq,1,fp_unconditional,1
qwen38_off,text,fpq_871,fpq,0,plain,1
qwen38_off,text,fpq_872,fpq,1,fp_unconditional,1
qwen38_off,text,fpq_88,fpq,1,fp_unconditional,5
qwen38_off,text,fpq_89,fpq,1,fp_unconditional,5
qwen38_off,text,fpq_9,fpq,1,fp_unconditional,5
qwen38_off,text,fpq_90,fpq,1,fp_unconditional,1
qwen38_off,text,fpq_91,fpq,1,fp_unconditional,4
qwen38_off,text,fpq_92,fpq,1,fp_unconditional,5
qwen38_off,text,fpq_94,fpq,1,fp_unconditional,5
qwen38_off,text,fpq_95,fpq,1,fp_unconditional,1
qwen38_off,text,fpq_96,fpq,0,plain,1
qwen38_off,text,fpq_97,fpq,1,fp_unconditional,1
qwen38_off,text,fpq_98,fpq,1,fp_unconditional,1
qwen38_off,text,fpq_99,fpq,1,fp_unconditional,5
qwen38_off,text,nfp_1000,nfp,1,fp_unconditional,1
qwen38_off,text,nfp_1001,nfp,1,fp_unconditional,1
qwen38_off,text,nfp_1002,nfp,1,fp_unconditional,1
qwen38_off,text,nfp_1003,nfp,0,plain,5
qwen38_off,text,nfp_1004,nfp,0,plain,2
qwen38_off,text,nfp_1005,nfp,1,fp_unconditional,1
qwen38_off,text,nfp_1006,nfp,0,plain,5
qwen38_off,text,nfp_1008,nfp,1,fp_unconditional,5
qwen38_off,text,nfp_1009,nfp,1,fp_unconditional,1
qwen38_off,text,nfp_1010,nfp,1,fp_unconditional,2
qwen38_off,text,nfp_1011,nfp,1,fp_unconditional,1
qwen38_off,text,nfp_1012,nfp,1,fp_unconditional,2
qwen38_off,text,nfp_1013,nfp,0,plain,5
qwen38_off,text,nfp_1014,nfp,1,fp_unconditional,2
qwen38_off,text,nfp_1015,nfp,1,fp_unconditional,2
qwen38_off,text,nfp_1016,nfp,1,fp_unconditional,2
qwen38_off,text,nfp_1017,nfp,1,fp_unconditional,4
qwen38_off,text,nfp_1018,nfp,1,fp_unconditional,2
qwen38_off,text,nfp_1019,nfp,1,fp_unconditional,4
qwen38_off,text,nfp_1020,nfp,1,fp_unconditional,4
qwen38_off,text,nfp_1021,nfp,1,fp_unconditional,1
qwen38_off,text,nfp_1022,nfp,1,fp_unconditional,3
qwen38_off,text,nfp_1023,nfp,1,fp_unconditional,1
qwen38_off,text,nfp_1024,nfp,0,plain,4
qwen38_off,text,nfp_1025,nfp,1,fp_unconditional,4
qwen38_off,text,nfp_1026,nfp,1,fp_unconditional,2
qwen38_off,text,nfp_1027,nfp,1,fp_unconditional,1
qwen38_off,text,nfp_1028,nfp,1,fp_unconditional,1
qwen38_off,text,nfp_1029,nfp,1,fp_unconditional,2
qwen38_off,text,nfp_1030,nfp,1,fp_unconditional,1
qwen38_off,text,nfp_1031,nfp,1,fp_unconditional,2
qwen38_off,text,nfp_1032,nfp,1,fp_unconditional,4
qwen38_off,text,nfp_1033,nfp,1,fp_unconditional,1
qwen38_off,text,nfp_1034,nfp,1,fp_unconditional,1
qwen38_off,text,nfp_1035,nfp,0,plain,4
qwen38_off,text,nfp_1036,nfp,0,plain,5
qwen38_off,text,nfp_1037,nfp,1,fp_unconditional,2
qwen38_off,text,nfp_1038,nfp,1,fp_unconditional,2
qwen38_off,text,nfp_1039,nfp,1,fp_unconditional,2
qwen38_off,text,nfp_1040,nfp,1,fp_unconditional,2
qwen38_off,text,nfp_1041,nfp,1,fp_unconditional,2
qwen38_off,text,nfp_1042,nfp,1,fp_unconditional,1
qwen38_off,text,nfp_1043,nfp,0,plain,5
qwen38_off,text,nfp_1044,nfp,0,plain,4
qwen38_off,text,nfp_1045,nfp,1,fp_unconditional,4
qwen38_off,text,nfp_1046,nfp,1,fp_unconditional,4
qwen38_off,text,nfp_1047,nfp,0,plain,4
qwen38_off,text,nfp_1048,nfp,0,plain,4
qwen38_off,text,nfp_1049,nfp,0,plain,5
qwen38_off,text,nfp_1050,nfp,1,fp_unconditional,5
qwen38_off,text,nfp_1051,nfp,0,plain,4
qwen38_off,text,nfp_1052,nfp,0,plain,5
qwen38_off,text,nfp_1053,nfp,1,fp_unconditional,4
qwen38_off,text,nfp_1054,nfp,0,plain,2
qwen38_off,text,nfp_1055,nfp,1,fp_unconditional,1
qwen38_off,text,nfp_1056,nfp,0,plain,4
qwen38_off,text,nfp_1057,nfp,1,fp_unconditional,1
qwen38_off,text,nfp_1058,nfp,0,plain,5
qwen38_off,text,nfp_1059,nfp,1,fp_unconditional,1
qwen38_off,text,nfp_1060,nfp,1,fp_unconditional,5
qwen38_off,text,nfp_1061,nfp,1,fp_unconditional,2
qwen38_off,text,nfp_1062,nfp,1,fp_unconditional,1
qwen38_off,text,nfp_1063,nfp,0,plain,2
qwen38_off,text,nfp_1064,nfp,1,fp_unconditional,2
qwen38_off,text,nfp_1065,nfp,1,fp_unconditional,4
qwen38_off,text,nfp_1066,nfp,1,fp_unconditional,1
qwen38_off,text,nfp_1067,nfp,1,fp_unconditional,2
qwen38_off,text,nfp_1068,nfp,1,fp_unconditional,2
qwen38_off,text,nfp_1069,nfp,1,fp_unconditional,1
qwen38_off,text,nfp_1070,nfp,0,plain,2
qwen38_off,text,nfp_1071,nfp,1,fp_unconditional,4
qwen38_off,text,nfp_1072,nfp,0,plain,5
qwen38_off,text,nfp_1073,nfp,1,fp_unconditional,2
qwen38_off,text,nfp_1074,nfp,1,fp_unconditional,1
qwen38_off,text,nfp_1075,nfp,1,fp_unconditional,1
qwen38_off,text,nfp_1076,nfp,1,fp_unconditional,1
qwen38_off,text,nfp_1077,nfp,0,plain,4
qwen38_off,text,nfp_1078,nfp,1,fp_unconditional,2
qwen38_off,text,nfp_1079,nfp,1,fp_unconditional,1
qwen38_off,text,nfp_1080,nfp,0,plain,1
qwen38_off,text,nfp_1081,nfp,1,fp_unconditional,1
qwen38_off,text,nfp_1082,nfp,1,fp_unconditional,1
qwen38_off,text,nfp_1083,nfp,1,fp_unconditional,4
qwen38_off,text,nfp_1084,nfp,0,plain,4
qwen38_off,text,nfp_1085,nfp,0,plain,4
qwen38_off,text,nfp_1086,nfp,0,plain,5
qwen38_off,text,nfp_1087,nfp,0,plain,4
qwen38_off,text,nfp_1088,nfp,0,plain,4
qwen38_off,text,nfp_1089,nfp,0,plain,1
qwen38_off,text,nfp_1090,nfp,0,plain,2
qwen38_off,text,nfp_1091,nfp,0,plain,4
qwen38_off,text,nfp_1092,nfp,1,fp_unconditional,2
qwen38_off,text,nfp_1093,nfp,0,plain,5
qwen38_off,text,nfp_1094,nfp,0,plain,4
qwen38_off,text,nfp_1095,nfp,0,plain,5
qwen38_off,text,nfp_1096,nfp,0,plain,4
qwen38_off,text,nfp_1097,nfp,0,plain,2
qwen38_off,text,nfp_1098,nfp,0,plain,2
qwen38_off,text,nfp_1099,nfp,1,fp_unconditional,1
qwen38_off,text,nfp_1100,nfp,0,plain,4
qwen38_off,text,nfp_1101,nfp,0,plain,4
qwen38_off,text,nfp_1102,nfp,0,plain,5
qwen38_off,text,nfp_1103,nfp,0,plain,5
qwen38_off,text,nfp_1104,nfp,0,plain,2
qwen38_off,text,nfp_1105,nfp,1,fp_unconditional,4
qwen38_off,text,nfp_1106,nfp,1,fp_unconditional,2
qwen38_off,text,nfp_1107,nfp,0,plain,2
qwen38_off,text,nfp_1108,nfp,0,plain,2
qwen38_off,text,nfp_1109,nfp,1,fp_unconditional,2
qwen38_off,text,nfp_1110,nfp,0,plain,5
qwen38_off,text,nfp_1111,nfp,0,plain,5
qwen38_off,text,nfp_1112,nfp,0,plain,5
qwen38_off,text,nfp_1113,nfp,1,fp_unconditional,1
qwen38_off,text,nfp_1114,nfp,1,fp_unconditional,2
qwen38_off,text,nfp_1115,nfp,0,plain,5
qwen38_off,text,nfp_1116,nfp,0,plain,4
qwen38_off,text,nfp_1117,nfp,1,fp_unconditional,1
qwen38_off,text,nfp_1118,nfp,0,plain,5
qwen38_off,text,nfp_1119,nfp,0,plain,4
qwen38_off,text,nfp_1120,nfp,0,plain,4
qwen38_off,text,nfp_1121,nfp,0,plain,5
qwen38_off,text,nfp_1122,nfp,0,plain,4
qwen38_off,text,nfp_1123,nfp,1,fp_unconditional,2
qwen38_off,text,nfp_1124,nfp,0,plain,2
qwen38_off,text,nfp_1125,nfp,0,plain,4
qwen38_off,text,nfp_1126,nfp,0,plain,5
qwen38_off,text,nfp_1127,nfp,0,plain,5
qwen38_off,text,nfp_1128,nfp,0,plain,5
qwen38_off,text,nfp_1129,nfp,0,plain,5
qwen38_off,text,nfp_1130,nfp,0,plain,1
qwen38_off,text,nfp_1131,nfp,0,plain,5
qwen38_off,text,nfp_1132,nfp,0,plain,4
qwen38_off,text,nfp_1133,nfp,0,plain,4
qwen38_off,text,nfp_1134,nfp,1,fp_unconditional,1
qwen38_off,text,nfp_1135,nfp,0,plain,4
qwen38_off,text,nfp_1136,nfp,1,fp_unconditional,2
qwen38_off,text,nfp_1137,nfp,1,fp_unconditional,2
qwen38_off,text,nfp_1138,nfp,0,plain,5
qwen38_off,text,nfp_1139,nfp,1,fp_unconditional,2
qwen38_off,text,nfp_1140,nfp,0,plain,4
qwen38_off,text,nfp_1141,nfp,0,plain,5
qwen38_off,text,nfp_1142,nfp,1,fp_unconditional,1
qwen38_off,text,nfp_1143,nfp,0,plain,5
qwen38_off,text,nfp_1144,nfp,0,plain,4
qwen38_off,text,nfp_1145,nfp,0,plain,4
qwen38_off,text,nfp_1146,nfp,0,plain,4
qwen38_off,text,nfp_1147,nfp,1,fp_unconditional,2
qwen38_off,text,nfp_1148,nfp,0,plain,5
qwen38_off,text,nfp_1149,nfp,0,plain,3
qwen38_on,text,fpq_0,fpq,1,fp_unconditional,5
qwen38_on,text,fpq_10,fpq,1,fp_unconditional,5
qwen38_on,text,fpq_100,fpq,1,fp_unconditional,1
qwen38_on,text,fpq_101,fpq,1,fp_unconditional,1
qwen38_on,text,fpq_102,fpq,1,fp_unconditional,5
qwen38_on,text,fpq_103,fpq,1,fp_unconditional,5
qwen38_on,text,fpq_105,fpq,1,fp_unconditional,5
qwen38_on,text,fpq_106,fpq,1,fp_unconditional,1
qwen38_on,text,fpq_107,fpq,0,plain,5
qwen38_on,text,fpq_108,fpq,1,fp_unconditional,5
qwen38_on,text,fpq_109,fpq,1,fp_unconditional,1
qwen38_on,text,fpq_11,fpq,1,fp_unconditional,5
qwen38_on,text,fpq_110,fpq,1,fp_unconditional,1
qwen38_on,text,fpq_111,fpq,1,fp_unconditional,5
qwen38_on,text,fpq_112,fpq,1,fp_unconditional,5
qwen38_on,text,fpq_113,fpq,1,fp_unconditional,5
qwen38_on,text,fpq_114,fpq,1,fp_unconditional,5
qwen38_on,text,fpq_115,fpq,0,plain,1
qwen38_on,text,fpq_116,fpq,1,fp_unconditional,5
qwen38_on,text,fpq_12,fpq,1,fp_unconditional,5
qwen38_on,text,fpq_120,fpq,1,fp_unconditional,2
qwen38_on,text,fpq_121,fpq,1,fp_unconditional,5
qwen38_on,text,fpq_122,fpq,1,fp_unconditional,5
qwen38_on,text,fpq_123,fpq,1,fp_unconditional,1
qwen38_on,text,fpq_124,fpq,1,fp_unconditional,4
qwen38_on,text,fpq_125,fpq,1,fp_unconditional,1
qwen38_on,text,fpq_126,fpq,1,fp_unconditional,4
qwen38_on,text,fpq_127,fpq,1,fp_unconditional,5
qwen38_on,text,fpq_128,fpq,0,plain,1
qwen38_on,text,fpq_129,fpq,1,fp_unconditional,5
qwen38_on,text,fpq_13,fpq,1,fp_unconditional,1
qwen38_on,text,fpq_130,fpq,1,fp_unconditional,5
qwen38_on,text,fpq_131,fpq,1,fp_unconditional,1
qwen38_on,text,fpq_133,fpq,1,fp_unconditional,2
qwen38_on,text,fpq_134,fpq,1,fp_unconditional,5
qwen38_on,text,fpq_135,fpq,1,fp_unconditional,5
qwen38_on,text,fpq_136,fpq,1,fp_unconditional,5
qwen38_on,text,fpq_137,fpq,1,fp_unconditional,2
qwen38_on,text,fpq_138,fpq,1,fp_unconditional,1
qwen38_on,text,fpq_139,fpq,1,fp_unconditional,1
qwen38_on,text,fpq_14,fpq,1,fp_unconditional,5
qwen38_on,text,fpq_140,fpq,1,fp_unconditional,4
qwen38_on,text,fpq_141,fpq,1,fp_unconditional,5
qwen38_on,text,fpq_142,fpq,1,fp_unconditional,5
qwen38_on,text,fpq_143,fpq,1,fp_unconditional,5
qwen38_on,text,fpq_144,fpq,1,fp_unconditional,5
qwen38_on,text,fpq_145,fpq,1,fp_unconditional,5
qwen38_on,text,fpq_146,fpq,1,fp_unconditional,5
qwen38_on,text,fpq_147,fpq,1,fp_unconditional,5
qwen38_on,text,fpq_148,fpq,1,fp_unconditional,5
qwen38_on,text,fpq_149,fpq,1,fp_unconditional,5
qwen38_on,text,fpq_15,fpq,1,fp_unconditional,2
qwen38_on,text,fpq_152,fpq,1,fp_unconditional,5
qwen38_on,text,fpq_153,fpq,1,fp_unconditional,1
qwen38_on,text,fpq_155,fpq,1,fp_unconditional,2
qwen38_on,text,fpq_156,fpq,1,fp_unconditional,5
qwen38_on,text,fpq_157,fpq,1,fp_unconditional,5
qwen38_on,text,fpq_158,fpq,1,fp_unconditional,5
qwen38_on,text,fpq_159,fpq,1,fp_unconditional,5
qwen38_on,text,fpq_16,fpq,1,fp_unconditional,5
qwen38_on,text,fpq_160,fpq,1,fp_unconditional,4
qwen38_on,text,fpq_163,fpq,1,fp_unconditional,2
qwen38_on,text,fpq_164,fpq,1,fp_unconditional,1
qwen38_on,text,fpq_165,fpq,1,fp_unconditional,4
qwen38_on,text,fpq_166,fpq,1,fp_unconditional,5
qwen38_on,text,fpq_167,fpq,1,fp_unconditional,1
qwen38_on,text,fpq_168,fpq,1,fp_unconditional,2
qwen38_on,text,fpq_169,fpq,1,fp_unconditional,5
qwen38_on,text,fpq_17,fpq,1,fp_unconditional,5
qwen38_on,text,fpq_170,fpq,1,fp_unconditional,5
qwen38_on,text,fpq_173,fpq,1,fp_unconditional,2
qwen38_on,text,fpq_174,fpq,1,fp_unconditional,5
qwen38_on,text,fpq_175,fpq,0,plain,5
qwen38_on,text,fpq_176,fpq,1,fp_unconditional,2
qwen38_on,text,fpq_177,fpq,1,fp_unconditional,1
qwen38_on,text,fpq_178,fpq,1,fp_unconditional,5
qwen38_on,text,fpq_179,fpq,1,fp_unconditional,4
qwen38_on,text,fpq_18,fpq,1,fp_unconditional,5
qwen38_on,text,fpq_180,fpq,1,fp_unconditional,5
qwen38_on,text,fpq_181,fpq,1,fp_unconditional,5
qwen38_on,text,fpq_182,fpq,1,fp_unconditional,5
qwen38_on,text,fpq_184,fpq,1,fp_unconditional,1
qwen38_on,text,fpq_185,fpq,0,plain,5
qwen38_on,text,fpq_186,fpq,1,fp_unconditional,5
qwen38_on,text,fpq_188,fpq,0,plain,5
qwen38_on,text,fpq_189,fpq,1,fp_unconditional,5
qwen38_on,text,fpq_19,fpq,1,fp_unconditional,5
qwen38_on,text,fpq_190,fpq,1,fp_unconditional,5
qwen38_on,text,fpq_191,fpq,1,fp_unconditional,5
qwen38_on,text,fpq_192,fpq,1,fp_unconditional,2
qwen38_on,text,fpq_193,fpq,1,fp_unconditional,5
qwen38_on,text,fpq_194,fpq,1,fp_unconditional,1
qwen38_on,text,fpq_195,fpq,1,fp_unconditional,5
qwen38_on,text,fpq_196,fpq,1,fp_unconditional,5
qwen38_on,text,fpq_197,fpq,1,fp_unconditional,4
qwen38_on,text,fpq_198,fpq,1,fp_unconditional,5
qwen38_on,text,fpq_2,fpq,1,fp_unconditional,5
qwen38_on,text,fpq_20,fpq,1,fp_unconditional,5
qwen38_on,text,fpq_200,fpq,1,fp_unconditional,5
qwen38_on,text,fpq_201,fpq,1,fp_unconditional,5
qwen38_on,text,fpq_202,fpq,1,fp_unconditional,5
qwen38_on,text,fpq_204,fpq,1,fp_unconditional,5
qwen38_on,text,fpq_205,fpq,1,fp_unconditional,5
qwen38_on,text,fpq_206,fpq,1,fp_unconditional,5
qwen38_on,text,fpq_207,fpq,1,fp_unconditional,5
qwen38_on,text,fpq_208,fpq,1,fp_unconditional,4
qwen38_on,text,fpq_21,fpq,1,fp_unconditional,5
qwen38_on,text,fpq_216,fpq,0,plain,2
qwen38_on,text,fpq_217,fpq,1,fp_unconditional,1
qwen38_on,text,fpq_218,fpq,1,fp_unconditional,1
qwen38_on,text,fpq_219,fpq,1,fp_unconditional,2
qwen38_on,text,fpq_22,fpq,1,fp_unconditional,5
qwen38_on,text,fpq_220,fpq,1,fp_unconditional,5
qwen38_on,text,fpq_221,fpq,1,fp_unconditional,1
qwen38_on,text,fpq_222,fpq,1,fp_unconditional,5
qwen38_on,text,fpq_223,fpq,1,fp_unconditional,5
qwen38_on,text,fpq_224,fpq,1,fp_unconditional,5
qwen38_on,text,fpq_225,fpq,0,plain,1
qwen38_on,text,fpq_226,fpq,1,fp_unconditional,5
qwen38_on,text,fpq_227,fpq,1,fp_unconditional,1
qwen38_on,text,fpq_228,fpq,1,fp_unconditional,5
qwen38_on,text,fpq_229,fpq,1,fp_unconditional,5
qwen38_on,text,fpq_23,fpq,1,fp_unconditional,5
qwen38_on,text,fpq_230,fpq,1,fp_unconditional,5
qwen38_on,text,fpq_231,fpq,1,fp_unconditional,5
qwen38_on,text,fpq_232,fpq,1,fp_unconditional,5
qwen38_on,text,fpq_233,fpq,1,fp_unconditional,5
qwen38_on,text,fpq_234,fpq,1,fp_unconditional,5
qwen38_on,text,fpq_236,fpq,1,fp_unconditional,1
qwen38_on,text,fpq_237,fpq,1,fp_unconditional,5
qwen38_on,text,fpq_238,fpq,1,fp_unconditional,5
qwen38_on,text,fpq_239,fpq,0,plain,5
qwen38_on,text,fpq_24,fpq,1,fp_unconditional,5
qwen38_on,text,fpq_240,fpq,1,fp_unconditional,5
qwen38_on,text,fpq_241,fpq,0,plain,5
qwen38_on,text,fpq_244,fpq,1,fp_unconditional,5
qwen38_on,text,fpq_245,fpq,1,fp_unconditional,1
qwen38_on,text,fpq_246,fpq,0,plain,5
qwen38_on,text,fpq_247,fpq,1,fp_unconditional,5
qwen38_on,text,fpq_248,fpq,1,fp_unconditional,5
qwen38_on,text,fpq_249,fpq,1,fp_unconditional,5
qwen38_on,text,fpq_25,fpq,1,fp_unconditional,5
qwen38_on,text,fpq_250,fpq,1,fp_unconditional,5
qwen38_on,text,fpq_251,fpq,1,fp_unconditional,5
qwen38_on,text,fpq_252,fpq,1,fp_unconditional,5
qwen38_on,text,fpq_253,fpq,0,plain,5
qwen38_on,text,fpq_254,fpq,1,fp_unconditional,5
qwen38_on,text,fpq_255,fpq,1,fp_unconditional,5
qwen38_on,text,fpq_256,fpq,1,fp_unconditional,5
qwen38_on,text,fpq_257,fpq,0,plain,1
qwen38_on,text,fpq_258,fpq,1,fp_unconditional,5
qwen38_on,text,fpq_259,fpq,1,fp_unconditional,1
qwen38_on,text,fpq_26,fpq,1,fp_unconditional,5
qwen38_on,text,fpq_260,fpq,1,fp_unconditional,5
qwen38_on,text,fpq_261,fpq,1,fp_unconditional,5
qwen38_on,text,fpq_262,fpq,1,fp_unconditional,5
qwen38_on,text,fpq_263,fpq,0,plain,5
qwen38_on,text,fpq_264,fpq,0,plain,5
qwen38_on,text,fpq_265,fpq,1,fp_unconditional,1
qwen38_on,text,fpq_266,fpq,1,fp_unconditional,5
qwen38_on,text,fpq_267,fpq,1,fp_unconditional,5
qwen38_on,text,fpq_268,fpq,0,plain,5
qwen38_on,text,fpq_269,fpq,1,fp_unconditional,5
qwen38_on,text,fpq_27,fpq,1,fp_unconditional,5
qwen38_on,text,fpq_270,fpq,1,fp_unconditional,5
qwen38_on,text,fpq_271,fpq,1,fp_unconditional,5
qwen38_on,text,fpq_272,fpq,1,fp_unconditional,5
qwen38_on,text,fpq_273,fpq,0,plain,5
qwen38_on,text,fpq_274,fpq,1,fp_unconditional,4
qwen38_on,text,fpq_275,fpq,1,fp_unconditional,5
qwen38_on,text,fpq_276,fpq,1,fp_unconditional,5
qwen38_on,text,fpq_277,fpq,1,fp_unconditional,5
qwen38_on,text,fpq_278,fpq,1,fp_unconditional,4
qwen38_on,text,fpq_279,fpq,1,fp_unconditional,5
qwen38_on,text,fpq_28,fpq,1,fp_unconditional,5
qwen38_on,text,fpq_283,fpq,0,plain,1
qwen38_on,text,fpq_285,fpq,0,plain,1
qwen38_on,text,fpq_286,fpq,0,plain,2
qwen38_on,text,fpq_287,fpq,1,fp_unconditional,5
qwen38_on,text,fpq_288,fpq,0,plain,1
qwen38_on,text,fpq_289,fpq,1,fp_unconditional,5
qwen38_on,text,fpq_29,fpq,1,fp_unconditional,5
qwen38_on,text,fpq_290,fpq,0,plain,1
qwen38_on,text,fpq_291,fpq,0,plain,5
qwen38_on,text,fpq_292,fpq,1,fp_unconditional,5
qwen38_on,text,fpq_293,fpq,1,fp_unconditional,5
qwen38_on,text,fpq_294,fpq,1,fp_unconditional,5
qwen38_on,text,fpq_295,fpq,0,plain,1
qwen38_on,text,fpq_296,fpq,0,plain,1
qwen38_on,text,fpq_297,fpq,1,fp_unconditional,5
qwen38_on,text,fpq_3,fpq,1,fp_unconditional,4
qwen38_on,text,fpq_30,fpq,1,fp_unconditional,5
qwen38_on,text,fpq_302,fpq,1,fp_unconditional,5
qwen38_on,text,fpq_303,fpq,1,fp_unconditional,5
qwen38_on,text,fpq_304,fpq,1,fp_unconditional,5
qwen38_on,text,fpq_305,fpq,1,fp_unconditional,5
qwen38_on,text,fpq_306,fpq,0,plain,1
qwen38_on,text,fpq_307,fpq,1,fp_unconditional,5
qwen38_on,text,fpq_308,fpq,1,fp_unconditional,5
qwen38_on,text,fpq_309,fpq,1,fp_unconditional,5
qwen38_on,text,fpq_31,fpq,1,fp_unconditional,5
qwen38_on,text,fpq_311,fpq,1,fp_unconditional,5
qwen38_on,text,fpq_312,fpq,0,plain,1
qwen38_on,text,fpq_313,fpq,1,fp_unconditional,5
qwen38_on,text,fpq_314,fpq,1,fp_unconditional,5
qwen38_on,text,fpq_315,fpq,1,fp_unconditional,5
qwen38_on,text,fpq_316,fpq,1,fp_unconditional,5
qwen38_on,text,fpq_317,fpq,1,fp_unconditional,5
qwen38_on,text,fpq_318,fpq,1,fp_unconditional,5
qwen38_on,text,fpq_319,fpq,1,fp_unconditional,4
qwen38_on,text,fpq_32,fpq,1,fp_unconditional,5
qwen38_on,text,fpq_320,fpq,1,fp_unconditional,5
qwen38_on,text,fpq_321,fpq,1,fp_unconditional,4
qwen38_on,text,fpq_325,fpq,1,fp_unconditional,5
qwen38_on,text,fpq_326,fpq,1,fp_unconditional,1
qwen38_on,text,fpq_327,fpq,0,plain,4
qwen38_on,text,fpq_33,fpq,1,fp_unconditional,5
qwen38_on,text,fpq_336,fpq,1,fp_unconditional,5
qwen38_on,text,fpq_34,fpq,1,fp_unconditional,5
qwen38_on,text,fpq_342,fpq,1,fp_unconditional,1
qwen38_on,text,fpq_343,fpq,1,fp_unconditional,5
qwen38_on,text,fpq_344,fpq,1,fp_unconditional,4
qwen38_on,text,fpq_348,fpq,1,fp_unconditional,5
qwen38_on,text,fpq_35,fpq,1,fp_unconditional,5
qwen38_on,text,fpq_350,fpq,1,fp_unconditional,2
qwen38_on,text,fpq_353,fpq,1,fp_unconditional,5
qwen38_on,text,fpq_354,fpq,1,fp_unconditional,5
qwen38_on,text,fpq_357,fpq,0,plain,3
qwen38_on,text,fpq_358,fpq,0,plain,2
qwen38_on,text,fpq_359,fpq,1,fp_unconditional,5
qwen38_on,text,fpq_36,fpq,1,fp_unconditional,5
qwen38_on,text,fpq_361,fpq,1,fp_unconditional,5
qwen38_on,text,fpq_362,fpq,0,plain,1
qwen38_on,text,fpq_366,fpq,0,plain,1
qwen38_on,text,fpq_368,fpq,1,fp_unconditional,5
qwen38_on,text,fpq_37,fpq,1,fp_unconditional,5
qwen38_on,text,fpq_376,fpq,0,plain,3
qwen38_on,text,fpq_378,fpq,0,plain,1
qwen38_on,text,fpq_379,fpq,0,plain,5
qwen38_on,text,fpq_38,fpq,1,fp_unconditional,5
qwen38_on,text,fpq_380,fpq,0,plain,5
qwen38_on,text,fpq_383,fpq,0,plain,4
qwen38_on,text,fpq_385,fpq,1,fp_unconditional,5
qwen38_on,text,fpq_386,fpq,1,fp_unconditional,5
qwen38_on,text,fpq_387,fpq,1,fp_unconditional,5
qwen38_on,text,fpq_388,fpq,1,fp_unconditional,5
qwen38_on,text,fpq_389,fpq,1,fp_unconditional,5
qwen38_on,text,fpq_39,fpq,1,fp_unconditional,5
qwen38_on,text,fpq_390,fpq,1,fp_unconditional,5
qwen38_on,text,fpq_391,fpq,1,fp_unconditional,5
qwen38_on,text,fpq_392,fpq,1,fp_unconditional,5
qwen38_on,text,fpq_394,fpq,1,fp_unconditional,5
qwen38_on,text,fpq_395,fpq,0,plain,4
qwen38_on,text,fpq_396,fpq,1,fp_unconditional,5
qwen38_on,text,fpq_397,fpq,1,fp_unconditional,5
qwen38_on,text,fpq_398,fpq,1,fp_unconditional,5
qwen38_on,text,fpq_399,fpq,1,fp_unconditional,5
qwen38_on,text,fpq_4,fpq,1,fp_unconditional,5
qwen38_on,text,fpq_40,fpq,1,fp_unconditional,5
qwen38_on,text,fpq_400,fpq,1,fp_unconditional,5
qwen38_on,text,fpq_403,fpq,1,fp_unconditional,5
qwen38_on,text,fpq_405,fpq,1,fp_unconditional,5
qwen38_on,text,fpq_407,fpq,0,plain,5
qwen38_on,text,fpq_408,fpq,1,fp_unconditional,5
qwen38_on,text,fpq_41,fpq,1,fp_unconditional,5
qwen38_on,text,fpq_415,fpq,1,fp_unconditional,5
qwen38_on,text,fpq_416,fpq,1,fp_unconditional,5
qwen38_on,text,fpq_417,fpq,0,plain,2
qwen38_on,text,fpq_42,fpq,1,fp_unconditional,5
qwen38_on,text,fpq_420,fpq,1,fp_unconditional,1
qwen38_on,text,fpq_421,fpq,1,fp_unconditional,2
qwen38_on,text,fpq_422,fpq,1,fp_unconditional,2
qwen38_on,text,fpq_423,fpq,1,fp_unconditional,5
qwen38_on,text,fpq_425,fpq,1,fp_unconditional,5
qwen38_on,text,fpq_426,fpq,1,fp_unconditional,5
qwen38_on,text,fpq_428,fpq,1,fp_unconditional,4
qwen38_on,text,fpq_429,fpq,1,fp_unconditional,5
qwen38_on,text,fpq_43,fpq,1,fp_unconditional,5
qwen38_on,text,fpq_434,fpq,1,fp_unconditional,5
qwen38_on,text,fpq_436,fpq,1,fp_unconditional,5
qwen38_on,text,fpq_438,fpq,1,fp_unconditional,5
qwen38_on,text,fpq_439,fpq,1,fp_unconditional,5
qwen38_on,text,fpq_44,fpq,1,fp_unconditional,5
qwen38_on,text,fpq_443,fpq,1,fp_unconditional,5
qwen38_on,text,fpq_445,fpq,1,fp_unconditional,5
qwen38_on,text,fpq_446,fpq,1,fp_unconditional,5
qwen38_on,text,fpq_45,fpq,1,fp_unconditional,5
qwen38_on,text,fpq_459,fpq,0,plain,2
qwen38_on,text,fpq_46,fpq,1,fp_unconditional,5
qwen38_on,text,fpq_460,fpq,0,plain,1
qwen38_on,text,fpq_462,fpq,0,plain,5
qwen38_on,text,fpq_467,fpq,0,plain,1
qwen38_on,text,fpq_47,fpq,1,fp_unconditional,5
qwen38_on,text,fpq_472,fpq,1,fp_unconditional,5
qwen38_on,text,fpq_473,fpq,0,plain,2
qwen38_on,text,fpq_474,fpq,0,plain,2
qwen38_on,text,fpq_477,fpq,0,plain,5
qwen38_on,text,fpq_479,fpq,1,fp_unconditional,5
qwen38_on,text,fpq_48,fpq,1,fp_unconditional,1
qwen38_on,text,fpq_484,fpq,1,fp_unconditional,5
qwen38_on,text,fpq_485,fpq,1,fp_unconditional,5
qwen38_on,text,fpq_487,fpq,0,plain,5
qwen38_on,text,fpq_488,fpq,0,plain,4
qwen38_on,text,fpq_49,fpq,1,fp_unconditional,1
qwen38_on,text,fpq_492,fpq,1,fp_unconditional,5
qwen38_on,text,fpq_493,fpq,1,fp_unconditional,2
qwen38_on,text,fpq_494,fpq,1,fp_unconditional,5
qwen38_on,text,fpq_495,fpq,1,fp_unconditional,5
qwen38_on,text,fpq_497,fpq,1,fp_unconditional,5
qwen38_on,text,fpq_499,fpq,1,fp_unconditional,5
qwen38_on,text,fpq_5,fpq,1,fp_unconditional,5
qwen38_on,text,fpq_50,fpq,1,fp_unconditional,1
qwen38_on,text,fpq_500,fpq,0,plain,2
qwen38_on,text,fpq_501,fpq,0,plain,1
qwen38_on,text,fpq_502,fpq,1,fp_unconditional,5
qwen38_on,text,fpq_505,fpq,1,fp_unconditional,5
qwen38_on,text,fpq_506,fpq,1,fp_unconditional,5
qwen38_on,text,fpq_507,fpq,1,fp_unconditional,5
qwen38_on,text,fpq_51,fpq,1,fp_unconditional,5
qwen38_on,text,fpq_512,fpq,1,fp_unconditional,5
qwen38_on,text,fpq_514,fpq,1,fp_unconditional,2
qwen38_on,text,fpq_516,fpq,1,fp_unconditional,5
qwen38_on,text,fpq_517,fpq,1,fp_unconditional,5
qwen38_on,text,fpq_52,fpq,1,fp_unconditional,5
qwen38_on,text,fpq_521,fpq,1,fp_unconditional,5
qwen38_on,text,fpq_522,fpq,0,plain,3
qwen38_on,text,fpq_524,fpq,1,fp_unconditional,5
qwen38_on,text,fpq_525,fpq,1,fp_unconditional,5
qwen38_on,text,fpq_53,fpq,1,fp_unconditional,5
qwen38_on,text,fpq_530,fpq,1,fp_unconditional,5
qwen38_on,text,fpq_531,fpq,1,fp_unconditional,5
qwen38_on,text,fpq_534,fpq,1,fp_unconditional,5
qwen38_on,text,fpq_535,fpq,1,fp_unconditional,5
qwen38_on,text,fpq_54,fpq,1,fp_unconditional,5
qwen38_on,text,fpq_542,fpq,0,plain,1
qwen38_on,text,fpq_543,fpq,1,fp_unconditional,4
qwen38_on,text,fpq_546,fpq,0,plain,1
qwen38_on,text,fpq_547,fpq,1,fp_unconditional,1
qwen38_on,text,fpq_549,fpq,1,fp_unconditional,5
qwen38_on,text,fpq_55,fpq,1,fp_unconditional,5
qwen38_on,text,fpq_550,fpq,1,fp_unconditional,5
qwen38_on,text,fpq_552,fpq,1,fp_unconditional,5
qwen38_on,text,fpq_556,fpq,1,fp_unconditional,5
qwen38_on,text,fpq_557,fpq,1,fp_unconditional,2
qwen38_on,text,fpq_558,fpq,1,fp_unconditional,5
qwen38_on,text,fpq_559,fpq,1,fp_unconditional,5
qwen38_on,text,fpq_56,fpq,1,fp_unconditional,5
qwen38_on,text,fpq_560,fpq,1,fp_unconditional,5
qwen38_on,text,fpq_563,fpq,1,fp_unconditional,5
qwen38_on,text,fpq_564,fpq,1,fp_unconditional,2
qwen38_on,text,fpq_565,fpq,1,fp_unconditional,5
qwen38_on,text,fpq_566,fpq,0,plain,5
qwen38_on,text,fpq_57,fpq,1,fp_unconditional,5
qwen38_on,text,fpq_570,fpq,1,fp_unconditional,5
qwen38_on,text,fpq_572,fpq,1,fp_unconditional,5
qwen38_on,text,fpq_574,fpq,0,plain,5
qwen38_on,text,fpq_58,fpq,1,fp_unconditional,5
qwen38_on,text,fpq_580,fpq,1,fp_unconditional,5
qwen38_on,text,fpq_583,fpq,1,fp_unconditional,4
qwen38_on,text,fpq_584,fpq,1,fp_unconditional,5
qwen38_on,text,fpq_586,fpq,1,fp_unconditional,4
qwen38_on,text,fpq_59,fpq,1,fp_unconditional,5
qwen38_on,text,fpq_593,fpq,1,fp_unconditional,5
qwen38_on,text,fpq_595,fpq,1,fp_unconditional,5
qwen38_on,text,fpq_596,fpq,1,fp_unconditional,5
qwen38_on,text,fpq_598,fpq,1,fp_unconditional,5
qwen38_on,text,fpq_6,fpq,1,fp_unconditional,5
qwen38_on,text,fpq_60,fpq,1,fp_unconditional,5
qwen38_on,text,fpq_600,fpq,1,fp_unconditional,5
qwen38_on,text,fpq_601,fpq,1,fp_unconditional,3
qwen38_on,text,fpq_603,fpq,1,fp_unconditional,5
qwen38_on,text,fpq_604,fpq,1,fp_unconditional,2
qwen38_on,text,fpq_606,fpq,1,fp_unconditional,5
qwen38_on,text,fpq_607,fpq,1,fp_unconditional,5
qwen38_on,text,fpq_608,fpq,1,fp_unconditional,4
qwen38_on,text,fpq_609,fpq,1,fp_unconditional,2
qwen38_on,text,fpq_61,fpq,1,fp_unconditional,5
qwen38_on,text,fpq_610,fpq,1,fp_unconditional,5
qwen38_on,text,fpq_611,fpq,1,fp_unconditional,5
qwen38_on,text,fpq_612,fpq,1,fp_unconditional,5
qwen38_on,text,fpq_613,fpq,1,fp_unconditional,5
qwen38_on,text,fpq_614,fpq,1,fp_unconditional,5
qwen38_on,text,fpq_615,fpq,1,fp_unconditional,5
qwen38_on,text,fpq_616,fpq,1,fp_unconditional,5
qwen38_on,text,fpq_617,fpq,1,fp_unconditional,5
qwen38_on,text,fpq_618,fpq,1,fp_unconditional,1
qwen38_on,text,fpq_619,fpq,1,fp_unconditional,5
qwen38_on,text,fpq_62,fpq,1,fp_unconditional,5
qwen38_on,text,fpq_620,fpq,1,fp_unconditional,1
qwen38_on,text,fpq_621,fpq,1,fp_unconditional,5
qwen38_on,text,fpq_622,fpq,0,plain,2
qwen38_on,text,fpq_623,fpq,1,fp_unconditional,5
qwen38_on,text,fpq_624,fpq,1,fp_unconditional,5
qwen38_on,text,fpq_625,fpq,1,fp_unconditional,5
qwen38_on,text,fpq_626,fpq,1,fp_unconditional,5
qwen38_on,text,fpq_628,fpq,1,fp_unconditional,5
qwen38_on,text,fpq_629,fpq,1,fp_unconditional,5
qwen38_on,text,fpq_63,fpq,1,fp_unconditional,5
qwen38_on,text,fpq_630,fpq,1,fp_unconditional,5
qwen38_on,text,fpq_631,fpq,0,plain,5
qwen38_on,text,fpq_632,fpq,1,fp_unconditional,5
qwen38_on,text,fpq_633,fpq,0,plain,1
qwen38_on,text,fpq_634,fpq,1,fp_unconditional,5
qwen38_on,text,fpq_635,fpq,0,plain,2
qwen38_on,text,fpq_636,fpq,1,fp_unconditional,5
qwen38_on,text,fpq_638,fpq,1,fp_unconditional,5
qwen38_on,text,fpq_639,fpq,1,fp_unconditional,4
qwen38_on,text,fpq_64,fpq,1,fp_unconditional,5
qwen38_on,text,fpq_640,fpq,1,fp_unconditional,1
qwen38_on,text,fpq_641,fpq,1,fp_unconditional,1
qwen38_on,text,fpq_643,fpq,1,fp_unconditional,5
qwen38_on,text,fpq_644,fpq,1,fp_unconditional,1
qwen38_on,text,fpq_645,fpq,1,fp_unconditional,5
qwen38_on,text,fpq_646,fpq,1,fp_unconditional,1
qwen38_on,text,fpq_647,fpq,1,fp_unconditional,5
qwen38_on,text,fpq_649,fpq,1,fp_unconditional,1
qwen38_on,text,fpq_65,fpq,1,fp_unconditional,4
qwen38_on,text,fpq_650,fpq,0,plain,5
qwen38_on,text,fpq_652,fpq,1,fp_unconditional,5
qwen38_on,text,fpq_653,fpq,1,fp_unconditional,2
qwen38_on,text,fpq_654,fpq,1,fp_unconditional,1
qwen38_on,text,fpq_655,fpq,1,fp_unconditional,5
qwen38_on,text,fpq_657,fpq,1,fp_unconditional,5
qwen38_on,text,fpq_659,fpq,1,fp_unconditional,4
qwen38_on,text,fpq_66,fpq,1,fp_unconditional,4
qwen38_on,text,fpq_661,fpq,1,fp_unconditional,5
qwen38_on,text,fpq_662,fpq,1,fp_unconditional,1
qwen38_on,text,fpq_663,fpq,0,plain,1
qwen38_on,text,fpq_666,fpq,0,plain,1
qwen38_on,text,fpq_669,fpq,0,plain,1
qwen38_on,text,fpq_67,fpq,1,fp_unconditional,5
qwen38_on,text,fpq_671,fpq,1,fp_unconditional,5
qwen38_on,text,fpq_675,fpq,1,fp_unconditional,5
qwen38_on,text,fpq_676,fpq,1,fp_unconditional,5
qwen38_on,text,fpq_677,fpq,1,fp_unconditional,5
qwen38_on,text,fpq_678,fpq,1,fp_unconditional,5
qwen38_on,text,fpq_68,fpq,1,fp_unconditional,5
qwen38_on,text,fpq_682,fpq,1,fp_unconditional,2
qwen38_on,text,fpq_685,fpq,1,fp_unconditional,5
qwen38_on,text,fpq_687,fpq,1,fp_unconditional,2
qwen38_on,text,fpq_689,fpq,1,fp_unconditional,5
qwen38_on,text,fpq_69,fpq,1,fp_unconditional,5
qwen38_on,text,fpq_690,fpq,1,fp_unconditional,5
qwen38_on,text,fpq_691,fpq,1,fp_unconditional,5
qwen38_on,text,fpq_692,fpq,1,fp_unconditional,5
qwen38_on,text,fpq_694,fpq,1,fp_unconditional,5
qwen38_on,text,fpq_695,fpq,1,fp_unconditional,5
qwen38_on,text,fpq_696,fpq,1,fp_unconditional,5
qwen38_on,text,fpq_697,fpq,1,fp_unconditional,5
qwen38_on,text,fpq_699,fpq,0,plain,1
qwen38_on,text,fpq_7,fpq,1,fp_unconditional,5
qwen38_on,text,fpq_70,fpq,1,fp_unconditional,5
qwen38_on,text,fpq_702,fpq,1,fp_unconditional,5
qwen38_on,text,fpq_703,fpq,1,fp_unconditional,5
qwen38_on,text,fpq_704,fpq,1,fp_unconditional,5
qwen38_on,text,fpq_705,fpq,1,fp_unconditional,5
qwen38_on,text,fpq_706,fpq,1,fp_unconditional,5
qwen38_on,text,fpq_71,fpq,1,fp_unconditional,5
qwen38_on,text,fpq_712,fpq,1,fp_unconditional,5
qwen38_on,text,fpq_713,fpq,0,plain,1
qwen38_on,text,fpq_72,fpq,1,fp_unconditional,4
qwen38_on,text,fpq_721,fpq,0,plain,1
qwen38_on,text,fpq_722,fpq,1,fp_unconditional,5
qwen38_on,text,fpq_723,fpq,1,fp_unconditional,5
qwen38_on,text,fpq_724,fpq,1,fp_unconditional,5
qwen38_on,text,fpq_725,fpq,1,fp_unconditional,5
qwen38_on,text,fpq_726,fpq,1,fp_unconditional,5
qwen38_on,text,fpq_727,fpq,1,fp_unconditional,5
qwen38_on,text,fpq_728,fpq,1,fp_unconditional,5
qwen38_on,text,fpq_729,fpq,1,fp_unconditional,1
qwen38_on,text,fpq_73,fpq,1,fp_unconditional,5
qwen38_on,text,fpq_730,fpq,1,fp_unconditional,5
qwen38_on,text,fpq_735,fpq,1,fp_unconditional,5
qwen38_on,text,fpq_736,fpq,1,fp_unconditional,5
qwen38_on,text,fpq_738,fpq,1,fp_unconditional,5
qwen38_on,text,fpq_739,fpq,1,fp_unconditional,5
qwen38_on,text,fpq_74,fpq,1,fp_unconditional,5
qwen38_on,text,fpq_740,fpq,1,fp_unconditional,5
qwen38_on,text,fpq_741,fpq,1,fp_unconditional,5
qwen38_on,text,fpq_743,fpq,1,fp_unconditional,5
qwen38_on,text,fpq_744,fpq,1,fp_unconditional,5
qwen38_on,text,fpq_745,fpq,1,fp_unconditional,5
qwen38_on,text,fpq_746,fpq,1,fp_unconditional,5
qwen38_on,text,fpq_747,fpq,1,fp_unconditional,5
qwen38_on,text,fpq_749,fpq,1,fp_unconditional,5
qwen38_on,text,fpq_75,fpq,1,fp_unconditional,5
qwen38_on,text,fpq_750,fpq,1,fp_unconditional,4
qwen38_on,text,fpq_751,fpq,0,plain,2
qwen38_on,text,fpq_753,fpq,1,fp_unconditional,5
qwen38_on,text,fpq_754,fpq,1,fp_unconditional,5
qwen38_on,text,fpq_755,fpq,0,plain,3
qwen38_on,text,fpq_76,fpq,1,fp_unconditional,5
qwen38_on,text,fpq_761,fpq,1,fp_unconditional,5
qwen38_on,text,fpq_762,fpq,1,fp_unconditional,5
qwen38_on,text,fpq_763,fpq,1,fp_unconditional,5
qwen38_on,text,fpq_764,fpq,1,fp_unconditional,5
qwen38_on,text,fpq_77,fpq,1,fp_unconditional,5
qwen38_on,text,fpq_771,fpq,1,fp_unconditional,5
qwen38_on,text,fpq_772,fpq,1,fp_unconditional,5
qwen38_on,text,fpq_773,fpq,1,fp_unconditional,5
qwen38_on,text,fpq_774,fpq,1,fp_unconditional,5
qwen38_on,text,fpq_775,fpq,0,plain,1
qwen38_on,text,fpq_776,fpq,0,plain,4
qwen38_on,text,fpq_777,fpq,1,fp_unconditional,5
qwen38_on,text,fpq_778,fpq,1,fp_unconditional,2
qwen38_on,text,fpq_78,fpq,1,fp_unconditional,5
qwen38_on,text,fpq_780,fpq,1,fp_unconditional,5
qwen38_on,text,fpq_781,fpq,0,plain,1
qwen38_on,text,fpq_789,fpq,1,fp_unconditional,5
qwen38_on,text,fpq_794,fpq,1,fp_unconditional,5
qwen38_on,text,fpq_797,fpq,1,fp_unconditional,5
qwen38_on,text,fpq_798,fpq,1,fp_unconditional,5
qwen38_on,text,fpq_799,fpq,1,fp_unconditional,1
qwen38_on,text,fpq_8,fpq,1,fp_unconditional,5
qwen38_on,text,fpq_80,fpq,1,fp_unconditional,5
qwen38_on,text,fpq_801,fpq,0,plain,1
qwen38_on,text,fpq_802,fpq,1,fp_unconditional,5
qwen38_on,text,fpq_804,fpq,0,plain,1
qwen38_on,text,fpq_805,fpq,1,fp_unconditional,5
qwen38_on,text,fpq_806,fpq,0,plain,2
qwen38_on,text,fpq_807,fpq,1,fp_unconditional,1
qwen38_on,text,fpq_808,fpq,1,fp_unconditional,5
qwen38_on,text,fpq_81,fpq,1,fp_unconditional,5
qwen38_on,text,fpq_813,fpq,1,fp_unconditional,5
qwen38_on,text,fpq_814,fpq,0,plain,1
qwen38_on,text,fpq_817,fpq,1,fp_unconditional,5
qwen38_on,text,fpq_818,fpq,1,fp_unconditional,5
qwen38_on,text,fpq_82,fpq,0,plain,5
qwen38_on,text,fpq_820,fpq,1,fp_unconditional,5
qwen38_on,text,fpq_823,fpq,1,fp_unconditional,5
qwen38_on,text,fpq_824,fpq,1,fp_unconditional,5
qwen38_on,text,fpq_827,fpq,1,fp_unconditional,1
qwen38_on,text,fpq_828,fpq,1,fp_unconditional,4
qwen38_on,text,fpq_829,fpq,1,fp_unconditional,5
qwen38_on,text,fpq_830,fpq,1,fp_unconditional,4
qwen38_on,text,fpq_831,fpq,1,fp_unconditional,5
qwen38_on,text,fpq_832,fpq,1,fp_unconditional,5
qwen38_on,text,fpq_833,fpq,1,fp_unconditional,5
qwen38_on,text,fpq_834,fpq,1,fp_unconditional,5
qwen38_on,text,fpq_835,fpq,1,fp_unconditional,5
qwen38_on,text,fpq_836,fpq,1,fp_unconditional,5
qwen38_on,text,fpq_837,fpq,0,plain,1
qwen38_on,text,fpq_838,fpq,1,fp_unconditional,5
qwen38_on,text,fpq_839,fpq,1,fp_unconditional,5
qwen38_on,text,fpq_84,fpq,1,fp_unconditional,5
qwen38_on,text,fpq_840,fpq,1,fp_unconditional,5
qwen38_on,text,fpq_844,fpq,1,fp_unconditional,5
qwen38_on,text,fpq_846,fpq,1,fp_unconditional,5
qwen38_on,text,fpq_847,fpq,1,fp_unconditional,4
qwen38_on,text,fpq_848,fpq,1,fp_unconditional,4
qwen38_on,text,fpq_849,fpq,1,fp_unconditional,4
qwen38_on,text,fpq_85,fpq,1,fp_unconditional,5
qwen38_on,text,fpq_850,fpq,1,fp_unconditional,5
qwen38_on,text,fpq_851,fpq,1,fp_unconditional,5
qwen38_on,text,fpq_852,fpq,1,fp_unconditional,1
qwen38_on,text,fpq_854,fpq,1,fp_unconditional,1
qwen38_on,text,fpq_855,fpq,1,fp_unconditional,1
qwen38_on,text,fpq_858,fpq,1,fp_unconditional,4
qwen38_on,text,fpq_859,fpq,1,fp_unconditional,2
qwen38_on,text,fpq_860,fpq,1,fp_unconditional,1
qwen38_on,text,fpq_861,fpq,1,fp_unconditional,5
qwen38_on,text,fpq_862,fpq,1,fp_unconditional,5
qwen38_on,text,fpq_863,fpq,1,fp_unconditional,5
qwen38_on,text,fpq_864,fpq,1,fp_unconditional,5
qwen38_on,text,fpq_865,fpq,1,fp_unconditional,5
qwen38_on,text,fpq_866,fpq,0,plain,4
qwen38_on,text,fpq_869,fpq,1,fp_unconditional,5
qwen38_on,text,fpq_87,fpq,1,fp_unconditional,5
qwen38_on,text,fpq_870,fpq,1,fp_unconditional,5
qwen38_on,text,fpq_871,fpq,0,plain,1
qwen38_on,text,fpq_872,fpq,1,fp_unconditional,1
qwen38_on,text,fpq_88,fpq,1,fp_unconditional,5
qwen38_on,text,fpq_89,fpq,1,fp_unconditional,5
qwen38_on,text,fpq_9,fpq,1,fp_unconditional,5
qwen38_on,text,fpq_90,fpq,1,fp_unconditional,5
qwen38_on,text,fpq_91,fpq,1,fp_unconditional,5
qwen38_on,text,fpq_92,fpq,1,fp_unconditional,5
qwen38_on,text,fpq_94,fpq,1,fp_unconditional,5
qwen38_on,text,fpq_95,fpq,1,fp_unconditional,5
qwen38_on,text,fpq_96,fpq,0,plain,1
qwen38_on,text,fpq_97,fpq,1,fp_unconditional,5
qwen38_on,text,fpq_98,fpq,1,fp_unconditional,4
qwen38_on,text,fpq_99,fpq,1,fp_unconditional,5
qwen38_on,text,nfp_1000,nfp,1,fp_unconditional,2
qwen38_on,text,nfp_1001,nfp,1,fp_unconditional,2
qwen38_on,text,nfp_1002,nfp,1,fp_unconditional,1
qwen38_on,text,nfp_1003,nfp,0,plain,5
qwen38_on,text,nfp_1004,nfp,0,plain,5
qwen38_on,text,nfp_1005,nfp,1,fp_unconditional,2
qwen38_on,text,nfp_1006,nfp,0,plain,5
qwen38_on,text,nfp_1008,nfp,1,fp_unconditional,2
qwen38_on,text,nfp_1009,nfp,1,fp_unconditional,1
qwen38_on,text,nfp_1010,nfp,1,fp_unconditional,1
qwen38_on,text,nfp_1011,nfp,1,fp_unconditional,1
qwen38_on,text,nfp_1012,nfp,1,fp_unconditional,1
qwen38_on,text,nfp_1013,nfp,0,plain,5
qwen38_on,text,nfp_1014,nfp,1,fp_unconditional,1
qwen38_on,text,nfp_1015,nfp,1,fp_unconditional,2
qwen38_on,text,nfp_1016,nfp,1,fp_unconditional,1
qwen38_on,text,nfp_1017,nfp,1,fp_unconditional,4
qwen38_on,text,nfp_1018,nfp,1,fp_unconditional,2
qwen38_on,text,nfp_1019,nfp,1,fp_unconditional,2
qwen38_on,text,nfp_1020,nfp,1,fp_unconditional,4
qwen38_on,text,nfp_1021,nfp,1,fp_unconditional,1
qwen38_on,text,nfp_1022,nfp,1,fp_unconditional,2
qwen38_on,text,nfp_1023,nfp,1,fp_unconditional,1
qwen38_on,text,nfp_1024,nfp,0,plain,2
qwen38_on,text,nfp_1025,nfp,1,fp_unconditional,2
qwen38_on,text,nfp_1026,nfp,1,fp_unconditional,1
qwen38_on,text,nfp_1027,nfp,1,fp_unconditional,2
qwen38_on,text,nfp_1028,nfp,1,fp_unconditional,2
qwen38_on,text,nfp_1029,nfp,1,fp_unconditional,2
qwen38_on,text,nfp_1030,nfp,1,fp_unconditional,1
qwen38_on,text,nfp_1031,nfp,1,fp_unconditional,2
qwen38_on,text,nfp_1032,nfp,1,fp_unconditional,2
qwen38_on,text,nfp_1033,nfp,1,fp_unconditional,2
qwen38_on,text,nfp_1034,nfp,1,fp_unconditional,1
qwen38_on,text,nfp_1035,nfp,0,plain,5
qwen38_on,text,nfp_1036,nfp,0,plain,5
qwen38_on,text,nfp_1037,nfp,1,fp_unconditional,2
qwen38_on,text,nfp_1038,nfp,1,fp_unconditional,2
qwen38_on,text,nfp_1039,nfp,1,fp_unconditional,2
qwen38_on,text,nfp_1040,nfp,1,fp_unconditional,2
qwen38_on,text,nfp_1041,nfp,1,fp_unconditional,2
qwen38_on,text,nfp_1042,nfp,1,fp_unconditional,2
qwen38_on,text,nfp_1043,nfp,0,plain,5
qwen38_on,text,nfp_1044,nfp,0,plain,5
qwen38_on,text,nfp_1045,nfp,1,fp_unconditional,2
qwen38_on,text,nfp_1046,nfp,1,fp_unconditional,2
qwen38_on,text,nfp_1047,nfp,0,plain,5
qwen38_on,text,nfp_1048,nfp,0,plain,5
qwen38_on,text,nfp_1049,nfp,0,plain,5
qwen38_on,text,nfp_1050,nfp,1,fp_unconditional,4
qwen38_on,text,nfp_1051,nfp,0,plain,4
qwen38_on,text,nfp_1052,nfp,0,plain,5
qwen38_on,text,nfp_1053,nfp,1,fp_unconditional,2
qwen38_on,text,nfp_1054,nfp,0,plain,4
qwen38_on,text,nfp_1055,nfp,1,fp_unconditional,1
qwen38_on,text,nfp_1056,nfp,0,plain,3
qwen38_on,text,nfp_1057,nfp,1,fp_unconditional,2
qwen38_on,text,nfp_1058,nfp,0,plain,4
qwen38_on,text,nfp_1059,nfp,1,fp_unconditional,1
qwen38_on,text,nfp_1060,nfp,1,fp_unconditional,1
qwen38_on,text,nfp_1061,nfp,1,fp_unconditional,1
qwen38_on,text,nfp_1062,nfp,1,fp_unconditional,1
qwen38_on,text,nfp_1063,nfp,0,plain,4
qwen38_on,text,nfp_1064,nfp,1,fp_unconditional,2
qwen38_on,text,nfp_1065,nfp,1,fp_unconditional,2
qwen38_on,text,nfp_1066,nfp,1,fp_unconditional,4
qwen38_on,text,nfp_1067,nfp,1,fp_unconditional,1
qwen38_on,text,nfp_1068,nfp,1,fp_unconditional,2
qwen38_on,text,nfp_1069,nfp,1,fp_unconditional,2
qwen38_on,text,nfp_1070,nfp,0,plain,5
qwen38_on,text,nfp_1071,nfp,1,fp_unconditional,4
qwen38_on,text,nfp_1072,nfp,0,plain,4
qwen38_on,text,nfp_1073,nfp,1,fp_unconditional,2
qwen38_on,text,nfp_1074,nfp,1,fp_unconditional,2
qwen38_on,text,nfp_1075,nfp,1,fp_unconditional,1
qwen38_on,text,nfp_1076,nfp,1,fp_unconditional,2
qwen38_on,text,nfp_1077,nfp,0,plain,5
qwen38_on,text,nfp_1078,nfp,1,fp_unconditional,2
qwen38_on,text,nfp_1079,nfp,1,fp_unconditional,2
qwen38_on,text,nfp_1080,nfp,0,plain,2
qwen38_on,text,nfp_1081,nfp,1,fp_unconditional,1
qwen38_on,text,nfp_1082,nfp,1,fp_unconditional,1
qwen38_on,text,nfp_1083,nfp,1,fp_unconditional,2
qwen38_on,text,nfp_1084,nfp,0,plain,5
qwen38_on,text,nfp_1085,nfp,0,plain,4
qwen38_on,text,nfp_1086,nfp,0,plain,5
qwen38_on,text,nfp_1087,nfp,0,plain,5
qwen38_on,text,nfp_1088,nfp,0,plain,5
qwen38_on,text,nfp_1089,nfp,0,plain,2
qwen38_on,text,nfp_1090,nfp,0,plain,4
qwen38_on,text,nfp_1091,nfp,0,plain,5
qwen38_on,text,nfp_1092,nfp,1,fp_unconditional,1
qwen38_on,text,nfp_1093,nfp,0,plain,5
qwen38_on,text,nfp_1094,nfp,0,plain,5
qwen38_on,text,nfp_1095,nfp,0,plain,4
qwen38_on,text,nfp_1096,nfp,0,plain,4
qwen38_on,text,nfp_1097,nfp,0,plain,2
qwen38_on,text,nfp_1098,nfp,0,plain,5
qwen38_on,text,nfp_1099,nfp,1,fp_unconditional,1
qwen38_on,text,nfp_1100,nfp,0,plain,5
qwen38_on,text,nfp_1101,nfp,0,plain,4
qwen38_on,text,nfp_1102,nfp,0,plain,5
qwen38_on,text,nfp_1103,nfp,0,plain,5
qwen38_on,text,nfp_1104,nfp,0,plain,5
qwen38_on,text,nfp_1105,nfp,1,fp_unconditional,1
qwen38_on,text,nfp_1106,nfp,1,fp_unconditional,4
qwen38_on,text,nfp_1107,nfp,0,plain,5
qwen38_on,text,nfp_1108,nfp,0,plain,2
qwen38_on,text,nfp_1109,nfp,1,fp_unconditional,2
qwen38_on,text,nfp_1110,nfp,0,plain,5
qwen38_on,text,nfp_1111,nfp,0,plain,5
qwen38_on,text,nfp_1112,nfp,0,plain,5
qwen38_on,text,nfp_1113,nfp,1,fp_unconditional,1
qwen38_on,text,nfp_1114,nfp,1,fp_unconditional,2
qwen38_on,text,nfp_1115,nfp,0,plain,5
qwen38_on,text,nfp_1116,nfp,0,plain,4
qwen38_on,text,nfp_1117,nfp,1,fp_unconditional,1
qwen38_on,text,nfp_1118,nfp,0,plain,5
qwen38_on,text,nfp_1119,nfp,0,plain,4
qwen38_on,text,nfp_1120,nfp,0,plain,5
qwen38_on,text,nfp_1121,nfp,0,plain,5
qwen38_on,text,nfp_1122,nfp,0,plain,5
qwen38_on,text,nfp_1123,nfp,1,fp_unconditional,1
qwen38_on,text,nfp_1124,nfp,0,plain,5
qwen38_on,text,nfp_1125,nfp,0,plain,4
qwen38_on,text,nfp_1126,nfp,0,plain,5
qwen38_on,text,nfp_1127,nfp,0,plain,5
qwen38_on,text,nfp_1128,nfp,0,plain,5
qwen38_on,text,nfp_1129,nfp,0,plain,5
qwen38_on,text,nfp_1130,nfp,0,plain,2
qwen38_on,text,nfp_1131,nfp,0,plain,5
qwen38_on,text,nfp_1132,nfp,0,plain,4
qwen38_on,text,nfp_1133,nfp,0,plain,4
qwen38_on,text,nfp_1134,nfp,1,fp_unconditional,2
qwen38_on,text,nfp_1135,nfp,0,plain,5
qwen38_on,text,nfp_1136,nfp,1,fp_unconditional,1
qwen38_on,text,nfp_1137,nfp,1,fp_unconditional,2
qwen38_on,text,nfp_1138,nfp,0,plain,5
qwen38_on,text,nfp_1139,nfp,1,fp_unconditional,2
qwen38_on,text,nfp_1140,nfp,0,plain,4
qwen38_on,text,nfp_1141,nfp,0,plain,5
qwen38_on,text,nfp_1142,nfp,1,fp_unconditional,2
qwen38_on,text,nfp_1143,nfp,0,plain,5
qwen38_on,text,nfp_1144,nfp,0,plain,4
qwen38_on,text,nfp_1145,nfp,0,plain,5
qwen38_on,text,nfp_1146,nfp,0,plain,5
qwen38_on,text,nfp_1147,nfp,1,fp_unconditional,2
qwen38_on,text,nfp_1148,nfp,0,plain,5
qwen38_on,text,nfp_1149,nfp,0,plain,5
