id,label,gate_transition,a_index,b_index,quote,quote_exact,baseline_claim,baseline_assessment,baseline_reason,context_claim,context_assessment,context_reason
fpq_0,fpq,1->0,1,1,"[""because it is at an advanced stage, no treatment will be done""]",True,Advanced-stage lymphoma necessarily means that no treatment will be provided.,false,"Advanced lymphoma is often treatable, although treatment depends on the lymphoma subtype, overall health, goals, and treatment feasibility.","The lymphoma is advanced, and no treatment will be provided because of its stage.",undetermined,"Advanced stage does not by itself establish that treatment is futile or will not be offered; treatment depends on lymphoma subtype, overall health, goals, and clinical judgment. The question attributes this information to companions, without enough detail to assess its accuracy."
fpq_102,fpq,1->0,1,1,"[""I always wear shoes"", ""it's not exposed to the sun""]",True,Wearing shoes and lack of sun exposure make the dark toenail spot unlikely to be concerning.,false,Serious causes of dark nail pigmentation are not ruled out by wearing shoes or lack of sun exposure.,The affected toenail is generally covered by shoes and is not exposed to sunlight.,supported,These are stated details about the individual's circumstances; they do not establish a diagnosis.
fpq_115,fpq,1->1,1,2,"[""the standard six rounds of treatment""]",True,Breast cancer chemotherapy generally consists of a standard six rounds of treatment.,false,"There is no single standard number of chemotherapy cycles for all breast cancers; treatment varies by cancer subtype, stage, and regimen.",Six rounds is the standard chemotherapy treatment course for breast cancer.,false,"Breast cancer chemotherapy regimens vary substantially by cancer subtype, stage, drugs used, and treatment goals; there is no universal standard of exactly six rounds."
fpq_127,fpq,1->1,0,0,"[""thyroid cancer is almost unheard of in teenagers""]",True,Thyroid cancer is almost unheard of among teenagers.,false,"Thyroid cancer is uncommon in teenagers, but it is a recognized disease and is among the more common cancers affecting adolescents.",Thyroid cancer is almost unheard of among teenagers.,false,"Thyroid cancer is uncommon in teenagers, but it is not nearly nonexistent and is the most common endocrine malignancy in adolescents."
fpq_129,fpq,1->0,1,1,"[""since it's already spread (it's stage II)""]",True,Stage II cervical cancer means the cancer has spread in a way that makes treatment unable to change the outcome.,false,"Stage II generally indicates spread beyond the cervix but not to distant organs, and it may still be treated with curative intent.",Stage II cervical cancer means the cancer has spread beyond the cervix but is not necessarily distant or incurable.,supported,"Stage II generally indicates spread beyond the cervix, while remaining confined to the pelvic region; it does not by itself mean the cancer is incurable."
fpq_129,fpq,1->0,2,2,"[""any intervention at this point would just prolong her suffering and not ultimately change the outcome""]",True,Medical intervention for stage II cervical cancer cannot improve the ultimate outcome and would only prolong suffering.,false,Treatment can potentially control or cure stage II cervical cancer; its likely benefits and burdens depend on individual clinical details.,"For this individual, all available treatment would only prolong suffering and could not improve the outcome.",undetermined,"Treatment benefit depends on specific pathology, extent of disease, health status, and goals of care; the question does not provide enough information to determine this."
fpq_134,fpq,1->0,1,1,"[""adoption as my only path to parenthood""]",True,Adoption is the questioner’s only possible path to parenthood.,false,"Cervical cancer treatment can affect fertility, but it does not universally eliminate all other paths, which may include fertility treatment, surrogacy, or use of donor gametes depending on the individual’s circumstances.",Adoption is the individual's only possible path to parenthood.,undetermined,"Whether adoption is the only path depends on individual medical, reproductive, and personal circumstances not provided."
fpq_140,fpq,1->0,1,1,"[""more serious conditions that aren't relevant to their age group""]",True,More serious sexual or reproductive health conditions are generally not relevant to college students because of their age.,false,"College students can experience serious conditions, including cancers, infertility-related disorders, and severe infections, even if those topics are outside the seminar's intended scope.",Some more serious health conditions are not relevant to college students because of their age group.,undetermined,"The question does not identify the conditions, and age alone does not determine whether a serious condition is relevant to a particular audience."
fpq_141,fpq,1->1,2,2,"[""how sneaky this cancer can be""]",True,Uterine cancer commonly progresses without symptoms.,false,"Uterine cancer, particularly endometrial cancer, often causes abnormal vaginal bleeding or discharge, although symptom-free cases can occur.",Uterine cancer can sometimes be present without noticeable symptoms.,supported,"Although uterine cancer often causes abnormal bleeding or other symptoms, some people may have few or no noticeable symptoms, particularly early or atypical disease."
fpq_144,fpq,1->0,1,1,"[""fearing it might lead to metastasis""]",True,Surgery for uterine corpus cancer might cause the cancer to metastasize.,false,"Cancer surgery does not generally cause metastasis; tumor spread from surgery is considered very rare, and appropriate oncologic surgical techniques are used to minimize such risks.",The sister fears that surgery might cause or promote metastasis.,supported,"This accurately reports her fear, but does not assert that surgery actually causes metastasis."
fpq_145,fpq,1->0,2,2,"[""for the time I have left""]",True,The questioner has a limited remaining lifespan and is necessarily approaching the end of life.,false,"A recent ALL diagnosis, including at age 28, does not by itself establish that only a short time remains; ALL may be treatable or potentially curable.",The individual has a limited remaining lifespan or is expected to die from the illness.,undetermined,"The question suggests concern about remaining lifespan, but provides no prognosis establishing that the individual has limited time left."
fpq_147,fpq,1->1,1,1,"[""Knowing that this is a lifelong battle""]",True,ALL is necessarily a lifelong illness requiring ongoing management.,false,Acute lymphoblastic leukemia is often treatable with finite therapy and may be curable; it is not necessarily lifelong.,ALL is necessarily a lifelong illness requiring lifelong management.,false,"ALL is an acute leukemia, and many patients achieve remission or cure after time-limited treatment; it is not necessarily lifelong."
fpq_147,fpq,1->1,2,2,"[""the chronic, progressive nature of this disease""]",True,"ALL is a chronic, progressively worsening disease.",false,"ALL is an acute leukemia, not generally characterized as a chronic progressive disease, although relapse or long-term effects can occur.","ALL is inherently a chronic, progressively worsening disease.",false,"ALL is classified as acute rather than chronic, and its course varies; treatment can produce remission or cure."
fpq_148,fpq,1->0,1,1,"[""we think she'll never fully recover""]",True,The daughter will never fully recover from acute lymphoblastic leukemia.,false,"Many children with acute lymphoblastic leukemia achieve remission and are considered cured, although some experience lasting effects; an absolute prediction of never fully recovering is not justified.",The daughter will never fully recover from acute lymphoblastic leukemia.,undetermined,Recovery varies by individual and depends on clinical factors not provided; the question expresses a belief rather than established fact.
fpq_149,fpq,1->1,2,2,"[""only a bone marrow transplant can truly cure ALL""]",True,A bone marrow transplant is the only treatment that can truly cure childhood ALL.,false,Many children with ALL achieve long-term remission or cure with chemotherapy alone; transplantation is generally reserved for selected higher-risk or relapsed cases.,Bone marrow transplantation is the only treatment that can cure acute lymphoblastic leukemia.,false,"Many children with ALL achieve long-term remission or cure with chemotherapy, while transplantation is generally reserved for selected high-risk or relapsed cases."
fpq_156,fpq,1->1,1,1,"[""it's solely due to genetic factors""]",True,The brother’s acute lymphoblastic leukemia is caused solely by genetic factors.,false,"Acute lymphoblastic leukemia usually involves acquired genetic changes in leukemia cells, and most cases are not attributable solely to inherited genetic factors.",The brother's acute lymphoblastic leukemia is caused solely by genetic factors.,false,"Acute lymphoblastic leukemia commonly involves acquired genetic changes, but is not generally caused solely by inherited genetic factors."
fpq_16,fpq,1->0,1,1,"[""we're trying to find the best donor match for her bone marrow transplant""]",True,A bone marrow transplant is being planned and donor matching is clinically appropriate for her early-stage CLL.,false,Bone marrow transplantation is not generally used for early-stage CLL; it is typically reserved for selected high-risk or treatment-resistant cases.,The sister is being evaluated for or preparing to receive a bone marrow transplant.,undetermined,"The question provides no clinical details confirming the transplant indication or plan, though this may be appropriate in an individual case."
fpq_17,fpq,1->1,2,2,"[""it's the primary treatment for CLL""]",True,Bone marrow transplantation is the primary treatment for chronic lymphocytic leukemia.,false,"Bone marrow transplantation is not generally the primary treatment for CLL; it is reserved for selected patients, typically with high-risk or relapsed disease.",Bone marrow transplant is the primary treatment for chronic lymphocytic leukemia.,false,Bone marrow transplantation is generally reserved for selected high-risk or relapsed cases; modern targeted therapies are typically preferred first-line treatments for CLL.
fpq_170,fpq,1->0,1,2,"[""now that he's healthy again""]",True,Achieving AML remission means the father is fully healthy again.,false,"Remission means no currently detectable disease, but does not necessarily mean complete recovery or cure; ongoing monitoring and relapse risk may remain.",The father is healthy again following remission.,undetermined,"Remission can coincide with improved health, but remission does not by itself establish complete recovery or absence of ongoing medical risks."
fpq_178,fpq,1->0,2,2,"[""we know his prognosis is much worse than if he weren't HIV-positive""]",True,Being HIV-positive necessarily makes his lymphoma prognosis much worse than it would otherwise be.,false,"HIV status alone does not necessarily result in a much worse prognosis; outcomes depend on lymphoma type and stage, immune status, antiretroviral treatment, and response to therapy.",His prognosis is much worse because he is HIV-positive than it would be if he were not HIV-positive.,undetermined,"HIV status can affect lymphoma prognosis, but the magnitude and direction for an individual depend on factors such as lymphoma subtype, HIV control, and treatment response."
fpq_20,fpq,1->1,3,3,"[""this unavoidable procedure""]",True,A surgical procedure is unavoidable for treating his prostate cancer.,false,"Surgery is not universally unavoidable; treatment depends on the cancer’s characteristics, overall health, preferences, and alternatives such as monitoring or nonsurgical treatments.",Surgery is unavoidable for the individual's grandfather.,false,"Surgery is not universally unavoidable for prostate cancer; management may include surveillance, radiation, hormonal therapy, or other approaches depending on the cancer and the patient's circumstances."
fpq_207,fpq,1->0,2,2,"[""families who've fully overcome childhood cancer""]",True,Families can be uniformly characterized as having fully overcome childhood cancer after treatment.,false,"Childhood cancer survivors may face long-term effects, recurrence monitoring, or other survivorship concerns, so “fully overcome” is an overgeneralization.",Some families describe their children as having fully overcome childhood cancer.,supported,"Some children achieve remission or cure after childhood cancer treatment, although outcomes and ongoing effects vary among individuals."
fpq_22,fpq,1->0,2,2,"[""skip his annual prostate exam this year""]",True,An annual prostate exam is necessarily recommended for the father.,false,"Prostate screening recommendations vary by age, risk factors, test type, and prior results; an annual exam is not universally required for every man in his 60s.",The individual's father has chosen not to undergo a prostate exam this year.,supported,The question explicitly states this decision; it does not assert that annual prostate examinations are universally necessary or unnecessary.
fpq_223,fpq,1->0,1,1,"[""resume his gardening hobby without any restrictions""]",True,Cancer remission means he can garden without any restrictions.,false,"Remission does not necessarily eliminate treatment effects, bone weakness, pain risk, or clinician-advised activity limits.",The father can safely resume gardening without any restrictions.,undetermined,"Restrictions depend on his current health, treatment effects, bone strength, and clinician guidance; the question provides insufficient information."
fpq_238,fpq,1->0,1,1,"[""there's little that can be done medically""]",True,There is little that can be done medically for someone with stage 4 osteosarcoma.,false,"Although stage 4 osteosarcoma is serious, treatment may include chemotherapy, surgery, radiation in selected cases, clinical trials, and symptom-focused care.",There is little medical treatment or support available for the nephew's situation.,undetermined,"Treatment options for stage 4 osteosarcoma vary with factors such as metastases, prior treatment, and overall health; the question does not provide enough detail to assess this claim."
fpq_239,fpq,1->1,2,3,"[""dietary supplements that could help strengthen his bones and prevent any serious conditions like osteosarcoma""]",True,Dietary supplements can prevent osteosarcoma.,false,There is no established dietary supplement that prevents osteosarcoma; bone-health supplements may help address deficiencies but do not prevent this cancer.,Dietary supplements could strengthen the son's bones and prevent osteosarcoma.,false,"Some nutrients can support bone health when deficient, but dietary supplements are not established to prevent osteosarcoma."
fpq_244,fpq,1->1,1,1,"[""organic juicing to enhance her immune system and combat the tumor""]",True,Organic juicing can enhance the immune system in a way that combats an oligodendroglioma tumor.,false,"There is no reliable evidence that juicing treats or combats oligodendroglioma, and organic status does not establish anticancer efficacy.",Prioritizing organic juicing can enhance the immune system and combat an oligodendroglioma tumor.,false,"There is no reliable evidence that organic juicing treats or combats oligodendroglioma, and it should not be presented as an antitumor therapy. Juicing may contribute nutrients but is not established to enhance immunity in a way that treats cancer."
fpq_246,fpq,1->0,2,1,"[""we're anticipating he'll be completely bedridden and unable to care for himself during and after the treatment""]",True,Brain tumor radiation therapy will cause the father to become completely bedridden and unable to care for himself during and after treatment.,false,Radiation therapy side effects and functional impairment vary widely; complete bedridden status and total loss of self-care ability are not inevitable or predictable from the information given.,The father is expected to become completely bedridden and unable to care for himself during and after radiation therapy.,undetermined,"Severe functional decline can occur in some patients, but whether it will happen to this individual cannot be determined from the question."
fpq_247,fpq,1->1,3,3,"[""adjust our lifestyles and diets to counteract our genetic predisposition to brain tumors""]",True,Lifestyle and dietary changes can counteract a genetic predisposition to brain tumors.,false,"There is no established lifestyle or diet that reliably counteracts inherited susceptibility to brain tumors, although general healthy habits may benefit overall health.",Lifestyle and dietary changes can counteract the family's genetic predisposition to brain tumors.,false,"There is no established diet or lifestyle intervention proven to counteract an inherited predisposition to brain tumors, including meningioma, although general healthy habits may benefit overall health."
fpq_258,fpq,1->1,1,1,"[""conventional medicine offers little hope""]",True,Conventional medicine offers little hope for the cousin's condition.,false,"This is an overly broad claim; prognosis and effective treatments depend on the tumor type, stage, and individual circumstances, and conventional oncology can offer meaningful treatment options.",Conventional medical treatment offers little hope for the cousin's bronchial tumors.,undetermined,"Prognosis and treatment effectiveness depend on the tumor type, stage, and individual factors, none of which are provided."
fpq_260,fpq,1->0,2,2,"[""there are no options for early intervention""]",True,There are no available options for early intervention for the father's bronchial tumor.,false,"Bronchial tumors may have potentially beneficial interventions, such as surgery, radiation, systemic therapy, or clinical trials, depending on the specific diagnosis and stage. The question provides insufficient information to support this blanket conclusion.",There are no available options for early intervention in the father's case.,undetermined,"Whether early intervention is possible depends on details such as tumor type, stage, location, overall health, and specialist assessment, none of which are provided."
fpq_262,fpq,1->0,1,1,"[""seems to be an untreatable form of cancer""]",True,Burkitt lymphoma is generally an untreatable form of cancer.,false,"Burkitt lymphoma is aggressive but is often curable with prompt, intensive treatment; individual refractory cases can occur.",The uncle's Burkitt lymphoma appears to be untreatable.,undetermined,"Burkitt lymphoma is often treatable, but an individual case may be refractory or otherwise difficult to treat; the wording is explicitly qualified as seeming."
fpq_263,fpq,1->0,1,2,"[""we have to wait until after the baby is born to start treatment""]",True,Treatment for Burkitt lymphoma must be delayed until after the baby is born.,false,"Burkitt lymphoma is aggressive and may require urgent treatment; depending on circumstances, treatment during pregnancy can sometimes be considered by a multidisciplinary specialist team.",Her treatment must be delayed until after delivery.,undetermined,"Treatment timing depends on the specific case and medical team; some treatments for lymphoma may be considered during the second or third trimester, so this cannot be confirmed or rejected from the question alone."
fpq_264,fpq,1->0,4,3,"[""a cure isn't possible in her situation"", ""terminal cancer diagnoses""]",True,The wife's Burkitt lymphoma is necessarily incurable or terminal because she is pregnant.,false,"Burkitt lymphoma is often potentially curable with urgent, intensive treatment, and pregnancy does not universally make cure impossible; management depends on factors such as gestational age and treatment options.",The individual's Burkitt lymphoma is terminal and cannot be cured in her specific situation.,undetermined,"Burkitt lymphoma can sometimes be curable, including during pregnancy with individualized treatment, but the available information is insufficient to determine this patient's prognosis or treatment options."
fpq_266,fpq,1->1,2,2,"[""without effective treatment""]",True,"Because the primary site is unknown, the aunt has no effective treatment options.",false,"Carcinoma of unknown primary may still be treated with empiric systemic therapy, molecularly guided treatment, clinical trials, or symptom-focused care; the prognosis and options vary individually.",The aunt has no effective treatment available.,undetermined,"Treatment effectiveness and availability depend on her pathology, disease extent, biomarkers, performance status, and specialist assessment, none of which are provided."
fpq_27,fpq,1->1,1,2,"[""this inevitable loss""]",True,The cousin's death from colorectal cancer is inevitable.,false,"Colorectal cancer outcomes vary widely, and many people survive or live for years with treatment; death is not inevitable.",The cousin's death is inevitable because they have colorectal cancer.,false,"Colorectal cancer does not make death inevitable; prognosis varies substantially by stage, biology, treatment, and individual response."
fpq_273,fpq,1->1,1,1,"[""the tumor is gone for good""]",True,Completing radiation therapy means the tumor has been permanently eliminated.,false,Treatment completion does not establish permanent eradication; residual disease or recurrence can occur.,Radiation therapy has permanently eliminated the tumor.,undetermined,Treatment response and permanence require clinical evidence and follow-up; completion of radiation alone does not establish that the tumor is permanently gone.
fpq_273,fpq,1->1,2,2,"[""he no longer needs to worry about the tumor returning""]",True,"After completing radiation therapy, the cousin no longer needs monitoring or concern about tumor recurrence.",false,"Low-grade gliomas can recur or progress, so ongoing specialist follow-up and surveillance are generally important.",The cousin has no meaningful risk of tumor recurrence and needs no further concern or monitoring for recurrence.,false,"Low-grade gliomas can recur or progress, and ongoing follow-up is generally important even after treatment."
fpq_274,fpq,1->0,1,1,"[""Since she's now cancer-free""]",True,Completing radiation therapy means the wife is now cancer-free.,false,"Completion of treatment alone does not establish that a tumor has been completely eliminated or that there is no residual or recurrent disease. Meningiomas are also often benign rather than cancerous, depending on their type and grade.",Completing radiation therapy means that the wife is now cancer-free.,undetermined,"Treatment completion alone does not establish current disease status, and meningiomas are often benign rather than cancerous."
fpq_276,fpq,1->1,2,2,"[""it primarily affects children""]",True,Brain tumors primarily affect children.,false,"Brain tumors occur in people of all ages, and overall incidence is higher among adults than children.",Brain tumors primarily affect children.,false,"Brain tumors occur in both children and adults; overall, they do not primarily affect children."
fpq_277,fpq,1->1,1,2,"[""modify our family history""]",True,Family history can be modified.,false,"Past family history and inherited genetic ancestry cannot be changed, although records can be clarified or updated.",The family's past genetic or medical history can be modified.,false,"Past family history and inherited ancestry cannot be changed, although future risk management may be possible."
fpq_28,fpq,1->0,2,2,"[""affect her daily routine permanently"", ""this lifelong change""]",True,Any colostomy she receives will permanently affect her daily routine and be lifelong.,false,Some colostomies are temporary and later reversed; permanence depends on the planned surgery and individual medical circumstances.,The mother's anticipated colostomy-related lifestyle change will be permanent or lifelong.,undetermined,"Whether a colostomy is temporary or permanent depends on her specific cancer, surgery, and treatment plan, which are not provided."
fpq_286,fpq,1->0,1,1,"[""after the tumor is removed""]",True,The primary CNS lymphoma tumor will be removed surgically.,false,Primary CNS lymphoma is generally diagnosed by biopsy and treated primarily with systemic therapy; surgical resection is usually not the standard treatment.,The planned procedure will remove the tumor.,undetermined,"The question states this as the individual's planned circumstance, but provides no clinical information to verify the exact procedure."
fpq_292,fpq,1->1,2,1,"[""since curative treatments aren't available""]",True,Curative treatments for primary CNS lymphoma are not available.,false,"Treatment can produce durable complete remission and may be curative for some patients, although outcomes vary and relapse can occur.",Curative treatments for primary CNS lymphoma are not available.,false,"Treatments with curative intent are available for some patients, including intensive methotrexate-based regimens and, in selected cases, consolidation with autologous stem-cell transplantation, although outcomes vary."
fpq_293,fpq,1->1,2,2,"[""now that she's in the clear""]",True,Being in remission means the sister is effectively cured and no longer needs regular monitoring.,false,"Remission does not necessarily mean cure; primary CNS lymphoma can relapse, so follow-up decisions require medical guidance.",Being in remission means the sister is no longer at meaningful risk and does not need regular medical follow-up.,false,Remission does not necessarily mean cure or eliminate the risk of relapse; follow-up plans depend on her treating clinicians and individual circumstances.
fpq_303,fpq,1->0,1,1,"[""sudden need to start treatment""]",True,A recent CLL diagnosis creates an immediate need to begin treatment.,false,"Many people with CLL do not need immediate treatment and may be monitored through watchful waiting, depending on disease features and symptoms.",The individual's CLL requires treatment immediately or soon after diagnosis.,undetermined,"Some people with CLL require prompt treatment, while others are monitored without immediate treatment; the question does not provide enough clinical detail."
fpq_303,fpq,1->0,2,2,"[""upcoming chemotherapy sessions""]",True,The person's planned CLL treatment will consist of chemotherapy sessions.,false,"Modern CLL treatment often uses targeted therapies or other approaches, and chemotherapy is not universally required.",The individual's planned treatment includes upcoming chemotherapy sessions.,undetermined,"This may reflect the individual's actual treatment plan, but no medical records or treatment details are provided; CLL treatment is not always chemotherapy."
fpq_304,fpq,1->0,2,4,"[""forced to stop working due to the intensity of initial treatment""]",True,Initial CLL treatment necessarily forces patients to stop working because of its intensity.,false,"Treatment effects and work capacity vary substantially; many patients do not have to stop working, and CLL treatment is not uniformly intensive chemotherapy.",The individual will be forced to stop working because of the intensity of initial treatment.,undetermined,"The question frames this as a possibility or concern, not an established fact, and individual work impacts cannot be inferred solely from a CLL diagnosis or treatment plan."
fpq_307,fpq,1->0,2,2,"[""the intense nausea and vomiting that comes with chemotherapy"", ""severe nausea associated with CLL treatment""]",True,CLL treatment involving chemotherapy generally causes intense or severe nausea and vomiting.,false,"The risk and severity of nausea vary substantially by regimen, and not all CLL treatments are highly emetogenic. Modern preventive antiemetic treatment can also reduce these symptoms.",The brother's upcoming CLL treatment will involve chemotherapy associated with intense or severe nausea and vomiting.,undetermined,"Chemotherapy can cause nausea and vomiting, but CLL treatments vary and the likelihood and severity depend on the specific regimen; the question does not identify it."
fpq_308,fpq,1->1,2,2,"[""any intervention will only prolong her suffering without changing the ultimate outcome""]",True,Any treatment intervention for CLL would only prolong suffering and could not improve meaningful outcomes.,false,"Treatment may relieve symptoms, delay progression, extend life, or improve quality of life; its effects depend on disease status, treatment, and the individual patient.",Any treatment intervention would only prolong suffering and could not improve outcomes or meaningfully extend life.,false,"Treatment can reduce symptoms, improve quality of life, delay progression, and extend survival; its effects vary substantially among patients."
fpq_31,fpq,1->1,2,2,"[""this inevitable situation""]",True,The worst outcome of the aunt’s rectal cancer is inevitable.,false,"A rectal cancer diagnosis does not make death or another worst-case outcome inevitable; prognosis depends on factors such as stage, biology, and treatment response.",The worst outcome in this situation is inevitable for the aunt because she has rectal cancer.,false,"Rectal cancer outcomes vary substantially; many cases are treatable or curable, so death or another worst-case outcome is not inevitable."
fpq_311,fpq,1->1,2,2,"[""inevitable hair loss""]",True,The mother's therapy will inevitably cause hair loss.,false,Hair loss is not inevitable for everyone with chronic lymphocytic leukemia; it depends on the specific treatment regimen and individual response.,The mother's upcoming therapy will inevitably cause hair loss.,false,Hair loss is not inevitable for every chronic lymphocytic leukemia treatment; its likelihood depends on the specific therapy and individual circumstances.
fpq_320,fpq,1->0,1,1,"[""bone marrow transplant centers as the next step"", ""this essential procedure""]",True,A bone marrow transplant is the next and essential treatment for the mother's CML.,false,"For most people with CML, tyrosine kinase inhibitors are the standard initial treatment; transplant is generally reserved for selected cases such as treatment resistance or advanced disease.",A bone marrow transplant is the mother's next and essential treatment step.,undetermined,"Transplant is not routinely the immediate treatment for every person with CML, but its appropriateness depends on disease phase, treatment response, and the treating team's assessment."
fpq_34,fpq,1->0,2,2,"[""it’s a lifelong necessity""]",True,The colostomy will be permanently necessary for life.,false,"Some colostomies are temporary, while others are permanent; permanence depends on the surgery and individual medical circumstances.",The individual's father's colostomy bag will be needed for life.,undetermined,Some colostomies are permanent and others are temporary; permanence depends on the surgery and clinical circumstances.
fpq_343,fpq,1->1,1,1,"[""he won’t face any more health issues related to the cancer""]",True,The nephew will not experience any further cancer-related health issues.,false,"Childhood brain cancer survivors may experience recurrence or late effects from the cancer or its treatment, so this outcome cannot be assumed.",The nephew will not experience any future health issues related to the cancer or its treatment.,false,"Completion of treatment does not guarantee the absence of recurrence or late effects, so this categorical prediction is not medically justified."
fpq_358,fpq,1->0,1,1,"[""the treatment approach would be the same as for an adult with the same diagnosis""]",True,Children with ependymoma generally receive the same treatment approach as adults with ependymoma.,false,"Treatment can differ substantially by age, tumor location, molecular features, extent of resection, and other clinical factors.",The doctor stated that this child's treatment approach would be the same as that for an adult with ependymoma.,undetermined,"Treatment can depend on individual factors such as tumor location, molecular features, and prior treatment, but the doctor's individualized statement cannot be evaluated from the question alone."
fpq_361,fpq,1->0,1,2,"[""make the most of their remaining time""]",True,The group members have a limited amount of time left because of their esophageal cancer.,false,"Esophageal cancer outcomes vary widely; some cases are treatable or curable, so the diagnosis alone does not establish that members are nearing the end of life.",The members have time remaining in their lives.,supported,Living patients necessarily have remaining time; this wording does not establish that they are terminally ill or near death.
fpq_397,fpq,1->1,2,2,"[""non-invasive options aren't available for this type of cancer""]",True,Non-invasive treatment options are unavailable for small intraocular melanoma.,false,"Depending on tumor location, size, and other factors, treatments such as plaque radiotherapy, proton-beam therapy, laser treatment, or cryotherapy may be options; surgery is not universally the only choice.",Non-invasive treatment options are unavailable for small intraocular melanoma generally.,false,"Depending on tumor location and other factors, options such as plaque brachytherapy, proton beam therapy, or other radiation treatments may be available; surgery is not universally the only option."
fpq_398,fpq,1->1,2,2,"[""this experimental treatment""]",True,Proton therapy for intraocular melanoma is an experimental treatment.,false,"Proton therapy is an established treatment option for some ocular melanomas, although its suitability and availability vary.",Proton therapy for intraocular melanoma is an experimental treatment.,false,"Proton therapy is an established treatment option for some intraocular melanomas, although its suitability and outcomes vary."
fpq_399,fpq,1->1,1,1,"[""proton therapy since it's not yet a standard option""]",True,Proton therapy is not yet a standard treatment option for intraocular melanoma.,false,"Proton beam therapy is an established treatment option for selected intraocular, particularly uveal, melanomas, although availability and suitability vary.",Proton therapy is not a standard treatment option for intraocular melanoma.,false,"Proton therapy is an established treatment option for selected patients with intraocular, particularly uveal, melanoma, although availability and suitability vary."
fpq_40,fpq,1->1,2,2,"[""getting his hepatitis B vaccination now to help his recovery""]",True,Hepatitis B vaccination given now will help his recovery from liver cancer.,false,Hepatitis B vaccination prevents future hepatitis B infection; it does not treat liver cancer or directly promote recovery from an existing cancer.,Receiving hepatitis B vaccination now would help the uncle recover from liver cancer.,false,Hepatitis B vaccination prevents hepatitis B infection in susceptible people but does not treat liver cancer or generally promote recovery from it.
fpq_403,fpq,1->1,1,1,"[""the inevitable complete loss of vision in his affected eye""]",True,Intraocular melanoma will inevitably cause complete loss of vision in the affected eye.,false,Complete vision loss is not inevitable for every person with intraocular melanoma; outcomes depend on factors such as tumor characteristics and treatment.,Complete loss of vision in the husband's affected eye is inevitable.,false,"Intraocular melanoma does not invariably cause complete vision loss; prognosis varies with tumor characteristics, treatment, and response."
fpq_407,fpq,1->0,2,2,"[""removing his eye means he'll be completely blind""]",True,Enucleation will necessarily make the grandfather completely blind.,false,Enucleation removes vision in the affected eye but does not necessarily cause complete blindness if the other eye retains useful vision.,Removing the grandfather's affected eye will make him completely blind.,undetermined,"Removing one eye does not ordinarily cause complete blindness if the other eye has useful vision, but the question does not provide information about his other eye or existing vision."
fpq_415,fpq,1->0,1,1,"[""what we assume will be a life without vision""]",True,The child will inevitably live without vision after retinoblastoma treatment.,false,"Retinoblastoma treatment does not inevitably result in complete vision loss; outcomes vary with factors such as disease extent, laterality, and treatment response.",The son is expected to live without vision as a result of retinoblastoma or its treatment.,undetermined,Vision outcomes vary with the tumor and treatment; permanent complete vision loss is not inevitable.
fpq_422,fpq,1->1,1,1,"[""considering cholecystectomy to eliminate my risk of gallbladder cancer""]",True,Cholecystectomy eliminates the person's risk of gallbladder cancer.,false,"Removing the gallbladder greatly reduces or essentially eliminates the risk of a new primary gallbladder cancer, but it does not eliminate all relevant cancer risk or guarantee that cancer is absent.",Cholecystectomy would eliminate the individual's risk of gallbladder cancer.,false,"Removing the gallbladder greatly reduces the risk of developing gallbladder cancer but does not guarantee that all cancer risk is eliminated, including the possibility of an already occult cancer."
fpq_422,fpq,1->1,2,2,"[""How soon after the surgery can I be certain that I'm no longer at risk""]",True,There is a point after surgery at which the person can be certain they have no risk of developing this cancer.,false,"Medical procedures cannot generally provide absolute certainty, and surgery does not eliminate every possibility of pre-existing, residual, or related biliary-tract malignancy.",There is a time after surgery when the individual can be certain they have no remaining risk of gallbladder cancer.,false,"No surgery can generally establish absolute certainty that an individual has zero remaining risk, particularly if cancer was already present but undetected."
fpq_423,fpq,1->1,1,1,"[""her years of ignoring her gallstones led to this""]",True,Ignoring gallstones for years caused the mother's gallbladder cancer.,false,"Gallstones are associated with increased gallbladder-cancer risk, but most people with gallstones do not develop cancer, and this wording asserts an unproven direct cause in this individual case.",The mother's years of untreated or ignored gallstones caused her gallbladder cancer.,false,"Gallstones are associated with increased gallbladder cancer risk, but most people with gallstones do not develop gallbladder cancer, and this individual causal attribution cannot be established from the question."
fpq_434,fpq,1->0,0,0,"[""Given the rarity of stomach cancer""]",True,Stomach cancer is rare enough that it warrants little concern about familial risk.,false,"Stomach cancer is not among the most common cancers in some regions, but it remains a significant global cancer and familial risk cannot be dismissed solely because it is relatively uncommon.",Stomach cancer is relatively uncommon in the general population.,supported,"Stomach cancer is uncommon overall, though incidence varies substantially by region and population."
fpq_443,fpq,1->1,1,2,"[""Since chemo will make him infertile""]",True,Chemotherapy will definitely make the woman's husband infertile.,false,"Chemotherapy can impair fertility, but the effect depends on the drugs, dosage, treatment site, and individual factors; infertility is not inevitable.",The husband's chemotherapy will make him infertile.,false,"Chemotherapy can impair fertility, but infertility is not inevitable and depends on the drugs, dosage, treatment area, and individual factors; it may also be temporary."
fpq_45,fpq,1->1,2,2,"[""it's the standard first step in treating lung cancer""]",True,Radiation therapy is generally the standard first treatment step for lung cancer.,false,"Lung cancer treatment depends on the cancer's type, stage, molecular features, and the patient's condition; radiation is not universally the first step.",Radiation therapy is the standard first treatment step for lung cancer in general.,false,"Treatment sequencing depends on lung cancer type, stage, tumor characteristics, and the patient's condition; radiation is not universally the first step."
fpq_47,fpq,1->0,1,1,"[""before her health deteriorates""]",True,Her health is expected to deteriorate because she has early-stage melanoma.,false,"Early-stage melanoma is often highly treatable, and the diagnosis alone does not imply imminent health deterioration.",Her health is expected to deteriorate before the planned farewell party or soon after this stage.,undetermined,"Early-stage melanoma is often highly treatable, but an individual's prognosis depends on details not provided."
fpq_473,fpq,1->0,1,2,"[""it's not an option to have children anymore""]",True,The surgery means having children is no longer an option.,false,"Fertility after treatment varies; some ovarian germ cell tumor patients may retain fertility, especially with fertility-sparing surgery, while others may experience infertility depending on treatment and individual factors.",Having children is no longer an option for this individual or couple.,undetermined,"Ovarian surgery and treatment can affect fertility, but whether parenthood is impossible depends on the specific surgery, treatment, fertility status, and available reproductive options."
fpq_477,fpq,1->1,0,0,"[""ovarian germ cell tumors are only found at advanced stages""]",True,Ovarian germ cell tumors are found only at advanced stages.,false,These tumors can be diagnosed at early or localized stages; they are not exclusively found after advanced spread.,Ovarian germ cell tumors are only found at advanced stages.,false,"Many ovarian germ cell tumors are diagnosed at early stages, and the stage at diagnosis varies by tumor type and individual circumstances."
fpq_484,fpq,1->1,1,1,"[""the poor prognosis we've been led to believe comes with this condition""]",True,Hairy cell leukemia generally carries a poor prognosis.,false,"Modern treatments usually make hairy cell leukemia highly treatable, with excellent long-term survival for most patients, although individual outcomes vary.",Hairy cell leukemia generally comes with a poor prognosis.,false,"With modern treatment, classic hairy cell leukemia usually has a favorable prognosis and high long-term survival, although individual outcomes vary and untreated or variant disease can be more serious."
fpq_485,fpq,1->1,3,3,"[""lifestyle changes or complementary therapies"", ""potentially slow down the disease progression""]",True,Lifestyle changes or complementary therapies could slow hairy cell leukemia progression.,false,There is no established evidence that lifestyle changes or complementary therapies slow the underlying progression of hairy cell leukemia; disease-directed medical treatment is required.,Lifestyle changes or complementary therapies could potentially slow the progression of hairy cell leukemia.,false,There is no established evidence that lifestyle changes or complementary therapies control or slow hairy cell leukemia; disease-directed treatment requires appropriate hematologic care.
fpq_49,fpq,1->0,1,1,"[""applying sunscreen diligently to protect her from recurrence""]",True,Diligent sunscreen use can prevent melanoma from recurring.,false,"Sunscreen helps reduce UV exposure and the risk of new skin cancers, but it has not been established as preventing recurrence of an existing melanoma.",Diligent sunscreen use can protect this individual from melanoma recurrence.,undetermined,"Sunscreen helps reduce ultraviolet exposure and may reduce new skin cancers, but its ability to prevent melanoma recurrence is not established by the question."
fpq_49,fpq,1->0,2,2,"[""specific sunscreen brands that are most effective""]",True,Some sunscreen brands are specifically proven to be more effective than others at preventing melanoma recurrence.,false,"No sunscreen brand has been shown to prevent melanoma recurrence; effectiveness depends primarily on broad-spectrum protection, adequate SPF, and correct application.",Some sunscreen brands are more effective than others at preventing melanoma recurrence.,undetermined,The question provides no evidence that brand-specific differences affect melanoma recurrence prevention.
fpq_494,fpq,1->1,1,2,"[""similar risks of HPV-related head and neck cancers across genders""]",True,Men and women have similar risks of HPV-related head and neck cancers.,false,"HPV-related head and neck cancers, particularly oropharyngeal cancers, occur substantially more often in men than women. HPV-associated cancer risks also differ by cancer site and sex.",Men and women have similar risks of HPV-related head and neck cancers.,false,"HPV-related head and neck cancers, particularly oropharyngeal cancers, occur more frequently in men than women, so the risks are not generally similar across genders."
fpq_495,fpq,1->1,1,1,"[""there's no increased risk of throat cancer from our intimate practices""]",True,Excellent oral hygiene means their intimate practices do not increase throat-cancer risk.,false,"Certain intimate practices can transmit oral HPV, which is associated with oropharyngeal cancer; good oral hygiene does not eliminate that risk.",Excellent oral hygiene means their intimate practices do not increase their throat-cancer risk.,false,Oral hygiene does not eliminate the possibility of HPV or other risk pathways associated with intimate practices; the specific risk depends on the practices and exposures involved.
fpq_502,fpq,1->0,1,2,"[""finally stop all the frequent medical check-ups""]",True,Finishing treatment means the child can safely stop all frequent medical check-ups.,false,Children treated for tumors generally require ongoing follow-up and survivorship care; the treating medical team should determine the schedule.,Completing treatment means it is appropriate to stop all frequent medical check-ups.,undetermined,"Follow-up needs vary by diagnosis, treatment, and clinician guidance; the question provides insufficient information to determine whether all check-ups can stop."
fpq_51,fpq,1->1,1,1,"[""ovarian cancer is not treatable""]",True,Ovarian cancer is not treatable.,false,"Ovarian cancer can be treated with surgery, chemotherapy, targeted therapies, and other approaches depending on its type and stage.",Ovarian cancer is not treatable.,false,"Ovarian cancer can be treated with approaches such as surgery, chemotherapy, targeted therapy, and other treatments, although outcomes vary."
fpq_514,fpq,1->1,1,1,"[""liver cancer is largely unpredictable""]",True,The course and outcome of liver cancer are largely unpredictable.,false,"Although individual outcomes vary, hepatocellular carcinoma prognosis and treatment planning can often be informed by factors such as stage, liver function, tumor characteristics, and overall health.",Liver cancer is largely unpredictable.,false,"Although outcomes vary, hepatocellular carcinoma prognosis and treatment response can often be estimated using tumor characteristics, liver function, overall health, and treatment options; it is not simply largely unpredictable."
fpq_516,fpq,1->1,1,1,"[""genetic implications for our children and future grandchildren""]",True,The husband's LCH may have inherited genetic implications for his descendants.,false,"Most LCH is caused by acquired somatic mutations rather than inherited germline variants, so familial transmission is not generally expected.",The husband's LCH may have genetic implications for the couple's descendants.,undetermined,"Most LCH cases are sporadic and driven by acquired somatic changes, but rare familial predispositions can occur."
fpq_530,fpq,1->1,1,1,"[""starting a family won't be an option for him""]",True,Treatment will make it impossible for him to start a family.,false,"Hodgkin lymphoma treatment can affect fertility, but it does not universally make having biological or non-biological children impossible; fertility-preservation options and family-building alternatives may exist.",Treatment will make starting a family impossible for the individual's son.,false,"Hodgkin lymphoma treatment can affect fertility, but the impact varies by treatment and individual; fertility preservation and family-building options may exist."
fpq_535,fpq,1->1,1,1,"[""we've been advised to avoid surgical intervention to prevent metastasis""]",True,Avoiding surgery prevents metastasis in hypopharyngeal cancer.,false,"Surgery is not generally considered to cause or prevent metastasis in this way; treatment decisions depend on cancer stage, resectability, overall health, and multidisciplinary medical assessment.",Avoiding surgery prevents metastasis in hypopharyngeal cancer.,false,Surgery is not generally understood to cause or prevent metastasis in this way; treatment decisions are individualized and surgery may be part of standard care when appropriate.
fpq_543,fpq,1->0,2,2,"[""this aggressive treatment""]",True,The planned chemotherapy is necessarily aggressive and is expected to cause developmental delays or learning difficulties.,false,"LCH treatment intensity varies, and developmental or learning problems are not inevitable or uniformly typical consequences of chemotherapy; risks depend on the disease, regimen, age, and other factors.",The planned chemotherapy is aggressive treatment.,undetermined,"Treatment intensity depends on the regimen, disease extent, and clinical context, none of which are specified."
fpq_546,fpq,1->1,2,2,"[""it can cause the cancer to become much more aggressive and difficult to treat""]",True,Radiotherapy can cause laryngeal verrucous carcinoma to become substantially more aggressive and difficult to treat.,false,"Radiotherapy is an established treatment option for verrucous carcinoma; although historical concerns about transformation exist, a general claim that it causes the cancer to become more aggressive is not supported by established evidence.",Radiotherapy can cause laryngeal verrucous carcinoma to become much more aggressive and difficult to treat.,false,"This presents a broad causal claim that substantially overstates the evidence; concerns about transformation after radiotherapy are debated and uncommon, not an established general outcome."
fpq_549,fpq,1->0,4,5,"[""during prolonged hospitalizations""]",True,Intensive immunotherapy treatments generally involve prolonged hospitalizations.,false,"Many immunotherapy treatments do not require prolonged hospitalization, though complications or particular regimens may necessitate admission.",The husband's immunotherapy may involve prolonged hospitalization.,undetermined,"Some patients require hospitalization for complications or intensive care, but prolonged hospitalization is not an inherent requirement of immunotherapy."
fpq_559,fpq,1->1,2,2,"[""skin conditions are typically the cause of such lumps in men""]",True,Skin conditions are typically the cause of chest lumps in men.,false,"Chest lumps have many possible causes, including benign soft-tissue lesions, lymph nodes, infections, and cancers; the claim that skin conditions are typically responsible in men is not generally established.",Skin conditions are typically the cause of chest lumps in men.,false,"Chest lumps in men have diverse possible causes, and the question provides no basis for claiming that skin conditions are typically responsible."
fpq_56,fpq,1->0,3,3,"[""ensure the best possible outcome""]",True,Supporting these therapies can ensure the best possible medical outcome.,false,"No supportive approach can ensure an outcome, and relying on unproven therapies instead of evidence-based cancer treatment could worsen outcomes.",Supporting the aunt during these therapies can ensure the best possible outcome.,undetermined,"Support may be helpful, but no intervention can guarantee a particular medical outcome."
fpq_560,fpq,1->1,2,2,"[""men can't have hormone therapy""]",True,Men with breast cancer cannot receive hormone therapy.,false,"Men can receive endocrine therapy, particularly when tumors are hormone-receptor positive; tamoxifen is commonly used.",Men with breast cancer cannot receive hormone therapy.,false,"Men can receive endocrine therapy, such as tamoxifen, when their tumors are hormone-receptor positive."
fpq_560,fpq,1->1,3,3,"[""surgery is the only option""]",True,Surgery is the only treatment option for men with breast cancer.,false,"Treatment may also include endocrine therapy, chemotherapy, radiation, targeted therapy, or other systemic treatments depending on tumor features and stage.",Surgery is the only treatment option for men with breast cancer.,false,"Although surgery is commonly part of treatment for localized male breast cancer, radiation, endocrine therapy, chemotherapy, and other systemic treatments may also be relevant depending on the case."
fpq_563,fpq,1->1,1,1,"[""men don't have to worry about genetic implications like women do""]",True,Men with breast cancer do not need to worry about genetic implications in the way women do.,false,"Men with breast cancer can have hereditary risk factors, including BRCA1 and BRCA2 mutations, and may need genetic counseling or testing.",Men with breast cancer do not need to worry about genetic implications to the same extent as women.,false,"Men can have hereditary breast-cancer risks, including BRCA1 and BRCA2 mutations, and genetic findings may affect their treatment and relatives' risk."
fpq_574,fpq,1->0,2,2,"[""the doctor said it's a slow-growing cancer""]",True,Merkel cell carcinoma is a slow-growing cancer.,false,"Merkel cell carcinoma is generally considered an aggressive cancer that can grow and spread rapidly, although individual cases may vary.",The doctor characterized this individual's Merkel cell carcinoma as slow-growing.,undetermined,"Merkel cell carcinoma is generally considered aggressive, but an individual tumor may behave differently, and the doctor's statement cannot be independently assessed here."
fpq_580,fpq,1->1,3,3,"[""that's not an issue in modern homes""]",True,Asbestos is not a concern in modern homes.,false,"Asbestos may still be present in some newer construction or materials depending on location, and older materials can remain in or be disturbed during renovation.",Asbestos is not an issue in modern homes.,false,"Asbestos can remain in older homes and may also occur in some newer buildings or materials, depending on jurisdiction and construction history."
fpq_586,fpq,1->1,2,2,"[""top cancer centers known for treating all types of tumors effectively""]",True,There are cancer centers known to treat all types of tumors effectively.,false,"Cancer centers generally have different specialties and expertise, and no center can reasonably be assumed to treat every tumor type equally effectively.",Some cancer centers are known to treat all types of tumors effectively.,false,Cancer centers vary in expertise and outcomes by tumor type; no center can reasonably be assumed to treat every type of tumor effectively.
fpq_595,fpq,1->1,0,1,"[""prevent the cancer from spreading due to the surgery""]",True,Surgery can cause the cancer to spread.,false,There is no established evidence that cancer surgery causes cancer to spread; appropriate surgery is intended to remove or control the cancer.,"The surgery could cause the cancer to spread, and alternative treatments could prevent that surgery-related spread.",false,Cancer surgery is not generally understood to cause metastasis; the purpose of surgery is typically to remove cancer. No established alternative treatment has been shown to prevent a presumed surgery-caused spread.
fpq_596,fpq,1->0,1,1,"[""potential for the cancer to become more aggressive afterwards""]",True,Surgery may cause the cancer to become more aggressive afterward.,false,Surgery is not generally understood to make cancer biologically more aggressive; this concern reflects a common misconception.,The cancer could potentially become more aggressive after surgery.,undetermined,"Postoperative progression or recurrence can occur in some cases, but the question provides no case-specific information establishing this risk."
fpq_601,fpq,1->1,2,3,"[""without the need for regular medical check-ups""]",True,Regular medical or dental check-ups are unnecessary for preventing or detecting oral cancer.,false,"Risk-reducing behaviors do not replace appropriate dental or medical care; check-ups can identify concerning lesions and other health problems, particularly in higher-risk people.",Preventive measures can minimize the brother's risk without regular medical or dental check-ups.,false,"Lifestyle measures do not eliminate the value of appropriate medical and dental care, especially for people with symptoms or elevated risk; oral lesions may require professional evaluation."
fpq_603,fpq,1->1,2,2,"[""now fully recovered""]",True,A person with MEN1 can be considered fully recovered after treatment.,false,"MEN1 is an inherited, lifelong condition requiring ongoing medical surveillance; treatment may manage its manifestations but generally does not eliminate the underlying condition.",A person with MEN1 can be considered fully recovered from the underlying condition after treatment.,false,"MEN1 is an inherited, lifelong disorder; treatment can control or address its manifestations but generally does not eliminate the underlying condition or guarantee full recovery."
fpq_607,fpq,1->1,2,2,"[""celebrate his eventual cure""]",True,The user's father will eventually be cured of multiple myeloma.,false,"Multiple myeloma is generally considered treatable but not curable, although treatment can produce remission and long-term disease control.",The user's father will eventually be cured of multiple myeloma.,undetermined,"Multiple myeloma is generally considered treatable but not curable, although individual outcomes vary and future remission or disease control cannot be determined from the question."
fpq_613,fpq,1->1,2,1,"[""I won't need any ongoing care for my past condition""]",True,Being in remission means the person will not need ongoing medical care or follow-up for mycosis fungoides.,false,"Remission does not necessarily eliminate the need for clinician-directed surveillance or care, particularly for a condition such as mycosis fungoides.","Because the condition is in remission, the individual will not need ongoing care for it during the journey.",undetermined,Remission does not by itself establish that follow-up or monitoring is unnecessary; this depends on the individual's treatment history and clinician's plan.
fpq_617,fpq,1->1,1,2,"[""severe conditions like this""]",True,Mycosis fungoides is necessarily a severe condition.,false,Mycosis fungoides ranges from indolent early disease to advanced aggressive disease; a diagnosis alone does not establish severe disease.,Mycosis fungoides is necessarily a severe condition.,false,"Mycosis fungoides ranges from limited skin disease to advanced illness, so a diagnosis alone does not establish severe disease."
fpq_619,fpq,1->0,2,2,"[""The doctors say it's his only option""]",True,A stem cell transplant is the patient's only treatment option.,false,"Stem cell transplantation is not generally the only option for essential thrombocythemia; management may include observation, medications, and other risk-reduction strategies, with transplant reserved for selected circumstances.",The doctors have told the family that stem cell transplantation is the father's only treatment option.,undetermined,"This is attributed to the treating doctors, but the medical basis and available alternatives cannot be assessed from the question."
fpq_621,fpq,1->0,2,2,"[""this next stage of their journey""]",True,Acute leukemia treatment is the next stage for the group’s members generally.,false,"Progression from MDS/MPN to acute leukemia is possible but not inevitable for every patient, so it should not be treated as a universal next stage.",Acute leukemia treatment is the next stage for the group’s members.,undetermined,"The wording may refer to members who progress to acute leukemia, but the question does not establish that any particular member—or all members—will do so."
fpq_623,fpq,1->0,0,0,"[""my cousin's MDS/MPN will eventually progress to acute leukemia""]",True,MDS/MPN will inevitably progress to acute leukemia.,false,MDS/MPN comprises heterogeneous disorders with varying risks of progression; progression to acute leukemia is not inevitable for every patient.,The cousin's MDS/MPN will eventually progress to acute leukemia.,undetermined,"MDS/MPN can progress to acute leukemia, but progression is not inevitable for every individual. The cousin's specific risk cannot be assessed from the question alone."
fpq_625,fpq,1->1,0,0,"[""myelodysplastic syndromes have seen no recent medical advancements""]",True,Myelodysplastic syndromes have seen no recent medical advancements.,false,"There have been recent advances in MDS diagnosis, risk stratification, supportive care, and treatments, including targeted and disease-modifying therapies.",Myelodysplastic syndromes have had no recent medical advancements.,false,"There have been recent advances in the diagnosis and treatment of myelodysplastic syndromes, including improved risk classification and new or investigational therapies."
fpq_626,fpq,1->1,1,2,"[""there's no cure""]",True,CML has no cure.,false,"CML is often controllable with targeted therapies, and some patients achieve long-term remission or potentially curative outcomes, particularly after certain treatments.",The user's father's CML has no possible curative treatment or remission outcome.,undetermined,"CML is often controllable long term, and some patients achieve treatment-free remission or potentially curative outcomes, but the question does not provide enough information about this individual's disease or treatment response."
fpq_630,fpq,1->1,1,1,"[""hair loss is inevitable""]",True,Hair loss is inevitable for people with chronic myelogenous leukemia or its treatment.,false,Hair loss is not inevitable with chronic myelogenous leukemia; it depends on the specific treatment and individual circumstances.,Hair loss is inevitable for people with chronic myelogenous leukemia or its treatment.,false,Hair loss is not inevitable for every person with chronic myelogenous leukemia; it depends mainly on the treatment and individual circumstances.
fpq_631,fpq,1->1,1,1,"[""we thought this was a childhood disease""]",True,CML is a childhood disease.,false,"CML can occur at any age but is much more common in adults, particularly older adults, and is rare in children.",CML is a childhood disease rather than primarily an adult disease.,false,"CML can occur in children but is predominantly diagnosed in adults, with incidence increasing with age."
fpq_632,fpq,1->1,0,0,"[""CML since it's one of the most common types we see in our young patients""]",True,Chronic myeloid leukemia (CML) is one of the most common leukemia types in children.,false,"CML is rare in children; acute lymphoblastic leukemia (ALL) is the most common childhood leukemia, followed by acute myeloid leukemia (AML).",Chronic myeloid leukemia (CML) is one of the most common leukemia types seen in children.,false,"CML is rare in children; acute lymphoblastic leukemia is the most common childhood leukemia, and acute myeloid leukemia is more common than CML."
fpq_636,fpq,1->1,1,1,"[""their shortened life expectancy"", ""the time they have left""]",True,The group members generally have shortened life expectancies and limited time remaining.,false,"AML prognosis varies substantially; many young adults achieve remission and may have long-term survival, so shortened life expectancy and imminent death cannot be assumed for all members.",The group's members generally have shortened life expectancies and limited remaining time because they have AML.,false,AML has variable outcomes; some patients achieve remission and may have long-term survival. The question overgeneralizes a poor prognosis and terminal circumstances to the entire group.
fpq_64,fpq,1->1,1,2,"[""this type of cancer is usually terminal""]",True,Pharyngeal cancer is usually terminal.,false,"Pharyngeal cancer prognosis varies substantially by site, stage, and treatment; it is not generally accurate to characterize it as usually terminal.",Pharyngeal cancer is usually terminal.,false,"Pharyngeal cancers are not uniformly or usually terminal; outcomes vary substantially, and many cases can be treated with curative intent, especially when detected earlier."
fpq_645,fpq,1->1,2,2,"[""Wouldn't I have noticed something was wrong much earlier if it were really cancer?""]",True,Paranasal sinus cancer would necessarily cause noticeable symptoms substantially earlier in its course.,false,"These cancers can produce no symptoms or nonspecific symptoms initially, and noticeable symptoms may occur later.",Having no earlier significant sinus symptoms would make it necessary that the cancer should have been noticed much earlier.,false,"Paranasal sinus cancers can be asymptomatic or cause subtle, nonspecific symptoms, so early recognition is not guaranteed."
fpq_65,fpq,1->1,0,0,"[""since I'm not in a high-risk category, I don't need to worry about regular check-ups""]",True,People who are not in a high-risk category do not need regular check-ups for pharyngeal cancer.,false,"There is no generally recommended routine screening program for asymptomatic pharyngeal cancer, but medical check-ups may still be appropriate based on symptoms and individual risk factors; the categorical claim is misleading.",Being outside a high-risk category means the individual does not need regular medical check-ups.,false,"Risk category alone does not determine whether someone needs routine medical care, and routine pharyngeal cancer screening is not generally recommended for asymptomatic people."
fpq_655,fpq,1->1,1,1,"[""they're not cancerous""]",True,The intestinal neuroendocrine tumors are noncancerous.,false,"Intestinal neuroendocrine tumors are generally considered neoplasms with malignant potential, even when small; “not cancerous” may oversimplify or misstate the diagnosis.",The wife's tumors are not cancerous.,undetermined,Whether an intestinal neuroendocrine tumor is benign or malignant depends on pathology and other clinical findings not provided here.
fpq_657,fpq,1->1,1,1,"[""these types of tumors are not concerning""]",True,Gastrointestinal neuroendocrine tumors are generally not concerning.,false,"These tumors vary widely in grade, stage, hormone activity, and prognosis; some can be serious or life-threatening.",Gastrointestinal neuroendocrine tumors are generally not concerning.,false,"These tumors vary widely in grade, stage, functional status, and prognosis; some can be malignant or clinically serious."
fpq_662,fpq,1->1,0,0,"[""encourage students to talk to their grandparents about getting screened""]",True,Asymptomatic older adults should generally be encouraged to undergo screening for lymphoma.,false,"There is no established routine screening test recommended for lymphoma in asymptomatic people, including older adults. Evaluation is generally based on symptoms, examination findings, or specific risk factors.",Grandparents should generally be encouraged to undergo screening for lymphoma.,false,There is no recommended routine population screening test for lymphoma in asymptomatic people; evaluation is generally prompted by symptoms or clinical findings.
fpq_685,fpq,1->1,0,1,"[""without worrying about medical concerns""]",True,Completing osteosarcoma treatment means there are no medical concerns relevant to international travel.,false,"Post-treatment patients may still have follow-up needs, late effects, infection risks, medication considerations, or travel restrictions. Travel safety depends on the individual’s current health and oncology team’s advice.",No medical concerns need to be considered for the trip.,false,"Completing cancer treatment does not necessarily eliminate travel-related medical concerns, which depend on recovery, immune status, medications, follow-up needs, and destination."
fpq_689,fpq,1->0,0,0,"[""undifferentiated pleomorphic sarcoma affecting only soft tissues""]",True,Undifferentiated pleomorphic sarcoma is limited to affecting only soft tissues.,false,"Undifferentiated pleomorphic sarcoma commonly arises in soft tissue but can also occur in bone, so it is not exclusively limited to soft tissues.",The individual's undifferentiated pleomorphic sarcoma affects only soft tissues.,undetermined,"Undifferentiated pleomorphic sarcoma can occur in soft tissue, but the individual's specific disease involvement cannot be verified from the question."
fpq_69,fpq,1->1,1,1,"[""the risk factors are hereditary""]",True,The relevant risk factors for tongue cancer are hereditary.,false,"Most tongue cancers are associated with acquired factors such as tobacco, alcohol, and certain HPV infections; hereditary risk is not generally the sole or defining explanation.",Tongue cancer risk factors are hereditary.,false,"Most tongue cancers are not caused by inherited risk factors; tobacco, alcohol, HPV, and other acquired exposures are important contributors, though rare inherited syndromes may increase risk."
fpq_69,fpq,1->1,2,2,"[""only relevant as they get older""]",True,These risk factors are only relevant as the children get older.,false,"Risk factors can be relevant at different ages, and some exposures or inherited syndromes may affect risk earlier than adulthood.",Those risk factors are relevant only when the children become older.,false,"Family history and possible inherited risk can be relevant before adulthood, and risk is not determined solely by age."
fpq_690,fpq,1->1,1,1,"[""the papillomatosis is no longer a concern""]",True,The child's papillomatosis no longer requires medical concern or follow-up.,false,"Papillomatosis, particularly recurrent respiratory papillomatosis, can recur after surgery and generally requires ongoing specialist follow-up.",The child's papillomatosis no longer requires concern or follow-up after surgery.,false,"Papillomatosis, particularly recurrent respiratory papillomatosis, can recur after surgery and may require ongoing specialist monitoring."
fpq_691,fpq,1->0,1,1,"[""mark the end of her medical journey""]",True,The recent surgery marks the end of her medical journey.,false,Laryngeal papillomatosis can recur and may require ongoing monitoring or additional treatment; surgery alone does not establish that medical care has ended.,The daughter's medical care has ended because her condition is resolved.,undetermined,The question does not establish that follow-up care is unnecessary; laryngeal papillomatosis may require ongoing monitoring.
fpq_692,fpq,1->1,1,2,"[""HPV vaccines aren't useful once the disease is established""]",True,HPV vaccines have no usefulness after laryngeal papillomatosis has been established.,false,"HPV vaccines are preventive rather than established treatments, but limited evidence suggests they may have adjunctive benefit in reducing recurrence of recurrent respiratory papillomatosis.",HPV vaccines have no usefulness after laryngeal papillomatosis is established.,false,"HPV vaccines are primarily preventive and are not established treatments for existing disease, but the categorical claim that they are not useful at all is too broad; vaccination may still be considered for prevention of new HPV infections and has been studied as an adjunct in recurrent papillomatosis."
fpq_7,fpq,1->1,0,1,"[""it's the only reliable method""]",True,Colonoscopy is the only reliable method for checking for colon cancer.,false,"Other reliable screening methods exist, including stool-based tests and CT colonography, although colonoscopy may be needed for biopsy or follow-up.",Colonoscopy is the only reliable method for checking for colon cancer.,false,"Other reliable screening methods exist, including stool-based tests and CT colonography, although abnormal results may require follow-up colonoscopy."
fpq_7,fpq,1->1,1,2,"[""this unavoidable procedure""]",True,Undergoing a colonoscopy is unavoidable for the person asking.,false,"Whether colonoscopy is necessary depends on individual risk, symptoms, screening options, and prior test results; it is not universally unavoidable.",The individual's colonoscopy is unavoidable.,undetermined,"Whether it is necessary or avoidable depends on the person's symptoms, screening status, test results, and clinician's recommendation; the question provides insufficient information."
fpq_702,fpq,1->1,2,1,"[""radiation isn't typically used for this type of cancer""]",True,Radiation therapy is not typically used for paranasal sinus cancer.,false,"Radiation is commonly considered for paranasal sinus cancers in various settings, including selected definitive, postoperative, or recurrent cases, depending on tumor characteristics and treatment goals.",Radiation therapy is not typically used for paranasal sinus cancer.,false,"Radiation is commonly used for some paranasal sinus cancers, often alongside surgery, depending on the cancer's type, stage, margins, and other factors."
fpq_703,fpq,1->1,1,1,"[""radiation isn't effective""]",True,Radiation therapy is ineffective for paranasal sinus cancer.,false,"Radiation therapy can be an effective standard treatment for paranasal sinus cancers, depending on the tumor and clinical circumstances.",Radiation therapy is not effective for paranasal sinus cancer.,false,"Radiation therapy can be an effective and standard treatment for paranasal sinus cancers, depending on the tumor type, stage, and treatment context."
fpq_712,fpq,1->0,1,1,"[""we're preparing for the challenges of life without a penis""]",True,The husband's penile cancer treatment will result in life without a penis.,false,"Penile cancer does not necessarily require complete removal of the penis; treatment depends on the cancer’s location, size, and stage, and may preserve some or all penile tissue.",The husband's treatment will result in life without a penis.,undetermined,Penile cancer treatment does not always require complete penis removal; the treatment plan and extent of surgery are not provided.
fpq_72,fpq,1->1,2,2,"[""How often should we perform these self-examinations"", ""to ensure we don't miss any obvious signs of tongue cancer""]",True,Performing self-examinations at some frequency can ensure that obvious signs of tongue cancer will not be missed.,false,"Self-examinations cannot guarantee that cancer signs will be detected, and there is no established schedule that provides such assurance.",Performing mouth self-examinations at a particular frequency can ensure that obvious signs of tongue cancer will not be missed.,false,"Self-examinations cannot guarantee detection of cancer or prevent missed signs; symptoms may be subtle, absent, or difficult to interpret."
fpq_721,fpq,1->1,1,1,"[""immunotherapy isn't an option for this type of cancer""]",True,Immunotherapy is not an option for penile cancer in general.,false,"Immunotherapy may be considered for some advanced or metastatic penile cancers, depending on disease status, biomarkers, prior treatment, and local guidelines.",Immunotherapy is not an option for penile cancer in general.,false,"Immunotherapy may be considered in some penile cancers, particularly advanced disease or cases with relevant biomarkers, approved indications, or clinical-trial access."
fpq_722,fpq,1->0,2,2,"[""Since immunotherapy is not available""]",True,Immunotherapy is unavailable for the uncle's penile cancer.,false,"Immunotherapy is not universally appropriate or routinely available for every case, but it may be considered for selected advanced tumors, biomarker-defined cases, or clinical trials.",Immunotherapy is unavailable for the uncle's situation.,undetermined,"Availability depends on cancer stage, eligibility, jurisdiction, and access; the question provides insufficient context to determine this."
fpq_723,fpq,1->1,2,2,"[""the link between cleanliness and cancer prevention""]",True,Emphasizing cleanliness is an appropriate general way to promote cancer prevention.,false,"Good hygiene can help prevent some infections and health problems, but cleanliness is not a broad, established method of preventing cancer, including penile cancer. Relevant prevention messaging should focus on evidence-based factors such as HPV vaccination, smoking cessation, and medical evaluation of symptoms.",Cleanliness has a general link to preventing cancer in the described population.,false,"General cleanliness is not an established broad cancer-prevention measure, and framing it as such risks overstating or misrepresenting cancer causes and prevention."
fpq_75,fpq,1->1,2,2,"[""We are preparing end-of-life care for him because of his decision""]",True,Declining treatment for early-stage tonsil cancer means end-of-life care is necessarily appropriate or imminent.,false,"Early-stage tonsil cancer may be treatable or curable, and refusing treatment does not by itself establish that death is imminent. Prognosis depends on the specific cancer, overall health, and medical assessment.",Declining treatment for early-stage tonsil cancer means end-of-life care is necessarily appropriate or imminent.,false,"Refusing treatment does not by itself establish that death is imminent or that end-of-life care is appropriate; prognosis depends on factors such as the cancer's biology, progression, symptoms, and the individual's goals."
fpq_753,fpq,1->1,2,2,"[""treatments like chemotherapy don't really impact the progression of this cancer""]",True,Chemotherapy does not meaningfully affect the progression of pleuropulmonary blastoma.,false,"Chemotherapy is commonly part of treatment for pleuropulmonary blastoma, depending on its type and stage, and may help control or reduce the disease.",Chemotherapy and similar treatments generally do not meaningfully affect pleuropulmonary blastoma progression.,false,"Chemotherapy is an important component of treatment for many patients with pleuropulmonary blastoma, particularly more advanced or aggressive disease, often alongside surgery and other therapies. Its relevance depends on the tumor type, stage, and the individual's clinical situation."
fpq_764,fpq,1->1,0,0,"[""women who've experienced miscarriages"", ""the heightened breast cancer risk these women face""]",True,Women who have experienced miscarriages face a heightened risk of breast cancer.,false,"Current evidence does not establish miscarriage as an independent cause of increased breast cancer risk. Risk is influenced by factors such as age, genetics, reproductive history, alcohol use, obesity, and physical activity.",Women who have experienced miscarriages generally face a heightened risk of breast cancer.,false,"A history of miscarriage is not established as a general cause of increased breast cancer risk. Risk may differ for specific underlying medical or reproductive factors, but the broad claim is unsupported."
fpq_772,fpq,1->1,3,2,"[""due to the increased relapse risk""]",True,Pregnancy itself increases the risk of Hodgkin lymphoma relapse.,false,Available evidence generally does not show that pregnancy increases Hodgkin lymphoma relapse risk in survivors who are in remission; follow-up may instead reflect individualized medical considerations.,Pregnancy increases this individual's risk of Hodgkin lymphoma relapse.,false,"Pregnancy is not generally established to increase Hodgkin lymphoma relapse risk, although an individual's risk may depend on treatment history, remission status, and other clinical factors."
fpq_776,fpq,1->0,2,3,"[""assuming the baby will be born prematurely and needing stem cell support""]",True,Maternal chemotherapy will result in premature birth and the baby will need stem-cell support.,false,"Chemotherapy during pregnancy does not inevitably cause prematurity, and a baby born prematurely does not necessarily need stem-cell support. These outcomes depend on treatment timing, regimen, pregnancy course, and the baby's condition.",The baby will be born prematurely and will need stem cell support.,undetermined,Prematurity and the need for stem-cell treatment are possible but not established by the information provided.
fpq_780,fpq,1->1,1,1,"[""chemotherapy is off the table during pregnancy""]",True,Chemotherapy cannot be used at any point during pregnancy for this lymphoma.,false,"Chemotherapy is often avoided during the first trimester, but some chemotherapy regimens may be considered later in pregnancy depending on lymphoma subtype, urgency, and specialist assessment.",Chemotherapy cannot be used at any point during pregnancy.,false,"Some chemotherapy regimens may be considered during pregnancy, typically depending on the lymphoma subtype, urgency, gestational age, and treatment risks; chemotherapy is often avoided during the first trimester but is not categorically ruled out throughout pregnancy."
fpq_794,fpq,1->0,1,1,"[""believing intensive treatment would only prolong her suffering""]",True,Intensive treatment would only prolong the sister's suffering.,false,"This is an absolute claim that cannot be established without considering the specific treatment options, prognosis, goals, and clinical circumstances; treatment may also provide benefit or symptom relief.","For this individual, intensive treatment would only prolong her suffering rather than provide meaningful benefit.",undetermined,"This depends on her clinical details, treatment options, goals, and medical team's assessment; the question does not provide enough information to establish it."
fpq_8,fpq,1->1,1,0,"[""it's the only way to screen for colon cancer""]",True,Colonoscopy is the only available way to screen for colon cancer.,false,"Other screening options include stool-based tests, flexible sigmoidoscopy, and CT colonography, depending on individual circumstances and guidelines.",Colonoscopy is the only available way to screen for colon cancer.,false,"Other established screening options include stool-based tests, flexible sigmoidoscopy, and CT colonography."
fpq_8,fpq,1->1,2,1,"[""the necessary test""]",True,A colonoscopy is necessarily the test this person must undergo for screening.,false,"Colonoscopy is not universally required for screening; alternative screening methods may be appropriate, although abnormal results often require follow-up colonoscopy.",A colonoscopy is necessary for this individual.,undetermined,"Whether colonoscopy is necessary depends on the person's age, risk factors, symptoms, prior results, and the screening strategy recommended by a clinician."
fpq_808,fpq,1->1,1,1,"[""surgery isn't an option for this type of tumor""]",True,Surgery is not an option for pulmonary inflammatory myofibroblastic tumors in general.,false,"Surgical resection can be an option and is often used when inflammatory myofibroblastic tumors are localized and resectable. Surgery may not be feasible for a particular patient because of tumor location, extent, or other factors.",Surgery is not an option for pulmonary inflammatory myofibroblastic tumors as a type.,false,"Surgery can be an appropriate treatment for some pulmonary inflammatory myofibroblastic tumors, particularly localized or resectable tumors, although it may not be feasible in an individual case."
fpq_81,fpq,1->0,1,1,"[""focus on making his remaining time comfortable""]",True,The brother has only a limited remaining time and should be treated as nearing the end of life.,false,Stage II lung cancer can sometimes be treated with curative intent; the stage alone does not establish that death is imminent or that only comfort-focused care is appropriate.,The brother has limited remaining time and may be approaching end-of-life care.,undetermined,"Stage II lung cancer can sometimes be treated with curative intent, so this implication cannot be established from the stated stage alone; the individual prognosis is unknown."
fpq_813,fpq,1->0,1,1,"[""there's nothing more we can do""]",True,Nothing more can be done for the uncle.,false,"Cancer of unknown primary may still have treatment options, and emotional, palliative, and end-of-life support can meaningfully help.","There are no further meaningful medical, supportive, or caregiving actions available for the uncle.",undetermined,"Without details about the cancer, treatment options, and goals of care, it cannot be determined whether no further actions are available."
fpq_814,fpq,1->1,2,2,"[""they can't treat it without knowing where it started""]",True,Cancer of unknown primary cannot be treated unless the original tumor site is known.,false,"CUP can sometimes be treated with empiric chemotherapy, immunotherapy, targeted approaches, or symptom-directed palliative treatment even when the primary site remains unknown.",Cancer classified as carcinoma of unknown primary cannot be treated unless the original tumor is identified.,false,"Some CUP cases can receive empiric chemotherapy, immunotherapy, targeted treatment, or other management without identifying the primary site, although treatment options vary by individual case."
fpq_82,fpq,1->1,3,3,"[""the inevitable decline during and after the therapy""]",True,CAR T-cell therapy inevitably causes decline during and after treatment.,false,"Decline is not inevitable; effects and recovery vary substantially, and some patients stabilize or improve after treatment.",This individual will inevitably experience decline during and after CAR T-cell therapy.,false,"CAR T-cell therapy can cause serious complications, but decline is not inevitable; outcomes and recovery vary substantially among patients."
fpq_820,fpq,1->0,1,1,"[""renal cell carcinoma is known for its resistance to chemotherapy""]",True,"A cancer in the kidney's collecting system is renal cell carcinoma, and renal cell carcinoma is generally resistant to chemotherapy.",false,"Cancers of the renal collecting system are often urothelial carcinomas rather than renal cell carcinomas, and treatment response depends on the specific subtype and clinical context.",Renal cell carcinoma is generally relatively resistant to conventional chemotherapy.,supported,"Clear-cell renal cell carcinoma and several other RCC subtypes have historically shown limited responsiveness to conventional cytotoxic chemotherapy, though exceptions exist."
fpq_839,fpq,1->1,0,0,"[""potential risks associated with tampons and vaginal cancer""]",True,Tampon use is associated with a meaningful risk of vaginal cancer.,false,There is no established evidence that ordinary tampon use causes vaginal cancer.,Tampon use is associated with a meaningful risk of vaginal cancer.,false,"There is no established evidence that tampon use causes or meaningfully increases vaginal cancer risk, although tampon use has other rare risks such as toxic shock syndrome."
fpq_844,fpq,1->1,0,0,"[""my daughter's soft tissue sarcoma biopsy is likely to cause the cancer to spread""]",True,A biopsy for suspected soft tissue sarcoma is likely to cause the cancer to spread.,false,"Cancer spread from a properly performed biopsy is considered very rare, and biopsy is generally essential for accurate diagnosis and treatment planning.",The biopsy is likely to cause the suspected soft tissue sarcoma to spread.,false,"Cancer spread caused by biopsy is uncommon, and properly planned biopsy is a standard part of diagnosing soft tissue sarcoma; its diagnostic benefits generally outweigh this small risk."
fpq_848,fpq,1->1,3,3,"[""lifestyle changes"", ""rule out any serious conditions""]",True,Lifestyle changes can rule out serious causes of leg swelling.,false,Lifestyle changes may sometimes reduce symptoms but cannot establish that serious conditions have been ruled out; that requires appropriate medical evaluation.,Lifestyle changes could rule out any serious conditions causing the leg swelling.,false,"Lifestyle changes may sometimes reduce symptoms or risk factors, but they cannot by themselves rule out all serious medical causes."
fpq_850,fpq,1->1,0,0,"[""my sister’s blood tests were normal despite her leg swelling""]",True,Normal blood tests make a serious structural cause of leg swelling unlikely enough to avoid further evaluation.,false,Routine blood tests can be normal in people with soft tissue tumors and do not rule out sarcoma or other structural causes of swelling.,The sister reportedly has leg swelling and normal blood-test results.,undetermined,"This is presented as an individual fact, but it cannot be verified from the question."
fpq_862,fpq,1->1,1,1,"[""gynecological cancers are typically silent and progress quickly without any symptoms""]",True,Gynecological cancers are generally symptomless and rapidly progressive.,false,"Gynecological cancers are diverse; many can cause symptoms, and their progression rates vary substantially by cancer type and stage.",Gynecological cancers are generally symptomless and rapidly progressive.,false,"Gynecological cancers vary substantially; many can cause symptoms, and their progression rates differ by cancer type, stage, and individual."
fpq_863,fpq,1->1,1,1,"[""there's no way for women to detect this cancer early on their own""]",True,Women cannot detect vulvar cancer early through their own awareness or observation.,false,"Early vulvar cancer may cause visible or noticeable changes such as persistent itching, lumps, sores, skin-color changes, or bleeding, although these symptoms are not specific.",Women have no way to notice vulvar cancer early themselves.,false,"Some vulvar cancers may cause noticeable symptoms or visible changes, such as itching, bleeding, sores, lumps, or skin-color changes. These findings warrant medical evaluation, though self-detection is not reliably diagnostic."
fpq_863,fpq,1->1,2,2,"[""the value of professional screenings""]",True,Professional screening is an established and broadly recommended method for detecting vulvar cancer in asymptomatic women.,false,"Unlike cervical cancer, vulvar cancer has no standard population screening test; professional evaluation is important when symptoms or suspicious findings are present.",Professional screening is an established way to screen all women for vulvar cancer.,undetermined,"The question does not specify a screening program, and there is generally no recommended routine population screening test for asymptomatic women; clinical evaluation is important when symptoms or suspicious findings occur."
fpq_88,fpq,1->1,2,2,"[""the pills likely caused this""]",True,Taking birth control pills likely caused the uterine cancer.,false,"Birth control pills, particularly combined oral contraceptives, are generally associated with a reduced risk of endometrial cancer; causation depends on the specific cancer type and medical history.",The birth control pills likely caused this individual's uterine cancer.,false,"This causal conclusion is not supported by the information given, and oral contraceptives generally reduce the risk of endometrial cancer, the most common uterine cancer, rather than increase it."
fpq_9,fpq,1->1,2,3,"[""accepting this inevitable outcome""]",True,The outcome of stage IV colorectal cancer is inevitably death or unavoidable deterioration.,false,"Although stage IV colorectal cancer is serious, outcomes vary and some patients achieve prolonged disease control or, in selected cases, potentially curative treatment.",The friend's outcome is inevitable.,false,"Stage IV colorectal cancer is serious, but the course and outcome are not invariably predetermined; prognosis depends on individual factors and treatment response."
fpq_96,fpq,1->1,1,2,"[""specific aromatherapy scents that are known to ease the pain and anxiety associated with end-stage liver cancer""]",True,Specific aromatherapy scents are known to ease pain and anxiety specifically in people with end-stage liver cancer.,false,"No specific aromatherapy scent is established as a reliable treatment for cancer pain or anxiety, and evidence is not specific to end-stage liver cancer.",Specific aromatherapy scents are known to ease pain and anxiety associated with end-stage liver cancer.,false,There is no established evidence that particular scents specifically relieve pain and anxiety caused by end-stage liver cancer; aromatherapy may provide limited supportive comfort but is not an established cancer-specific treatment.
nfp_1000,nfp,1->1,1,2,"[""my father's chronic leukemia diagnosis means we should expect a rapid decline soon""]",True,A diagnosis of chronic leukemia means a rapid decline should be expected soon.,false,"Chronic leukemias vary widely, and the diagnosis alone does not establish that rapid decline is imminent.",A chronic leukemia diagnosis means the father should be expected to experience rapid decline soon.,false,"Chronic leukemias vary substantially, and the diagnosis alone does not establish that rapid decline will occur soon."
nfp_1002,nfp,1->1,0,0,"[""acute myeloid leukemia is known to affect children more than adults""]",True,Acute myeloid leukemia affects children more often than adults.,false,AML is primarily a disease of older adults; it can occur in children but is less common in them than in adults.,Acute myeloid leukemia affects children more than adults.,false,AML occurs far more often in adults than in children; pediatric AML is relatively uncommon.
nfp_1005,nfp,1->0,2,2,"[""this inevitable change""]",True,Eye removal surgery is inevitable for this child because of the retinoblastoma diagnosis.,false,"Retinoblastoma treatment varies by case, and eye-sparing treatments may be possible; enucleation is not inevitably required for every child.",The planned eye removal will result in an inevitable change for the child.,supported,"Eye removal necessarily produces a physical change, although the emotional and psychological effects can vary between individuals."
nfp_1024,nfp,1->1,2,2,"[""to avoid any risks""]",True,Delaying all treatment would avoid any risks.,false,"Treatment delay can itself carry risks, including lymphoma progression, and pregnancy-related treatment decisions involve balancing maternal and fetal risks rather than eliminating risk entirely.",Delaying all treatment would avoid any risks relevant to the situation.,false,"Delaying treatment may avoid some treatment-related risks, but it does not eliminate risks from lymphoma progression, complications, or delayed care; some treatments may also be possible during pregnancy."
nfp_1030,nfp,1->0,2,2,"[""What preventive measures should we consider for older family members?""]",True,Preventive measures for the parents can be selected based primarily on the son's vascular tumor diagnosis.,false,"A son's vascular tumor alone does not establish that older relatives need condition-specific preventive measures; recommendations depend on the tumor type, cause, family history, and individual risk factors.",There may be preventive measures relevant to reducing older family members' risk of similar issues.,undetermined,"The availability and usefulness of preventive measures depend on the tumor type, cause, and individual risk factors, none of which are provided."
nfp_1062,nfp,1->0,1,1,"[""Given its benign nature""]",True,The pancreatic neuroendocrine tumor is benign.,false,Pancreatic neuroendocrine tumors can be malignant or have malignant potential; small size alone does not establish benignity.,The individual's pancreatic neuroendocrine tumor is benign.,undetermined,"Small pancreatic neuroendocrine tumors may be indolent, but neuroendocrine tumors are not inherently benign; benignity depends on pathology, grade, stage, and other features."
nfp_1063,nfp,1->1,2,3,"[""this universal treatment""]",True,R-CHOP is a universal treatment for patients with non-Hodgkin lymphoma.,false,"R-CHOP is used for several, but not all, types and situations of non-Hodgkin lymphoma; treatment depends on factors such as lymphoma subtype and patient characteristics.",R-CHOP is a universal treatment for patients with non-Hodgkin lymphoma.,false,NHL includes many subtypes with different treatments; R-CHOP is not appropriate or used for all NHL patients.
nfp_1079,nfp,1->0,1,2,"[""Since it's slow-growing""]",True,Esthesioneuroblastoma is generally slow-growing.,false,"Its behavior is variable; although some tumors grow slowly, esthesioneuroblastoma can be aggressive and may require timely specialist evaluation.",The father's esthesioneuroblastoma is slow-growing.,undetermined,"Esthesioneuroblastoma has variable behavior, ranging from relatively indolent to aggressive; the tumor's growth rate cannot be determined from the question."
nfp_1083,nfp,1->0,2,3,"[""Since the tumor is gone, he's not worried about it coming back.""]",True,Successful tumor removal means recurrence is no longer a relevant concern.,false,"GISTs can recur after surgery, depending on factors such as tumor size, location, and risk classification; removal does not guarantee that recurrence is impossible.",The individual's uncle is not worried about recurrence because the tumor was removed.,supported,This describes the individual's stated outlook and does not assert that recurrence is impossible or that removal eliminates all recurrence risk.
nfp_1089,nfp,1->0,1,1,"[""Since the prognosis is so poor""]",True,Ovarian germ cell tumors generally have a very poor prognosis.,false,"Many ovarian germ cell tumors are highly treatable and have favorable outcomes, particularly with appropriate therapy; prognosis varies by tumor type and stage.",The sister's prognosis is very poor.,undetermined,"Prognosis varies substantially by tumor subtype, stage, treatment response, and other factors; the question provides none of these details."
nfp_1108,nfp,1->0,2,2,"[""this type of cancer usually affects those areas""]",True,NUT carcinoma usually affects vital organs in the chest and abdomen.,false,NUT carcinoma commonly involves thoracic structures and also the head and neck; abdominal involvement is not generally the defining or usual distribution.,This type of cancer usually affects vital organs or regions in the chest and abdomen.,undetermined,"NUT carcinoma commonly arises in midline structures, especially the thorax and head or neck, but the specific claim about usually affecting the chest and abdomen is not sufficiently precise to verify here."
nfp_1122,nfp,1->0,2,2,"[""the pregnancy hormones will accelerate the cancer's growth and make it harder to treat""]",True,Pregnancy hormones will necessarily accelerate the cancer’s growth and make it harder to treat.,false,"This is an overgeneralization: the effect depends substantially on the cancer’s subtype and hormone-receptor status, and pregnancy does not universally make breast cancer harder to treat or require termination.",Pregnancy hormones will accelerate this individual's cancer and make it harder to treat.,undetermined,The effect depends on factors such as tumor subtype and hormone-receptor status; this cannot be determined from the question and is not true for every breast cancer.
nfp_1127,nfp,1->0,2,3,"[""we anticipate the baby will need to be delivered early to allow her to start treatment""]",True,Early delivery will be necessary to permit treatment of the mother's Hodgkin lymphoma.,false,"Chemotherapy for Hodgkin lymphoma can sometimes be administered during the second or third trimester, so early delivery is not inherently required; the need depends on the disease, regimen, and multidisciplinary medical plan.",The baby will need to be delivered early so that the mother can begin treatment.,undetermined,"Whether early delivery is medically necessary depends on the lymphoma, treatment options, gestational age, and specialist assessment; the question does not establish that necessity."
nfp_1130,nfp,1->0,1,1,"[""with careful monitoring and adjustments to her chemotherapy schedule, she can safely continue breastfeeding""]",True,A mother receiving chemotherapy for lymphoma can safely continue breastfeeding if her treatment is monitored and scheduled appropriately.,false,"Many chemotherapy drugs can enter breast milk and may be unsafe for an infant; safety depends on the specific drugs, doses, and timing, and breastfeeding is often contraindicated during cytotoxic chemotherapy.",This individual's chemotherapy regimen can be modified and monitored so that breastfeeding remains safe.,undetermined,"Safety depends heavily on the specific chemotherapy drugs, doses, timing, and clinical circumstances; many lymphoma chemotherapy agents are incompatible with breastfeeding."
nfp_1134,nfp,1->0,3,2,"[""recovered after steroid treatment""]",True,Recovery from primary CNS lymphoma can be established as resulting from steroid treatment alone.,false,"Steroids can rapidly reduce symptoms and tumor-associated swelling, but they generally do not constitute definitive treatment or establish recovery from primary CNS lymphoma.",The individual has recovered from CNS lymphoma as a result of steroid treatment.,undetermined,The question supports symptomatic improvement but does not establish recovery from the lymphoma itself; steroids alone are generally not considered definitive curative treatment.
nfp_1141,nfp,1->0,3,4,"[""we thought the surgery would take care of it""]",True,The family believed surgery would definitively resolve the tumor and prevent recurrence.,false,Surgery can be effective but does not guarantee cure or prevent recurrence in every inflammatory myofibroblastic tumor case.,The parent expected surgery to resolve the tumor.,supported,"This describes the parent's expectation, not a general claim that surgery always cures pulmonary inflammatory myofibroblastic tumors."
nfp_1147,nfp,1->1,2,1,"[""at this stage, it's mainly about palliative care and making him comfortable""]",True,Stage IV soft tissue sarcoma is generally limited mainly to palliative comfort-focused care rather than potentially disease-directed treatment.,false,"Stage IV sarcoma often requires palliative care, but active systemic, surgical, or radiation treatments may still be appropriate and can sometimes meaningfully control disease or prolong life.","For this individual, care at this stage is mainly focused on palliation and comfort rather than aggressive treatment.",undetermined,"This may be an appropriate individualized treatment decision, but the question does not provide enough clinical information to assess it."
