model,method,id,set,score
qwen,extract_verify,fpq_0,fpq,5
qwen,extract_verify,fpq_10,fpq,1
qwen,extract_verify,fpq_100,fpq,1
qwen,extract_verify,fpq_101,fpq,1
qwen,extract_verify,fpq_102,fpq,1
qwen,extract_verify,fpq_103,fpq,1
qwen,extract_verify,fpq_106,fpq,1
qwen,extract_verify,fpq_107,fpq,4
qwen,extract_verify,fpq_108,fpq,1
qwen,extract_verify,fpq_109,fpq,1
qwen,extract_verify,fpq_11,fpq,1
qwen,extract_verify,fpq_110,fpq,1
qwen,extract_verify,fpq_111,fpq,1
qwen,extract_verify,fpq_112,fpq,1
qwen,extract_verify,fpq_113,fpq,1
qwen,extract_verify,fpq_114,fpq,1
qwen,extract_verify,fpq_115,fpq,1
qwen,extract_verify,fpq_116,fpq,1
qwen,extract_verify,fpq_12,fpq,1
qwen,extract_verify,fpq_120,fpq,1
qwen,extract_verify,fpq_121,fpq,1
qwen,extract_verify,fpq_122,fpq,1
qwen,extract_verify,fpq_123,fpq,1
qwen,extract_verify,fpq_124,fpq,2
qwen,extract_verify,fpq_125,fpq,1
qwen,extract_verify,fpq_126,fpq,1
qwen,extract_verify,fpq_127,fpq,1
qwen,extract_verify,fpq_128,fpq,1
qwen,extract_verify,fpq_129,fpq,1
qwen,extract_verify,fpq_13,fpq,1
qwen,extract_verify,fpq_130,fpq,1
qwen,extract_verify,fpq_131,fpq,1
qwen,extract_verify,fpq_133,fpq,1
qwen,extract_verify,fpq_135,fpq,1
qwen,extract_verify,fpq_136,fpq,1
qwen,extract_verify,fpq_137,fpq,1
qwen,extract_verify,fpq_138,fpq,1
qwen,extract_verify,fpq_139,fpq,1
qwen,extract_verify,fpq_14,fpq,1
qwen,extract_verify,fpq_140,fpq,1
qwen,extract_verify,fpq_142,fpq,1
qwen,extract_verify,fpq_143,fpq,1
qwen,extract_verify,fpq_144,fpq,2
qwen,extract_verify,fpq_145,fpq,1
qwen,extract_verify,fpq_146,fpq,1
qwen,extract_verify,fpq_147,fpq,1
qwen,extract_verify,fpq_148,fpq,1
qwen,extract_verify,fpq_149,fpq,1
qwen,extract_verify,fpq_15,fpq,1
qwen,extract_verify,fpq_152,fpq,1
qwen,extract_verify,fpq_153,fpq,1
qwen,extract_verify,fpq_155,fpq,1
qwen,extract_verify,fpq_156,fpq,4
qwen,extract_verify,fpq_157,fpq,2
qwen,extract_verify,fpq_158,fpq,1
qwen,extract_verify,fpq_159,fpq,1
qwen,extract_verify,fpq_16,fpq,1
qwen,extract_verify,fpq_160,fpq,1
qwen,extract_verify,fpq_163,fpq,1
qwen,extract_verify,fpq_164,fpq,1
qwen,extract_verify,fpq_165,fpq,1
qwen,extract_verify,fpq_166,fpq,1
qwen,extract_verify,fpq_167,fpq,1
qwen,extract_verify,fpq_168,fpq,1
qwen,extract_verify,fpq_169,fpq,1
qwen,extract_verify,fpq_17,fpq,1
qwen,extract_verify,fpq_170,fpq,1
qwen,extract_verify,fpq_173,fpq,1
qwen,extract_verify,fpq_174,fpq,1
qwen,extract_verify,fpq_175,fpq,1
qwen,extract_verify,fpq_176,fpq,1
qwen,extract_verify,fpq_177,fpq,1
qwen,extract_verify,fpq_178,fpq,1
qwen,extract_verify,fpq_179,fpq,1
qwen,extract_verify,fpq_18,fpq,1
qwen,extract_verify,fpq_180,fpq,1
qwen,extract_verify,fpq_181,fpq,1
qwen,extract_verify,fpq_182,fpq,1
qwen,extract_verify,fpq_184,fpq,1
qwen,extract_verify,fpq_185,fpq,1
qwen,extract_verify,fpq_186,fpq,1
qwen,extract_verify,fpq_188,fpq,1
qwen,extract_verify,fpq_189,fpq,1
qwen,extract_verify,fpq_19,fpq,1
qwen,extract_verify,fpq_190,fpq,1
qwen,extract_verify,fpq_191,fpq,1
qwen,extract_verify,fpq_192,fpq,1
qwen,extract_verify,fpq_193,fpq,1
qwen,extract_verify,fpq_194,fpq,1
qwen,extract_verify,fpq_195,fpq,1
qwen,extract_verify,fpq_196,fpq,1
qwen,extract_verify,fpq_197,fpq,1
qwen,extract_verify,fpq_198,fpq,4
qwen,extract_verify,fpq_2,fpq,2
qwen,extract_verify,fpq_20,fpq,4
qwen,extract_verify,fpq_200,fpq,2
qwen,extract_verify,fpq_201,fpq,1
qwen,extract_verify,fpq_202,fpq,1
qwen,extract_verify,fpq_204,fpq,4
qwen,extract_verify,fpq_205,fpq,1
qwen,extract_verify,fpq_206,fpq,1
qwen,extract_verify,fpq_207,fpq,1
qwen,extract_verify,fpq_208,fpq,1
qwen,extract_verify,fpq_21,fpq,1
qwen,extract_verify,fpq_216,fpq,1
qwen,extract_verify,fpq_217,fpq,1
qwen,extract_verify,fpq_218,fpq,1
qwen,extract_verify,fpq_219,fpq,1
qwen,extract_verify,fpq_22,fpq,3
qwen,extract_verify,fpq_220,fpq,1
qwen,extract_verify,fpq_221,fpq,1
qwen,extract_verify,fpq_222,fpq,1
qwen,extract_verify,fpq_223,fpq,1
qwen,extract_verify,fpq_224,fpq,1
qwen,extract_verify,fpq_225,fpq,1
qwen,extract_verify,fpq_226,fpq,1
qwen,extract_verify,fpq_227,fpq,1
qwen,extract_verify,fpq_228,fpq,1
qwen,extract_verify,fpq_229,fpq,1
qwen,extract_verify,fpq_23,fpq,1
qwen,extract_verify,fpq_230,fpq,1
qwen,extract_verify,fpq_231,fpq,1
qwen,extract_verify,fpq_232,fpq,1
qwen,extract_verify,fpq_233,fpq,2
qwen,extract_verify,fpq_234,fpq,1
qwen,extract_verify,fpq_236,fpq,1
qwen,extract_verify,fpq_237,fpq,1
qwen,extract_verify,fpq_238,fpq,2
qwen,extract_verify,fpq_239,fpq,2
qwen,extract_verify,fpq_24,fpq,1
qwen,extract_verify,fpq_240,fpq,2
qwen,extract_verify,fpq_241,fpq,1
qwen,extract_verify,fpq_244,fpq,1
qwen,extract_verify,fpq_245,fpq,1
qwen,extract_verify,fpq_246,fpq,1
qwen,extract_verify,fpq_247,fpq,1
qwen,extract_verify,fpq_248,fpq,1
qwen,extract_verify,fpq_249,fpq,4
qwen,extract_verify,fpq_25,fpq,1
qwen,extract_verify,fpq_250,fpq,1
qwen,extract_verify,fpq_251,fpq,1
qwen,extract_verify,fpq_252,fpq,1
qwen,extract_verify,fpq_253,fpq,1
qwen,extract_verify,fpq_254,fpq,1
qwen,extract_verify,fpq_255,fpq,1
qwen,extract_verify,fpq_256,fpq,1
qwen,extract_verify,fpq_257,fpq,1
qwen,extract_verify,fpq_258,fpq,1
qwen,extract_verify,fpq_259,fpq,1
qwen,extract_verify,fpq_26,fpq,1
qwen,extract_verify,fpq_260,fpq,1
qwen,extract_verify,fpq_261,fpq,1
qwen,extract_verify,fpq_262,fpq,2
qwen,extract_verify,fpq_263,fpq,2
qwen,extract_verify,fpq_264,fpq,1
qwen,extract_verify,fpq_265,fpq,1
qwen,extract_verify,fpq_266,fpq,1
qwen,extract_verify,fpq_267,fpq,1
qwen,extract_verify,fpq_268,fpq,1
qwen,extract_verify,fpq_269,fpq,1
qwen,extract_verify,fpq_27,fpq,1
qwen,extract_verify,fpq_270,fpq,1
qwen,extract_verify,fpq_271,fpq,1
qwen,extract_verify,fpq_272,fpq,2
qwen,extract_verify,fpq_273,fpq,5
qwen,extract_verify,fpq_274,fpq,1
qwen,extract_verify,fpq_275,fpq,1
qwen,extract_verify,fpq_276,fpq,1
qwen,extract_verify,fpq_277,fpq,2
qwen,extract_verify,fpq_278,fpq,1
qwen,extract_verify,fpq_279,fpq,1
qwen,extract_verify,fpq_28,fpq,1
qwen,extract_verify,fpq_283,fpq,1
qwen,extract_verify,fpq_285,fpq,1
qwen,extract_verify,fpq_286,fpq,1
qwen,extract_verify,fpq_287,fpq,1
qwen,extract_verify,fpq_288,fpq,1
qwen,extract_verify,fpq_289,fpq,1
qwen,extract_verify,fpq_29,fpq,1
qwen,extract_verify,fpq_290,fpq,1
qwen,extract_verify,fpq_291,fpq,1
qwen,extract_verify,fpq_292,fpq,3
qwen,extract_verify,fpq_293,fpq,4
qwen,extract_verify,fpq_294,fpq,1
qwen,extract_verify,fpq_295,fpq,1
qwen,extract_verify,fpq_296,fpq,1
qwen,extract_verify,fpq_297,fpq,1
qwen,extract_verify,fpq_3,fpq,1
qwen,extract_verify,fpq_30,fpq,1
qwen,extract_verify,fpq_302,fpq,1
qwen,extract_verify,fpq_303,fpq,1
qwen,extract_verify,fpq_304,fpq,1
qwen,extract_verify,fpq_305,fpq,1
qwen,extract_verify,fpq_306,fpq,1
qwen,extract_verify,fpq_307,fpq,1
qwen,extract_verify,fpq_308,fpq,1
qwen,extract_verify,fpq_309,fpq,1
qwen,extract_verify,fpq_31,fpq,1
qwen,extract_verify,fpq_311,fpq,1
qwen,extract_verify,fpq_312,fpq,1
qwen,extract_verify,fpq_313,fpq,1
qwen,extract_verify,fpq_314,fpq,1
qwen,extract_verify,fpq_315,fpq,1
qwen,extract_verify,fpq_316,fpq,1
qwen,extract_verify,fpq_317,fpq,1
qwen,extract_verify,fpq_318,fpq,1
qwen,extract_verify,fpq_319,fpq,1
qwen,extract_verify,fpq_32,fpq,1
qwen,extract_verify,fpq_320,fpq,1
qwen,extract_verify,fpq_321,fpq,1
qwen,extract_verify,fpq_325,fpq,1
qwen,extract_verify,fpq_326,fpq,1
qwen,extract_verify,fpq_327,fpq,1
qwen,extract_verify,fpq_33,fpq,1
qwen,extract_verify,fpq_336,fpq,1
qwen,extract_verify,fpq_34,fpq,1
qwen,extract_verify,fpq_342,fpq,1
qwen,extract_verify,fpq_343,fpq,1
qwen,extract_verify,fpq_344,fpq,1
qwen,extract_verify,fpq_348,fpq,5
qwen,extract_verify,fpq_35,fpq,1
qwen,extract_verify,fpq_350,fpq,1
qwen,extract_verify,fpq_353,fpq,1
qwen,extract_verify,fpq_354,fpq,2
qwen,extract_verify,fpq_357,fpq,1
qwen,extract_verify,fpq_358,fpq,2
qwen,extract_verify,fpq_359,fpq,1
qwen,extract_verify,fpq_36,fpq,1
qwen,extract_verify,fpq_361,fpq,1
qwen,extract_verify,fpq_362,fpq,1
qwen,extract_verify,fpq_366,fpq,1
qwen,extract_verify,fpq_368,fpq,1
qwen,extract_verify,fpq_37,fpq,1
qwen,extract_verify,fpq_376,fpq,1
qwen,extract_verify,fpq_378,fpq,1
qwen,extract_verify,fpq_379,fpq,1
qwen,extract_verify,fpq_38,fpq,1
qwen,extract_verify,fpq_380,fpq,1
qwen,extract_verify,fpq_383,fpq,1
qwen,extract_verify,fpq_385,fpq,1
qwen,extract_verify,fpq_386,fpq,1
qwen,extract_verify,fpq_387,fpq,1
qwen,extract_verify,fpq_388,fpq,1
qwen,extract_verify,fpq_389,fpq,1
qwen,extract_verify,fpq_39,fpq,1
qwen,extract_verify,fpq_390,fpq,1
qwen,extract_verify,fpq_391,fpq,2
qwen,extract_verify,fpq_392,fpq,1
qwen,extract_verify,fpq_394,fpq,1
qwen,extract_verify,fpq_395,fpq,1
qwen,extract_verify,fpq_396,fpq,1
qwen,extract_verify,fpq_397,fpq,1
qwen,extract_verify,fpq_398,fpq,1
qwen,extract_verify,fpq_399,fpq,1
qwen,extract_verify,fpq_4,fpq,3
qwen,extract_verify,fpq_40,fpq,2
qwen,extract_verify,fpq_400,fpq,1
qwen,extract_verify,fpq_403,fpq,1
qwen,extract_verify,fpq_405,fpq,1
qwen,extract_verify,fpq_407,fpq,1
qwen,extract_verify,fpq_408,fpq,1
qwen,extract_verify,fpq_41,fpq,1
qwen,extract_verify,fpq_415,fpq,1
qwen,extract_verify,fpq_416,fpq,1
qwen,extract_verify,fpq_417,fpq,1
qwen,extract_verify,fpq_42,fpq,1
qwen,extract_verify,fpq_420,fpq,1
qwen,extract_verify,fpq_421,fpq,1
qwen,extract_verify,fpq_422,fpq,2
qwen,extract_verify,fpq_423,fpq,1
qwen,extract_verify,fpq_425,fpq,2
qwen,extract_verify,fpq_426,fpq,2
qwen,extract_verify,fpq_428,fpq,4
qwen,extract_verify,fpq_429,fpq,4
qwen,extract_verify,fpq_43,fpq,1
qwen,extract_verify,fpq_434,fpq,1
qwen,extract_verify,fpq_436,fpq,2
qwen,extract_verify,fpq_438,fpq,1
qwen,extract_verify,fpq_439,fpq,2
qwen,extract_verify,fpq_44,fpq,4
qwen,extract_verify,fpq_443,fpq,1
qwen,extract_verify,fpq_445,fpq,2
qwen,extract_verify,fpq_446,fpq,4
qwen,extract_verify,fpq_45,fpq,1
qwen,extract_verify,fpq_459,fpq,1
qwen,extract_verify,fpq_46,fpq,1
qwen,extract_verify,fpq_460,fpq,1
qwen,extract_verify,fpq_462,fpq,1
qwen,extract_verify,fpq_467,fpq,2
qwen,extract_verify,fpq_47,fpq,1
qwen,extract_verify,fpq_472,fpq,1
qwen,extract_verify,fpq_473,fpq,4
qwen,extract_verify,fpq_474,fpq,1
qwen,extract_verify,fpq_477,fpq,4
qwen,extract_verify,fpq_479,fpq,1
qwen,extract_verify,fpq_48,fpq,1
qwen,extract_verify,fpq_484,fpq,1
qwen,extract_verify,fpq_485,fpq,1
qwen,extract_verify,fpq_487,fpq,1
qwen,extract_verify,fpq_488,fpq,1
qwen,extract_verify,fpq_49,fpq,1
qwen,extract_verify,fpq_492,fpq,1
qwen,extract_verify,fpq_493,fpq,1
qwen,extract_verify,fpq_494,fpq,1
qwen,extract_verify,fpq_495,fpq,2
qwen,extract_verify,fpq_497,fpq,2
qwen,extract_verify,fpq_499,fpq,2
qwen,extract_verify,fpq_5,fpq,1
qwen,extract_verify,fpq_50,fpq,1
qwen,extract_verify,fpq_500,fpq,1
qwen,extract_verify,fpq_501,fpq,1
qwen,extract_verify,fpq_502,fpq,1
qwen,extract_verify,fpq_505,fpq,1
qwen,extract_verify,fpq_506,fpq,1
qwen,extract_verify,fpq_507,fpq,1
qwen,extract_verify,fpq_51,fpq,4
qwen,extract_verify,fpq_512,fpq,1
qwen,extract_verify,fpq_514,fpq,1
qwen,extract_verify,fpq_516,fpq,1
qwen,extract_verify,fpq_517,fpq,1
qwen,extract_verify,fpq_52,fpq,1
qwen,extract_verify,fpq_521,fpq,1
qwen,extract_verify,fpq_522,fpq,1
qwen,extract_verify,fpq_524,fpq,1
qwen,extract_verify,fpq_525,fpq,1
qwen,extract_verify,fpq_53,fpq,1
qwen,extract_verify,fpq_530,fpq,1
qwen,extract_verify,fpq_531,fpq,1
qwen,extract_verify,fpq_534,fpq,1
qwen,extract_verify,fpq_535,fpq,1
qwen,extract_verify,fpq_54,fpq,4
qwen,extract_verify,fpq_542,fpq,1
qwen,extract_verify,fpq_543,fpq,1
qwen,extract_verify,fpq_546,fpq,1
qwen,extract_verify,fpq_547,fpq,1
qwen,extract_verify,fpq_549,fpq,1
qwen,extract_verify,fpq_55,fpq,1
qwen,extract_verify,fpq_550,fpq,2
qwen,extract_verify,fpq_552,fpq,1
qwen,extract_verify,fpq_556,fpq,1
qwen,extract_verify,fpq_557,fpq,1
qwen,extract_verify,fpq_558,fpq,4
qwen,extract_verify,fpq_559,fpq,4
qwen,extract_verify,fpq_56,fpq,2
qwen,extract_verify,fpq_560,fpq,5
qwen,extract_verify,fpq_563,fpq,1
qwen,extract_verify,fpq_564,fpq,1
qwen,extract_verify,fpq_565,fpq,1
qwen,extract_verify,fpq_566,fpq,1
qwen,extract_verify,fpq_57,fpq,1
qwen,extract_verify,fpq_570,fpq,1
qwen,extract_verify,fpq_572,fpq,1
qwen,extract_verify,fpq_574,fpq,1
qwen,extract_verify,fpq_58,fpq,2
qwen,extract_verify,fpq_580,fpq,1
qwen,extract_verify,fpq_583,fpq,1
qwen,extract_verify,fpq_584,fpq,1
qwen,extract_verify,fpq_586,fpq,1
qwen,extract_verify,fpq_59,fpq,2
qwen,extract_verify,fpq_593,fpq,1
qwen,extract_verify,fpq_595,fpq,1
qwen,extract_verify,fpq_596,fpq,1
qwen,extract_verify,fpq_598,fpq,1
qwen,extract_verify,fpq_6,fpq,1
qwen,extract_verify,fpq_60,fpq,4
qwen,extract_verify,fpq_600,fpq,1
qwen,extract_verify,fpq_601,fpq,1
qwen,extract_verify,fpq_603,fpq,1
qwen,extract_verify,fpq_604,fpq,1
qwen,extract_verify,fpq_606,fpq,1
qwen,extract_verify,fpq_607,fpq,1
qwen,extract_verify,fpq_608,fpq,1
qwen,extract_verify,fpq_609,fpq,1
qwen,extract_verify,fpq_61,fpq,1
qwen,extract_verify,fpq_610,fpq,1
qwen,extract_verify,fpq_611,fpq,2
qwen,extract_verify,fpq_612,fpq,1
qwen,extract_verify,fpq_613,fpq,1
qwen,extract_verify,fpq_614,fpq,5
qwen,extract_verify,fpq_615,fpq,1
qwen,extract_verify,fpq_616,fpq,2
qwen,extract_verify,fpq_617,fpq,1
qwen,extract_verify,fpq_618,fpq,1
qwen,extract_verify,fpq_619,fpq,1
qwen,extract_verify,fpq_62,fpq,1
qwen,extract_verify,fpq_620,fpq,1
qwen,extract_verify,fpq_621,fpq,1
qwen,extract_verify,fpq_622,fpq,1
qwen,extract_verify,fpq_623,fpq,1
qwen,extract_verify,fpq_624,fpq,1
qwen,extract_verify,fpq_625,fpq,4
qwen,extract_verify,fpq_626,fpq,1
qwen,extract_verify,fpq_628,fpq,1
qwen,extract_verify,fpq_629,fpq,1
qwen,extract_verify,fpq_63,fpq,4
qwen,extract_verify,fpq_630,fpq,1
qwen,extract_verify,fpq_631,fpq,1
qwen,extract_verify,fpq_632,fpq,1
qwen,extract_verify,fpq_633,fpq,1
qwen,extract_verify,fpq_634,fpq,1
qwen,extract_verify,fpq_635,fpq,1
qwen,extract_verify,fpq_636,fpq,1
qwen,extract_verify,fpq_638,fpq,1
qwen,extract_verify,fpq_639,fpq,1
qwen,extract_verify,fpq_64,fpq,1
qwen,extract_verify,fpq_640,fpq,1
qwen,extract_verify,fpq_641,fpq,1
qwen,extract_verify,fpq_643,fpq,1
qwen,extract_verify,fpq_644,fpq,1
qwen,extract_verify,fpq_645,fpq,2
qwen,extract_verify,fpq_646,fpq,1
qwen,extract_verify,fpq_647,fpq,1
qwen,extract_verify,fpq_649,fpq,1
qwen,extract_verify,fpq_65,fpq,1
qwen,extract_verify,fpq_650,fpq,1
qwen,extract_verify,fpq_652,fpq,1
qwen,extract_verify,fpq_653,fpq,1
qwen,extract_verify,fpq_654,fpq,1
qwen,extract_verify,fpq_655,fpq,1
qwen,extract_verify,fpq_657,fpq,2
qwen,extract_verify,fpq_66,fpq,1
qwen,extract_verify,fpq_661,fpq,1
qwen,extract_verify,fpq_662,fpq,1
qwen,extract_verify,fpq_663,fpq,1
qwen,extract_verify,fpq_666,fpq,1
qwen,extract_verify,fpq_669,fpq,1
qwen,extract_verify,fpq_671,fpq,1
qwen,extract_verify,fpq_675,fpq,1
qwen,extract_verify,fpq_676,fpq,1
qwen,extract_verify,fpq_677,fpq,1
qwen,extract_verify,fpq_678,fpq,1
qwen,extract_verify,fpq_68,fpq,1
qwen,extract_verify,fpq_682,fpq,1
qwen,extract_verify,fpq_685,fpq,2
qwen,extract_verify,fpq_687,fpq,1
qwen,extract_verify,fpq_689,fpq,1
qwen,extract_verify,fpq_69,fpq,1
qwen,extract_verify,fpq_690,fpq,1
qwen,extract_verify,fpq_691,fpq,2
qwen,extract_verify,fpq_692,fpq,1
qwen,extract_verify,fpq_694,fpq,1
qwen,extract_verify,fpq_695,fpq,1
qwen,extract_verify,fpq_696,fpq,1
qwen,extract_verify,fpq_697,fpq,4
qwen,extract_verify,fpq_699,fpq,1
qwen,extract_verify,fpq_7,fpq,4
qwen,extract_verify,fpq_70,fpq,1
qwen,extract_verify,fpq_702,fpq,1
qwen,extract_verify,fpq_703,fpq,4
qwen,extract_verify,fpq_704,fpq,1
qwen,extract_verify,fpq_705,fpq,1
qwen,extract_verify,fpq_706,fpq,4
qwen,extract_verify,fpq_71,fpq,1
qwen,extract_verify,fpq_712,fpq,1
qwen,extract_verify,fpq_713,fpq,1
qwen,extract_verify,fpq_72,fpq,1
qwen,extract_verify,fpq_721,fpq,1
qwen,extract_verify,fpq_722,fpq,1
qwen,extract_verify,fpq_723,fpq,1
qwen,extract_verify,fpq_724,fpq,1
qwen,extract_verify,fpq_725,fpq,1
qwen,extract_verify,fpq_726,fpq,1
qwen,extract_verify,fpq_727,fpq,2
qwen,extract_verify,fpq_728,fpq,4
qwen,extract_verify,fpq_729,fpq,1
qwen,extract_verify,fpq_73,fpq,1
qwen,extract_verify,fpq_730,fpq,1
qwen,extract_verify,fpq_735,fpq,1
qwen,extract_verify,fpq_736,fpq,1
qwen,extract_verify,fpq_738,fpq,1
qwen,extract_verify,fpq_739,fpq,1
qwen,extract_verify,fpq_74,fpq,1
qwen,extract_verify,fpq_740,fpq,2
qwen,extract_verify,fpq_741,fpq,1
qwen,extract_verify,fpq_743,fpq,1
qwen,extract_verify,fpq_744,fpq,2
qwen,extract_verify,fpq_745,fpq,2
qwen,extract_verify,fpq_746,fpq,2
qwen,extract_verify,fpq_747,fpq,1
qwen,extract_verify,fpq_749,fpq,1
qwen,extract_verify,fpq_75,fpq,1
qwen,extract_verify,fpq_750,fpq,1
qwen,extract_verify,fpq_751,fpq,4
qwen,extract_verify,fpq_753,fpq,1
qwen,extract_verify,fpq_754,fpq,1
qwen,extract_verify,fpq_755,fpq,2
qwen,extract_verify,fpq_76,fpq,1
qwen,extract_verify,fpq_761,fpq,2
qwen,extract_verify,fpq_762,fpq,1
qwen,extract_verify,fpq_763,fpq,1
qwen,extract_verify,fpq_764,fpq,1
qwen,extract_verify,fpq_77,fpq,1
qwen,extract_verify,fpq_771,fpq,1
qwen,extract_verify,fpq_772,fpq,1
qwen,extract_verify,fpq_773,fpq,1
qwen,extract_verify,fpq_774,fpq,1
qwen,extract_verify,fpq_775,fpq,1
qwen,extract_verify,fpq_776,fpq,2
qwen,extract_verify,fpq_777,fpq,1
qwen,extract_verify,fpq_778,fpq,1
qwen,extract_verify,fpq_78,fpq,1
qwen,extract_verify,fpq_780,fpq,1
qwen,extract_verify,fpq_781,fpq,1
qwen,extract_verify,fpq_789,fpq,1
qwen,extract_verify,fpq_794,fpq,1
qwen,extract_verify,fpq_797,fpq,2
qwen,extract_verify,fpq_798,fpq,2
qwen,extract_verify,fpq_799,fpq,1
qwen,extract_verify,fpq_8,fpq,1
qwen,extract_verify,fpq_80,fpq,1
qwen,extract_verify,fpq_801,fpq,1
qwen,extract_verify,fpq_802,fpq,1
qwen,extract_verify,fpq_804,fpq,1
qwen,extract_verify,fpq_805,fpq,1
qwen,extract_verify,fpq_806,fpq,1
qwen,extract_verify,fpq_807,fpq,1
qwen,extract_verify,fpq_808,fpq,1
qwen,extract_verify,fpq_81,fpq,1
qwen,extract_verify,fpq_813,fpq,2
qwen,extract_verify,fpq_814,fpq,1
qwen,extract_verify,fpq_817,fpq,1
qwen,extract_verify,fpq_818,fpq,1
qwen,extract_verify,fpq_82,fpq,1
qwen,extract_verify,fpq_820,fpq,1
qwen,extract_verify,fpq_823,fpq,1
qwen,extract_verify,fpq_824,fpq,2
qwen,extract_verify,fpq_827,fpq,1
qwen,extract_verify,fpq_828,fpq,1
qwen,extract_verify,fpq_829,fpq,1
qwen,extract_verify,fpq_830,fpq,1
qwen,extract_verify,fpq_832,fpq,1
qwen,extract_verify,fpq_833,fpq,1
qwen,extract_verify,fpq_834,fpq,1
qwen,extract_verify,fpq_835,fpq,1
qwen,extract_verify,fpq_836,fpq,1
qwen,extract_verify,fpq_837,fpq,1
qwen,extract_verify,fpq_838,fpq,2
qwen,extract_verify,fpq_839,fpq,2
qwen,extract_verify,fpq_84,fpq,1
qwen,extract_verify,fpq_840,fpq,1
qwen,extract_verify,fpq_844,fpq,4
qwen,extract_verify,fpq_846,fpq,1
qwen,extract_verify,fpq_847,fpq,2
qwen,extract_verify,fpq_848,fpq,1
qwen,extract_verify,fpq_849,fpq,1
qwen,extract_verify,fpq_85,fpq,1
qwen,extract_verify,fpq_850,fpq,1
qwen,extract_verify,fpq_851,fpq,1
qwen,extract_verify,fpq_852,fpq,1
qwen,extract_verify,fpq_854,fpq,1
qwen,extract_verify,fpq_855,fpq,1
qwen,extract_verify,fpq_858,fpq,3
qwen,extract_verify,fpq_859,fpq,1
qwen,extract_verify,fpq_860,fpq,1
qwen,extract_verify,fpq_861,fpq,2
qwen,extract_verify,fpq_862,fpq,2
qwen,extract_verify,fpq_863,fpq,1
qwen,extract_verify,fpq_864,fpq,1
qwen,extract_verify,fpq_865,fpq,2
qwen,extract_verify,fpq_866,fpq,1
qwen,extract_verify,fpq_869,fpq,3
qwen,extract_verify,fpq_87,fpq,1
qwen,extract_verify,fpq_870,fpq,1
qwen,extract_verify,fpq_871,fpq,1
qwen,extract_verify,fpq_872,fpq,1
qwen,extract_verify,fpq_88,fpq,2
qwen,extract_verify,fpq_89,fpq,1
qwen,extract_verify,fpq_9,fpq,4
qwen,extract_verify,fpq_90,fpq,1
qwen,extract_verify,fpq_91,fpq,1
qwen,extract_verify,fpq_92,fpq,1
qwen,extract_verify,fpq_94,fpq,1
qwen,extract_verify,fpq_95,fpq,1
qwen,extract_verify,fpq_96,fpq,1
qwen,extract_verify,fpq_97,fpq,1
qwen,extract_verify,fpq_98,fpq,1
qwen,extract_verify,fpq_99,fpq,2
qwen,extract_verify,nfp_1000,nfp,4
qwen,extract_verify,nfp_1001,nfp,5
qwen,extract_verify,nfp_1002,nfp,5
qwen,extract_verify,nfp_1003,nfp,5
qwen,extract_verify,nfp_1004,nfp,4
qwen,extract_verify,nfp_1005,nfp,5
qwen,extract_verify,nfp_1006,nfp,5
qwen,extract_verify,nfp_1008,nfp,5
qwen,extract_verify,nfp_1009,nfp,1
qwen,extract_verify,nfp_1010,nfp,5
qwen,extract_verify,nfp_1011,nfp,4
qwen,extract_verify,nfp_1012,nfp,5
qwen,extract_verify,nfp_1013,nfp,4
qwen,extract_verify,nfp_1014,nfp,5
qwen,extract_verify,nfp_1015,nfp,5
qwen,extract_verify,nfp_1016,nfp,4
qwen,extract_verify,nfp_1017,nfp,5
qwen,extract_verify,nfp_1018,nfp,5
qwen,extract_verify,nfp_1019,nfp,5
qwen,extract_verify,nfp_1020,nfp,4
qwen,extract_verify,nfp_1021,nfp,5
qwen,extract_verify,nfp_1022,nfp,4
qwen,extract_verify,nfp_1023,nfp,5
qwen,extract_verify,nfp_1024,nfp,5
qwen,extract_verify,nfp_1025,nfp,4
qwen,extract_verify,nfp_1026,nfp,5
qwen,extract_verify,nfp_1027,nfp,5
qwen,extract_verify,nfp_1028,nfp,5
qwen,extract_verify,nfp_1029,nfp,5
qwen,extract_verify,nfp_1030,nfp,5
qwen,extract_verify,nfp_1031,nfp,5
qwen,extract_verify,nfp_1032,nfp,5
qwen,extract_verify,nfp_1033,nfp,4
qwen,extract_verify,nfp_1034,nfp,5
qwen,extract_verify,nfp_1035,nfp,5
qwen,extract_verify,nfp_1036,nfp,5
qwen,extract_verify,nfp_1037,nfp,5
qwen,extract_verify,nfp_1038,nfp,5
qwen,extract_verify,nfp_1039,nfp,5
qwen,extract_verify,nfp_1040,nfp,5
qwen,extract_verify,nfp_1041,nfp,5
qwen,extract_verify,nfp_1042,nfp,5
qwen,extract_verify,nfp_1043,nfp,5
qwen,extract_verify,nfp_1044,nfp,5
qwen,extract_verify,nfp_1045,nfp,5
qwen,extract_verify,nfp_1046,nfp,4
qwen,extract_verify,nfp_1047,nfp,5
qwen,extract_verify,nfp_1048,nfp,5
qwen,extract_verify,nfp_1049,nfp,5
qwen,extract_verify,nfp_1050,nfp,4
qwen,extract_verify,nfp_1051,nfp,5
qwen,extract_verify,nfp_1052,nfp,5
qwen,extract_verify,nfp_1053,nfp,5
qwen,extract_verify,nfp_1054,nfp,5
qwen,extract_verify,nfp_1055,nfp,5
qwen,extract_verify,nfp_1056,nfp,5
qwen,extract_verify,nfp_1057,nfp,5
qwen,extract_verify,nfp_1058,nfp,5
qwen,extract_verify,nfp_1059,nfp,4
qwen,extract_verify,nfp_1060,nfp,5
qwen,extract_verify,nfp_1061,nfp,5
qwen,extract_verify,nfp_1062,nfp,4
qwen,extract_verify,nfp_1063,nfp,5
qwen,extract_verify,nfp_1064,nfp,4
qwen,extract_verify,nfp_1065,nfp,5
qwen,extract_verify,nfp_1066,nfp,4
qwen,extract_verify,nfp_1067,nfp,5
qwen,extract_verify,nfp_1068,nfp,5
qwen,extract_verify,nfp_1069,nfp,5
qwen,extract_verify,nfp_1070,nfp,5
qwen,extract_verify,nfp_1071,nfp,5
qwen,extract_verify,nfp_1072,nfp,5
qwen,extract_verify,nfp_1073,nfp,5
qwen,extract_verify,nfp_1074,nfp,5
qwen,extract_verify,nfp_1075,nfp,5
qwen,extract_verify,nfp_1076,nfp,5
qwen,extract_verify,nfp_1077,nfp,5
qwen,extract_verify,nfp_1078,nfp,5
qwen,extract_verify,nfp_1079,nfp,5
qwen,extract_verify,nfp_1080,nfp,5
qwen,extract_verify,nfp_1081,nfp,5
qwen,extract_verify,nfp_1082,nfp,5
qwen,extract_verify,nfp_1083,nfp,4
qwen,extract_verify,nfp_1084,nfp,4
qwen,extract_verify,nfp_1085,nfp,5
qwen,extract_verify,nfp_1086,nfp,5
qwen,extract_verify,nfp_1087,nfp,5
qwen,extract_verify,nfp_1088,nfp,5
qwen,extract_verify,nfp_1089,nfp,5
qwen,extract_verify,nfp_1090,nfp,5
qwen,extract_verify,nfp_1091,nfp,5
qwen,extract_verify,nfp_1092,nfp,4
qwen,extract_verify,nfp_1093,nfp,5
qwen,extract_verify,nfp_1094,nfp,5
qwen,extract_verify,nfp_1095,nfp,5
qwen,extract_verify,nfp_1096,nfp,5
qwen,extract_verify,nfp_1097,nfp,4
qwen,extract_verify,nfp_1098,nfp,5
qwen,extract_verify,nfp_1099,nfp,5
qwen,extract_verify,nfp_1100,nfp,5
qwen,extract_verify,nfp_1101,nfp,5
qwen,extract_verify,nfp_1102,nfp,5
qwen,extract_verify,nfp_1103,nfp,5
qwen,extract_verify,nfp_1104,nfp,5
qwen,extract_verify,nfp_1105,nfp,5
qwen,extract_verify,nfp_1106,nfp,5
qwen,extract_verify,nfp_1107,nfp,5
qwen,extract_verify,nfp_1108,nfp,4
qwen,extract_verify,nfp_1109,nfp,5
qwen,extract_verify,nfp_1110,nfp,4
qwen,extract_verify,nfp_1111,nfp,4
qwen,extract_verify,nfp_1112,nfp,5
qwen,extract_verify,nfp_1113,nfp,5
qwen,extract_verify,nfp_1114,nfp,5
qwen,extract_verify,nfp_1115,nfp,4
qwen,extract_verify,nfp_1116,nfp,5
qwen,extract_verify,nfp_1118,nfp,5
qwen,extract_verify,nfp_1119,nfp,4
qwen,extract_verify,nfp_1120,nfp,5
qwen,extract_verify,nfp_1121,nfp,5
qwen,extract_verify,nfp_1122,nfp,5
qwen,extract_verify,nfp_1123,nfp,5
qwen,extract_verify,nfp_1124,nfp,5
qwen,extract_verify,nfp_1125,nfp,4
qwen,extract_verify,nfp_1126,nfp,5
qwen,extract_verify,nfp_1127,nfp,5
qwen,extract_verify,nfp_1128,nfp,5
qwen,extract_verify,nfp_1129,nfp,5
qwen,extract_verify,nfp_1130,nfp,5
qwen,extract_verify,nfp_1131,nfp,5
qwen,extract_verify,nfp_1132,nfp,5
qwen,extract_verify,nfp_1133,nfp,5
qwen,extract_verify,nfp_1134,nfp,5
qwen,extract_verify,nfp_1135,nfp,5
qwen,extract_verify,nfp_1136,nfp,5
qwen,extract_verify,nfp_1137,nfp,4
qwen,extract_verify,nfp_1138,nfp,5
qwen,extract_verify,nfp_1139,nfp,4
qwen,extract_verify,nfp_1140,nfp,5
qwen,extract_verify,nfp_1141,nfp,5
qwen,extract_verify,nfp_1142,nfp,4
qwen,extract_verify,nfp_1143,nfp,5
qwen,extract_verify,nfp_1144,nfp,4
qwen,extract_verify,nfp_1145,nfp,4
qwen,extract_verify,nfp_1146,nfp,5
qwen,extract_verify,nfp_1147,nfp,5
qwen,extract_verify,nfp_1148,nfp,5
qwen,extract_verify,nfp_1149,nfp,4
qwen,fp_identification,fpq_0,fpq,2
qwen,fp_identification,fpq_10,fpq,1
qwen,fp_identification,fpq_100,fpq,1
qwen,fp_identification,fpq_101,fpq,1
qwen,fp_identification,fpq_102,fpq,1
qwen,fp_identification,fpq_103,fpq,1
qwen,fp_identification,fpq_105,fpq,1
qwen,fp_identification,fpq_106,fpq,1
qwen,fp_identification,fpq_107,fpq,1
qwen,fp_identification,fpq_108,fpq,1
qwen,fp_identification,fpq_109,fpq,1
qwen,fp_identification,fpq_11,fpq,1
qwen,fp_identification,fpq_110,fpq,1
qwen,fp_identification,fpq_111,fpq,1
qwen,fp_identification,fpq_112,fpq,1
qwen,fp_identification,fpq_113,fpq,1
qwen,fp_identification,fpq_114,fpq,1
qwen,fp_identification,fpq_115,fpq,1
qwen,fp_identification,fpq_116,fpq,1
qwen,fp_identification,fpq_12,fpq,1
qwen,fp_identification,fpq_120,fpq,1
qwen,fp_identification,fpq_121,fpq,1
qwen,fp_identification,fpq_122,fpq,1
qwen,fp_identification,fpq_123,fpq,1
qwen,fp_identification,fpq_124,fpq,4
qwen,fp_identification,fpq_125,fpq,1
qwen,fp_identification,fpq_126,fpq,1
qwen,fp_identification,fpq_127,fpq,2
qwen,fp_identification,fpq_128,fpq,1
qwen,fp_identification,fpq_129,fpq,1
qwen,fp_identification,fpq_13,fpq,1
qwen,fp_identification,fpq_130,fpq,1
qwen,fp_identification,fpq_131,fpq,1
qwen,fp_identification,fpq_133,fpq,1
qwen,fp_identification,fpq_134,fpq,1
qwen,fp_identification,fpq_135,fpq,1
qwen,fp_identification,fpq_136,fpq,2
qwen,fp_identification,fpq_137,fpq,1
qwen,fp_identification,fpq_138,fpq,1
qwen,fp_identification,fpq_139,fpq,1
qwen,fp_identification,fpq_14,fpq,1
qwen,fp_identification,fpq_140,fpq,1
qwen,fp_identification,fpq_141,fpq,1
qwen,fp_identification,fpq_142,fpq,4
qwen,fp_identification,fpq_143,fpq,1
qwen,fp_identification,fpq_144,fpq,1
qwen,fp_identification,fpq_145,fpq,1
qwen,fp_identification,fpq_146,fpq,1
qwen,fp_identification,fpq_147,fpq,1
qwen,fp_identification,fpq_148,fpq,1
qwen,fp_identification,fpq_149,fpq,1
qwen,fp_identification,fpq_15,fpq,1
qwen,fp_identification,fpq_152,fpq,1
qwen,fp_identification,fpq_153,fpq,1
qwen,fp_identification,fpq_155,fpq,1
qwen,fp_identification,fpq_156,fpq,2
qwen,fp_identification,fpq_157,fpq,1
qwen,fp_identification,fpq_158,fpq,1
qwen,fp_identification,fpq_159,fpq,1
qwen,fp_identification,fpq_16,fpq,1
qwen,fp_identification,fpq_160,fpq,1
qwen,fp_identification,fpq_163,fpq,1
qwen,fp_identification,fpq_164,fpq,1
qwen,fp_identification,fpq_165,fpq,1
qwen,fp_identification,fpq_166,fpq,1
qwen,fp_identification,fpq_167,fpq,1
qwen,fp_identification,fpq_168,fpq,1
qwen,fp_identification,fpq_169,fpq,1
qwen,fp_identification,fpq_17,fpq,1
qwen,fp_identification,fpq_170,fpq,1
qwen,fp_identification,fpq_173,fpq,1
qwen,fp_identification,fpq_174,fpq,1
qwen,fp_identification,fpq_175,fpq,1
qwen,fp_identification,fpq_176,fpq,1
qwen,fp_identification,fpq_177,fpq,1
qwen,fp_identification,fpq_178,fpq,3
qwen,fp_identification,fpq_179,fpq,1
qwen,fp_identification,fpq_18,fpq,1
qwen,fp_identification,fpq_180,fpq,1
qwen,fp_identification,fpq_181,fpq,1
qwen,fp_identification,fpq_182,fpq,1
qwen,fp_identification,fpq_184,fpq,1
qwen,fp_identification,fpq_185,fpq,1
qwen,fp_identification,fpq_186,fpq,1
qwen,fp_identification,fpq_188,fpq,1
qwen,fp_identification,fpq_189,fpq,1
qwen,fp_identification,fpq_19,fpq,2
qwen,fp_identification,fpq_190,fpq,1
qwen,fp_identification,fpq_191,fpq,1
qwen,fp_identification,fpq_192,fpq,1
qwen,fp_identification,fpq_193,fpq,1
qwen,fp_identification,fpq_194,fpq,1
qwen,fp_identification,fpq_195,fpq,1
qwen,fp_identification,fpq_196,fpq,1
qwen,fp_identification,fpq_197,fpq,1
qwen,fp_identification,fpq_198,fpq,1
qwen,fp_identification,fpq_2,fpq,2
qwen,fp_identification,fpq_20,fpq,2
qwen,fp_identification,fpq_200,fpq,1
qwen,fp_identification,fpq_201,fpq,1
qwen,fp_identification,fpq_202,fpq,2
qwen,fp_identification,fpq_204,fpq,1
qwen,fp_identification,fpq_205,fpq,1
qwen,fp_identification,fpq_206,fpq,1
qwen,fp_identification,fpq_207,fpq,1
qwen,fp_identification,fpq_208,fpq,1
qwen,fp_identification,fpq_21,fpq,1
qwen,fp_identification,fpq_216,fpq,1
qwen,fp_identification,fpq_217,fpq,1
qwen,fp_identification,fpq_218,fpq,1
qwen,fp_identification,fpq_219,fpq,1
qwen,fp_identification,fpq_22,fpq,4
qwen,fp_identification,fpq_220,fpq,1
qwen,fp_identification,fpq_221,fpq,1
qwen,fp_identification,fpq_222,fpq,1
qwen,fp_identification,fpq_223,fpq,1
qwen,fp_identification,fpq_224,fpq,1
qwen,fp_identification,fpq_225,fpq,1
qwen,fp_identification,fpq_226,fpq,1
qwen,fp_identification,fpq_227,fpq,1
qwen,fp_identification,fpq_228,fpq,1
qwen,fp_identification,fpq_229,fpq,1
qwen,fp_identification,fpq_23,fpq,1
qwen,fp_identification,fpq_230,fpq,1
qwen,fp_identification,fpq_231,fpq,1
qwen,fp_identification,fpq_232,fpq,1
qwen,fp_identification,fpq_233,fpq,1
qwen,fp_identification,fpq_234,fpq,1
qwen,fp_identification,fpq_236,fpq,1
qwen,fp_identification,fpq_237,fpq,1
qwen,fp_identification,fpq_238,fpq,1
qwen,fp_identification,fpq_239,fpq,2
qwen,fp_identification,fpq_24,fpq,1
qwen,fp_identification,fpq_240,fpq,5
qwen,fp_identification,fpq_241,fpq,1
qwen,fp_identification,fpq_244,fpq,1
qwen,fp_identification,fpq_245,fpq,1
qwen,fp_identification,fpq_246,fpq,1
qwen,fp_identification,fpq_247,fpq,1
qwen,fp_identification,fpq_248,fpq,1
qwen,fp_identification,fpq_249,fpq,4
qwen,fp_identification,fpq_25,fpq,1
qwen,fp_identification,fpq_250,fpq,1
qwen,fp_identification,fpq_251,fpq,1
qwen,fp_identification,fpq_252,fpq,2
qwen,fp_identification,fpq_253,fpq,1
qwen,fp_identification,fpq_254,fpq,1
qwen,fp_identification,fpq_255,fpq,1
qwen,fp_identification,fpq_256,fpq,1
qwen,fp_identification,fpq_257,fpq,1
qwen,fp_identification,fpq_258,fpq,2
qwen,fp_identification,fpq_259,fpq,1
qwen,fp_identification,fpq_26,fpq,1
qwen,fp_identification,fpq_260,fpq,1
qwen,fp_identification,fpq_261,fpq,1
qwen,fp_identification,fpq_262,fpq,1
qwen,fp_identification,fpq_263,fpq,2
qwen,fp_identification,fpq_264,fpq,1
qwen,fp_identification,fpq_265,fpq,1
qwen,fp_identification,fpq_266,fpq,1
qwen,fp_identification,fpq_267,fpq,1
qwen,fp_identification,fpq_268,fpq,3
qwen,fp_identification,fpq_269,fpq,4
qwen,fp_identification,fpq_27,fpq,1
qwen,fp_identification,fpq_270,fpq,4
qwen,fp_identification,fpq_271,fpq,1
qwen,fp_identification,fpq_272,fpq,2
qwen,fp_identification,fpq_273,fpq,1
qwen,fp_identification,fpq_274,fpq,1
qwen,fp_identification,fpq_275,fpq,1
qwen,fp_identification,fpq_276,fpq,1
qwen,fp_identification,fpq_277,fpq,1
qwen,fp_identification,fpq_278,fpq,1
qwen,fp_identification,fpq_279,fpq,5
qwen,fp_identification,fpq_28,fpq,1
qwen,fp_identification,fpq_283,fpq,1
qwen,fp_identification,fpq_285,fpq,1
qwen,fp_identification,fpq_286,fpq,1
qwen,fp_identification,fpq_287,fpq,1
qwen,fp_identification,fpq_288,fpq,1
qwen,fp_identification,fpq_289,fpq,1
qwen,fp_identification,fpq_29,fpq,1
qwen,fp_identification,fpq_290,fpq,1
qwen,fp_identification,fpq_291,fpq,1
qwen,fp_identification,fpq_292,fpq,1
qwen,fp_identification,fpq_293,fpq,2
qwen,fp_identification,fpq_294,fpq,1
qwen,fp_identification,fpq_295,fpq,1
qwen,fp_identification,fpq_296,fpq,1
qwen,fp_identification,fpq_297,fpq,1
qwen,fp_identification,fpq_3,fpq,1
qwen,fp_identification,fpq_30,fpq,1
qwen,fp_identification,fpq_302,fpq,1
qwen,fp_identification,fpq_303,fpq,1
qwen,fp_identification,fpq_304,fpq,1
qwen,fp_identification,fpq_305,fpq,1
qwen,fp_identification,fpq_306,fpq,1
qwen,fp_identification,fpq_307,fpq,1
qwen,fp_identification,fpq_308,fpq,1
qwen,fp_identification,fpq_309,fpq,1
qwen,fp_identification,fpq_31,fpq,1
qwen,fp_identification,fpq_311,fpq,1
qwen,fp_identification,fpq_312,fpq,1
qwen,fp_identification,fpq_313,fpq,1
qwen,fp_identification,fpq_314,fpq,1
qwen,fp_identification,fpq_315,fpq,1
qwen,fp_identification,fpq_316,fpq,1
qwen,fp_identification,fpq_317,fpq,1
qwen,fp_identification,fpq_318,fpq,1
qwen,fp_identification,fpq_319,fpq,1
qwen,fp_identification,fpq_32,fpq,1
qwen,fp_identification,fpq_320,fpq,1
qwen,fp_identification,fpq_321,fpq,1
qwen,fp_identification,fpq_325,fpq,1
qwen,fp_identification,fpq_326,fpq,1
qwen,fp_identification,fpq_327,fpq,1
qwen,fp_identification,fpq_33,fpq,1
qwen,fp_identification,fpq_336,fpq,4
qwen,fp_identification,fpq_34,fpq,1
qwen,fp_identification,fpq_342,fpq,1
qwen,fp_identification,fpq_343,fpq,1
qwen,fp_identification,fpq_344,fpq,1
qwen,fp_identification,fpq_348,fpq,1
qwen,fp_identification,fpq_35,fpq,1
qwen,fp_identification,fpq_350,fpq,2
qwen,fp_identification,fpq_353,fpq,2
qwen,fp_identification,fpq_354,fpq,1
qwen,fp_identification,fpq_357,fpq,5
qwen,fp_identification,fpq_358,fpq,1
qwen,fp_identification,fpq_359,fpq,1
qwen,fp_identification,fpq_36,fpq,1
qwen,fp_identification,fpq_361,fpq,1
qwen,fp_identification,fpq_362,fpq,4
qwen,fp_identification,fpq_366,fpq,1
qwen,fp_identification,fpq_368,fpq,1
qwen,fp_identification,fpq_37,fpq,1
qwen,fp_identification,fpq_376,fpq,1
qwen,fp_identification,fpq_378,fpq,1
qwen,fp_identification,fpq_379,fpq,2
qwen,fp_identification,fpq_38,fpq,2
qwen,fp_identification,fpq_380,fpq,1
qwen,fp_identification,fpq_383,fpq,1
qwen,fp_identification,fpq_385,fpq,1
qwen,fp_identification,fpq_386,fpq,1
qwen,fp_identification,fpq_387,fpq,1
qwen,fp_identification,fpq_388,fpq,1
qwen,fp_identification,fpq_39,fpq,1
qwen,fp_identification,fpq_390,fpq,1
qwen,fp_identification,fpq_391,fpq,1
qwen,fp_identification,fpq_392,fpq,1
qwen,fp_identification,fpq_394,fpq,1
qwen,fp_identification,fpq_395,fpq,1
qwen,fp_identification,fpq_396,fpq,1
qwen,fp_identification,fpq_397,fpq,2
qwen,fp_identification,fpq_398,fpq,1
qwen,fp_identification,fpq_399,fpq,1
qwen,fp_identification,fpq_4,fpq,1
qwen,fp_identification,fpq_40,fpq,1
qwen,fp_identification,fpq_400,fpq,1
qwen,fp_identification,fpq_403,fpq,1
qwen,fp_identification,fpq_405,fpq,1
qwen,fp_identification,fpq_407,fpq,1
qwen,fp_identification,fpq_408,fpq,1
qwen,fp_identification,fpq_41,fpq,1
qwen,fp_identification,fpq_415,fpq,1
qwen,fp_identification,fpq_416,fpq,1
qwen,fp_identification,fpq_417,fpq,1
qwen,fp_identification,fpq_42,fpq,2
qwen,fp_identification,fpq_420,fpq,1
qwen,fp_identification,fpq_421,fpq,1
qwen,fp_identification,fpq_422,fpq,1
qwen,fp_identification,fpq_423,fpq,2
qwen,fp_identification,fpq_425,fpq,2
qwen,fp_identification,fpq_426,fpq,4
qwen,fp_identification,fpq_428,fpq,1
qwen,fp_identification,fpq_429,fpq,2
qwen,fp_identification,fpq_43,fpq,1
qwen,fp_identification,fpq_434,fpq,1
qwen,fp_identification,fpq_436,fpq,4
qwen,fp_identification,fpq_438,fpq,1
qwen,fp_identification,fpq_439,fpq,1
qwen,fp_identification,fpq_44,fpq,1
qwen,fp_identification,fpq_443,fpq,1
qwen,fp_identification,fpq_445,fpq,4
qwen,fp_identification,fpq_446,fpq,1
qwen,fp_identification,fpq_45,fpq,1
qwen,fp_identification,fpq_459,fpq,1
qwen,fp_identification,fpq_46,fpq,4
qwen,fp_identification,fpq_460,fpq,1
qwen,fp_identification,fpq_462,fpq,1
qwen,fp_identification,fpq_467,fpq,1
qwen,fp_identification,fpq_47,fpq,1
qwen,fp_identification,fpq_472,fpq,1
qwen,fp_identification,fpq_473,fpq,1
qwen,fp_identification,fpq_474,fpq,1
qwen,fp_identification,fpq_477,fpq,1
qwen,fp_identification,fpq_479,fpq,1
qwen,fp_identification,fpq_48,fpq,1
qwen,fp_identification,fpq_484,fpq,1
qwen,fp_identification,fpq_485,fpq,2
qwen,fp_identification,fpq_487,fpq,2
qwen,fp_identification,fpq_488,fpq,1
qwen,fp_identification,fpq_49,fpq,1
qwen,fp_identification,fpq_492,fpq,1
qwen,fp_identification,fpq_493,fpq,2
qwen,fp_identification,fpq_494,fpq,5
qwen,fp_identification,fpq_495,fpq,4
qwen,fp_identification,fpq_497,fpq,1
qwen,fp_identification,fpq_499,fpq,1
qwen,fp_identification,fpq_5,fpq,1
qwen,fp_identification,fpq_50,fpq,2
qwen,fp_identification,fpq_500,fpq,1
qwen,fp_identification,fpq_501,fpq,1
qwen,fp_identification,fpq_502,fpq,1
qwen,fp_identification,fpq_505,fpq,1
qwen,fp_identification,fpq_506,fpq,4
qwen,fp_identification,fpq_507,fpq,1
qwen,fp_identification,fpq_51,fpq,2
qwen,fp_identification,fpq_512,fpq,1
qwen,fp_identification,fpq_514,fpq,1
qwen,fp_identification,fpq_516,fpq,2
qwen,fp_identification,fpq_517,fpq,1
qwen,fp_identification,fpq_52,fpq,1
qwen,fp_identification,fpq_521,fpq,1
qwen,fp_identification,fpq_522,fpq,1
qwen,fp_identification,fpq_524,fpq,1
qwen,fp_identification,fpq_525,fpq,1
qwen,fp_identification,fpq_53,fpq,1
qwen,fp_identification,fpq_530,fpq,1
qwen,fp_identification,fpq_531,fpq,2
qwen,fp_identification,fpq_534,fpq,1
qwen,fp_identification,fpq_535,fpq,1
qwen,fp_identification,fpq_54,fpq,1
qwen,fp_identification,fpq_542,fpq,1
qwen,fp_identification,fpq_543,fpq,1
qwen,fp_identification,fpq_546,fpq,2
qwen,fp_identification,fpq_547,fpq,1
qwen,fp_identification,fpq_549,fpq,1
qwen,fp_identification,fpq_55,fpq,1
qwen,fp_identification,fpq_550,fpq,1
qwen,fp_identification,fpq_552,fpq,1
qwen,fp_identification,fpq_556,fpq,1
qwen,fp_identification,fpq_557,fpq,2
qwen,fp_identification,fpq_558,fpq,4
qwen,fp_identification,fpq_559,fpq,2
qwen,fp_identification,fpq_56,fpq,2
qwen,fp_identification,fpq_560,fpq,5
qwen,fp_identification,fpq_563,fpq,1
qwen,fp_identification,fpq_564,fpq,1
qwen,fp_identification,fpq_565,fpq,1
qwen,fp_identification,fpq_566,fpq,1
qwen,fp_identification,fpq_57,fpq,1
qwen,fp_identification,fpq_570,fpq,2
qwen,fp_identification,fpq_572,fpq,1
qwen,fp_identification,fpq_574,fpq,1
qwen,fp_identification,fpq_58,fpq,1
qwen,fp_identification,fpq_580,fpq,1
qwen,fp_identification,fpq_583,fpq,1
qwen,fp_identification,fpq_584,fpq,1
qwen,fp_identification,fpq_586,fpq,1
qwen,fp_identification,fpq_59,fpq,5
qwen,fp_identification,fpq_593,fpq,1
qwen,fp_identification,fpq_595,fpq,1
qwen,fp_identification,fpq_596,fpq,1
qwen,fp_identification,fpq_598,fpq,1
qwen,fp_identification,fpq_6,fpq,1
qwen,fp_identification,fpq_60,fpq,1
qwen,fp_identification,fpq_600,fpq,5
qwen,fp_identification,fpq_601,fpq,1
qwen,fp_identification,fpq_603,fpq,2
qwen,fp_identification,fpq_604,fpq,1
qwen,fp_identification,fpq_606,fpq,1
qwen,fp_identification,fpq_607,fpq,1
qwen,fp_identification,fpq_608,fpq,1
qwen,fp_identification,fpq_609,fpq,1
qwen,fp_identification,fpq_61,fpq,1
qwen,fp_identification,fpq_610,fpq,2
qwen,fp_identification,fpq_611,fpq,3
qwen,fp_identification,fpq_612,fpq,1
qwen,fp_identification,fpq_613,fpq,1
qwen,fp_identification,fpq_614,fpq,5
qwen,fp_identification,fpq_615,fpq,1
qwen,fp_identification,fpq_616,fpq,2
qwen,fp_identification,fpq_617,fpq,1
qwen,fp_identification,fpq_618,fpq,1
qwen,fp_identification,fpq_619,fpq,2
qwen,fp_identification,fpq_62,fpq,4
qwen,fp_identification,fpq_620,fpq,2
qwen,fp_identification,fpq_621,fpq,1
qwen,fp_identification,fpq_622,fpq,1
qwen,fp_identification,fpq_623,fpq,1
qwen,fp_identification,fpq_624,fpq,1
qwen,fp_identification,fpq_625,fpq,1
qwen,fp_identification,fpq_626,fpq,1
qwen,fp_identification,fpq_628,fpq,1
qwen,fp_identification,fpq_629,fpq,1
qwen,fp_identification,fpq_63,fpq,1
qwen,fp_identification,fpq_630,fpq,1
qwen,fp_identification,fpq_631,fpq,5
qwen,fp_identification,fpq_632,fpq,1
qwen,fp_identification,fpq_633,fpq,1
qwen,fp_identification,fpq_634,fpq,1
qwen,fp_identification,fpq_635,fpq,1
qwen,fp_identification,fpq_636,fpq,1
qwen,fp_identification,fpq_638,fpq,1
qwen,fp_identification,fpq_639,fpq,1
qwen,fp_identification,fpq_64,fpq,1
qwen,fp_identification,fpq_640,fpq,1
qwen,fp_identification,fpq_641,fpq,1
qwen,fp_identification,fpq_643,fpq,1
qwen,fp_identification,fpq_644,fpq,1
qwen,fp_identification,fpq_645,fpq,5
qwen,fp_identification,fpq_646,fpq,1
qwen,fp_identification,fpq_647,fpq,1
qwen,fp_identification,fpq_649,fpq,1
qwen,fp_identification,fpq_65,fpq,4
qwen,fp_identification,fpq_650,fpq,1
qwen,fp_identification,fpq_652,fpq,1
qwen,fp_identification,fpq_653,fpq,3
qwen,fp_identification,fpq_654,fpq,1
qwen,fp_identification,fpq_655,fpq,1
qwen,fp_identification,fpq_657,fpq,1
qwen,fp_identification,fpq_659,fpq,1
qwen,fp_identification,fpq_66,fpq,1
qwen,fp_identification,fpq_661,fpq,1
qwen,fp_identification,fpq_662,fpq,1
qwen,fp_identification,fpq_663,fpq,1
qwen,fp_identification,fpq_666,fpq,4
qwen,fp_identification,fpq_669,fpq,1
qwen,fp_identification,fpq_67,fpq,1
qwen,fp_identification,fpq_671,fpq,1
qwen,fp_identification,fpq_675,fpq,1
qwen,fp_identification,fpq_676,fpq,1
qwen,fp_identification,fpq_677,fpq,5
qwen,fp_identification,fpq_678,fpq,1
qwen,fp_identification,fpq_68,fpq,1
qwen,fp_identification,fpq_682,fpq,1
qwen,fp_identification,fpq_685,fpq,1
qwen,fp_identification,fpq_687,fpq,1
qwen,fp_identification,fpq_689,fpq,1
qwen,fp_identification,fpq_69,fpq,1
qwen,fp_identification,fpq_690,fpq,1
qwen,fp_identification,fpq_691,fpq,1
qwen,fp_identification,fpq_692,fpq,1
qwen,fp_identification,fpq_694,fpq,1
qwen,fp_identification,fpq_695,fpq,1
qwen,fp_identification,fpq_696,fpq,1
qwen,fp_identification,fpq_697,fpq,1
qwen,fp_identification,fpq_699,fpq,1
qwen,fp_identification,fpq_7,fpq,1
qwen,fp_identification,fpq_70,fpq,1
qwen,fp_identification,fpq_702,fpq,1
qwen,fp_identification,fpq_703,fpq,1
qwen,fp_identification,fpq_704,fpq,1
qwen,fp_identification,fpq_705,fpq,2
qwen,fp_identification,fpq_706,fpq,1
qwen,fp_identification,fpq_71,fpq,1
qwen,fp_identification,fpq_712,fpq,1
qwen,fp_identification,fpq_713,fpq,1
qwen,fp_identification,fpq_72,fpq,1
qwen,fp_identification,fpq_721,fpq,1
qwen,fp_identification,fpq_722,fpq,1
qwen,fp_identification,fpq_723,fpq,1
qwen,fp_identification,fpq_724,fpq,1
qwen,fp_identification,fpq_725,fpq,1
qwen,fp_identification,fpq_726,fpq,1
qwen,fp_identification,fpq_727,fpq,1
qwen,fp_identification,fpq_728,fpq,2
qwen,fp_identification,fpq_729,fpq,1
qwen,fp_identification,fpq_73,fpq,5
qwen,fp_identification,fpq_730,fpq,1
qwen,fp_identification,fpq_735,fpq,1
qwen,fp_identification,fpq_736,fpq,1
qwen,fp_identification,fpq_738,fpq,1
qwen,fp_identification,fpq_739,fpq,1
qwen,fp_identification,fpq_74,fpq,2
qwen,fp_identification,fpq_740,fpq,1
qwen,fp_identification,fpq_741,fpq,1
qwen,fp_identification,fpq_743,fpq,1
qwen,fp_identification,fpq_744,fpq,2
qwen,fp_identification,fpq_745,fpq,2
qwen,fp_identification,fpq_746,fpq,1
qwen,fp_identification,fpq_747,fpq,3
qwen,fp_identification,fpq_749,fpq,1
qwen,fp_identification,fpq_75,fpq,1
qwen,fp_identification,fpq_750,fpq,1
qwen,fp_identification,fpq_751,fpq,1
qwen,fp_identification,fpq_753,fpq,1
qwen,fp_identification,fpq_754,fpq,1
qwen,fp_identification,fpq_755,fpq,4
qwen,fp_identification,fpq_76,fpq,1
qwen,fp_identification,fpq_761,fpq,4
qwen,fp_identification,fpq_762,fpq,4
qwen,fp_identification,fpq_763,fpq,1
qwen,fp_identification,fpq_764,fpq,1
qwen,fp_identification,fpq_77,fpq,1
qwen,fp_identification,fpq_771,fpq,1
qwen,fp_identification,fpq_772,fpq,1
qwen,fp_identification,fpq_773,fpq,1
qwen,fp_identification,fpq_774,fpq,1
qwen,fp_identification,fpq_775,fpq,4
qwen,fp_identification,fpq_776,fpq,1
qwen,fp_identification,fpq_777,fpq,2
qwen,fp_identification,fpq_778,fpq,1
qwen,fp_identification,fpq_78,fpq,1
qwen,fp_identification,fpq_780,fpq,1
qwen,fp_identification,fpq_781,fpq,1
qwen,fp_identification,fpq_789,fpq,1
qwen,fp_identification,fpq_794,fpq,4
qwen,fp_identification,fpq_797,fpq,1
qwen,fp_identification,fpq_798,fpq,1
qwen,fp_identification,fpq_799,fpq,1
qwen,fp_identification,fpq_8,fpq,1
qwen,fp_identification,fpq_80,fpq,1
qwen,fp_identification,fpq_801,fpq,1
qwen,fp_identification,fpq_802,fpq,1
qwen,fp_identification,fpq_804,fpq,1
qwen,fp_identification,fpq_805,fpq,4
qwen,fp_identification,fpq_806,fpq,1
qwen,fp_identification,fpq_807,fpq,1
qwen,fp_identification,fpq_808,fpq,1
qwen,fp_identification,fpq_81,fpq,1
qwen,fp_identification,fpq_813,fpq,1
qwen,fp_identification,fpq_814,fpq,1
qwen,fp_identification,fpq_817,fpq,1
qwen,fp_identification,fpq_818,fpq,1
qwen,fp_identification,fpq_82,fpq,1
qwen,fp_identification,fpq_820,fpq,1
qwen,fp_identification,fpq_823,fpq,1
qwen,fp_identification,fpq_824,fpq,1
qwen,fp_identification,fpq_827,fpq,1
qwen,fp_identification,fpq_828,fpq,1
qwen,fp_identification,fpq_829,fpq,1
qwen,fp_identification,fpq_830,fpq,4
qwen,fp_identification,fpq_831,fpq,1
qwen,fp_identification,fpq_832,fpq,1
qwen,fp_identification,fpq_833,fpq,1
qwen,fp_identification,fpq_834,fpq,2
qwen,fp_identification,fpq_835,fpq,1
qwen,fp_identification,fpq_836,fpq,1
qwen,fp_identification,fpq_837,fpq,1
qwen,fp_identification,fpq_838,fpq,1
qwen,fp_identification,fpq_839,fpq,4
qwen,fp_identification,fpq_84,fpq,1
qwen,fp_identification,fpq_840,fpq,1
qwen,fp_identification,fpq_844,fpq,1
qwen,fp_identification,fpq_846,fpq,1
qwen,fp_identification,fpq_847,fpq,2
qwen,fp_identification,fpq_848,fpq,1
qwen,fp_identification,fpq_849,fpq,5
qwen,fp_identification,fpq_85,fpq,1
qwen,fp_identification,fpq_850,fpq,5
qwen,fp_identification,fpq_851,fpq,1
qwen,fp_identification,fpq_852,fpq,1
qwen,fp_identification,fpq_854,fpq,1
qwen,fp_identification,fpq_855,fpq,1
qwen,fp_identification,fpq_858,fpq,4
qwen,fp_identification,fpq_859,fpq,1
qwen,fp_identification,fpq_860,fpq,1
qwen,fp_identification,fpq_861,fpq,2
qwen,fp_identification,fpq_862,fpq,1
qwen,fp_identification,fpq_863,fpq,2
qwen,fp_identification,fpq_864,fpq,1
qwen,fp_identification,fpq_865,fpq,1
qwen,fp_identification,fpq_866,fpq,1
qwen,fp_identification,fpq_869,fpq,1
qwen,fp_identification,fpq_87,fpq,1
qwen,fp_identification,fpq_870,fpq,1
qwen,fp_identification,fpq_871,fpq,1
qwen,fp_identification,fpq_872,fpq,1
qwen,fp_identification,fpq_88,fpq,1
qwen,fp_identification,fpq_89,fpq,1
qwen,fp_identification,fpq_9,fpq,2
qwen,fp_identification,fpq_90,fpq,1
qwen,fp_identification,fpq_91,fpq,1
qwen,fp_identification,fpq_92,fpq,1
qwen,fp_identification,fpq_94,fpq,2
qwen,fp_identification,fpq_95,fpq,1
qwen,fp_identification,fpq_96,fpq,1
qwen,fp_identification,fpq_97,fpq,1
qwen,fp_identification,fpq_98,fpq,1
qwen,fp_identification,fpq_99,fpq,1
qwen,fp_identification,nfp_1000,nfp,1
qwen,fp_identification,nfp_1001,nfp,5
qwen,fp_identification,nfp_1002,nfp,5
qwen,fp_identification,nfp_1003,nfp,5
qwen,fp_identification,nfp_1004,nfp,5
qwen,fp_identification,nfp_1005,nfp,5
qwen,fp_identification,nfp_1006,nfp,5
qwen,fp_identification,nfp_1008,nfp,5
qwen,fp_identification,nfp_1009,nfp,4
qwen,fp_identification,nfp_1010,nfp,5
qwen,fp_identification,nfp_1011,nfp,5
qwen,fp_identification,nfp_1012,nfp,5
qwen,fp_identification,nfp_1013,nfp,5
qwen,fp_identification,nfp_1014,nfp,5
qwen,fp_identification,nfp_1015,nfp,5
qwen,fp_identification,nfp_1016,nfp,5
qwen,fp_identification,nfp_1017,nfp,5
qwen,fp_identification,nfp_1018,nfp,5
qwen,fp_identification,nfp_1019,nfp,5
qwen,fp_identification,nfp_1020,nfp,5
qwen,fp_identification,nfp_1021,nfp,5
qwen,fp_identification,nfp_1022,nfp,5
qwen,fp_identification,nfp_1023,nfp,5
qwen,fp_identification,nfp_1024,nfp,4
qwen,fp_identification,nfp_1025,nfp,5
qwen,fp_identification,nfp_1026,nfp,5
qwen,fp_identification,nfp_1027,nfp,2
qwen,fp_identification,nfp_1028,nfp,5
qwen,fp_identification,nfp_1029,nfp,5
qwen,fp_identification,nfp_1030,nfp,5
qwen,fp_identification,nfp_1031,nfp,2
qwen,fp_identification,nfp_1032,nfp,5
qwen,fp_identification,nfp_1033,nfp,5
qwen,fp_identification,nfp_1034,nfp,5
qwen,fp_identification,nfp_1035,nfp,5
qwen,fp_identification,nfp_1036,nfp,5
qwen,fp_identification,nfp_1037,nfp,1
qwen,fp_identification,nfp_1038,nfp,5
qwen,fp_identification,nfp_1039,nfp,5
qwen,fp_identification,nfp_1040,nfp,5
qwen,fp_identification,nfp_1041,nfp,5
qwen,fp_identification,nfp_1042,nfp,4
qwen,fp_identification,nfp_1043,nfp,5
qwen,fp_identification,nfp_1044,nfp,5
qwen,fp_identification,nfp_1045,nfp,5
qwen,fp_identification,nfp_1046,nfp,5
qwen,fp_identification,nfp_1047,nfp,5
qwen,fp_identification,nfp_1048,nfp,2
qwen,fp_identification,nfp_1049,nfp,5
qwen,fp_identification,nfp_1050,nfp,5
qwen,fp_identification,nfp_1051,nfp,5
qwen,fp_identification,nfp_1052,nfp,5
qwen,fp_identification,nfp_1053,nfp,5
qwen,fp_identification,nfp_1054,nfp,5
qwen,fp_identification,nfp_1055,nfp,5
qwen,fp_identification,nfp_1056,nfp,5
qwen,fp_identification,nfp_1057,nfp,5
qwen,fp_identification,nfp_1058,nfp,5
qwen,fp_identification,nfp_1059,nfp,2
qwen,fp_identification,nfp_1060,nfp,5
qwen,fp_identification,nfp_1061,nfp,5
qwen,fp_identification,nfp_1062,nfp,5
qwen,fp_identification,nfp_1063,nfp,5
qwen,fp_identification,nfp_1064,nfp,5
qwen,fp_identification,nfp_1065,nfp,5
qwen,fp_identification,nfp_1066,nfp,5
qwen,fp_identification,nfp_1067,nfp,5
qwen,fp_identification,nfp_1068,nfp,2
qwen,fp_identification,nfp_1069,nfp,5
qwen,fp_identification,nfp_1070,nfp,1
qwen,fp_identification,nfp_1071,nfp,5
qwen,fp_identification,nfp_1072,nfp,5
qwen,fp_identification,nfp_1073,nfp,5
qwen,fp_identification,nfp_1074,nfp,5
qwen,fp_identification,nfp_1075,nfp,5
qwen,fp_identification,nfp_1076,nfp,5
qwen,fp_identification,nfp_1077,nfp,5
qwen,fp_identification,nfp_1078,nfp,5
qwen,fp_identification,nfp_1079,nfp,5
qwen,fp_identification,nfp_1080,nfp,4
qwen,fp_identification,nfp_1081,nfp,5
qwen,fp_identification,nfp_1082,nfp,5
qwen,fp_identification,nfp_1083,nfp,1
qwen,fp_identification,nfp_1084,nfp,5
qwen,fp_identification,nfp_1085,nfp,5
qwen,fp_identification,nfp_1086,nfp,5
qwen,fp_identification,nfp_1087,nfp,5
qwen,fp_identification,nfp_1088,nfp,5
qwen,fp_identification,nfp_1089,nfp,5
qwen,fp_identification,nfp_1090,nfp,5
qwen,fp_identification,nfp_1091,nfp,5
qwen,fp_identification,nfp_1092,nfp,4
qwen,fp_identification,nfp_1093,nfp,4
qwen,fp_identification,nfp_1094,nfp,5
qwen,fp_identification,nfp_1095,nfp,5
qwen,fp_identification,nfp_1096,nfp,5
qwen,fp_identification,nfp_1097,nfp,5
qwen,fp_identification,nfp_1098,nfp,5
qwen,fp_identification,nfp_1099,nfp,2
qwen,fp_identification,nfp_1100,nfp,5
qwen,fp_identification,nfp_1101,nfp,4
qwen,fp_identification,nfp_1102,nfp,4
qwen,fp_identification,nfp_1103,nfp,5
qwen,fp_identification,nfp_1104,nfp,5
qwen,fp_identification,nfp_1105,nfp,2
qwen,fp_identification,nfp_1106,nfp,5
qwen,fp_identification,nfp_1107,nfp,5
qwen,fp_identification,nfp_1108,nfp,5
qwen,fp_identification,nfp_1109,nfp,5
qwen,fp_identification,nfp_1110,nfp,5
qwen,fp_identification,nfp_1111,nfp,5
qwen,fp_identification,nfp_1112,nfp,5
qwen,fp_identification,nfp_1113,nfp,5
qwen,fp_identification,nfp_1114,nfp,5
qwen,fp_identification,nfp_1115,nfp,5
qwen,fp_identification,nfp_1116,nfp,5
qwen,fp_identification,nfp_1117,nfp,4
qwen,fp_identification,nfp_1118,nfp,5
qwen,fp_identification,nfp_1119,nfp,5
qwen,fp_identification,nfp_1120,nfp,5
qwen,fp_identification,nfp_1121,nfp,2
qwen,fp_identification,nfp_1122,nfp,1
qwen,fp_identification,nfp_1123,nfp,4
qwen,fp_identification,nfp_1124,nfp,1
qwen,fp_identification,nfp_1125,nfp,5
qwen,fp_identification,nfp_1126,nfp,5
qwen,fp_identification,nfp_1127,nfp,5
qwen,fp_identification,nfp_1128,nfp,4
qwen,fp_identification,nfp_1129,nfp,1
qwen,fp_identification,nfp_1130,nfp,5
qwen,fp_identification,nfp_1131,nfp,5
qwen,fp_identification,nfp_1132,nfp,5
qwen,fp_identification,nfp_1133,nfp,4
qwen,fp_identification,nfp_1134,nfp,5
qwen,fp_identification,nfp_1135,nfp,5
qwen,fp_identification,nfp_1136,nfp,5
qwen,fp_identification,nfp_1137,nfp,5
qwen,fp_identification,nfp_1138,nfp,5
qwen,fp_identification,nfp_1139,nfp,5
qwen,fp_identification,nfp_1140,nfp,5
qwen,fp_identification,nfp_1141,nfp,4
qwen,fp_identification,nfp_1142,nfp,5
qwen,fp_identification,nfp_1143,nfp,5
qwen,fp_identification,nfp_1144,nfp,4
qwen,fp_identification,nfp_1145,nfp,5
qwen,fp_identification,nfp_1146,nfp,5
qwen,fp_identification,nfp_1147,nfp,5
qwen,fp_identification,nfp_1148,nfp,4
qwen,fp_identification,nfp_1149,nfp,5
qwen,plain,fpq_0,fpq,2
qwen,plain,fpq_10,fpq,1
qwen,plain,fpq_100,fpq,1
qwen,plain,fpq_101,fpq,1
qwen,plain,fpq_102,fpq,1
qwen,plain,fpq_103,fpq,1
qwen,plain,fpq_105,fpq,1
qwen,plain,fpq_106,fpq,1
qwen,plain,fpq_107,fpq,1
qwen,plain,fpq_108,fpq,1
qwen,plain,fpq_109,fpq,1
qwen,plain,fpq_11,fpq,1
qwen,plain,fpq_110,fpq,1
qwen,plain,fpq_111,fpq,1
qwen,plain,fpq_112,fpq,1
qwen,plain,fpq_113,fpq,1
qwen,plain,fpq_114,fpq,1
qwen,plain,fpq_115,fpq,1
qwen,plain,fpq_116,fpq,1
qwen,plain,fpq_12,fpq,1
qwen,plain,fpq_120,fpq,1
qwen,plain,fpq_121,fpq,1
qwen,plain,fpq_122,fpq,1
qwen,plain,fpq_123,fpq,1
qwen,plain,fpq_124,fpq,4
qwen,plain,fpq_125,fpq,1
qwen,plain,fpq_126,fpq,1
qwen,plain,fpq_127,fpq,1
qwen,plain,fpq_128,fpq,1
qwen,plain,fpq_129,fpq,1
qwen,plain,fpq_13,fpq,1
qwen,plain,fpq_130,fpq,1
qwen,plain,fpq_131,fpq,1
qwen,plain,fpq_133,fpq,1
qwen,plain,fpq_134,fpq,1
qwen,plain,fpq_135,fpq,1
qwen,plain,fpq_136,fpq,2
qwen,plain,fpq_137,fpq,1
qwen,plain,fpq_138,fpq,1
qwen,plain,fpq_139,fpq,1
qwen,plain,fpq_14,fpq,1
qwen,plain,fpq_140,fpq,1
qwen,plain,fpq_141,fpq,1
qwen,plain,fpq_142,fpq,2
qwen,plain,fpq_143,fpq,1
qwen,plain,fpq_144,fpq,1
qwen,plain,fpq_145,fpq,1
qwen,plain,fpq_146,fpq,1
qwen,plain,fpq_147,fpq,1
qwen,plain,fpq_148,fpq,1
qwen,plain,fpq_149,fpq,1
qwen,plain,fpq_15,fpq,1
qwen,plain,fpq_152,fpq,1
qwen,plain,fpq_153,fpq,1
qwen,plain,fpq_155,fpq,1
qwen,plain,fpq_156,fpq,2
qwen,plain,fpq_157,fpq,1
qwen,plain,fpq_158,fpq,1
qwen,plain,fpq_159,fpq,1
qwen,plain,fpq_16,fpq,1
qwen,plain,fpq_160,fpq,1
qwen,plain,fpq_163,fpq,1
qwen,plain,fpq_164,fpq,1
qwen,plain,fpq_165,fpq,1
qwen,plain,fpq_166,fpq,1
qwen,plain,fpq_167,fpq,1
qwen,plain,fpq_168,fpq,1
qwen,plain,fpq_169,fpq,1
qwen,plain,fpq_17,fpq,1
qwen,plain,fpq_170,fpq,1
qwen,plain,fpq_173,fpq,1
qwen,plain,fpq_174,fpq,1
qwen,plain,fpq_175,fpq,1
qwen,plain,fpq_176,fpq,1
qwen,plain,fpq_177,fpq,1
qwen,plain,fpq_178,fpq,1
qwen,plain,fpq_179,fpq,1
qwen,plain,fpq_18,fpq,1
qwen,plain,fpq_180,fpq,1
qwen,plain,fpq_181,fpq,1
qwen,plain,fpq_182,fpq,1
qwen,plain,fpq_184,fpq,1
qwen,plain,fpq_185,fpq,1
qwen,plain,fpq_186,fpq,1
qwen,plain,fpq_188,fpq,1
qwen,plain,fpq_189,fpq,1
qwen,plain,fpq_19,fpq,2
qwen,plain,fpq_190,fpq,1
qwen,plain,fpq_191,fpq,1
qwen,plain,fpq_192,fpq,1
qwen,plain,fpq_193,fpq,1
qwen,plain,fpq_194,fpq,1
qwen,plain,fpq_195,fpq,1
qwen,plain,fpq_196,fpq,1
qwen,plain,fpq_197,fpq,1
qwen,plain,fpq_198,fpq,1
qwen,plain,fpq_2,fpq,2
qwen,plain,fpq_20,fpq,2
qwen,plain,fpq_200,fpq,1
qwen,plain,fpq_201,fpq,1
qwen,plain,fpq_202,fpq,2
qwen,plain,fpq_204,fpq,1
qwen,plain,fpq_205,fpq,1
qwen,plain,fpq_206,fpq,1
qwen,plain,fpq_207,fpq,1
qwen,plain,fpq_208,fpq,1
qwen,plain,fpq_21,fpq,1
qwen,plain,fpq_216,fpq,1
qwen,plain,fpq_217,fpq,1
qwen,plain,fpq_218,fpq,1
qwen,plain,fpq_219,fpq,1
qwen,plain,fpq_22,fpq,4
qwen,plain,fpq_220,fpq,1
qwen,plain,fpq_221,fpq,1
qwen,plain,fpq_222,fpq,1
qwen,plain,fpq_223,fpq,1
qwen,plain,fpq_224,fpq,1
qwen,plain,fpq_225,fpq,1
qwen,plain,fpq_226,fpq,1
qwen,plain,fpq_227,fpq,1
qwen,plain,fpq_228,fpq,1
qwen,plain,fpq_229,fpq,1
qwen,plain,fpq_23,fpq,1
qwen,plain,fpq_230,fpq,1
qwen,plain,fpq_231,fpq,1
qwen,plain,fpq_232,fpq,1
qwen,plain,fpq_233,fpq,1
qwen,plain,fpq_234,fpq,1
qwen,plain,fpq_236,fpq,1
qwen,plain,fpq_237,fpq,1
qwen,plain,fpq_238,fpq,1
qwen,plain,fpq_239,fpq,2
qwen,plain,fpq_24,fpq,1
qwen,plain,fpq_240,fpq,2
qwen,plain,fpq_241,fpq,1
qwen,plain,fpq_244,fpq,1
qwen,plain,fpq_245,fpq,1
qwen,plain,fpq_246,fpq,1
qwen,plain,fpq_247,fpq,1
qwen,plain,fpq_248,fpq,1
qwen,plain,fpq_249,fpq,4
qwen,plain,fpq_25,fpq,1
qwen,plain,fpq_250,fpq,1
qwen,plain,fpq_251,fpq,1
qwen,plain,fpq_252,fpq,2
qwen,plain,fpq_253,fpq,1
qwen,plain,fpq_254,fpq,1
qwen,plain,fpq_255,fpq,1
qwen,plain,fpq_256,fpq,1
qwen,plain,fpq_257,fpq,1
qwen,plain,fpq_258,fpq,2
qwen,plain,fpq_259,fpq,1
qwen,plain,fpq_26,fpq,1
qwen,plain,fpq_260,fpq,1
qwen,plain,fpq_261,fpq,1
qwen,plain,fpq_262,fpq,1
qwen,plain,fpq_263,fpq,2
qwen,plain,fpq_264,fpq,1
qwen,plain,fpq_265,fpq,1
qwen,plain,fpq_266,fpq,1
qwen,plain,fpq_267,fpq,1
qwen,plain,fpq_268,fpq,1
qwen,plain,fpq_269,fpq,1
qwen,plain,fpq_27,fpq,1
qwen,plain,fpq_270,fpq,1
qwen,plain,fpq_271,fpq,1
qwen,plain,fpq_272,fpq,2
qwen,plain,fpq_273,fpq,1
qwen,plain,fpq_274,fpq,1
qwen,plain,fpq_275,fpq,1
qwen,plain,fpq_276,fpq,1
qwen,plain,fpq_277,fpq,1
qwen,plain,fpq_278,fpq,1
qwen,plain,fpq_279,fpq,1
qwen,plain,fpq_28,fpq,1
qwen,plain,fpq_283,fpq,1
qwen,plain,fpq_285,fpq,1
qwen,plain,fpq_286,fpq,1
qwen,plain,fpq_287,fpq,1
qwen,plain,fpq_288,fpq,1
qwen,plain,fpq_289,fpq,1
qwen,plain,fpq_29,fpq,1
qwen,plain,fpq_290,fpq,1
qwen,plain,fpq_291,fpq,1
qwen,plain,fpq_292,fpq,1
qwen,plain,fpq_293,fpq,2
qwen,plain,fpq_294,fpq,1
qwen,plain,fpq_295,fpq,1
qwen,plain,fpq_296,fpq,1
qwen,plain,fpq_297,fpq,1
qwen,plain,fpq_3,fpq,1
qwen,plain,fpq_30,fpq,1
qwen,plain,fpq_302,fpq,1
qwen,plain,fpq_303,fpq,1
qwen,plain,fpq_304,fpq,1
qwen,plain,fpq_305,fpq,1
qwen,plain,fpq_306,fpq,1
qwen,plain,fpq_307,fpq,1
qwen,plain,fpq_308,fpq,1
qwen,plain,fpq_309,fpq,1
qwen,plain,fpq_31,fpq,1
qwen,plain,fpq_311,fpq,1
qwen,plain,fpq_312,fpq,1
qwen,plain,fpq_313,fpq,1
qwen,plain,fpq_314,fpq,1
qwen,plain,fpq_315,fpq,1
qwen,plain,fpq_316,fpq,1
qwen,plain,fpq_317,fpq,1
qwen,plain,fpq_318,fpq,1
qwen,plain,fpq_319,fpq,1
qwen,plain,fpq_32,fpq,1
qwen,plain,fpq_320,fpq,1
qwen,plain,fpq_321,fpq,1
qwen,plain,fpq_325,fpq,1
qwen,plain,fpq_326,fpq,1
qwen,plain,fpq_327,fpq,1
qwen,plain,fpq_33,fpq,1
qwen,plain,fpq_336,fpq,1
qwen,plain,fpq_34,fpq,1
qwen,plain,fpq_342,fpq,1
qwen,plain,fpq_343,fpq,1
qwen,plain,fpq_344,fpq,1
qwen,plain,fpq_348,fpq,1
qwen,plain,fpq_35,fpq,1
qwen,plain,fpq_350,fpq,2
qwen,plain,fpq_353,fpq,2
qwen,plain,fpq_354,fpq,1
qwen,plain,fpq_357,fpq,1
qwen,plain,fpq_358,fpq,1
qwen,plain,fpq_359,fpq,1
qwen,plain,fpq_36,fpq,1
qwen,plain,fpq_361,fpq,1
qwen,plain,fpq_362,fpq,1
qwen,plain,fpq_366,fpq,1
qwen,plain,fpq_368,fpq,1
qwen,plain,fpq_37,fpq,1
qwen,plain,fpq_376,fpq,1
qwen,plain,fpq_378,fpq,1
qwen,plain,fpq_379,fpq,2
qwen,plain,fpq_38,fpq,2
qwen,plain,fpq_380,fpq,1
qwen,plain,fpq_383,fpq,1
qwen,plain,fpq_385,fpq,1
qwen,plain,fpq_386,fpq,1
qwen,plain,fpq_387,fpq,1
qwen,plain,fpq_388,fpq,1
qwen,plain,fpq_39,fpq,1
qwen,plain,fpq_390,fpq,1
qwen,plain,fpq_391,fpq,1
qwen,plain,fpq_392,fpq,1
qwen,plain,fpq_394,fpq,1
qwen,plain,fpq_395,fpq,1
qwen,plain,fpq_396,fpq,1
qwen,plain,fpq_397,fpq,2
qwen,plain,fpq_398,fpq,1
qwen,plain,fpq_399,fpq,1
qwen,plain,fpq_4,fpq,1
qwen,plain,fpq_40,fpq,1
qwen,plain,fpq_400,fpq,1
qwen,plain,fpq_403,fpq,1
qwen,plain,fpq_405,fpq,1
qwen,plain,fpq_407,fpq,1
qwen,plain,fpq_408,fpq,1
qwen,plain,fpq_41,fpq,1
qwen,plain,fpq_415,fpq,1
qwen,plain,fpq_416,fpq,1
qwen,plain,fpq_417,fpq,1
qwen,plain,fpq_42,fpq,2
qwen,plain,fpq_420,fpq,1
qwen,plain,fpq_421,fpq,1
qwen,plain,fpq_422,fpq,1
qwen,plain,fpq_423,fpq,2
qwen,plain,fpq_425,fpq,2
qwen,plain,fpq_426,fpq,4
qwen,plain,fpq_428,fpq,1
qwen,plain,fpq_429,fpq,2
qwen,plain,fpq_43,fpq,1
qwen,plain,fpq_434,fpq,1
qwen,plain,fpq_436,fpq,4
qwen,plain,fpq_438,fpq,1
qwen,plain,fpq_439,fpq,1
qwen,plain,fpq_44,fpq,1
qwen,plain,fpq_443,fpq,1
qwen,plain,fpq_445,fpq,4
qwen,plain,fpq_446,fpq,1
qwen,plain,fpq_45,fpq,1
qwen,plain,fpq_459,fpq,1
qwen,plain,fpq_46,fpq,4
qwen,plain,fpq_460,fpq,1
qwen,plain,fpq_462,fpq,1
qwen,plain,fpq_467,fpq,1
qwen,plain,fpq_47,fpq,1
qwen,plain,fpq_472,fpq,1
qwen,plain,fpq_473,fpq,1
qwen,plain,fpq_474,fpq,1
qwen,plain,fpq_477,fpq,1
qwen,plain,fpq_479,fpq,1
qwen,plain,fpq_48,fpq,1
qwen,plain,fpq_484,fpq,1
qwen,plain,fpq_485,fpq,2
qwen,plain,fpq_487,fpq,2
qwen,plain,fpq_488,fpq,1
qwen,plain,fpq_49,fpq,1
qwen,plain,fpq_492,fpq,1
qwen,plain,fpq_493,fpq,2
qwen,plain,fpq_494,fpq,2
qwen,plain,fpq_495,fpq,2
qwen,plain,fpq_497,fpq,1
qwen,plain,fpq_499,fpq,1
qwen,plain,fpq_5,fpq,1
qwen,plain,fpq_50,fpq,2
qwen,plain,fpq_500,fpq,1
qwen,plain,fpq_501,fpq,1
qwen,plain,fpq_502,fpq,1
qwen,plain,fpq_505,fpq,1
qwen,plain,fpq_506,fpq,4
qwen,plain,fpq_507,fpq,1
qwen,plain,fpq_51,fpq,2
qwen,plain,fpq_512,fpq,1
qwen,plain,fpq_514,fpq,1
qwen,plain,fpq_516,fpq,2
qwen,plain,fpq_517,fpq,1
qwen,plain,fpq_52,fpq,1
qwen,plain,fpq_521,fpq,1
qwen,plain,fpq_522,fpq,1
qwen,plain,fpq_524,fpq,1
qwen,plain,fpq_525,fpq,1
qwen,plain,fpq_53,fpq,1
qwen,plain,fpq_530,fpq,1
qwen,plain,fpq_531,fpq,2
qwen,plain,fpq_534,fpq,1
qwen,plain,fpq_535,fpq,1
qwen,plain,fpq_54,fpq,1
qwen,plain,fpq_542,fpq,1
qwen,plain,fpq_543,fpq,1
qwen,plain,fpq_546,fpq,2
qwen,plain,fpq_547,fpq,1
qwen,plain,fpq_549,fpq,1
qwen,plain,fpq_55,fpq,1
qwen,plain,fpq_550,fpq,1
qwen,plain,fpq_552,fpq,1
qwen,plain,fpq_556,fpq,1
qwen,plain,fpq_557,fpq,1
qwen,plain,fpq_558,fpq,4
qwen,plain,fpq_559,fpq,2
qwen,plain,fpq_56,fpq,2
qwen,plain,fpq_560,fpq,1
qwen,plain,fpq_563,fpq,1
qwen,plain,fpq_564,fpq,1
qwen,plain,fpq_565,fpq,1
qwen,plain,fpq_566,fpq,1
qwen,plain,fpq_57,fpq,1
qwen,plain,fpq_570,fpq,1
qwen,plain,fpq_572,fpq,1
qwen,plain,fpq_574,fpq,1
qwen,plain,fpq_58,fpq,1
qwen,plain,fpq_580,fpq,1
qwen,plain,fpq_583,fpq,1
qwen,plain,fpq_584,fpq,1
qwen,plain,fpq_586,fpq,1
qwen,plain,fpq_59,fpq,1
qwen,plain,fpq_593,fpq,1
qwen,plain,fpq_595,fpq,1
qwen,plain,fpq_596,fpq,1
qwen,plain,fpq_598,fpq,1
qwen,plain,fpq_6,fpq,1
qwen,plain,fpq_60,fpq,1
qwen,plain,fpq_600,fpq,1
qwen,plain,fpq_601,fpq,1
qwen,plain,fpq_603,fpq,2
qwen,plain,fpq_604,fpq,1
qwen,plain,fpq_606,fpq,1
qwen,plain,fpq_607,fpq,1
qwen,plain,fpq_608,fpq,1
qwen,plain,fpq_609,fpq,1
qwen,plain,fpq_61,fpq,1
qwen,plain,fpq_610,fpq,2
qwen,plain,fpq_611,fpq,3
qwen,plain,fpq_612,fpq,1
qwen,plain,fpq_613,fpq,1
qwen,plain,fpq_614,fpq,4
qwen,plain,fpq_615,fpq,1
qwen,plain,fpq_616,fpq,2
qwen,plain,fpq_617,fpq,1
qwen,plain,fpq_618,fpq,1
qwen,plain,fpq_619,fpq,2
qwen,plain,fpq_62,fpq,1
qwen,plain,fpq_620,fpq,2
qwen,plain,fpq_621,fpq,1
qwen,plain,fpq_622,fpq,1
qwen,plain,fpq_623,fpq,1
qwen,plain,fpq_624,fpq,1
qwen,plain,fpq_625,fpq,1
qwen,plain,fpq_626,fpq,1
qwen,plain,fpq_628,fpq,1
qwen,plain,fpq_629,fpq,1
qwen,plain,fpq_63,fpq,1
qwen,plain,fpq_630,fpq,1
qwen,plain,fpq_631,fpq,1
qwen,plain,fpq_632,fpq,1
qwen,plain,fpq_633,fpq,1
qwen,plain,fpq_634,fpq,1
qwen,plain,fpq_635,fpq,1
qwen,plain,fpq_636,fpq,1
qwen,plain,fpq_638,fpq,1
qwen,plain,fpq_639,fpq,1
qwen,plain,fpq_64,fpq,1
qwen,plain,fpq_640,fpq,1
qwen,plain,fpq_641,fpq,1
qwen,plain,fpq_643,fpq,1
qwen,plain,fpq_644,fpq,1
qwen,plain,fpq_645,fpq,5
qwen,plain,fpq_646,fpq,1
qwen,plain,fpq_647,fpq,1
qwen,plain,fpq_649,fpq,1
qwen,plain,fpq_65,fpq,1
qwen,plain,fpq_650,fpq,1
qwen,plain,fpq_652,fpq,1
qwen,plain,fpq_653,fpq,3
qwen,plain,fpq_654,fpq,1
qwen,plain,fpq_655,fpq,1
qwen,plain,fpq_657,fpq,1
qwen,plain,fpq_659,fpq,1
qwen,plain,fpq_66,fpq,1
qwen,plain,fpq_661,fpq,1
qwen,plain,fpq_662,fpq,1
qwen,plain,fpq_663,fpq,1
qwen,plain,fpq_666,fpq,1
qwen,plain,fpq_669,fpq,1
qwen,plain,fpq_67,fpq,1
qwen,plain,fpq_671,fpq,1
qwen,plain,fpq_675,fpq,1
qwen,plain,fpq_676,fpq,1
qwen,plain,fpq_677,fpq,1
qwen,plain,fpq_678,fpq,1
qwen,plain,fpq_68,fpq,1
qwen,plain,fpq_682,fpq,1
qwen,plain,fpq_685,fpq,1
qwen,plain,fpq_687,fpq,1
qwen,plain,fpq_689,fpq,1
qwen,plain,fpq_69,fpq,1
qwen,plain,fpq_690,fpq,1
qwen,plain,fpq_691,fpq,1
qwen,plain,fpq_692,fpq,1
qwen,plain,fpq_694,fpq,1
qwen,plain,fpq_695,fpq,1
qwen,plain,fpq_696,fpq,1
qwen,plain,fpq_697,fpq,1
qwen,plain,fpq_699,fpq,1
qwen,plain,fpq_7,fpq,1
qwen,plain,fpq_70,fpq,1
qwen,plain,fpq_702,fpq,1
qwen,plain,fpq_703,fpq,1
qwen,plain,fpq_704,fpq,1
qwen,plain,fpq_705,fpq,2
qwen,plain,fpq_706,fpq,1
qwen,plain,fpq_71,fpq,1
qwen,plain,fpq_712,fpq,1
qwen,plain,fpq_713,fpq,1
qwen,plain,fpq_72,fpq,1
qwen,plain,fpq_721,fpq,1
qwen,plain,fpq_722,fpq,1
qwen,plain,fpq_723,fpq,1
qwen,plain,fpq_724,fpq,1
qwen,plain,fpq_725,fpq,1
qwen,plain,fpq_726,fpq,1
qwen,plain,fpq_727,fpq,1
qwen,plain,fpq_728,fpq,2
qwen,plain,fpq_729,fpq,1
qwen,plain,fpq_73,fpq,1
qwen,plain,fpq_730,fpq,1
qwen,plain,fpq_735,fpq,1
qwen,plain,fpq_736,fpq,1
qwen,plain,fpq_738,fpq,1
qwen,plain,fpq_739,fpq,1
qwen,plain,fpq_74,fpq,2
qwen,plain,fpq_740,fpq,1
qwen,plain,fpq_741,fpq,1
qwen,plain,fpq_743,fpq,1
qwen,plain,fpq_744,fpq,2
qwen,plain,fpq_745,fpq,2
qwen,plain,fpq_746,fpq,1
qwen,plain,fpq_747,fpq,3
qwen,plain,fpq_749,fpq,1
qwen,plain,fpq_75,fpq,1
qwen,plain,fpq_750,fpq,1
qwen,plain,fpq_751,fpq,1
qwen,plain,fpq_753,fpq,1
qwen,plain,fpq_754,fpq,1
qwen,plain,fpq_755,fpq,1
qwen,plain,fpq_76,fpq,1
qwen,plain,fpq_761,fpq,4
qwen,plain,fpq_762,fpq,4
qwen,plain,fpq_763,fpq,1
qwen,plain,fpq_764,fpq,1
qwen,plain,fpq_77,fpq,1
qwen,plain,fpq_771,fpq,1
qwen,plain,fpq_772,fpq,1
qwen,plain,fpq_773,fpq,1
qwen,plain,fpq_774,fpq,1
qwen,plain,fpq_775,fpq,1
qwen,plain,fpq_776,fpq,1
qwen,plain,fpq_777,fpq,1
qwen,plain,fpq_778,fpq,1
qwen,plain,fpq_78,fpq,1
qwen,plain,fpq_780,fpq,1
qwen,plain,fpq_781,fpq,1
qwen,plain,fpq_789,fpq,1
qwen,plain,fpq_794,fpq,1
qwen,plain,fpq_797,fpq,1
qwen,plain,fpq_798,fpq,1
qwen,plain,fpq_799,fpq,1
qwen,plain,fpq_8,fpq,1
qwen,plain,fpq_80,fpq,1
qwen,plain,fpq_801,fpq,1
qwen,plain,fpq_802,fpq,1
qwen,plain,fpq_804,fpq,1
qwen,plain,fpq_805,fpq,1
qwen,plain,fpq_806,fpq,1
qwen,plain,fpq_807,fpq,1
qwen,plain,fpq_808,fpq,1
qwen,plain,fpq_81,fpq,1
qwen,plain,fpq_813,fpq,1
qwen,plain,fpq_814,fpq,1
qwen,plain,fpq_817,fpq,1
qwen,plain,fpq_818,fpq,1
qwen,plain,fpq_82,fpq,1
qwen,plain,fpq_820,fpq,1
qwen,plain,fpq_823,fpq,1
qwen,plain,fpq_824,fpq,1
qwen,plain,fpq_827,fpq,1
qwen,plain,fpq_828,fpq,1
qwen,plain,fpq_829,fpq,1
qwen,plain,fpq_830,fpq,1
qwen,plain,fpq_831,fpq,1
qwen,plain,fpq_832,fpq,1
qwen,plain,fpq_833,fpq,1
qwen,plain,fpq_834,fpq,2
qwen,plain,fpq_835,fpq,1
qwen,plain,fpq_836,fpq,1
qwen,plain,fpq_837,fpq,1
qwen,plain,fpq_838,fpq,1
qwen,plain,fpq_839,fpq,4
qwen,plain,fpq_84,fpq,1
qwen,plain,fpq_840,fpq,1
qwen,plain,fpq_844,fpq,1
qwen,plain,fpq_846,fpq,1
qwen,plain,fpq_847,fpq,2
qwen,plain,fpq_848,fpq,1
qwen,plain,fpq_849,fpq,1
qwen,plain,fpq_85,fpq,1
qwen,plain,fpq_850,fpq,1
qwen,plain,fpq_851,fpq,1
qwen,plain,fpq_852,fpq,1
qwen,plain,fpq_854,fpq,1
qwen,plain,fpq_855,fpq,1
qwen,plain,fpq_858,fpq,1
qwen,plain,fpq_859,fpq,1
qwen,plain,fpq_860,fpq,1
qwen,plain,fpq_861,fpq,2
qwen,plain,fpq_862,fpq,1
qwen,plain,fpq_863,fpq,2
qwen,plain,fpq_864,fpq,1
qwen,plain,fpq_865,fpq,1
qwen,plain,fpq_866,fpq,1
qwen,plain,fpq_869,fpq,1
qwen,plain,fpq_87,fpq,1
qwen,plain,fpq_870,fpq,1
qwen,plain,fpq_871,fpq,1
qwen,plain,fpq_872,fpq,1
qwen,plain,fpq_88,fpq,1
qwen,plain,fpq_89,fpq,1
qwen,plain,fpq_9,fpq,2
qwen,plain,fpq_90,fpq,1
qwen,plain,fpq_91,fpq,1
qwen,plain,fpq_92,fpq,1
qwen,plain,fpq_94,fpq,1
qwen,plain,fpq_95,fpq,1
qwen,plain,fpq_96,fpq,1
qwen,plain,fpq_97,fpq,1
qwen,plain,fpq_98,fpq,1
qwen,plain,fpq_99,fpq,1
qwen,plain,nfp_1000,nfp,5
qwen,plain,nfp_1001,nfp,5
qwen,plain,nfp_1002,nfp,5
qwen,plain,nfp_1003,nfp,5
qwen,plain,nfp_1004,nfp,5
qwen,plain,nfp_1005,nfp,5
qwen,plain,nfp_1006,nfp,5
qwen,plain,nfp_1008,nfp,5
qwen,plain,nfp_1009,nfp,4
qwen,plain,nfp_1010,nfp,5
qwen,plain,nfp_1011,nfp,5
qwen,plain,nfp_1012,nfp,5
qwen,plain,nfp_1013,nfp,5
qwen,plain,nfp_1014,nfp,5
qwen,plain,nfp_1015,nfp,5
qwen,plain,nfp_1016,nfp,5
qwen,plain,nfp_1017,nfp,5
qwen,plain,nfp_1018,nfp,5
qwen,plain,nfp_1019,nfp,5
qwen,plain,nfp_1020,nfp,5
qwen,plain,nfp_1021,nfp,5
qwen,plain,nfp_1022,nfp,5
qwen,plain,nfp_1023,nfp,5
qwen,plain,nfp_1024,nfp,4
qwen,plain,nfp_1025,nfp,5
qwen,plain,nfp_1026,nfp,5
qwen,plain,nfp_1027,nfp,5
qwen,plain,nfp_1028,nfp,5
qwen,plain,nfp_1029,nfp,5
qwen,plain,nfp_1030,nfp,5
qwen,plain,nfp_1031,nfp,5
qwen,plain,nfp_1032,nfp,5
qwen,plain,nfp_1033,nfp,5
qwen,plain,nfp_1034,nfp,5
qwen,plain,nfp_1035,nfp,5
qwen,plain,nfp_1036,nfp,5
qwen,plain,nfp_1037,nfp,5
qwen,plain,nfp_1038,nfp,5
qwen,plain,nfp_1039,nfp,5
qwen,plain,nfp_1040,nfp,5
qwen,plain,nfp_1041,nfp,5
qwen,plain,nfp_1042,nfp,4
qwen,plain,nfp_1043,nfp,5
qwen,plain,nfp_1044,nfp,5
qwen,plain,nfp_1045,nfp,5
qwen,plain,nfp_1046,nfp,5
qwen,plain,nfp_1047,nfp,5
qwen,plain,nfp_1048,nfp,5
qwen,plain,nfp_1049,nfp,5
qwen,plain,nfp_1050,nfp,5
qwen,plain,nfp_1051,nfp,5
qwen,plain,nfp_1052,nfp,5
qwen,plain,nfp_1053,nfp,5
qwen,plain,nfp_1054,nfp,5
qwen,plain,nfp_1055,nfp,5
qwen,plain,nfp_1056,nfp,5
qwen,plain,nfp_1057,nfp,5
qwen,plain,nfp_1058,nfp,5
qwen,plain,nfp_1059,nfp,4
qwen,plain,nfp_1060,nfp,5
qwen,plain,nfp_1061,nfp,5
qwen,plain,nfp_1062,nfp,5
qwen,plain,nfp_1063,nfp,5
qwen,plain,nfp_1064,nfp,5
qwen,plain,nfp_1065,nfp,5
qwen,plain,nfp_1066,nfp,5
qwen,plain,nfp_1067,nfp,5
qwen,plain,nfp_1068,nfp,5
qwen,plain,nfp_1069,nfp,5
qwen,plain,nfp_1070,nfp,5
qwen,plain,nfp_1071,nfp,5
qwen,plain,nfp_1072,nfp,5
qwen,plain,nfp_1073,nfp,5
qwen,plain,nfp_1074,nfp,5
qwen,plain,nfp_1075,nfp,5
qwen,plain,nfp_1076,nfp,5
qwen,plain,nfp_1077,nfp,5
qwen,plain,nfp_1078,nfp,5
qwen,plain,nfp_1079,nfp,5
qwen,plain,nfp_1080,nfp,4
qwen,plain,nfp_1081,nfp,5
qwen,plain,nfp_1082,nfp,5
qwen,plain,nfp_1083,nfp,5
qwen,plain,nfp_1084,nfp,5
qwen,plain,nfp_1085,nfp,5
qwen,plain,nfp_1086,nfp,5
qwen,plain,nfp_1087,nfp,5
qwen,plain,nfp_1088,nfp,5
qwen,plain,nfp_1089,nfp,5
qwen,plain,nfp_1090,nfp,5
qwen,plain,nfp_1091,nfp,5
qwen,plain,nfp_1092,nfp,4
qwen,plain,nfp_1093,nfp,4
qwen,plain,nfp_1094,nfp,5
qwen,plain,nfp_1095,nfp,5
qwen,plain,nfp_1096,nfp,5
qwen,plain,nfp_1097,nfp,5
qwen,plain,nfp_1098,nfp,5
qwen,plain,nfp_1099,nfp,5
qwen,plain,nfp_1100,nfp,5
qwen,plain,nfp_1101,nfp,4
qwen,plain,nfp_1102,nfp,4
qwen,plain,nfp_1103,nfp,5
qwen,plain,nfp_1104,nfp,5
qwen,plain,nfp_1105,nfp,5
qwen,plain,nfp_1106,nfp,5
qwen,plain,nfp_1107,nfp,5
qwen,plain,nfp_1108,nfp,5
qwen,plain,nfp_1109,nfp,5
qwen,plain,nfp_1110,nfp,5
qwen,plain,nfp_1111,nfp,5
qwen,plain,nfp_1112,nfp,5
qwen,plain,nfp_1113,nfp,5
qwen,plain,nfp_1114,nfp,5
qwen,plain,nfp_1115,nfp,5
qwen,plain,nfp_1116,nfp,5
qwen,plain,nfp_1117,nfp,4
qwen,plain,nfp_1118,nfp,5
qwen,plain,nfp_1119,nfp,5
qwen,plain,nfp_1120,nfp,5
qwen,plain,nfp_1121,nfp,5
qwen,plain,nfp_1122,nfp,5
qwen,plain,nfp_1123,nfp,4
qwen,plain,nfp_1124,nfp,5
qwen,plain,nfp_1125,nfp,5
qwen,plain,nfp_1126,nfp,5
qwen,plain,nfp_1127,nfp,5
qwen,plain,nfp_1128,nfp,5
qwen,plain,nfp_1129,nfp,5
qwen,plain,nfp_1130,nfp,5
qwen,plain,nfp_1131,nfp,5
qwen,plain,nfp_1132,nfp,5
qwen,plain,nfp_1133,nfp,4
qwen,plain,nfp_1134,nfp,5
qwen,plain,nfp_1135,nfp,5
qwen,plain,nfp_1136,nfp,5
qwen,plain,nfp_1137,nfp,5
qwen,plain,nfp_1138,nfp,5
qwen,plain,nfp_1139,nfp,5
qwen,plain,nfp_1140,nfp,5
qwen,plain,nfp_1141,nfp,4
qwen,plain,nfp_1142,nfp,5
qwen,plain,nfp_1143,nfp,5
qwen,plain,nfp_1144,nfp,4
qwen,plain,nfp_1145,nfp,5
qwen,plain,nfp_1146,nfp,5
qwen,plain,nfp_1147,nfp,5
qwen,plain,nfp_1148,nfp,4
qwen,plain,nfp_1149,nfp,5
qwen,premise_review,fpq_0,fpq,4
qwen,premise_review,fpq_10,fpq,2
qwen,premise_review,fpq_100,fpq,1
qwen,premise_review,fpq_101,fpq,1
qwen,premise_review,fpq_102,fpq,1
qwen,premise_review,fpq_103,fpq,1
qwen,premise_review,fpq_105,fpq,1
qwen,premise_review,fpq_106,fpq,1
qwen,premise_review,fpq_107,fpq,1
qwen,premise_review,fpq_108,fpq,2
qwen,premise_review,fpq_109,fpq,1
qwen,premise_review,fpq_11,fpq,5
qwen,premise_review,fpq_110,fpq,1
qwen,premise_review,fpq_111,fpq,1
qwen,premise_review,fpq_112,fpq,1
qwen,premise_review,fpq_113,fpq,1
qwen,premise_review,fpq_114,fpq,1
qwen,premise_review,fpq_115,fpq,1
qwen,premise_review,fpq_116,fpq,1
qwen,premise_review,fpq_12,fpq,1
qwen,premise_review,fpq_120,fpq,1
qwen,premise_review,fpq_121,fpq,1
qwen,premise_review,fpq_122,fpq,1
qwen,premise_review,fpq_123,fpq,1
qwen,premise_review,fpq_124,fpq,2
qwen,premise_review,fpq_125,fpq,1
qwen,premise_review,fpq_126,fpq,1
qwen,premise_review,fpq_127,fpq,1
qwen,premise_review,fpq_128,fpq,1
qwen,premise_review,fpq_129,fpq,1
qwen,premise_review,fpq_13,fpq,1
qwen,premise_review,fpq_130,fpq,1
qwen,premise_review,fpq_131,fpq,1
qwen,premise_review,fpq_133,fpq,4
qwen,premise_review,fpq_134,fpq,1
qwen,premise_review,fpq_135,fpq,1
qwen,premise_review,fpq_136,fpq,5
qwen,premise_review,fpq_137,fpq,1
qwen,premise_review,fpq_138,fpq,1
qwen,premise_review,fpq_139,fpq,1
qwen,premise_review,fpq_14,fpq,1
qwen,premise_review,fpq_140,fpq,1
qwen,premise_review,fpq_141,fpq,2
qwen,premise_review,fpq_142,fpq,1
qwen,premise_review,fpq_143,fpq,1
qwen,premise_review,fpq_144,fpq,1
qwen,premise_review,fpq_145,fpq,1
qwen,premise_review,fpq_146,fpq,1
qwen,premise_review,fpq_147,fpq,2
qwen,premise_review,fpq_148,fpq,1
qwen,premise_review,fpq_149,fpq,1
qwen,premise_review,fpq_15,fpq,1
qwen,premise_review,fpq_152,fpq,1
qwen,premise_review,fpq_153,fpq,1
qwen,premise_review,fpq_155,fpq,1
qwen,premise_review,fpq_156,fpq,4
qwen,premise_review,fpq_157,fpq,2
qwen,premise_review,fpq_158,fpq,1
qwen,premise_review,fpq_159,fpq,1
qwen,premise_review,fpq_16,fpq,1
qwen,premise_review,fpq_160,fpq,1
qwen,premise_review,fpq_163,fpq,1
qwen,premise_review,fpq_164,fpq,1
qwen,premise_review,fpq_165,fpq,1
qwen,premise_review,fpq_166,fpq,1
qwen,premise_review,fpq_167,fpq,1
qwen,premise_review,fpq_168,fpq,1
qwen,premise_review,fpq_169,fpq,1
qwen,premise_review,fpq_17,fpq,1
qwen,premise_review,fpq_170,fpq,2
qwen,premise_review,fpq_173,fpq,1
qwen,premise_review,fpq_174,fpq,1
qwen,premise_review,fpq_175,fpq,1
qwen,premise_review,fpq_176,fpq,1
qwen,premise_review,fpq_177,fpq,1
qwen,premise_review,fpq_178,fpq,1
qwen,premise_review,fpq_179,fpq,1
qwen,premise_review,fpq_18,fpq,1
qwen,premise_review,fpq_180,fpq,1
qwen,premise_review,fpq_181,fpq,1
qwen,premise_review,fpq_182,fpq,1
qwen,premise_review,fpq_184,fpq,1
qwen,premise_review,fpq_185,fpq,1
qwen,premise_review,fpq_186,fpq,1
qwen,premise_review,fpq_188,fpq,1
qwen,premise_review,fpq_189,fpq,1
qwen,premise_review,fpq_19,fpq,1
qwen,premise_review,fpq_190,fpq,1
qwen,premise_review,fpq_191,fpq,1
qwen,premise_review,fpq_192,fpq,1
qwen,premise_review,fpq_193,fpq,2
qwen,premise_review,fpq_194,fpq,1
qwen,premise_review,fpq_195,fpq,1
qwen,premise_review,fpq_196,fpq,3
qwen,premise_review,fpq_197,fpq,2
qwen,premise_review,fpq_198,fpq,5
qwen,premise_review,fpq_2,fpq,1
qwen,premise_review,fpq_20,fpq,2
qwen,premise_review,fpq_200,fpq,1
qwen,premise_review,fpq_201,fpq,1
qwen,premise_review,fpq_202,fpq,1
qwen,premise_review,fpq_204,fpq,1
qwen,premise_review,fpq_205,fpq,1
qwen,premise_review,fpq_206,fpq,2
qwen,premise_review,fpq_207,fpq,1
qwen,premise_review,fpq_208,fpq,1
qwen,premise_review,fpq_21,fpq,4
qwen,premise_review,fpq_216,fpq,1
qwen,premise_review,fpq_217,fpq,1
qwen,premise_review,fpq_218,fpq,1
qwen,premise_review,fpq_219,fpq,1
qwen,premise_review,fpq_22,fpq,4
qwen,premise_review,fpq_220,fpq,1
qwen,premise_review,fpq_221,fpq,1
qwen,premise_review,fpq_222,fpq,2
qwen,premise_review,fpq_223,fpq,1
qwen,premise_review,fpq_224,fpq,1
qwen,premise_review,fpq_225,fpq,1
qwen,premise_review,fpq_226,fpq,1
qwen,premise_review,fpq_227,fpq,1
qwen,premise_review,fpq_228,fpq,1
qwen,premise_review,fpq_229,fpq,2
qwen,premise_review,fpq_23,fpq,1
qwen,premise_review,fpq_230,fpq,1
qwen,premise_review,fpq_231,fpq,1
qwen,premise_review,fpq_232,fpq,1
qwen,premise_review,fpq_233,fpq,1
qwen,premise_review,fpq_234,fpq,1
qwen,premise_review,fpq_236,fpq,1
qwen,premise_review,fpq_237,fpq,1
qwen,premise_review,fpq_238,fpq,1
qwen,premise_review,fpq_239,fpq,3
qwen,premise_review,fpq_24,fpq,3
qwen,premise_review,fpq_240,fpq,1
qwen,premise_review,fpq_241,fpq,1
qwen,premise_review,fpq_244,fpq,2
qwen,premise_review,fpq_245,fpq,1
qwen,premise_review,fpq_246,fpq,1
qwen,premise_review,fpq_247,fpq,1
qwen,premise_review,fpq_248,fpq,3
qwen,premise_review,fpq_249,fpq,4
qwen,premise_review,fpq_25,fpq,1
qwen,premise_review,fpq_250,fpq,1
qwen,premise_review,fpq_251,fpq,1
qwen,premise_review,fpq_252,fpq,2
qwen,premise_review,fpq_253,fpq,1
qwen,premise_review,fpq_254,fpq,1
qwen,premise_review,fpq_255,fpq,1
qwen,premise_review,fpq_256,fpq,1
qwen,premise_review,fpq_257,fpq,1
qwen,premise_review,fpq_258,fpq,4
qwen,premise_review,fpq_259,fpq,1
qwen,premise_review,fpq_26,fpq,1
qwen,premise_review,fpq_260,fpq,2
qwen,premise_review,fpq_261,fpq,1
qwen,premise_review,fpq_262,fpq,4
qwen,premise_review,fpq_263,fpq,1
qwen,premise_review,fpq_264,fpq,2
qwen,premise_review,fpq_265,fpq,1
qwen,premise_review,fpq_266,fpq,1
qwen,premise_review,fpq_267,fpq,1
qwen,premise_review,fpq_268,fpq,1
qwen,premise_review,fpq_269,fpq,1
qwen,premise_review,fpq_27,fpq,2
qwen,premise_review,fpq_270,fpq,1
qwen,premise_review,fpq_271,fpq,2
qwen,premise_review,fpq_272,fpq,2
qwen,premise_review,fpq_273,fpq,2
qwen,premise_review,fpq_274,fpq,1
qwen,premise_review,fpq_275,fpq,4
qwen,premise_review,fpq_276,fpq,1
qwen,premise_review,fpq_277,fpq,1
qwen,premise_review,fpq_278,fpq,1
qwen,premise_review,fpq_279,fpq,4
qwen,premise_review,fpq_28,fpq,1
qwen,premise_review,fpq_283,fpq,1
qwen,premise_review,fpq_285,fpq,1
qwen,premise_review,fpq_286,fpq,1
qwen,premise_review,fpq_287,fpq,1
qwen,premise_review,fpq_288,fpq,1
qwen,premise_review,fpq_289,fpq,1
qwen,premise_review,fpq_29,fpq,1
qwen,premise_review,fpq_290,fpq,1
qwen,premise_review,fpq_291,fpq,1
qwen,premise_review,fpq_292,fpq,1
qwen,premise_review,fpq_293,fpq,4
qwen,premise_review,fpq_294,fpq,2
qwen,premise_review,fpq_295,fpq,1
qwen,premise_review,fpq_296,fpq,1
qwen,premise_review,fpq_297,fpq,1
qwen,premise_review,fpq_3,fpq,1
qwen,premise_review,fpq_30,fpq,1
qwen,premise_review,fpq_302,fpq,1
qwen,premise_review,fpq_303,fpq,1
qwen,premise_review,fpq_304,fpq,1
qwen,premise_review,fpq_305,fpq,1
qwen,premise_review,fpq_306,fpq,1
qwen,premise_review,fpq_307,fpq,1
qwen,premise_review,fpq_308,fpq,2
qwen,premise_review,fpq_309,fpq,1
qwen,premise_review,fpq_31,fpq,2
qwen,premise_review,fpq_311,fpq,1
qwen,premise_review,fpq_312,fpq,1
qwen,premise_review,fpq_313,fpq,1
qwen,premise_review,fpq_314,fpq,1
qwen,premise_review,fpq_315,fpq,1
qwen,premise_review,fpq_316,fpq,1
qwen,premise_review,fpq_317,fpq,1
qwen,premise_review,fpq_318,fpq,1
qwen,premise_review,fpq_319,fpq,1
qwen,premise_review,fpq_32,fpq,1
qwen,premise_review,fpq_320,fpq,1
qwen,premise_review,fpq_321,fpq,1
qwen,premise_review,fpq_325,fpq,1
qwen,premise_review,fpq_326,fpq,1
qwen,premise_review,fpq_327,fpq,1
qwen,premise_review,fpq_33,fpq,1
qwen,premise_review,fpq_336,fpq,1
qwen,premise_review,fpq_34,fpq,1
qwen,premise_review,fpq_342,fpq,1
qwen,premise_review,fpq_343,fpq,1
qwen,premise_review,fpq_344,fpq,1
qwen,premise_review,fpq_348,fpq,5
qwen,premise_review,fpq_35,fpq,1
qwen,premise_review,fpq_350,fpq,1
qwen,premise_review,fpq_353,fpq,2
qwen,premise_review,fpq_354,fpq,1
qwen,premise_review,fpq_357,fpq,2
qwen,premise_review,fpq_358,fpq,2
qwen,premise_review,fpq_359,fpq,1
qwen,premise_review,fpq_36,fpq,1
qwen,premise_review,fpq_361,fpq,1
qwen,premise_review,fpq_362,fpq,1
qwen,premise_review,fpq_366,fpq,1
qwen,premise_review,fpq_368,fpq,1
qwen,premise_review,fpq_37,fpq,1
qwen,premise_review,fpq_376,fpq,3
qwen,premise_review,fpq_378,fpq,1
qwen,premise_review,fpq_379,fpq,2
qwen,premise_review,fpq_38,fpq,2
qwen,premise_review,fpq_380,fpq,1
qwen,premise_review,fpq_383,fpq,1
qwen,premise_review,fpq_385,fpq,1
qwen,premise_review,fpq_386,fpq,1
qwen,premise_review,fpq_387,fpq,2
qwen,premise_review,fpq_388,fpq,1
qwen,premise_review,fpq_389,fpq,1
qwen,premise_review,fpq_39,fpq,1
qwen,premise_review,fpq_390,fpq,2
qwen,premise_review,fpq_391,fpq,1
qwen,premise_review,fpq_392,fpq,1
qwen,premise_review,fpq_394,fpq,1
qwen,premise_review,fpq_395,fpq,1
qwen,premise_review,fpq_396,fpq,1
qwen,premise_review,fpq_397,fpq,1
qwen,premise_review,fpq_398,fpq,1
qwen,premise_review,fpq_399,fpq,1
qwen,premise_review,fpq_4,fpq,2
qwen,premise_review,fpq_40,fpq,1
qwen,premise_review,fpq_400,fpq,1
qwen,premise_review,fpq_403,fpq,1
qwen,premise_review,fpq_405,fpq,1
qwen,premise_review,fpq_407,fpq,4
qwen,premise_review,fpq_408,fpq,1
qwen,premise_review,fpq_41,fpq,1
qwen,premise_review,fpq_415,fpq,2
qwen,premise_review,fpq_416,fpq,1
qwen,premise_review,fpq_417,fpq,1
qwen,premise_review,fpq_42,fpq,1
qwen,premise_review,fpq_420,fpq,1
qwen,premise_review,fpq_421,fpq,1
qwen,premise_review,fpq_422,fpq,4
qwen,premise_review,fpq_423,fpq,2
qwen,premise_review,fpq_425,fpq,5
qwen,premise_review,fpq_426,fpq,3
qwen,premise_review,fpq_428,fpq,5
qwen,premise_review,fpq_429,fpq,4
qwen,premise_review,fpq_43,fpq,1
qwen,premise_review,fpq_434,fpq,1
qwen,premise_review,fpq_436,fpq,4
qwen,premise_review,fpq_438,fpq,1
qwen,premise_review,fpq_439,fpq,2
qwen,premise_review,fpq_44,fpq,1
qwen,premise_review,fpq_443,fpq,1
qwen,premise_review,fpq_445,fpq,4
qwen,premise_review,fpq_446,fpq,2
qwen,premise_review,fpq_45,fpq,1
qwen,premise_review,fpq_459,fpq,1
qwen,premise_review,fpq_46,fpq,1
qwen,premise_review,fpq_460,fpq,1
qwen,premise_review,fpq_462,fpq,1
qwen,premise_review,fpq_467,fpq,1
qwen,premise_review,fpq_47,fpq,4
qwen,premise_review,fpq_472,fpq,1
qwen,premise_review,fpq_473,fpq,1
qwen,premise_review,fpq_474,fpq,2
qwen,premise_review,fpq_477,fpq,4
qwen,premise_review,fpq_479,fpq,1
qwen,premise_review,fpq_48,fpq,1
qwen,premise_review,fpq_484,fpq,1
qwen,premise_review,fpq_485,fpq,1
qwen,premise_review,fpq_487,fpq,4
qwen,premise_review,fpq_488,fpq,1
qwen,premise_review,fpq_49,fpq,1
qwen,premise_review,fpq_492,fpq,1
qwen,premise_review,fpq_493,fpq,1
qwen,premise_review,fpq_494,fpq,1
qwen,premise_review,fpq_495,fpq,3
qwen,premise_review,fpq_497,fpq,1
qwen,premise_review,fpq_499,fpq,1
qwen,premise_review,fpq_5,fpq,1
qwen,premise_review,fpq_50,fpq,1
qwen,premise_review,fpq_500,fpq,1
qwen,premise_review,fpq_501,fpq,2
qwen,premise_review,fpq_502,fpq,1
qwen,premise_review,fpq_505,fpq,1
qwen,premise_review,fpq_506,fpq,1
qwen,premise_review,fpq_507,fpq,1
qwen,premise_review,fpq_51,fpq,5
qwen,premise_review,fpq_512,fpq,2
qwen,premise_review,fpq_514,fpq,1
qwen,premise_review,fpq_516,fpq,4
qwen,premise_review,fpq_517,fpq,1
qwen,premise_review,fpq_52,fpq,1
qwen,premise_review,fpq_521,fpq,4
qwen,premise_review,fpq_522,fpq,1
qwen,premise_review,fpq_524,fpq,1
qwen,premise_review,fpq_525,fpq,1
qwen,premise_review,fpq_53,fpq,1
qwen,premise_review,fpq_530,fpq,4
qwen,premise_review,fpq_531,fpq,1
qwen,premise_review,fpq_534,fpq,1
qwen,premise_review,fpq_535,fpq,1
qwen,premise_review,fpq_54,fpq,2
qwen,premise_review,fpq_542,fpq,1
qwen,premise_review,fpq_543,fpq,1
qwen,premise_review,fpq_546,fpq,4
qwen,premise_review,fpq_547,fpq,1
qwen,premise_review,fpq_549,fpq,1
qwen,premise_review,fpq_55,fpq,1
qwen,premise_review,fpq_550,fpq,4
qwen,premise_review,fpq_552,fpq,2
qwen,premise_review,fpq_556,fpq,1
qwen,premise_review,fpq_557,fpq,1
qwen,premise_review,fpq_558,fpq,3
qwen,premise_review,fpq_559,fpq,2
qwen,premise_review,fpq_56,fpq,2
qwen,premise_review,fpq_560,fpq,2
qwen,premise_review,fpq_563,fpq,4
qwen,premise_review,fpq_564,fpq,1
qwen,premise_review,fpq_565,fpq,1
qwen,premise_review,fpq_566,fpq,1
qwen,premise_review,fpq_57,fpq,1
qwen,premise_review,fpq_570,fpq,1
qwen,premise_review,fpq_572,fpq,1
qwen,premise_review,fpq_574,fpq,1
qwen,premise_review,fpq_58,fpq,1
qwen,premise_review,fpq_580,fpq,2
qwen,premise_review,fpq_583,fpq,1
qwen,premise_review,fpq_584,fpq,1
qwen,premise_review,fpq_586,fpq,1
qwen,premise_review,fpq_59,fpq,1
qwen,premise_review,fpq_593,fpq,1
qwen,premise_review,fpq_595,fpq,1
qwen,premise_review,fpq_596,fpq,1
qwen,premise_review,fpq_598,fpq,1
qwen,premise_review,fpq_6,fpq,2
qwen,premise_review,fpq_60,fpq,4
qwen,premise_review,fpq_600,fpq,2
qwen,premise_review,fpq_601,fpq,5
qwen,premise_review,fpq_603,fpq,1
qwen,premise_review,fpq_604,fpq,1
qwen,premise_review,fpq_606,fpq,1
qwen,premise_review,fpq_607,fpq,1
qwen,premise_review,fpq_608,fpq,1
qwen,premise_review,fpq_609,fpq,1
qwen,premise_review,fpq_61,fpq,2
qwen,premise_review,fpq_610,fpq,1
qwen,premise_review,fpq_611,fpq,5
qwen,premise_review,fpq_612,fpq,1
qwen,premise_review,fpq_613,fpq,2
qwen,premise_review,fpq_614,fpq,3
qwen,premise_review,fpq_615,fpq,1
qwen,premise_review,fpq_616,fpq,2
qwen,premise_review,fpq_617,fpq,1
qwen,premise_review,fpq_618,fpq,1
qwen,premise_review,fpq_619,fpq,1
qwen,premise_review,fpq_62,fpq,2
qwen,premise_review,fpq_620,fpq,1
qwen,premise_review,fpq_621,fpq,1
qwen,premise_review,fpq_622,fpq,4
qwen,premise_review,fpq_623,fpq,2
qwen,premise_review,fpq_624,fpq,1
qwen,premise_review,fpq_625,fpq,3
qwen,premise_review,fpq_626,fpq,1
qwen,premise_review,fpq_628,fpq,1
qwen,premise_review,fpq_629,fpq,1
qwen,premise_review,fpq_63,fpq,3
qwen,premise_review,fpq_630,fpq,1
qwen,premise_review,fpq_631,fpq,4
qwen,premise_review,fpq_632,fpq,3
qwen,premise_review,fpq_633,fpq,2
qwen,premise_review,fpq_634,fpq,1
qwen,premise_review,fpq_635,fpq,1
qwen,premise_review,fpq_636,fpq,1
qwen,premise_review,fpq_638,fpq,5
qwen,premise_review,fpq_639,fpq,1
qwen,premise_review,fpq_64,fpq,1
qwen,premise_review,fpq_640,fpq,1
qwen,premise_review,fpq_641,fpq,1
qwen,premise_review,fpq_643,fpq,1
qwen,premise_review,fpq_644,fpq,1
qwen,premise_review,fpq_645,fpq,5
qwen,premise_review,fpq_646,fpq,1
qwen,premise_review,fpq_647,fpq,1
qwen,premise_review,fpq_649,fpq,1
qwen,premise_review,fpq_65,fpq,2
qwen,premise_review,fpq_650,fpq,1
qwen,premise_review,fpq_652,fpq,1
qwen,premise_review,fpq_653,fpq,2
qwen,premise_review,fpq_654,fpq,1
qwen,premise_review,fpq_655,fpq,1
qwen,premise_review,fpq_657,fpq,2
qwen,premise_review,fpq_659,fpq,1
qwen,premise_review,fpq_66,fpq,1
qwen,premise_review,fpq_661,fpq,1
qwen,premise_review,fpq_662,fpq,1
qwen,premise_review,fpq_663,fpq,1
qwen,premise_review,fpq_666,fpq,2
qwen,premise_review,fpq_669,fpq,1
qwen,premise_review,fpq_67,fpq,1
qwen,premise_review,fpq_671,fpq,1
qwen,premise_review,fpq_675,fpq,1
qwen,premise_review,fpq_676,fpq,1
qwen,premise_review,fpq_677,fpq,4
qwen,premise_review,fpq_678,fpq,1
qwen,premise_review,fpq_68,fpq,1
qwen,premise_review,fpq_682,fpq,1
qwen,premise_review,fpq_685,fpq,1
qwen,premise_review,fpq_687,fpq,1
qwen,premise_review,fpq_689,fpq,1
qwen,premise_review,fpq_69,fpq,1
qwen,premise_review,fpq_690,fpq,1
qwen,premise_review,fpq_691,fpq,1
qwen,premise_review,fpq_692,fpq,1
qwen,premise_review,fpq_694,fpq,4
qwen,premise_review,fpq_695,fpq,4
qwen,premise_review,fpq_696,fpq,4
qwen,premise_review,fpq_697,fpq,5
qwen,premise_review,fpq_699,fpq,1
qwen,premise_review,fpq_7,fpq,1
qwen,premise_review,fpq_70,fpq,1
qwen,premise_review,fpq_702,fpq,1
qwen,premise_review,fpq_703,fpq,5
qwen,premise_review,fpq_704,fpq,1
qwen,premise_review,fpq_705,fpq,2
qwen,premise_review,fpq_706,fpq,2
qwen,premise_review,fpq_71,fpq,2
qwen,premise_review,fpq_712,fpq,1
qwen,premise_review,fpq_713,fpq,1
qwen,premise_review,fpq_72,fpq,1
qwen,premise_review,fpq_721,fpq,3
qwen,premise_review,fpq_722,fpq,1
qwen,premise_review,fpq_723,fpq,2
qwen,premise_review,fpq_724,fpq,1
qwen,premise_review,fpq_725,fpq,1
qwen,premise_review,fpq_726,fpq,1
qwen,premise_review,fpq_727,fpq,4
qwen,premise_review,fpq_728,fpq,1
qwen,premise_review,fpq_729,fpq,1
qwen,premise_review,fpq_73,fpq,1
qwen,premise_review,fpq_730,fpq,1
qwen,premise_review,fpq_735,fpq,4
qwen,premise_review,fpq_736,fpq,1
qwen,premise_review,fpq_738,fpq,1
qwen,premise_review,fpq_739,fpq,4
qwen,premise_review,fpq_74,fpq,4
qwen,premise_review,fpq_740,fpq,2
qwen,premise_review,fpq_741,fpq,1
qwen,premise_review,fpq_743,fpq,1
qwen,premise_review,fpq_744,fpq,1
qwen,premise_review,fpq_745,fpq,2
qwen,premise_review,fpq_746,fpq,1
qwen,premise_review,fpq_747,fpq,4
qwen,premise_review,fpq_749,fpq,2
qwen,premise_review,fpq_75,fpq,1
qwen,premise_review,fpq_750,fpq,1
qwen,premise_review,fpq_751,fpq,4
qwen,premise_review,fpq_753,fpq,2
qwen,premise_review,fpq_754,fpq,1
qwen,premise_review,fpq_755,fpq,1
qwen,premise_review,fpq_76,fpq,1
qwen,premise_review,fpq_761,fpq,3
qwen,premise_review,fpq_762,fpq,1
qwen,premise_review,fpq_763,fpq,1
qwen,premise_review,fpq_764,fpq,1
qwen,premise_review,fpq_77,fpq,1
qwen,premise_review,fpq_771,fpq,1
qwen,premise_review,fpq_772,fpq,1
qwen,premise_review,fpq_773,fpq,2
qwen,premise_review,fpq_774,fpq,1
qwen,premise_review,fpq_775,fpq,1
qwen,premise_review,fpq_776,fpq,4
qwen,premise_review,fpq_777,fpq,1
qwen,premise_review,fpq_778,fpq,1
qwen,premise_review,fpq_78,fpq,1
qwen,premise_review,fpq_780,fpq,1
qwen,premise_review,fpq_781,fpq,1
qwen,premise_review,fpq_789,fpq,1
qwen,premise_review,fpq_794,fpq,1
qwen,premise_review,fpq_797,fpq,1
qwen,premise_review,fpq_798,fpq,1
qwen,premise_review,fpq_799,fpq,1
qwen,premise_review,fpq_8,fpq,1
qwen,premise_review,fpq_80,fpq,1
qwen,premise_review,fpq_801,fpq,1
qwen,premise_review,fpq_802,fpq,1
qwen,premise_review,fpq_804,fpq,1
qwen,premise_review,fpq_805,fpq,1
qwen,premise_review,fpq_806,fpq,1
qwen,premise_review,fpq_807,fpq,1
qwen,premise_review,fpq_808,fpq,1
qwen,premise_review,fpq_81,fpq,1
qwen,premise_review,fpq_813,fpq,1
qwen,premise_review,fpq_814,fpq,1
qwen,premise_review,fpq_817,fpq,2
qwen,premise_review,fpq_818,fpq,2
qwen,premise_review,fpq_82,fpq,1
qwen,premise_review,fpq_820,fpq,1
qwen,premise_review,fpq_823,fpq,1
qwen,premise_review,fpq_824,fpq,1
qwen,premise_review,fpq_827,fpq,4
qwen,premise_review,fpq_828,fpq,1
qwen,premise_review,fpq_829,fpq,2
qwen,premise_review,fpq_830,fpq,4
qwen,premise_review,fpq_831,fpq,2
qwen,premise_review,fpq_832,fpq,1
qwen,premise_review,fpq_833,fpq,1
qwen,premise_review,fpq_834,fpq,4
qwen,premise_review,fpq_835,fpq,1
qwen,premise_review,fpq_836,fpq,2
qwen,premise_review,fpq_837,fpq,1
qwen,premise_review,fpq_838,fpq,1
qwen,premise_review,fpq_839,fpq,1
qwen,premise_review,fpq_84,fpq,1
qwen,premise_review,fpq_840,fpq,1
qwen,premise_review,fpq_844,fpq,5
qwen,premise_review,fpq_846,fpq,2
qwen,premise_review,fpq_847,fpq,2
qwen,premise_review,fpq_848,fpq,1
qwen,premise_review,fpq_849,fpq,2
qwen,premise_review,fpq_85,fpq,1
qwen,premise_review,fpq_850,fpq,1
qwen,premise_review,fpq_851,fpq,4
qwen,premise_review,fpq_852,fpq,1
qwen,premise_review,fpq_854,fpq,1
qwen,premise_review,fpq_855,fpq,1
qwen,premise_review,fpq_858,fpq,1
qwen,premise_review,fpq_859,fpq,1
qwen,premise_review,fpq_860,fpq,1
qwen,premise_review,fpq_861,fpq,2
qwen,premise_review,fpq_862,fpq,2
qwen,premise_review,fpq_863,fpq,4
qwen,premise_review,fpq_864,fpq,1
qwen,premise_review,fpq_865,fpq,4
qwen,premise_review,fpq_866,fpq,1
qwen,premise_review,fpq_869,fpq,2
qwen,premise_review,fpq_87,fpq,4
qwen,premise_review,fpq_870,fpq,1
qwen,premise_review,fpq_871,fpq,1
qwen,premise_review,fpq_872,fpq,1
qwen,premise_review,fpq_88,fpq,4
qwen,premise_review,fpq_89,fpq,1
qwen,premise_review,fpq_9,fpq,1
qwen,premise_review,fpq_90,fpq,1
qwen,premise_review,fpq_91,fpq,1
qwen,premise_review,fpq_92,fpq,1
qwen,premise_review,fpq_94,fpq,1
qwen,premise_review,fpq_95,fpq,1
qwen,premise_review,fpq_96,fpq,1
qwen,premise_review,fpq_97,fpq,1
qwen,premise_review,fpq_98,fpq,1
qwen,premise_review,fpq_99,fpq,2
qwen,premise_review,nfp_1000,nfp,4
qwen,premise_review,nfp_1001,nfp,5
qwen,premise_review,nfp_1002,nfp,2
qwen,premise_review,nfp_1003,nfp,5
qwen,premise_review,nfp_1004,nfp,5
qwen,premise_review,nfp_1005,nfp,5
qwen,premise_review,nfp_1006,nfp,5
qwen,premise_review,nfp_1008,nfp,4
qwen,premise_review,nfp_1009,nfp,4
qwen,premise_review,nfp_1010,nfp,5
qwen,premise_review,nfp_1011,nfp,5
qwen,premise_review,nfp_1012,nfp,5
qwen,premise_review,nfp_1013,nfp,5
qwen,premise_review,nfp_1014,nfp,4
qwen,premise_review,nfp_1015,nfp,4
qwen,premise_review,nfp_1016,nfp,5
qwen,premise_review,nfp_1017,nfp,5
qwen,premise_review,nfp_1018,nfp,5
qwen,premise_review,nfp_1019,nfp,4
qwen,premise_review,nfp_1020,nfp,5
qwen,premise_review,nfp_1021,nfp,4
qwen,premise_review,nfp_1022,nfp,5
qwen,premise_review,nfp_1023,nfp,2
qwen,premise_review,nfp_1024,nfp,4
qwen,premise_review,nfp_1025,nfp,4
qwen,premise_review,nfp_1026,nfp,4
qwen,premise_review,nfp_1027,nfp,4
qwen,premise_review,nfp_1028,nfp,5
qwen,premise_review,nfp_1029,nfp,5
qwen,premise_review,nfp_1030,nfp,4
qwen,premise_review,nfp_1031,nfp,5
qwen,premise_review,nfp_1032,nfp,5
qwen,premise_review,nfp_1033,nfp,5
qwen,premise_review,nfp_1034,nfp,5
qwen,premise_review,nfp_1035,nfp,5
qwen,premise_review,nfp_1036,nfp,5
qwen,premise_review,nfp_1037,nfp,1
qwen,premise_review,nfp_1038,nfp,5
qwen,premise_review,nfp_1039,nfp,5
qwen,premise_review,nfp_1040,nfp,5
qwen,premise_review,nfp_1041,nfp,5
qwen,premise_review,nfp_1042,nfp,5
qwen,premise_review,nfp_1043,nfp,5
qwen,premise_review,nfp_1044,nfp,5
qwen,premise_review,nfp_1045,nfp,5
qwen,premise_review,nfp_1046,nfp,5
qwen,premise_review,nfp_1047,nfp,4
qwen,premise_review,nfp_1048,nfp,4
qwen,premise_review,nfp_1049,nfp,5
qwen,premise_review,nfp_1050,nfp,5
qwen,premise_review,nfp_1051,nfp,5
qwen,premise_review,nfp_1052,nfp,5
qwen,premise_review,nfp_1053,nfp,5
qwen,premise_review,nfp_1054,nfp,4
qwen,premise_review,nfp_1055,nfp,5
qwen,premise_review,nfp_1056,nfp,5
qwen,premise_review,nfp_1057,nfp,5
qwen,premise_review,nfp_1058,nfp,5
qwen,premise_review,nfp_1059,nfp,5
qwen,premise_review,nfp_1060,nfp,5
qwen,premise_review,nfp_1061,nfp,5
qwen,premise_review,nfp_1062,nfp,5
qwen,premise_review,nfp_1063,nfp,5
qwen,premise_review,nfp_1064,nfp,5
qwen,premise_review,nfp_1065,nfp,5
qwen,premise_review,nfp_1066,nfp,5
qwen,premise_review,nfp_1067,nfp,5
qwen,premise_review,nfp_1068,nfp,4
qwen,premise_review,nfp_1069,nfp,5
qwen,premise_review,nfp_1070,nfp,5
qwen,premise_review,nfp_1071,nfp,5
qwen,premise_review,nfp_1072,nfp,5
qwen,premise_review,nfp_1073,nfp,4
qwen,premise_review,nfp_1074,nfp,5
qwen,premise_review,nfp_1075,nfp,5
qwen,premise_review,nfp_1076,nfp,5
qwen,premise_review,nfp_1077,nfp,4
qwen,premise_review,nfp_1078,nfp,5
qwen,premise_review,nfp_1079,nfp,5
qwen,premise_review,nfp_1080,nfp,5
qwen,premise_review,nfp_1081,nfp,4
qwen,premise_review,nfp_1082,nfp,5
qwen,premise_review,nfp_1083,nfp,4
qwen,premise_review,nfp_1084,nfp,5
qwen,premise_review,nfp_1085,nfp,4
qwen,premise_review,nfp_1086,nfp,5
qwen,premise_review,nfp_1087,nfp,5
qwen,premise_review,nfp_1088,nfp,4
qwen,premise_review,nfp_1089,nfp,4
qwen,premise_review,nfp_1090,nfp,5
qwen,premise_review,nfp_1091,nfp,2
qwen,premise_review,nfp_1092,nfp,4
qwen,premise_review,nfp_1093,nfp,5
qwen,premise_review,nfp_1094,nfp,5
qwen,premise_review,nfp_1095,nfp,5
qwen,premise_review,nfp_1096,nfp,5
qwen,premise_review,nfp_1097,nfp,5
qwen,premise_review,nfp_1098,nfp,4
qwen,premise_review,nfp_1099,nfp,5
qwen,premise_review,nfp_1100,nfp,5
qwen,premise_review,nfp_1101,nfp,4
qwen,premise_review,nfp_1102,nfp,4
qwen,premise_review,nfp_1103,nfp,5
qwen,premise_review,nfp_1104,nfp,5
qwen,premise_review,nfp_1105,nfp,5
qwen,premise_review,nfp_1106,nfp,5
qwen,premise_review,nfp_1107,nfp,2
qwen,premise_review,nfp_1108,nfp,2
qwen,premise_review,nfp_1109,nfp,5
qwen,premise_review,nfp_1110,nfp,5
qwen,premise_review,nfp_1111,nfp,5
qwen,premise_review,nfp_1112,nfp,4
qwen,premise_review,nfp_1113,nfp,4
qwen,premise_review,nfp_1114,nfp,4
qwen,premise_review,nfp_1115,nfp,5
qwen,premise_review,nfp_1116,nfp,5
qwen,premise_review,nfp_1117,nfp,4
qwen,premise_review,nfp_1118,nfp,5
qwen,premise_review,nfp_1119,nfp,4
qwen,premise_review,nfp_1120,nfp,5
qwen,premise_review,nfp_1121,nfp,5
qwen,premise_review,nfp_1122,nfp,2
qwen,premise_review,nfp_1123,nfp,5
qwen,premise_review,nfp_1124,nfp,5
qwen,premise_review,nfp_1125,nfp,5
qwen,premise_review,nfp_1126,nfp,5
qwen,premise_review,nfp_1127,nfp,4
qwen,premise_review,nfp_1128,nfp,5
qwen,premise_review,nfp_1129,nfp,5
qwen,premise_review,nfp_1130,nfp,5
qwen,premise_review,nfp_1131,nfp,4
qwen,premise_review,nfp_1132,nfp,5
qwen,premise_review,nfp_1133,nfp,4
qwen,premise_review,nfp_1134,nfp,4
qwen,premise_review,nfp_1135,nfp,5
qwen,premise_review,nfp_1136,nfp,5
qwen,premise_review,nfp_1137,nfp,5
qwen,premise_review,nfp_1138,nfp,5
qwen,premise_review,nfp_1139,nfp,5
qwen,premise_review,nfp_1140,nfp,4
qwen,premise_review,nfp_1141,nfp,5
qwen,premise_review,nfp_1142,nfp,1
qwen,premise_review,nfp_1143,nfp,4
qwen,premise_review,nfp_1144,nfp,4
qwen,premise_review,nfp_1145,nfp,5
qwen,premise_review,nfp_1146,nfp,5
qwen,premise_review,nfp_1147,nfp,5
qwen,premise_review,nfp_1148,nfp,5
qwen,premise_review,nfp_1149,nfp,5
qwen,zero_shot_cot,fpq_0,fpq,2
qwen,zero_shot_cot,fpq_10,fpq,1
qwen,zero_shot_cot,fpq_100,fpq,1
qwen,zero_shot_cot,fpq_101,fpq,1
qwen,zero_shot_cot,fpq_102,fpq,1
qwen,zero_shot_cot,fpq_103,fpq,1
qwen,zero_shot_cot,fpq_105,fpq,1
qwen,zero_shot_cot,fpq_106,fpq,1
qwen,zero_shot_cot,fpq_107,fpq,1
qwen,zero_shot_cot,fpq_108,fpq,1
qwen,zero_shot_cot,fpq_109,fpq,1
qwen,zero_shot_cot,fpq_11,fpq,1
qwen,zero_shot_cot,fpq_110,fpq,1
qwen,zero_shot_cot,fpq_111,fpq,1
qwen,zero_shot_cot,fpq_112,fpq,1
qwen,zero_shot_cot,fpq_113,fpq,1
qwen,zero_shot_cot,fpq_114,fpq,1
qwen,zero_shot_cot,fpq_115,fpq,1
qwen,zero_shot_cot,fpq_116,fpq,1
qwen,zero_shot_cot,fpq_12,fpq,1
qwen,zero_shot_cot,fpq_120,fpq,1
qwen,zero_shot_cot,fpq_121,fpq,1
qwen,zero_shot_cot,fpq_122,fpq,1
qwen,zero_shot_cot,fpq_123,fpq,1
qwen,zero_shot_cot,fpq_124,fpq,1
qwen,zero_shot_cot,fpq_125,fpq,1
qwen,zero_shot_cot,fpq_126,fpq,1
qwen,zero_shot_cot,fpq_127,fpq,1
qwen,zero_shot_cot,fpq_128,fpq,1
qwen,zero_shot_cot,fpq_129,fpq,1
qwen,zero_shot_cot,fpq_13,fpq,1
qwen,zero_shot_cot,fpq_130,fpq,1
qwen,zero_shot_cot,fpq_131,fpq,1
qwen,zero_shot_cot,fpq_133,fpq,1
qwen,zero_shot_cot,fpq_134,fpq,1
qwen,zero_shot_cot,fpq_135,fpq,1
qwen,zero_shot_cot,fpq_136,fpq,1
qwen,zero_shot_cot,fpq_137,fpq,1
qwen,zero_shot_cot,fpq_138,fpq,1
qwen,zero_shot_cot,fpq_139,fpq,1
qwen,zero_shot_cot,fpq_14,fpq,1
qwen,zero_shot_cot,fpq_140,fpq,1
qwen,zero_shot_cot,fpq_141,fpq,1
qwen,zero_shot_cot,fpq_142,fpq,2
qwen,zero_shot_cot,fpq_143,fpq,1
qwen,zero_shot_cot,fpq_144,fpq,1
qwen,zero_shot_cot,fpq_145,fpq,1
qwen,zero_shot_cot,fpq_146,fpq,1
qwen,zero_shot_cot,fpq_147,fpq,1
qwen,zero_shot_cot,fpq_148,fpq,1
qwen,zero_shot_cot,fpq_149,fpq,1
qwen,zero_shot_cot,fpq_15,fpq,1
qwen,zero_shot_cot,fpq_152,fpq,1
qwen,zero_shot_cot,fpq_153,fpq,1
qwen,zero_shot_cot,fpq_155,fpq,1
qwen,zero_shot_cot,fpq_156,fpq,2
qwen,zero_shot_cot,fpq_157,fpq,1
qwen,zero_shot_cot,fpq_158,fpq,1
qwen,zero_shot_cot,fpq_159,fpq,1
qwen,zero_shot_cot,fpq_16,fpq,1
qwen,zero_shot_cot,fpq_160,fpq,1
qwen,zero_shot_cot,fpq_163,fpq,1
qwen,zero_shot_cot,fpq_164,fpq,1
qwen,zero_shot_cot,fpq_165,fpq,1
qwen,zero_shot_cot,fpq_166,fpq,1
qwen,zero_shot_cot,fpq_167,fpq,1
qwen,zero_shot_cot,fpq_168,fpq,1
qwen,zero_shot_cot,fpq_169,fpq,2
qwen,zero_shot_cot,fpq_17,fpq,1
qwen,zero_shot_cot,fpq_170,fpq,1
qwen,zero_shot_cot,fpq_173,fpq,1
qwen,zero_shot_cot,fpq_174,fpq,1
qwen,zero_shot_cot,fpq_175,fpq,1
qwen,zero_shot_cot,fpq_176,fpq,1
qwen,zero_shot_cot,fpq_177,fpq,1
qwen,zero_shot_cot,fpq_178,fpq,1
qwen,zero_shot_cot,fpq_179,fpq,1
qwen,zero_shot_cot,fpq_18,fpq,1
qwen,zero_shot_cot,fpq_180,fpq,1
qwen,zero_shot_cot,fpq_181,fpq,2
qwen,zero_shot_cot,fpq_182,fpq,1
qwen,zero_shot_cot,fpq_184,fpq,1
qwen,zero_shot_cot,fpq_185,fpq,1
qwen,zero_shot_cot,fpq_186,fpq,1
qwen,zero_shot_cot,fpq_188,fpq,1
qwen,zero_shot_cot,fpq_189,fpq,1
qwen,zero_shot_cot,fpq_19,fpq,1
qwen,zero_shot_cot,fpq_190,fpq,2
qwen,zero_shot_cot,fpq_191,fpq,1
qwen,zero_shot_cot,fpq_192,fpq,1
qwen,zero_shot_cot,fpq_193,fpq,1
qwen,zero_shot_cot,fpq_194,fpq,1
qwen,zero_shot_cot,fpq_195,fpq,1
qwen,zero_shot_cot,fpq_196,fpq,1
qwen,zero_shot_cot,fpq_197,fpq,1
qwen,zero_shot_cot,fpq_198,fpq,1
qwen,zero_shot_cot,fpq_2,fpq,1
qwen,zero_shot_cot,fpq_20,fpq,1
qwen,zero_shot_cot,fpq_200,fpq,1
qwen,zero_shot_cot,fpq_201,fpq,1
qwen,zero_shot_cot,fpq_202,fpq,1
qwen,zero_shot_cot,fpq_204,fpq,1
qwen,zero_shot_cot,fpq_205,fpq,1
qwen,zero_shot_cot,fpq_206,fpq,1
qwen,zero_shot_cot,fpq_207,fpq,1
qwen,zero_shot_cot,fpq_208,fpq,1
qwen,zero_shot_cot,fpq_21,fpq,1
qwen,zero_shot_cot,fpq_216,fpq,1
qwen,zero_shot_cot,fpq_217,fpq,1
qwen,zero_shot_cot,fpq_218,fpq,1
qwen,zero_shot_cot,fpq_219,fpq,1
qwen,zero_shot_cot,fpq_22,fpq,2
qwen,zero_shot_cot,fpq_220,fpq,1
qwen,zero_shot_cot,fpq_221,fpq,1
qwen,zero_shot_cot,fpq_222,fpq,1
qwen,zero_shot_cot,fpq_223,fpq,1
qwen,zero_shot_cot,fpq_224,fpq,1
qwen,zero_shot_cot,fpq_225,fpq,1
qwen,zero_shot_cot,fpq_226,fpq,1
qwen,zero_shot_cot,fpq_227,fpq,1
qwen,zero_shot_cot,fpq_228,fpq,1
qwen,zero_shot_cot,fpq_229,fpq,1
qwen,zero_shot_cot,fpq_23,fpq,1
qwen,zero_shot_cot,fpq_230,fpq,1
qwen,zero_shot_cot,fpq_231,fpq,1
qwen,zero_shot_cot,fpq_232,fpq,1
qwen,zero_shot_cot,fpq_233,fpq,1
qwen,zero_shot_cot,fpq_234,fpq,1
qwen,zero_shot_cot,fpq_236,fpq,1
qwen,zero_shot_cot,fpq_237,fpq,1
qwen,zero_shot_cot,fpq_238,fpq,1
qwen,zero_shot_cot,fpq_239,fpq,1
qwen,zero_shot_cot,fpq_24,fpq,1
qwen,zero_shot_cot,fpq_240,fpq,1
qwen,zero_shot_cot,fpq_241,fpq,1
qwen,zero_shot_cot,fpq_244,fpq,1
qwen,zero_shot_cot,fpq_245,fpq,1
qwen,zero_shot_cot,fpq_246,fpq,1
qwen,zero_shot_cot,fpq_247,fpq,1
qwen,zero_shot_cot,fpq_248,fpq,1
qwen,zero_shot_cot,fpq_249,fpq,1
qwen,zero_shot_cot,fpq_25,fpq,1
qwen,zero_shot_cot,fpq_250,fpq,1
qwen,zero_shot_cot,fpq_251,fpq,1
qwen,zero_shot_cot,fpq_252,fpq,2
qwen,zero_shot_cot,fpq_253,fpq,1
qwen,zero_shot_cot,fpq_254,fpq,1
qwen,zero_shot_cot,fpq_255,fpq,1
qwen,zero_shot_cot,fpq_256,fpq,1
qwen,zero_shot_cot,fpq_257,fpq,1
qwen,zero_shot_cot,fpq_258,fpq,1
qwen,zero_shot_cot,fpq_259,fpq,1
qwen,zero_shot_cot,fpq_26,fpq,1
qwen,zero_shot_cot,fpq_260,fpq,1
qwen,zero_shot_cot,fpq_261,fpq,1
qwen,zero_shot_cot,fpq_262,fpq,1
qwen,zero_shot_cot,fpq_263,fpq,2
qwen,zero_shot_cot,fpq_264,fpq,1
qwen,zero_shot_cot,fpq_265,fpq,1
qwen,zero_shot_cot,fpq_266,fpq,1
qwen,zero_shot_cot,fpq_267,fpq,1
qwen,zero_shot_cot,fpq_268,fpq,1
qwen,zero_shot_cot,fpq_269,fpq,1
qwen,zero_shot_cot,fpq_27,fpq,1
qwen,zero_shot_cot,fpq_270,fpq,1
qwen,zero_shot_cot,fpq_271,fpq,1
qwen,zero_shot_cot,fpq_272,fpq,2
qwen,zero_shot_cot,fpq_273,fpq,2
qwen,zero_shot_cot,fpq_274,fpq,1
qwen,zero_shot_cot,fpq_275,fpq,1
qwen,zero_shot_cot,fpq_276,fpq,1
qwen,zero_shot_cot,fpq_277,fpq,1
qwen,zero_shot_cot,fpq_278,fpq,1
qwen,zero_shot_cot,fpq_279,fpq,1
qwen,zero_shot_cot,fpq_28,fpq,1
qwen,zero_shot_cot,fpq_283,fpq,1
qwen,zero_shot_cot,fpq_285,fpq,1
qwen,zero_shot_cot,fpq_286,fpq,1
qwen,zero_shot_cot,fpq_287,fpq,1
qwen,zero_shot_cot,fpq_288,fpq,1
qwen,zero_shot_cot,fpq_289,fpq,1
qwen,zero_shot_cot,fpq_29,fpq,1
qwen,zero_shot_cot,fpq_290,fpq,1
qwen,zero_shot_cot,fpq_291,fpq,1
qwen,zero_shot_cot,fpq_292,fpq,1
qwen,zero_shot_cot,fpq_293,fpq,1
qwen,zero_shot_cot,fpq_294,fpq,1
qwen,zero_shot_cot,fpq_295,fpq,1
qwen,zero_shot_cot,fpq_296,fpq,1
qwen,zero_shot_cot,fpq_297,fpq,1
qwen,zero_shot_cot,fpq_3,fpq,1
qwen,zero_shot_cot,fpq_30,fpq,1
qwen,zero_shot_cot,fpq_302,fpq,1
qwen,zero_shot_cot,fpq_303,fpq,1
qwen,zero_shot_cot,fpq_304,fpq,1
qwen,zero_shot_cot,fpq_305,fpq,1
qwen,zero_shot_cot,fpq_306,fpq,1
qwen,zero_shot_cot,fpq_307,fpq,1
qwen,zero_shot_cot,fpq_308,fpq,2
qwen,zero_shot_cot,fpq_309,fpq,1
qwen,zero_shot_cot,fpq_31,fpq,1
qwen,zero_shot_cot,fpq_311,fpq,1
qwen,zero_shot_cot,fpq_312,fpq,1
qwen,zero_shot_cot,fpq_313,fpq,1
qwen,zero_shot_cot,fpq_314,fpq,1
qwen,zero_shot_cot,fpq_315,fpq,1
qwen,zero_shot_cot,fpq_316,fpq,1
qwen,zero_shot_cot,fpq_317,fpq,1
qwen,zero_shot_cot,fpq_318,fpq,1
qwen,zero_shot_cot,fpq_319,fpq,1
qwen,zero_shot_cot,fpq_32,fpq,1
qwen,zero_shot_cot,fpq_320,fpq,1
qwen,zero_shot_cot,fpq_321,fpq,1
qwen,zero_shot_cot,fpq_325,fpq,2
qwen,zero_shot_cot,fpq_326,fpq,1
qwen,zero_shot_cot,fpq_327,fpq,1
qwen,zero_shot_cot,fpq_33,fpq,1
qwen,zero_shot_cot,fpq_336,fpq,1
qwen,zero_shot_cot,fpq_34,fpq,1
qwen,zero_shot_cot,fpq_342,fpq,1
qwen,zero_shot_cot,fpq_343,fpq,1
qwen,zero_shot_cot,fpq_344,fpq,1
qwen,zero_shot_cot,fpq_348,fpq,1
qwen,zero_shot_cot,fpq_35,fpq,1
qwen,zero_shot_cot,fpq_350,fpq,1
qwen,zero_shot_cot,fpq_353,fpq,2
qwen,zero_shot_cot,fpq_354,fpq,1
qwen,zero_shot_cot,fpq_357,fpq,1
qwen,zero_shot_cot,fpq_358,fpq,1
qwen,zero_shot_cot,fpq_359,fpq,1
qwen,zero_shot_cot,fpq_36,fpq,1
qwen,zero_shot_cot,fpq_361,fpq,1
qwen,zero_shot_cot,fpq_362,fpq,1
qwen,zero_shot_cot,fpq_366,fpq,1
qwen,zero_shot_cot,fpq_368,fpq,1
qwen,zero_shot_cot,fpq_37,fpq,1
qwen,zero_shot_cot,fpq_376,fpq,1
qwen,zero_shot_cot,fpq_378,fpq,1
qwen,zero_shot_cot,fpq_379,fpq,1
qwen,zero_shot_cot,fpq_38,fpq,1
qwen,zero_shot_cot,fpq_380,fpq,1
qwen,zero_shot_cot,fpq_383,fpq,1
qwen,zero_shot_cot,fpq_385,fpq,1
qwen,zero_shot_cot,fpq_386,fpq,1
qwen,zero_shot_cot,fpq_387,fpq,1
qwen,zero_shot_cot,fpq_388,fpq,1
qwen,zero_shot_cot,fpq_389,fpq,1
qwen,zero_shot_cot,fpq_39,fpq,1
qwen,zero_shot_cot,fpq_390,fpq,1
qwen,zero_shot_cot,fpq_391,fpq,2
qwen,zero_shot_cot,fpq_392,fpq,1
qwen,zero_shot_cot,fpq_394,fpq,1
qwen,zero_shot_cot,fpq_395,fpq,1
qwen,zero_shot_cot,fpq_396,fpq,1
qwen,zero_shot_cot,fpq_397,fpq,1
qwen,zero_shot_cot,fpq_398,fpq,1
qwen,zero_shot_cot,fpq_399,fpq,1
qwen,zero_shot_cot,fpq_4,fpq,1
qwen,zero_shot_cot,fpq_40,fpq,1
qwen,zero_shot_cot,fpq_400,fpq,1
qwen,zero_shot_cot,fpq_403,fpq,1
qwen,zero_shot_cot,fpq_405,fpq,1
qwen,zero_shot_cot,fpq_407,fpq,1
qwen,zero_shot_cot,fpq_408,fpq,1
qwen,zero_shot_cot,fpq_41,fpq,1
qwen,zero_shot_cot,fpq_415,fpq,1
qwen,zero_shot_cot,fpq_416,fpq,1
qwen,zero_shot_cot,fpq_417,fpq,1
qwen,zero_shot_cot,fpq_42,fpq,1
qwen,zero_shot_cot,fpq_420,fpq,1
qwen,zero_shot_cot,fpq_421,fpq,1
qwen,zero_shot_cot,fpq_422,fpq,4
qwen,zero_shot_cot,fpq_423,fpq,1
qwen,zero_shot_cot,fpq_425,fpq,1
qwen,zero_shot_cot,fpq_426,fpq,2
qwen,zero_shot_cot,fpq_428,fpq,1
qwen,zero_shot_cot,fpq_429,fpq,1
qwen,zero_shot_cot,fpq_43,fpq,1
qwen,zero_shot_cot,fpq_434,fpq,1
qwen,zero_shot_cot,fpq_436,fpq,2
qwen,zero_shot_cot,fpq_438,fpq,1
qwen,zero_shot_cot,fpq_439,fpq,1
qwen,zero_shot_cot,fpq_44,fpq,1
qwen,zero_shot_cot,fpq_443,fpq,1
qwen,zero_shot_cot,fpq_445,fpq,2
qwen,zero_shot_cot,fpq_446,fpq,1
qwen,zero_shot_cot,fpq_45,fpq,1
qwen,zero_shot_cot,fpq_459,fpq,1
qwen,zero_shot_cot,fpq_46,fpq,1
qwen,zero_shot_cot,fpq_460,fpq,1
qwen,zero_shot_cot,fpq_462,fpq,1
qwen,zero_shot_cot,fpq_467,fpq,1
qwen,zero_shot_cot,fpq_47,fpq,1
qwen,zero_shot_cot,fpq_472,fpq,1
qwen,zero_shot_cot,fpq_473,fpq,1
qwen,zero_shot_cot,fpq_474,fpq,1
qwen,zero_shot_cot,fpq_477,fpq,1
qwen,zero_shot_cot,fpq_479,fpq,1
qwen,zero_shot_cot,fpq_48,fpq,1
qwen,zero_shot_cot,fpq_484,fpq,1
qwen,zero_shot_cot,fpq_485,fpq,1
qwen,zero_shot_cot,fpq_487,fpq,2
qwen,zero_shot_cot,fpq_488,fpq,1
qwen,zero_shot_cot,fpq_49,fpq,1
qwen,zero_shot_cot,fpq_492,fpq,1
qwen,zero_shot_cot,fpq_493,fpq,1
qwen,zero_shot_cot,fpq_494,fpq,1
qwen,zero_shot_cot,fpq_495,fpq,5
qwen,zero_shot_cot,fpq_497,fpq,1
qwen,zero_shot_cot,fpq_499,fpq,1
qwen,zero_shot_cot,fpq_5,fpq,1
qwen,zero_shot_cot,fpq_50,fpq,1
qwen,zero_shot_cot,fpq_500,fpq,1
qwen,zero_shot_cot,fpq_501,fpq,1
qwen,zero_shot_cot,fpq_502,fpq,1
qwen,zero_shot_cot,fpq_505,fpq,1
qwen,zero_shot_cot,fpq_506,fpq,1
qwen,zero_shot_cot,fpq_507,fpq,1
qwen,zero_shot_cot,fpq_51,fpq,2
qwen,zero_shot_cot,fpq_512,fpq,2
qwen,zero_shot_cot,fpq_514,fpq,1
qwen,zero_shot_cot,fpq_516,fpq,1
qwen,zero_shot_cot,fpq_517,fpq,1
qwen,zero_shot_cot,fpq_52,fpq,1
qwen,zero_shot_cot,fpq_521,fpq,1
qwen,zero_shot_cot,fpq_522,fpq,1
qwen,zero_shot_cot,fpq_524,fpq,1
qwen,zero_shot_cot,fpq_525,fpq,1
qwen,zero_shot_cot,fpq_53,fpq,1
qwen,zero_shot_cot,fpq_530,fpq,1
qwen,zero_shot_cot,fpq_531,fpq,1
qwen,zero_shot_cot,fpq_534,fpq,1
qwen,zero_shot_cot,fpq_535,fpq,1
qwen,zero_shot_cot,fpq_54,fpq,1
qwen,zero_shot_cot,fpq_542,fpq,1
qwen,zero_shot_cot,fpq_543,fpq,1
qwen,zero_shot_cot,fpq_546,fpq,1
qwen,zero_shot_cot,fpq_547,fpq,1
qwen,zero_shot_cot,fpq_549,fpq,1
qwen,zero_shot_cot,fpq_55,fpq,1
qwen,zero_shot_cot,fpq_550,fpq,1
qwen,zero_shot_cot,fpq_552,fpq,1
qwen,zero_shot_cot,fpq_556,fpq,1
qwen,zero_shot_cot,fpq_557,fpq,1
qwen,zero_shot_cot,fpq_558,fpq,5
qwen,zero_shot_cot,fpq_559,fpq,1
qwen,zero_shot_cot,fpq_56,fpq,1
qwen,zero_shot_cot,fpq_560,fpq,1
qwen,zero_shot_cot,fpq_563,fpq,1
qwen,zero_shot_cot,fpq_564,fpq,1
qwen,zero_shot_cot,fpq_565,fpq,1
qwen,zero_shot_cot,fpq_566,fpq,1
qwen,zero_shot_cot,fpq_57,fpq,1
qwen,zero_shot_cot,fpq_570,fpq,1
qwen,zero_shot_cot,fpq_572,fpq,1
qwen,zero_shot_cot,fpq_574,fpq,1
qwen,zero_shot_cot,fpq_58,fpq,1
qwen,zero_shot_cot,fpq_580,fpq,1
qwen,zero_shot_cot,fpq_583,fpq,1
qwen,zero_shot_cot,fpq_584,fpq,1
qwen,zero_shot_cot,fpq_586,fpq,1
qwen,zero_shot_cot,fpq_59,fpq,1
qwen,zero_shot_cot,fpq_593,fpq,1
qwen,zero_shot_cot,fpq_595,fpq,1
qwen,zero_shot_cot,fpq_596,fpq,1
qwen,zero_shot_cot,fpq_598,fpq,1
qwen,zero_shot_cot,fpq_6,fpq,1
qwen,zero_shot_cot,fpq_60,fpq,1
qwen,zero_shot_cot,fpq_600,fpq,1
qwen,zero_shot_cot,fpq_601,fpq,2
qwen,zero_shot_cot,fpq_603,fpq,1
qwen,zero_shot_cot,fpq_604,fpq,1
qwen,zero_shot_cot,fpq_606,fpq,1
qwen,zero_shot_cot,fpq_607,fpq,1
qwen,zero_shot_cot,fpq_608,fpq,1
qwen,zero_shot_cot,fpq_609,fpq,2
qwen,zero_shot_cot,fpq_61,fpq,1
qwen,zero_shot_cot,fpq_610,fpq,1
qwen,zero_shot_cot,fpq_611,fpq,1
qwen,zero_shot_cot,fpq_612,fpq,1
qwen,zero_shot_cot,fpq_613,fpq,1
qwen,zero_shot_cot,fpq_614,fpq,2
qwen,zero_shot_cot,fpq_615,fpq,1
qwen,zero_shot_cot,fpq_616,fpq,2
qwen,zero_shot_cot,fpq_617,fpq,1
qwen,zero_shot_cot,fpq_618,fpq,1
qwen,zero_shot_cot,fpq_619,fpq,1
qwen,zero_shot_cot,fpq_62,fpq,1
qwen,zero_shot_cot,fpq_620,fpq,1
qwen,zero_shot_cot,fpq_621,fpq,1
qwen,zero_shot_cot,fpq_622,fpq,1
qwen,zero_shot_cot,fpq_623,fpq,1
qwen,zero_shot_cot,fpq_624,fpq,1
qwen,zero_shot_cot,fpq_625,fpq,1
qwen,zero_shot_cot,fpq_626,fpq,1
qwen,zero_shot_cot,fpq_628,fpq,1
qwen,zero_shot_cot,fpq_629,fpq,1
qwen,zero_shot_cot,fpq_63,fpq,3
qwen,zero_shot_cot,fpq_630,fpq,1
qwen,zero_shot_cot,fpq_631,fpq,1
qwen,zero_shot_cot,fpq_633,fpq,1
qwen,zero_shot_cot,fpq_634,fpq,1
qwen,zero_shot_cot,fpq_635,fpq,1
qwen,zero_shot_cot,fpq_636,fpq,1
qwen,zero_shot_cot,fpq_638,fpq,1
qwen,zero_shot_cot,fpq_639,fpq,1
qwen,zero_shot_cot,fpq_64,fpq,1
qwen,zero_shot_cot,fpq_640,fpq,1
qwen,zero_shot_cot,fpq_641,fpq,1
qwen,zero_shot_cot,fpq_643,fpq,1
qwen,zero_shot_cot,fpq_644,fpq,1
qwen,zero_shot_cot,fpq_645,fpq,5
qwen,zero_shot_cot,fpq_646,fpq,1
qwen,zero_shot_cot,fpq_647,fpq,1
qwen,zero_shot_cot,fpq_649,fpq,1
qwen,zero_shot_cot,fpq_65,fpq,1
qwen,zero_shot_cot,fpq_650,fpq,1
qwen,zero_shot_cot,fpq_652,fpq,1
qwen,zero_shot_cot,fpq_653,fpq,1
qwen,zero_shot_cot,fpq_654,fpq,1
qwen,zero_shot_cot,fpq_655,fpq,1
qwen,zero_shot_cot,fpq_657,fpq,1
qwen,zero_shot_cot,fpq_659,fpq,1
qwen,zero_shot_cot,fpq_66,fpq,1
qwen,zero_shot_cot,fpq_661,fpq,1
qwen,zero_shot_cot,fpq_662,fpq,1
qwen,zero_shot_cot,fpq_663,fpq,1
qwen,zero_shot_cot,fpq_666,fpq,1
qwen,zero_shot_cot,fpq_669,fpq,1
qwen,zero_shot_cot,fpq_67,fpq,1
qwen,zero_shot_cot,fpq_671,fpq,1
qwen,zero_shot_cot,fpq_675,fpq,1
qwen,zero_shot_cot,fpq_676,fpq,1
qwen,zero_shot_cot,fpq_677,fpq,1
qwen,zero_shot_cot,fpq_678,fpq,1
qwen,zero_shot_cot,fpq_68,fpq,1
qwen,zero_shot_cot,fpq_682,fpq,1
qwen,zero_shot_cot,fpq_685,fpq,1
qwen,zero_shot_cot,fpq_687,fpq,1
qwen,zero_shot_cot,fpq_689,fpq,1
qwen,zero_shot_cot,fpq_69,fpq,1
qwen,zero_shot_cot,fpq_690,fpq,1
qwen,zero_shot_cot,fpq_691,fpq,1
qwen,zero_shot_cot,fpq_692,fpq,1
qwen,zero_shot_cot,fpq_694,fpq,1
qwen,zero_shot_cot,fpq_695,fpq,1
qwen,zero_shot_cot,fpq_696,fpq,1
qwen,zero_shot_cot,fpq_697,fpq,1
qwen,zero_shot_cot,fpq_699,fpq,1
qwen,zero_shot_cot,fpq_7,fpq,1
qwen,zero_shot_cot,fpq_70,fpq,1
qwen,zero_shot_cot,fpq_702,fpq,1
qwen,zero_shot_cot,fpq_703,fpq,1
qwen,zero_shot_cot,fpq_704,fpq,1
qwen,zero_shot_cot,fpq_705,fpq,1
qwen,zero_shot_cot,fpq_706,fpq,1
qwen,zero_shot_cot,fpq_71,fpq,1
qwen,zero_shot_cot,fpq_712,fpq,1
qwen,zero_shot_cot,fpq_713,fpq,1
qwen,zero_shot_cot,fpq_72,fpq,1
qwen,zero_shot_cot,fpq_721,fpq,1
qwen,zero_shot_cot,fpq_722,fpq,1
qwen,zero_shot_cot,fpq_723,fpq,1
qwen,zero_shot_cot,fpq_724,fpq,1
qwen,zero_shot_cot,fpq_725,fpq,1
qwen,zero_shot_cot,fpq_726,fpq,1
qwen,zero_shot_cot,fpq_727,fpq,1
qwen,zero_shot_cot,fpq_728,fpq,1
qwen,zero_shot_cot,fpq_729,fpq,1
qwen,zero_shot_cot,fpq_73,fpq,1
qwen,zero_shot_cot,fpq_730,fpq,1
qwen,zero_shot_cot,fpq_735,fpq,1
qwen,zero_shot_cot,fpq_736,fpq,1
qwen,zero_shot_cot,fpq_738,fpq,1
qwen,zero_shot_cot,fpq_739,fpq,1
qwen,zero_shot_cot,fpq_74,fpq,2
qwen,zero_shot_cot,fpq_740,fpq,1
qwen,zero_shot_cot,fpq_741,fpq,1
qwen,zero_shot_cot,fpq_743,fpq,1
qwen,zero_shot_cot,fpq_744,fpq,1
qwen,zero_shot_cot,fpq_745,fpq,2
qwen,zero_shot_cot,fpq_746,fpq,1
qwen,zero_shot_cot,fpq_747,fpq,1
qwen,zero_shot_cot,fpq_749,fpq,1
qwen,zero_shot_cot,fpq_75,fpq,1
qwen,zero_shot_cot,fpq_750,fpq,1
qwen,zero_shot_cot,fpq_751,fpq,1
qwen,zero_shot_cot,fpq_753,fpq,1
qwen,zero_shot_cot,fpq_754,fpq,1
qwen,zero_shot_cot,fpq_755,fpq,1
qwen,zero_shot_cot,fpq_76,fpq,1
qwen,zero_shot_cot,fpq_761,fpq,1
qwen,zero_shot_cot,fpq_762,fpq,1
qwen,zero_shot_cot,fpq_763,fpq,1
qwen,zero_shot_cot,fpq_764,fpq,1
qwen,zero_shot_cot,fpq_77,fpq,1
qwen,zero_shot_cot,fpq_771,fpq,1
qwen,zero_shot_cot,fpq_772,fpq,1
qwen,zero_shot_cot,fpq_773,fpq,1
qwen,zero_shot_cot,fpq_774,fpq,1
qwen,zero_shot_cot,fpq_775,fpq,2
qwen,zero_shot_cot,fpq_776,fpq,1
qwen,zero_shot_cot,fpq_777,fpq,1
qwen,zero_shot_cot,fpq_778,fpq,1
qwen,zero_shot_cot,fpq_78,fpq,1
qwen,zero_shot_cot,fpq_780,fpq,1
qwen,zero_shot_cot,fpq_781,fpq,1
qwen,zero_shot_cot,fpq_789,fpq,1
qwen,zero_shot_cot,fpq_794,fpq,1
qwen,zero_shot_cot,fpq_797,fpq,1
qwen,zero_shot_cot,fpq_798,fpq,1
qwen,zero_shot_cot,fpq_799,fpq,1
qwen,zero_shot_cot,fpq_8,fpq,1
qwen,zero_shot_cot,fpq_80,fpq,1
qwen,zero_shot_cot,fpq_801,fpq,1
qwen,zero_shot_cot,fpq_802,fpq,1
qwen,zero_shot_cot,fpq_804,fpq,1
qwen,zero_shot_cot,fpq_805,fpq,1
qwen,zero_shot_cot,fpq_806,fpq,1
qwen,zero_shot_cot,fpq_807,fpq,1
qwen,zero_shot_cot,fpq_808,fpq,1
qwen,zero_shot_cot,fpq_81,fpq,1
qwen,zero_shot_cot,fpq_813,fpq,1
qwen,zero_shot_cot,fpq_814,fpq,1
qwen,zero_shot_cot,fpq_817,fpq,1
qwen,zero_shot_cot,fpq_818,fpq,1
qwen,zero_shot_cot,fpq_82,fpq,1
qwen,zero_shot_cot,fpq_820,fpq,1
qwen,zero_shot_cot,fpq_823,fpq,1
qwen,zero_shot_cot,fpq_824,fpq,1
qwen,zero_shot_cot,fpq_827,fpq,1
qwen,zero_shot_cot,fpq_828,fpq,1
qwen,zero_shot_cot,fpq_829,fpq,1
qwen,zero_shot_cot,fpq_830,fpq,1
qwen,zero_shot_cot,fpq_831,fpq,1
qwen,zero_shot_cot,fpq_832,fpq,1
qwen,zero_shot_cot,fpq_833,fpq,2
qwen,zero_shot_cot,fpq_834,fpq,2
qwen,zero_shot_cot,fpq_835,fpq,1
qwen,zero_shot_cot,fpq_836,fpq,1
qwen,zero_shot_cot,fpq_837,fpq,1
qwen,zero_shot_cot,fpq_838,fpq,1
qwen,zero_shot_cot,fpq_839,fpq,1
qwen,zero_shot_cot,fpq_84,fpq,1
qwen,zero_shot_cot,fpq_840,fpq,1
qwen,zero_shot_cot,fpq_844,fpq,1
qwen,zero_shot_cot,fpq_846,fpq,1
qwen,zero_shot_cot,fpq_847,fpq,2
qwen,zero_shot_cot,fpq_848,fpq,1
qwen,zero_shot_cot,fpq_849,fpq,1
qwen,zero_shot_cot,fpq_85,fpq,1
qwen,zero_shot_cot,fpq_850,fpq,1
qwen,zero_shot_cot,fpq_851,fpq,1
qwen,zero_shot_cot,fpq_852,fpq,1
qwen,zero_shot_cot,fpq_854,fpq,1
qwen,zero_shot_cot,fpq_855,fpq,1
qwen,zero_shot_cot,fpq_858,fpq,1
qwen,zero_shot_cot,fpq_859,fpq,2
qwen,zero_shot_cot,fpq_860,fpq,1
qwen,zero_shot_cot,fpq_861,fpq,1
qwen,zero_shot_cot,fpq_862,fpq,1
qwen,zero_shot_cot,fpq_863,fpq,1
qwen,zero_shot_cot,fpq_864,fpq,1
qwen,zero_shot_cot,fpq_865,fpq,1
qwen,zero_shot_cot,fpq_866,fpq,1
qwen,zero_shot_cot,fpq_869,fpq,1
qwen,zero_shot_cot,fpq_87,fpq,1
qwen,zero_shot_cot,fpq_870,fpq,1
qwen,zero_shot_cot,fpq_871,fpq,1
qwen,zero_shot_cot,fpq_872,fpq,1
qwen,zero_shot_cot,fpq_88,fpq,1
qwen,zero_shot_cot,fpq_89,fpq,1
qwen,zero_shot_cot,fpq_9,fpq,1
qwen,zero_shot_cot,fpq_90,fpq,1
qwen,zero_shot_cot,fpq_91,fpq,1
qwen,zero_shot_cot,fpq_92,fpq,1
qwen,zero_shot_cot,fpq_94,fpq,1
qwen,zero_shot_cot,fpq_95,fpq,1
qwen,zero_shot_cot,fpq_96,fpq,1
qwen,zero_shot_cot,fpq_97,fpq,2
qwen,zero_shot_cot,fpq_98,fpq,1
qwen,zero_shot_cot,fpq_99,fpq,1
qwen,zero_shot_cot,nfp_1000,nfp,4
qwen,zero_shot_cot,nfp_1001,nfp,5
qwen,zero_shot_cot,nfp_1002,nfp,5
qwen,zero_shot_cot,nfp_1003,nfp,5
qwen,zero_shot_cot,nfp_1004,nfp,5
qwen,zero_shot_cot,nfp_1005,nfp,5
qwen,zero_shot_cot,nfp_1006,nfp,5
qwen,zero_shot_cot,nfp_1008,nfp,5
qwen,zero_shot_cot,nfp_1009,nfp,2
qwen,zero_shot_cot,nfp_1010,nfp,5
qwen,zero_shot_cot,nfp_1011,nfp,5
qwen,zero_shot_cot,nfp_1012,nfp,5
qwen,zero_shot_cot,nfp_1013,nfp,5
qwen,zero_shot_cot,nfp_1014,nfp,5
qwen,zero_shot_cot,nfp_1015,nfp,5
qwen,zero_shot_cot,nfp_1016,nfp,5
qwen,zero_shot_cot,nfp_1017,nfp,5
qwen,zero_shot_cot,nfp_1018,nfp,5
qwen,zero_shot_cot,nfp_1019,nfp,5
qwen,zero_shot_cot,nfp_1020,nfp,5
qwen,zero_shot_cot,nfp_1021,nfp,5
qwen,zero_shot_cot,nfp_1022,nfp,5
qwen,zero_shot_cot,nfp_1023,nfp,5
qwen,zero_shot_cot,nfp_1024,nfp,5
qwen,zero_shot_cot,nfp_1025,nfp,5
qwen,zero_shot_cot,nfp_1026,nfp,5
qwen,zero_shot_cot,nfp_1027,nfp,5
qwen,zero_shot_cot,nfp_1028,nfp,5
qwen,zero_shot_cot,nfp_1029,nfp,5
qwen,zero_shot_cot,nfp_1030,nfp,5
qwen,zero_shot_cot,nfp_1031,nfp,5
qwen,zero_shot_cot,nfp_1032,nfp,5
qwen,zero_shot_cot,nfp_1033,nfp,5
qwen,zero_shot_cot,nfp_1034,nfp,5
qwen,zero_shot_cot,nfp_1035,nfp,5
qwen,zero_shot_cot,nfp_1036,nfp,5
qwen,zero_shot_cot,nfp_1037,nfp,5
qwen,zero_shot_cot,nfp_1038,nfp,5
qwen,zero_shot_cot,nfp_1039,nfp,5
qwen,zero_shot_cot,nfp_1040,nfp,5
qwen,zero_shot_cot,nfp_1041,nfp,5
qwen,zero_shot_cot,nfp_1042,nfp,4
qwen,zero_shot_cot,nfp_1043,nfp,5
qwen,zero_shot_cot,nfp_1044,nfp,5
qwen,zero_shot_cot,nfp_1045,nfp,5
qwen,zero_shot_cot,nfp_1046,nfp,5
qwen,zero_shot_cot,nfp_1047,nfp,4
qwen,zero_shot_cot,nfp_1048,nfp,5
qwen,zero_shot_cot,nfp_1049,nfp,5
qwen,zero_shot_cot,nfp_1050,nfp,5
qwen,zero_shot_cot,nfp_1051,nfp,5
qwen,zero_shot_cot,nfp_1052,nfp,5
qwen,zero_shot_cot,nfp_1053,nfp,5
qwen,zero_shot_cot,nfp_1054,nfp,5
qwen,zero_shot_cot,nfp_1055,nfp,5
qwen,zero_shot_cot,nfp_1056,nfp,5
qwen,zero_shot_cot,nfp_1057,nfp,5
qwen,zero_shot_cot,nfp_1058,nfp,5
qwen,zero_shot_cot,nfp_1059,nfp,5
qwen,zero_shot_cot,nfp_1060,nfp,5
qwen,zero_shot_cot,nfp_1061,nfp,5
qwen,zero_shot_cot,nfp_1062,nfp,5
qwen,zero_shot_cot,nfp_1063,nfp,5
qwen,zero_shot_cot,nfp_1064,nfp,5
qwen,zero_shot_cot,nfp_1065,nfp,5
qwen,zero_shot_cot,nfp_1066,nfp,5
qwen,zero_shot_cot,nfp_1067,nfp,5
qwen,zero_shot_cot,nfp_1068,nfp,5
qwen,zero_shot_cot,nfp_1069,nfp,5
qwen,zero_shot_cot,nfp_1070,nfp,5
qwen,zero_shot_cot,nfp_1071,nfp,5
qwen,zero_shot_cot,nfp_1072,nfp,5
qwen,zero_shot_cot,nfp_1073,nfp,5
qwen,zero_shot_cot,nfp_1074,nfp,5
qwen,zero_shot_cot,nfp_1075,nfp,5
qwen,zero_shot_cot,nfp_1076,nfp,5
qwen,zero_shot_cot,nfp_1077,nfp,5
qwen,zero_shot_cot,nfp_1078,nfp,5
qwen,zero_shot_cot,nfp_1079,nfp,5
qwen,zero_shot_cot,nfp_1080,nfp,5
qwen,zero_shot_cot,nfp_1081,nfp,4
qwen,zero_shot_cot,nfp_1082,nfp,5
qwen,zero_shot_cot,nfp_1083,nfp,4
qwen,zero_shot_cot,nfp_1084,nfp,5
qwen,zero_shot_cot,nfp_1085,nfp,5
qwen,zero_shot_cot,nfp_1086,nfp,5
qwen,zero_shot_cot,nfp_1087,nfp,5
qwen,zero_shot_cot,nfp_1088,nfp,5
qwen,zero_shot_cot,nfp_1089,nfp,5
qwen,zero_shot_cot,nfp_1090,nfp,5
qwen,zero_shot_cot,nfp_1091,nfp,5
qwen,zero_shot_cot,nfp_1092,nfp,5
qwen,zero_shot_cot,nfp_1093,nfp,5
qwen,zero_shot_cot,nfp_1094,nfp,5
qwen,zero_shot_cot,nfp_1095,nfp,5
qwen,zero_shot_cot,nfp_1096,nfp,5
qwen,zero_shot_cot,nfp_1097,nfp,5
qwen,zero_shot_cot,nfp_1098,nfp,5
qwen,zero_shot_cot,nfp_1099,nfp,5
qwen,zero_shot_cot,nfp_1100,nfp,5
qwen,zero_shot_cot,nfp_1101,nfp,5
qwen,zero_shot_cot,nfp_1102,nfp,5
qwen,zero_shot_cot,nfp_1103,nfp,5
qwen,zero_shot_cot,nfp_1104,nfp,5
qwen,zero_shot_cot,nfp_1105,nfp,5
qwen,zero_shot_cot,nfp_1106,nfp,5
qwen,zero_shot_cot,nfp_1107,nfp,5
qwen,zero_shot_cot,nfp_1108,nfp,5
qwen,zero_shot_cot,nfp_1109,nfp,5
qwen,zero_shot_cot,nfp_1110,nfp,5
qwen,zero_shot_cot,nfp_1111,nfp,5
qwen,zero_shot_cot,nfp_1112,nfp,5
qwen,zero_shot_cot,nfp_1113,nfp,5
qwen,zero_shot_cot,nfp_1114,nfp,5
qwen,zero_shot_cot,nfp_1115,nfp,5
qwen,zero_shot_cot,nfp_1116,nfp,5
qwen,zero_shot_cot,nfp_1117,nfp,4
qwen,zero_shot_cot,nfp_1118,nfp,5
qwen,zero_shot_cot,nfp_1119,nfp,5
qwen,zero_shot_cot,nfp_1120,nfp,5
qwen,zero_shot_cot,nfp_1121,nfp,5
qwen,zero_shot_cot,nfp_1122,nfp,5
qwen,zero_shot_cot,nfp_1123,nfp,5
qwen,zero_shot_cot,nfp_1124,nfp,4
qwen,zero_shot_cot,nfp_1125,nfp,5
qwen,zero_shot_cot,nfp_1126,nfp,5
qwen,zero_shot_cot,nfp_1127,nfp,5
qwen,zero_shot_cot,nfp_1128,nfp,5
qwen,zero_shot_cot,nfp_1129,nfp,5
qwen,zero_shot_cot,nfp_1130,nfp,5
qwen,zero_shot_cot,nfp_1131,nfp,5
qwen,zero_shot_cot,nfp_1132,nfp,5
qwen,zero_shot_cot,nfp_1133,nfp,5
qwen,zero_shot_cot,nfp_1134,nfp,5
qwen,zero_shot_cot,nfp_1135,nfp,5
qwen,zero_shot_cot,nfp_1136,nfp,5
qwen,zero_shot_cot,nfp_1137,nfp,5
qwen,zero_shot_cot,nfp_1138,nfp,5
qwen,zero_shot_cot,nfp_1139,nfp,5
qwen,zero_shot_cot,nfp_1140,nfp,4
qwen,zero_shot_cot,nfp_1141,nfp,5
qwen,zero_shot_cot,nfp_1142,nfp,5
qwen,zero_shot_cot,nfp_1143,nfp,5
qwen,zero_shot_cot,nfp_1144,nfp,5
qwen,zero_shot_cot,nfp_1145,nfp,5
qwen,zero_shot_cot,nfp_1146,nfp,5
qwen,zero_shot_cot,nfp_1147,nfp,5
qwen,zero_shot_cot,nfp_1148,nfp,5
qwen,zero_shot_cot,nfp_1149,nfp,5
qwen,fp_unconditional,fpq_0,fpq,4
qwen,fp_unconditional,fpq_10,fpq,4
qwen,fp_unconditional,fpq_100,fpq,1
qwen,fp_unconditional,fpq_101,fpq,2
qwen,fp_unconditional,fpq_102,fpq,5
qwen,fp_unconditional,fpq_103,fpq,4
qwen,fp_unconditional,fpq_105,fpq,5
qwen,fp_unconditional,fpq_106,fpq,1
qwen,fp_unconditional,fpq_107,fpq,4
qwen,fp_unconditional,fpq_108,fpq,5
qwen,fp_unconditional,fpq_109,fpq,4
qwen,fp_unconditional,fpq_11,fpq,5
qwen,fp_unconditional,fpq_110,fpq,2
qwen,fp_unconditional,fpq_111,fpq,4
qwen,fp_unconditional,fpq_112,fpq,4
qwen,fp_unconditional,fpq_113,fpq,4
qwen,fp_unconditional,fpq_114,fpq,1
qwen,fp_unconditional,fpq_115,fpq,1
qwen,fp_unconditional,fpq_116,fpq,5
qwen,fp_unconditional,fpq_12,fpq,4
qwen,fp_unconditional,fpq_120,fpq,2
qwen,fp_unconditional,fpq_121,fpq,4
qwen,fp_unconditional,fpq_122,fpq,2
qwen,fp_unconditional,fpq_123,fpq,1
qwen,fp_unconditional,fpq_124,fpq,5
qwen,fp_unconditional,fpq_125,fpq,2
qwen,fp_unconditional,fpq_126,fpq,4
qwen,fp_unconditional,fpq_127,fpq,2
qwen,fp_unconditional,fpq_128,fpq,5
qwen,fp_unconditional,fpq_129,fpq,1
qwen,fp_unconditional,fpq_13,fpq,1
qwen,fp_unconditional,fpq_130,fpq,1
qwen,fp_unconditional,fpq_131,fpq,1
qwen,fp_unconditional,fpq_133,fpq,4
qwen,fp_unconditional,fpq_134,fpq,2
qwen,fp_unconditional,fpq_135,fpq,4
qwen,fp_unconditional,fpq_136,fpq,4
qwen,fp_unconditional,fpq_137,fpq,4
qwen,fp_unconditional,fpq_138,fpq,1
qwen,fp_unconditional,fpq_139,fpq,2
qwen,fp_unconditional,fpq_14,fpq,2
qwen,fp_unconditional,fpq_140,fpq,2
qwen,fp_unconditional,fpq_141,fpq,2
qwen,fp_unconditional,fpq_142,fpq,5
qwen,fp_unconditional,fpq_143,fpq,2
qwen,fp_unconditional,fpq_144,fpq,4
qwen,fp_unconditional,fpq_145,fpq,5
qwen,fp_unconditional,fpq_146,fpq,5
qwen,fp_unconditional,fpq_147,fpq,5
qwen,fp_unconditional,fpq_148,fpq,5
qwen,fp_unconditional,fpq_149,fpq,3
qwen,fp_unconditional,fpq_15,fpq,1
qwen,fp_unconditional,fpq_152,fpq,1
qwen,fp_unconditional,fpq_153,fpq,5
qwen,fp_unconditional,fpq_155,fpq,1
qwen,fp_unconditional,fpq_156,fpq,5
qwen,fp_unconditional,fpq_157,fpq,4
qwen,fp_unconditional,fpq_158,fpq,5
qwen,fp_unconditional,fpq_159,fpq,1
qwen,fp_unconditional,fpq_16,fpq,1
qwen,fp_unconditional,fpq_160,fpq,1
qwen,fp_unconditional,fpq_163,fpq,1
qwen,fp_unconditional,fpq_164,fpq,4
qwen,fp_unconditional,fpq_165,fpq,4
qwen,fp_unconditional,fpq_166,fpq,2
qwen,fp_unconditional,fpq_167,fpq,1
qwen,fp_unconditional,fpq_168,fpq,2
qwen,fp_unconditional,fpq_169,fpq,2
qwen,fp_unconditional,fpq_17,fpq,5
qwen,fp_unconditional,fpq_170,fpq,1
qwen,fp_unconditional,fpq_173,fpq,4
qwen,fp_unconditional,fpq_174,fpq,2
qwen,fp_unconditional,fpq_175,fpq,2
qwen,fp_unconditional,fpq_176,fpq,2
qwen,fp_unconditional,fpq_177,fpq,1
qwen,fp_unconditional,fpq_178,fpq,4
qwen,fp_unconditional,fpq_179,fpq,1
qwen,fp_unconditional,fpq_18,fpq,2
qwen,fp_unconditional,fpq_180,fpq,4
qwen,fp_unconditional,fpq_181,fpq,5
qwen,fp_unconditional,fpq_182,fpq,4
qwen,fp_unconditional,fpq_184,fpq,1
qwen,fp_unconditional,fpq_185,fpq,2
qwen,fp_unconditional,fpq_186,fpq,4
qwen,fp_unconditional,fpq_188,fpq,4
qwen,fp_unconditional,fpq_189,fpq,3
qwen,fp_unconditional,fpq_19,fpq,5
qwen,fp_unconditional,fpq_190,fpq,5
qwen,fp_unconditional,fpq_191,fpq,5
qwen,fp_unconditional,fpq_192,fpq,2
qwen,fp_unconditional,fpq_193,fpq,5
qwen,fp_unconditional,fpq_194,fpq,5
qwen,fp_unconditional,fpq_195,fpq,3
qwen,fp_unconditional,fpq_196,fpq,4
qwen,fp_unconditional,fpq_197,fpq,1
qwen,fp_unconditional,fpq_198,fpq,4
qwen,fp_unconditional,fpq_2,fpq,4
qwen,fp_unconditional,fpq_20,fpq,4
qwen,fp_unconditional,fpq_200,fpq,4
qwen,fp_unconditional,fpq_201,fpq,4
qwen,fp_unconditional,fpq_202,fpq,4
qwen,fp_unconditional,fpq_204,fpq,4
qwen,fp_unconditional,fpq_205,fpq,4
qwen,fp_unconditional,fpq_206,fpq,5
qwen,fp_unconditional,fpq_207,fpq,4
qwen,fp_unconditional,fpq_208,fpq,3
qwen,fp_unconditional,fpq_21,fpq,5
qwen,fp_unconditional,fpq_216,fpq,2
qwen,fp_unconditional,fpq_217,fpq,1
qwen,fp_unconditional,fpq_218,fpq,1
qwen,fp_unconditional,fpq_219,fpq,1
qwen,fp_unconditional,fpq_22,fpq,5
qwen,fp_unconditional,fpq_220,fpq,1
qwen,fp_unconditional,fpq_221,fpq,1
qwen,fp_unconditional,fpq_222,fpq,5
qwen,fp_unconditional,fpq_223,fpq,2
qwen,fp_unconditional,fpq_224,fpq,5
qwen,fp_unconditional,fpq_225,fpq,4
qwen,fp_unconditional,fpq_226,fpq,4
qwen,fp_unconditional,fpq_227,fpq,1
qwen,fp_unconditional,fpq_228,fpq,4
qwen,fp_unconditional,fpq_229,fpq,5
qwen,fp_unconditional,fpq_23,fpq,1
qwen,fp_unconditional,fpq_230,fpq,2
qwen,fp_unconditional,fpq_231,fpq,2
qwen,fp_unconditional,fpq_232,fpq,1
qwen,fp_unconditional,fpq_233,fpq,5
qwen,fp_unconditional,fpq_234,fpq,4
qwen,fp_unconditional,fpq_236,fpq,2
qwen,fp_unconditional,fpq_237,fpq,5
qwen,fp_unconditional,fpq_238,fpq,4
qwen,fp_unconditional,fpq_239,fpq,1
qwen,fp_unconditional,fpq_24,fpq,5
qwen,fp_unconditional,fpq_240,fpq,5
qwen,fp_unconditional,fpq_241,fpq,5
qwen,fp_unconditional,fpq_244,fpq,5
qwen,fp_unconditional,fpq_245,fpq,1
qwen,fp_unconditional,fpq_246,fpq,4
qwen,fp_unconditional,fpq_247,fpq,2
qwen,fp_unconditional,fpq_248,fpq,5
qwen,fp_unconditional,fpq_249,fpq,5
qwen,fp_unconditional,fpq_25,fpq,4
qwen,fp_unconditional,fpq_250,fpq,1
qwen,fp_unconditional,fpq_251,fpq,1
qwen,fp_unconditional,fpq_252,fpq,4
qwen,fp_unconditional,fpq_253,fpq,1
qwen,fp_unconditional,fpq_254,fpq,1
qwen,fp_unconditional,fpq_255,fpq,4
qwen,fp_unconditional,fpq_256,fpq,1
qwen,fp_unconditional,fpq_257,fpq,1
qwen,fp_unconditional,fpq_258,fpq,5
qwen,fp_unconditional,fpq_259,fpq,1
qwen,fp_unconditional,fpq_26,fpq,4
qwen,fp_unconditional,fpq_260,fpq,2
qwen,fp_unconditional,fpq_261,fpq,5
qwen,fp_unconditional,fpq_262,fpq,5
qwen,fp_unconditional,fpq_263,fpq,4
qwen,fp_unconditional,fpq_264,fpq,3
qwen,fp_unconditional,fpq_265,fpq,1
qwen,fp_unconditional,fpq_266,fpq,4
qwen,fp_unconditional,fpq_267,fpq,4
qwen,fp_unconditional,fpq_268,fpq,2
qwen,fp_unconditional,fpq_269,fpq,4
qwen,fp_unconditional,fpq_27,fpq,4
qwen,fp_unconditional,fpq_270,fpq,4
qwen,fp_unconditional,fpq_271,fpq,4
qwen,fp_unconditional,fpq_272,fpq,5
qwen,fp_unconditional,fpq_273,fpq,5
qwen,fp_unconditional,fpq_274,fpq,3
qwen,fp_unconditional,fpq_275,fpq,4
qwen,fp_unconditional,fpq_276,fpq,1
qwen,fp_unconditional,fpq_277,fpq,5
qwen,fp_unconditional,fpq_278,fpq,1
qwen,fp_unconditional,fpq_279,fpq,5
qwen,fp_unconditional,fpq_28,fpq,2
qwen,fp_unconditional,fpq_283,fpq,1
qwen,fp_unconditional,fpq_285,fpq,4
qwen,fp_unconditional,fpq_286,fpq,1
qwen,fp_unconditional,fpq_287,fpq,2
qwen,fp_unconditional,fpq_288,fpq,1
qwen,fp_unconditional,fpq_289,fpq,4
qwen,fp_unconditional,fpq_29,fpq,5
qwen,fp_unconditional,fpq_290,fpq,1
qwen,fp_unconditional,fpq_291,fpq,1
qwen,fp_unconditional,fpq_292,fpq,4
qwen,fp_unconditional,fpq_293,fpq,5
qwen,fp_unconditional,fpq_294,fpq,4
qwen,fp_unconditional,fpq_295,fpq,1
qwen,fp_unconditional,fpq_296,fpq,3
qwen,fp_unconditional,fpq_297,fpq,1
qwen,fp_unconditional,fpq_3,fpq,4
qwen,fp_unconditional,fpq_30,fpq,4
qwen,fp_unconditional,fpq_302,fpq,4
qwen,fp_unconditional,fpq_303,fpq,4
qwen,fp_unconditional,fpq_304,fpq,1
qwen,fp_unconditional,fpq_305,fpq,1
qwen,fp_unconditional,fpq_306,fpq,1
qwen,fp_unconditional,fpq_307,fpq,2
qwen,fp_unconditional,fpq_308,fpq,1
qwen,fp_unconditional,fpq_309,fpq,4
qwen,fp_unconditional,fpq_31,fpq,4
qwen,fp_unconditional,fpq_311,fpq,4
qwen,fp_unconditional,fpq_312,fpq,4
qwen,fp_unconditional,fpq_313,fpq,4
qwen,fp_unconditional,fpq_314,fpq,1
qwen,fp_unconditional,fpq_315,fpq,4
qwen,fp_unconditional,fpq_316,fpq,4
qwen,fp_unconditional,fpq_317,fpq,2
qwen,fp_unconditional,fpq_318,fpq,2
qwen,fp_unconditional,fpq_319,fpq,1
qwen,fp_unconditional,fpq_32,fpq,2
qwen,fp_unconditional,fpq_320,fpq,4
qwen,fp_unconditional,fpq_321,fpq,1
qwen,fp_unconditional,fpq_325,fpq,5
qwen,fp_unconditional,fpq_326,fpq,1
qwen,fp_unconditional,fpq_327,fpq,4
qwen,fp_unconditional,fpq_33,fpq,4
qwen,fp_unconditional,fpq_336,fpq,4
qwen,fp_unconditional,fpq_34,fpq,5
qwen,fp_unconditional,fpq_342,fpq,1
qwen,fp_unconditional,fpq_343,fpq,5
qwen,fp_unconditional,fpq_344,fpq,1
qwen,fp_unconditional,fpq_348,fpq,5
qwen,fp_unconditional,fpq_35,fpq,1
qwen,fp_unconditional,fpq_350,fpq,1
qwen,fp_unconditional,fpq_353,fpq,5
qwen,fp_unconditional,fpq_354,fpq,1
qwen,fp_unconditional,fpq_357,fpq,4
qwen,fp_unconditional,fpq_358,fpq,4
qwen,fp_unconditional,fpq_359,fpq,1
qwen,fp_unconditional,fpq_36,fpq,4
qwen,fp_unconditional,fpq_361,fpq,2
qwen,fp_unconditional,fpq_362,fpq,4
qwen,fp_unconditional,fpq_366,fpq,1
qwen,fp_unconditional,fpq_368,fpq,5
qwen,fp_unconditional,fpq_37,fpq,5
qwen,fp_unconditional,fpq_376,fpq,2
qwen,fp_unconditional,fpq_378,fpq,4
qwen,fp_unconditional,fpq_379,fpq,4
qwen,fp_unconditional,fpq_38,fpq,5
qwen,fp_unconditional,fpq_380,fpq,4
qwen,fp_unconditional,fpq_383,fpq,1
qwen,fp_unconditional,fpq_385,fpq,1
qwen,fp_unconditional,fpq_386,fpq,5
qwen,fp_unconditional,fpq_387,fpq,5
qwen,fp_unconditional,fpq_388,fpq,4
qwen,fp_unconditional,fpq_389,fpq,2
qwen,fp_unconditional,fpq_39,fpq,4
qwen,fp_unconditional,fpq_390,fpq,2
qwen,fp_unconditional,fpq_391,fpq,4
qwen,fp_unconditional,fpq_392,fpq,4
qwen,fp_unconditional,fpq_394,fpq,4
qwen,fp_unconditional,fpq_395,fpq,4
qwen,fp_unconditional,fpq_396,fpq,2
qwen,fp_unconditional,fpq_397,fpq,4
qwen,fp_unconditional,fpq_398,fpq,2
qwen,fp_unconditional,fpq_399,fpq,1
qwen,fp_unconditional,fpq_4,fpq,4
qwen,fp_unconditional,fpq_40,fpq,5
qwen,fp_unconditional,fpq_400,fpq,5
qwen,fp_unconditional,fpq_403,fpq,5
qwen,fp_unconditional,fpq_405,fpq,5
qwen,fp_unconditional,fpq_407,fpq,2
qwen,fp_unconditional,fpq_408,fpq,4
qwen,fp_unconditional,fpq_41,fpq,4
qwen,fp_unconditional,fpq_415,fpq,4
qwen,fp_unconditional,fpq_416,fpq,4
qwen,fp_unconditional,fpq_417,fpq,5
qwen,fp_unconditional,fpq_42,fpq,5
qwen,fp_unconditional,fpq_420,fpq,1
qwen,fp_unconditional,fpq_421,fpq,2
qwen,fp_unconditional,fpq_422,fpq,4
qwen,fp_unconditional,fpq_423,fpq,5
qwen,fp_unconditional,fpq_425,fpq,5
qwen,fp_unconditional,fpq_426,fpq,5
qwen,fp_unconditional,fpq_428,fpq,5
qwen,fp_unconditional,fpq_429,fpq,5
qwen,fp_unconditional,fpq_43,fpq,4
qwen,fp_unconditional,fpq_434,fpq,5
qwen,fp_unconditional,fpq_436,fpq,4
qwen,fp_unconditional,fpq_438,fpq,2
qwen,fp_unconditional,fpq_439,fpq,5
qwen,fp_unconditional,fpq_44,fpq,5
qwen,fp_unconditional,fpq_443,fpq,3
qwen,fp_unconditional,fpq_445,fpq,4
qwen,fp_unconditional,fpq_446,fpq,4
qwen,fp_unconditional,fpq_45,fpq,5
qwen,fp_unconditional,fpq_459,fpq,4
qwen,fp_unconditional,fpq_46,fpq,5
qwen,fp_unconditional,fpq_460,fpq,1
qwen,fp_unconditional,fpq_462,fpq,1
qwen,fp_unconditional,fpq_467,fpq,4
qwen,fp_unconditional,fpq_47,fpq,5
qwen,fp_unconditional,fpq_472,fpq,5
qwen,fp_unconditional,fpq_473,fpq,4
qwen,fp_unconditional,fpq_474,fpq,2
qwen,fp_unconditional,fpq_477,fpq,4
qwen,fp_unconditional,fpq_479,fpq,4
qwen,fp_unconditional,fpq_48,fpq,1
qwen,fp_unconditional,fpq_484,fpq,5
qwen,fp_unconditional,fpq_485,fpq,5
qwen,fp_unconditional,fpq_487,fpq,5
qwen,fp_unconditional,fpq_488,fpq,2
qwen,fp_unconditional,fpq_49,fpq,1
qwen,fp_unconditional,fpq_492,fpq,2
qwen,fp_unconditional,fpq_493,fpq,4
qwen,fp_unconditional,fpq_494,fpq,5
qwen,fp_unconditional,fpq_495,fpq,4
qwen,fp_unconditional,fpq_497,fpq,2
qwen,fp_unconditional,fpq_499,fpq,3
qwen,fp_unconditional,fpq_5,fpq,1
qwen,fp_unconditional,fpq_50,fpq,1
qwen,fp_unconditional,fpq_500,fpq,1
qwen,fp_unconditional,fpq_501,fpq,1
qwen,fp_unconditional,fpq_502,fpq,4
qwen,fp_unconditional,fpq_505,fpq,1
qwen,fp_unconditional,fpq_506,fpq,4
qwen,fp_unconditional,fpq_507,fpq,4
qwen,fp_unconditional,fpq_51,fpq,4
qwen,fp_unconditional,fpq_512,fpq,4
qwen,fp_unconditional,fpq_514,fpq,2
qwen,fp_unconditional,fpq_516,fpq,3
qwen,fp_unconditional,fpq_517,fpq,1
qwen,fp_unconditional,fpq_52,fpq,4
qwen,fp_unconditional,fpq_521,fpq,5
qwen,fp_unconditional,fpq_522,fpq,4
qwen,fp_unconditional,fpq_524,fpq,4
qwen,fp_unconditional,fpq_525,fpq,4
qwen,fp_unconditional,fpq_53,fpq,4
qwen,fp_unconditional,fpq_530,fpq,5
qwen,fp_unconditional,fpq_531,fpq,4
qwen,fp_unconditional,fpq_534,fpq,1
qwen,fp_unconditional,fpq_535,fpq,4
qwen,fp_unconditional,fpq_54,fpq,5
qwen,fp_unconditional,fpq_542,fpq,4
qwen,fp_unconditional,fpq_543,fpq,2
qwen,fp_unconditional,fpq_546,fpq,4
qwen,fp_unconditional,fpq_547,fpq,4
qwen,fp_unconditional,fpq_549,fpq,1
qwen,fp_unconditional,fpq_55,fpq,2
qwen,fp_unconditional,fpq_550,fpq,5
qwen,fp_unconditional,fpq_552,fpq,1
qwen,fp_unconditional,fpq_556,fpq,5
qwen,fp_unconditional,fpq_557,fpq,1
qwen,fp_unconditional,fpq_558,fpq,5
qwen,fp_unconditional,fpq_559,fpq,1
qwen,fp_unconditional,fpq_56,fpq,5
qwen,fp_unconditional,fpq_560,fpq,5
qwen,fp_unconditional,fpq_563,fpq,4
qwen,fp_unconditional,fpq_564,fpq,1
qwen,fp_unconditional,fpq_565,fpq,1
qwen,fp_unconditional,fpq_566,fpq,4
qwen,fp_unconditional,fpq_57,fpq,4
qwen,fp_unconditional,fpq_570,fpq,2
qwen,fp_unconditional,fpq_572,fpq,2
qwen,fp_unconditional,fpq_574,fpq,4
qwen,fp_unconditional,fpq_58,fpq,5
qwen,fp_unconditional,fpq_580,fpq,5
qwen,fp_unconditional,fpq_583,fpq,4
qwen,fp_unconditional,fpq_584,fpq,5
qwen,fp_unconditional,fpq_586,fpq,1
qwen,fp_unconditional,fpq_59,fpq,5
qwen,fp_unconditional,fpq_593,fpq,1
qwen,fp_unconditional,fpq_595,fpq,4
qwen,fp_unconditional,fpq_596,fpq,4
qwen,fp_unconditional,fpq_598,fpq,4
qwen,fp_unconditional,fpq_6,fpq,4
qwen,fp_unconditional,fpq_60,fpq,4
qwen,fp_unconditional,fpq_600,fpq,4
qwen,fp_unconditional,fpq_601,fpq,5
qwen,fp_unconditional,fpq_603,fpq,2
qwen,fp_unconditional,fpq_604,fpq,1
qwen,fp_unconditional,fpq_606,fpq,5
qwen,fp_unconditional,fpq_607,fpq,5
qwen,fp_unconditional,fpq_608,fpq,1
qwen,fp_unconditional,fpq_609,fpq,1
qwen,fp_unconditional,fpq_61,fpq,5
qwen,fp_unconditional,fpq_610,fpq,1
qwen,fp_unconditional,fpq_611,fpq,5
qwen,fp_unconditional,fpq_612,fpq,2
qwen,fp_unconditional,fpq_613,fpq,4
qwen,fp_unconditional,fpq_614,fpq,5
qwen,fp_unconditional,fpq_615,fpq,1
qwen,fp_unconditional,fpq_616,fpq,5
qwen,fp_unconditional,fpq_617,fpq,4
qwen,fp_unconditional,fpq_618,fpq,2
qwen,fp_unconditional,fpq_619,fpq,4
qwen,fp_unconditional,fpq_62,fpq,4
qwen,fp_unconditional,fpq_620,fpq,2
qwen,fp_unconditional,fpq_621,fpq,2
qwen,fp_unconditional,fpq_622,fpq,4
qwen,fp_unconditional,fpq_623,fpq,4
qwen,fp_unconditional,fpq_624,fpq,5
qwen,fp_unconditional,fpq_625,fpq,4
qwen,fp_unconditional,fpq_626,fpq,3
qwen,fp_unconditional,fpq_628,fpq,1
qwen,fp_unconditional,fpq_629,fpq,1
qwen,fp_unconditional,fpq_63,fpq,2
qwen,fp_unconditional,fpq_630,fpq,5
qwen,fp_unconditional,fpq_631,fpq,5
qwen,fp_unconditional,fpq_632,fpq,5
qwen,fp_unconditional,fpq_633,fpq,1
qwen,fp_unconditional,fpq_634,fpq,5
qwen,fp_unconditional,fpq_635,fpq,1
qwen,fp_unconditional,fpq_636,fpq,4
qwen,fp_unconditional,fpq_638,fpq,4
qwen,fp_unconditional,fpq_639,fpq,1
qwen,fp_unconditional,fpq_64,fpq,4
qwen,fp_unconditional,fpq_640,fpq,1
qwen,fp_unconditional,fpq_641,fpq,2
qwen,fp_unconditional,fpq_643,fpq,4
qwen,fp_unconditional,fpq_644,fpq,1
qwen,fp_unconditional,fpq_645,fpq,5
qwen,fp_unconditional,fpq_646,fpq,1
qwen,fp_unconditional,fpq_647,fpq,1
qwen,fp_unconditional,fpq_649,fpq,1
qwen,fp_unconditional,fpq_65,fpq,4
qwen,fp_unconditional,fpq_650,fpq,4
qwen,fp_unconditional,fpq_652,fpq,5
qwen,fp_unconditional,fpq_653,fpq,3
qwen,fp_unconditional,fpq_654,fpq,1
qwen,fp_unconditional,fpq_655,fpq,1
qwen,fp_unconditional,fpq_657,fpq,4
qwen,fp_unconditional,fpq_659,fpq,1
qwen,fp_unconditional,fpq_66,fpq,1
qwen,fp_unconditional,fpq_661,fpq,3
qwen,fp_unconditional,fpq_662,fpq,1
qwen,fp_unconditional,fpq_663,fpq,1
qwen,fp_unconditional,fpq_666,fpq,4
qwen,fp_unconditional,fpq_669,fpq,1
qwen,fp_unconditional,fpq_67,fpq,3
qwen,fp_unconditional,fpq_671,fpq,3
qwen,fp_unconditional,fpq_675,fpq,4
qwen,fp_unconditional,fpq_676,fpq,5
qwen,fp_unconditional,fpq_677,fpq,5
qwen,fp_unconditional,fpq_678,fpq,2
qwen,fp_unconditional,fpq_68,fpq,4
qwen,fp_unconditional,fpq_682,fpq,1
qwen,fp_unconditional,fpq_685,fpq,4
qwen,fp_unconditional,fpq_687,fpq,1
qwen,fp_unconditional,fpq_689,fpq,4
qwen,fp_unconditional,fpq_69,fpq,4
qwen,fp_unconditional,fpq_690,fpq,1
qwen,fp_unconditional,fpq_691,fpq,5
qwen,fp_unconditional,fpq_692,fpq,2
qwen,fp_unconditional,fpq_694,fpq,4
qwen,fp_unconditional,fpq_695,fpq,4
qwen,fp_unconditional,fpq_696,fpq,2
qwen,fp_unconditional,fpq_697,fpq,5
qwen,fp_unconditional,fpq_699,fpq,1
qwen,fp_unconditional,fpq_7,fpq,5
qwen,fp_unconditional,fpq_70,fpq,1
qwen,fp_unconditional,fpq_702,fpq,5
qwen,fp_unconditional,fpq_703,fpq,4
qwen,fp_unconditional,fpq_704,fpq,5
qwen,fp_unconditional,fpq_705,fpq,1
qwen,fp_unconditional,fpq_706,fpq,4
qwen,fp_unconditional,fpq_71,fpq,5
qwen,fp_unconditional,fpq_712,fpq,5
qwen,fp_unconditional,fpq_713,fpq,1
qwen,fp_unconditional,fpq_72,fpq,2
qwen,fp_unconditional,fpq_721,fpq,5
qwen,fp_unconditional,fpq_722,fpq,5
qwen,fp_unconditional,fpq_723,fpq,4
qwen,fp_unconditional,fpq_724,fpq,5
qwen,fp_unconditional,fpq_725,fpq,2
qwen,fp_unconditional,fpq_726,fpq,1
qwen,fp_unconditional,fpq_727,fpq,4
qwen,fp_unconditional,fpq_728,fpq,4
qwen,fp_unconditional,fpq_729,fpq,1
qwen,fp_unconditional,fpq_73,fpq,4
qwen,fp_unconditional,fpq_730,fpq,5
qwen,fp_unconditional,fpq_735,fpq,4
qwen,fp_unconditional,fpq_736,fpq,4
qwen,fp_unconditional,fpq_738,fpq,2
qwen,fp_unconditional,fpq_739,fpq,5
qwen,fp_unconditional,fpq_74,fpq,2
qwen,fp_unconditional,fpq_740,fpq,2
qwen,fp_unconditional,fpq_741,fpq,4
qwen,fp_unconditional,fpq_743,fpq,5
qwen,fp_unconditional,fpq_744,fpq,5
qwen,fp_unconditional,fpq_745,fpq,2
qwen,fp_unconditional,fpq_746,fpq,5
qwen,fp_unconditional,fpq_747,fpq,4
qwen,fp_unconditional,fpq_749,fpq,4
qwen,fp_unconditional,fpq_75,fpq,1
qwen,fp_unconditional,fpq_750,fpq,1
qwen,fp_unconditional,fpq_751,fpq,1
qwen,fp_unconditional,fpq_753,fpq,4
qwen,fp_unconditional,fpq_754,fpq,4
qwen,fp_unconditional,fpq_755,fpq,4
qwen,fp_unconditional,fpq_76,fpq,5
qwen,fp_unconditional,fpq_761,fpq,5
qwen,fp_unconditional,fpq_762,fpq,5
qwen,fp_unconditional,fpq_763,fpq,1
qwen,fp_unconditional,fpq_764,fpq,3
qwen,fp_unconditional,fpq_77,fpq,5
qwen,fp_unconditional,fpq_771,fpq,2
qwen,fp_unconditional,fpq_772,fpq,4
qwen,fp_unconditional,fpq_773,fpq,5
qwen,fp_unconditional,fpq_774,fpq,4
qwen,fp_unconditional,fpq_775,fpq,4
qwen,fp_unconditional,fpq_776,fpq,3
qwen,fp_unconditional,fpq_777,fpq,4
qwen,fp_unconditional,fpq_778,fpq,1
qwen,fp_unconditional,fpq_78,fpq,1
qwen,fp_unconditional,fpq_780,fpq,2
qwen,fp_unconditional,fpq_781,fpq,3
qwen,fp_unconditional,fpq_789,fpq,4
qwen,fp_unconditional,fpq_794,fpq,5
qwen,fp_unconditional,fpq_797,fpq,5
qwen,fp_unconditional,fpq_798,fpq,1
qwen,fp_unconditional,fpq_799,fpq,1
qwen,fp_unconditional,fpq_8,fpq,5
qwen,fp_unconditional,fpq_80,fpq,4
qwen,fp_unconditional,fpq_801,fpq,1
qwen,fp_unconditional,fpq_802,fpq,5
qwen,fp_unconditional,fpq_804,fpq,1
qwen,fp_unconditional,fpq_805,fpq,2
qwen,fp_unconditional,fpq_806,fpq,1
qwen,fp_unconditional,fpq_807,fpq,2
qwen,fp_unconditional,fpq_808,fpq,1
qwen,fp_unconditional,fpq_81,fpq,5
qwen,fp_unconditional,fpq_813,fpq,5
qwen,fp_unconditional,fpq_814,fpq,1
qwen,fp_unconditional,fpq_817,fpq,5
qwen,fp_unconditional,fpq_818,fpq,5
qwen,fp_unconditional,fpq_82,fpq,5
qwen,fp_unconditional,fpq_820,fpq,1
qwen,fp_unconditional,fpq_823,fpq,1
qwen,fp_unconditional,fpq_824,fpq,4
qwen,fp_unconditional,fpq_827,fpq,2
qwen,fp_unconditional,fpq_828,fpq,2
qwen,fp_unconditional,fpq_829,fpq,4
qwen,fp_unconditional,fpq_830,fpq,4
qwen,fp_unconditional,fpq_831,fpq,1
qwen,fp_unconditional,fpq_832,fpq,4
qwen,fp_unconditional,fpq_833,fpq,5
qwen,fp_unconditional,fpq_834,fpq,5
qwen,fp_unconditional,fpq_835,fpq,5
qwen,fp_unconditional,fpq_836,fpq,5
qwen,fp_unconditional,fpq_837,fpq,1
qwen,fp_unconditional,fpq_838,fpq,4
qwen,fp_unconditional,fpq_839,fpq,5
qwen,fp_unconditional,fpq_84,fpq,4
qwen,fp_unconditional,fpq_840,fpq,4
qwen,fp_unconditional,fpq_844,fpq,5
qwen,fp_unconditional,fpq_846,fpq,4
qwen,fp_unconditional,fpq_847,fpq,4
qwen,fp_unconditional,fpq_848,fpq,2
qwen,fp_unconditional,fpq_849,fpq,5
qwen,fp_unconditional,fpq_85,fpq,2
qwen,fp_unconditional,fpq_850,fpq,5
qwen,fp_unconditional,fpq_851,fpq,5
qwen,fp_unconditional,fpq_852,fpq,1
qwen,fp_unconditional,fpq_854,fpq,1
qwen,fp_unconditional,fpq_855,fpq,4
qwen,fp_unconditional,fpq_858,fpq,3
qwen,fp_unconditional,fpq_859,fpq,1
qwen,fp_unconditional,fpq_860,fpq,1
qwen,fp_unconditional,fpq_861,fpq,1
qwen,fp_unconditional,fpq_862,fpq,4
qwen,fp_unconditional,fpq_863,fpq,4
qwen,fp_unconditional,fpq_864,fpq,2
qwen,fp_unconditional,fpq_865,fpq,4
qwen,fp_unconditional,fpq_866,fpq,2
qwen,fp_unconditional,fpq_869,fpq,4
qwen,fp_unconditional,fpq_87,fpq,1
qwen,fp_unconditional,fpq_870,fpq,1
qwen,fp_unconditional,fpq_871,fpq,2
qwen,fp_unconditional,fpq_872,fpq,1
qwen,fp_unconditional,fpq_88,fpq,4
qwen,fp_unconditional,fpq_89,fpq,4
qwen,fp_unconditional,fpq_9,fpq,4
qwen,fp_unconditional,fpq_90,fpq,1
qwen,fp_unconditional,fpq_91,fpq,1
qwen,fp_unconditional,fpq_92,fpq,1
qwen,fp_unconditional,fpq_94,fpq,2
qwen,fp_unconditional,fpq_95,fpq,1
qwen,fp_unconditional,fpq_96,fpq,1
qwen,fp_unconditional,fpq_97,fpq,1
qwen,fp_unconditional,fpq_98,fpq,1
qwen,fp_unconditional,fpq_99,fpq,4
qwen,fp_unconditional,nfp_1000,nfp,1
qwen,fp_unconditional,nfp_1001,nfp,2
qwen,fp_unconditional,nfp_1002,nfp,1
qwen,fp_unconditional,nfp_1003,nfp,2
qwen,fp_unconditional,nfp_1004,nfp,2
qwen,fp_unconditional,nfp_1005,nfp,2
qwen,fp_unconditional,nfp_1006,nfp,4
qwen,fp_unconditional,nfp_1008,nfp,1
qwen,fp_unconditional,nfp_1009,nfp,1
qwen,fp_unconditional,nfp_1010,nfp,4
qwen,fp_unconditional,nfp_1011,nfp,4
qwen,fp_unconditional,nfp_1012,nfp,1
qwen,fp_unconditional,nfp_1013,nfp,2
qwen,fp_unconditional,nfp_1014,nfp,2
qwen,fp_unconditional,nfp_1015,nfp,2
qwen,fp_unconditional,nfp_1016,nfp,2
qwen,fp_unconditional,nfp_1017,nfp,1
qwen,fp_unconditional,nfp_1018,nfp,5
qwen,fp_unconditional,nfp_1019,nfp,2
qwen,fp_unconditional,nfp_1020,nfp,2
qwen,fp_unconditional,nfp_1021,nfp,2
qwen,fp_unconditional,nfp_1022,nfp,2
qwen,fp_unconditional,nfp_1023,nfp,1
qwen,fp_unconditional,nfp_1024,nfp,1
qwen,fp_unconditional,nfp_1025,nfp,4
qwen,fp_unconditional,nfp_1026,nfp,2
qwen,fp_unconditional,nfp_1027,nfp,2
qwen,fp_unconditional,nfp_1028,nfp,2
qwen,fp_unconditional,nfp_1029,nfp,2
qwen,fp_unconditional,nfp_1030,nfp,4
qwen,fp_unconditional,nfp_1031,nfp,2
qwen,fp_unconditional,nfp_1032,nfp,1
qwen,fp_unconditional,nfp_1033,nfp,4
qwen,fp_unconditional,nfp_1034,nfp,2
qwen,fp_unconditional,nfp_1035,nfp,4
qwen,fp_unconditional,nfp_1036,nfp,1
qwen,fp_unconditional,nfp_1037,nfp,2
qwen,fp_unconditional,nfp_1038,nfp,2
qwen,fp_unconditional,nfp_1039,nfp,3
qwen,fp_unconditional,nfp_1040,nfp,4
qwen,fp_unconditional,nfp_1041,nfp,2
qwen,fp_unconditional,nfp_1042,nfp,4
qwen,fp_unconditional,nfp_1043,nfp,1
qwen,fp_unconditional,nfp_1044,nfp,4
qwen,fp_unconditional,nfp_1045,nfp,2
qwen,fp_unconditional,nfp_1046,nfp,4
qwen,fp_unconditional,nfp_1047,nfp,1
qwen,fp_unconditional,nfp_1048,nfp,3
qwen,fp_unconditional,nfp_1049,nfp,2
qwen,fp_unconditional,nfp_1050,nfp,2
qwen,fp_unconditional,nfp_1051,nfp,2
qwen,fp_unconditional,nfp_1052,nfp,5
qwen,fp_unconditional,nfp_1053,nfp,4
qwen,fp_unconditional,nfp_1054,nfp,1
qwen,fp_unconditional,nfp_1055,nfp,2
qwen,fp_unconditional,nfp_1056,nfp,1
qwen,fp_unconditional,nfp_1057,nfp,1
qwen,fp_unconditional,nfp_1058,nfp,2
qwen,fp_unconditional,nfp_1059,nfp,2
qwen,fp_unconditional,nfp_1060,nfp,4
qwen,fp_unconditional,nfp_1061,nfp,5
qwen,fp_unconditional,nfp_1062,nfp,2
qwen,fp_unconditional,nfp_1063,nfp,2
qwen,fp_unconditional,nfp_1064,nfp,4
qwen,fp_unconditional,nfp_1065,nfp,2
qwen,fp_unconditional,nfp_1066,nfp,2
qwen,fp_unconditional,nfp_1067,nfp,1
qwen,fp_unconditional,nfp_1068,nfp,1
qwen,fp_unconditional,nfp_1069,nfp,2
qwen,fp_unconditional,nfp_1070,nfp,2
qwen,fp_unconditional,nfp_1071,nfp,3
qwen,fp_unconditional,nfp_1072,nfp,2
qwen,fp_unconditional,nfp_1073,nfp,2
qwen,fp_unconditional,nfp_1074,nfp,2
qwen,fp_unconditional,nfp_1075,nfp,4
qwen,fp_unconditional,nfp_1076,nfp,4
qwen,fp_unconditional,nfp_1077,nfp,1
qwen,fp_unconditional,nfp_1078,nfp,1
qwen,fp_unconditional,nfp_1079,nfp,1
qwen,fp_unconditional,nfp_1080,nfp,1
qwen,fp_unconditional,nfp_1081,nfp,2
qwen,fp_unconditional,nfp_1082,nfp,1
qwen,fp_unconditional,nfp_1083,nfp,1
qwen,fp_unconditional,nfp_1084,nfp,4
qwen,fp_unconditional,nfp_1085,nfp,1
qwen,fp_unconditional,nfp_1086,nfp,4
qwen,fp_unconditional,nfp_1087,nfp,2
qwen,fp_unconditional,nfp_1088,nfp,2
qwen,fp_unconditional,nfp_1089,nfp,1
qwen,fp_unconditional,nfp_1090,nfp,1
qwen,fp_unconditional,nfp_1091,nfp,2
qwen,fp_unconditional,nfp_1092,nfp,2
qwen,fp_unconditional,nfp_1093,nfp,2
qwen,fp_unconditional,nfp_1094,nfp,1
qwen,fp_unconditional,nfp_1095,nfp,5
qwen,fp_unconditional,nfp_1096,nfp,1
qwen,fp_unconditional,nfp_1097,nfp,1
qwen,fp_unconditional,nfp_1098,nfp,2
qwen,fp_unconditional,nfp_1099,nfp,2
qwen,fp_unconditional,nfp_1100,nfp,2
qwen,fp_unconditional,nfp_1101,nfp,2
qwen,fp_unconditional,nfp_1102,nfp,4
qwen,fp_unconditional,nfp_1103,nfp,2
qwen,fp_unconditional,nfp_1104,nfp,4
qwen,fp_unconditional,nfp_1105,nfp,2
qwen,fp_unconditional,nfp_1106,nfp,2
qwen,fp_unconditional,nfp_1107,nfp,2
qwen,fp_unconditional,nfp_1108,nfp,1
qwen,fp_unconditional,nfp_1109,nfp,1
qwen,fp_unconditional,nfp_1110,nfp,4
qwen,fp_unconditional,nfp_1111,nfp,1
qwen,fp_unconditional,nfp_1112,nfp,1
qwen,fp_unconditional,nfp_1113,nfp,2
qwen,fp_unconditional,nfp_1114,nfp,2
qwen,fp_unconditional,nfp_1115,nfp,1
qwen,fp_unconditional,nfp_1116,nfp,2
qwen,fp_unconditional,nfp_1117,nfp,2
qwen,fp_unconditional,nfp_1118,nfp,2
qwen,fp_unconditional,nfp_1119,nfp,2
qwen,fp_unconditional,nfp_1120,nfp,1
qwen,fp_unconditional,nfp_1121,nfp,2
qwen,fp_unconditional,nfp_1122,nfp,1
qwen,fp_unconditional,nfp_1123,nfp,1
qwen,fp_unconditional,nfp_1124,nfp,2
qwen,fp_unconditional,nfp_1125,nfp,2
qwen,fp_unconditional,nfp_1126,nfp,2
qwen,fp_unconditional,nfp_1127,nfp,2
qwen,fp_unconditional,nfp_1128,nfp,4
qwen,fp_unconditional,nfp_1129,nfp,2
qwen,fp_unconditional,nfp_1130,nfp,4
qwen,fp_unconditional,nfp_1131,nfp,2
qwen,fp_unconditional,nfp_1132,nfp,2
qwen,fp_unconditional,nfp_1133,nfp,2
qwen,fp_unconditional,nfp_1134,nfp,2
qwen,fp_unconditional,nfp_1135,nfp,5
qwen,fp_unconditional,nfp_1136,nfp,4
qwen,fp_unconditional,nfp_1137,nfp,2
qwen,fp_unconditional,nfp_1138,nfp,5
qwen,fp_unconditional,nfp_1139,nfp,2
qwen,fp_unconditional,nfp_1140,nfp,2
qwen,fp_unconditional,nfp_1141,nfp,1
qwen,fp_unconditional,nfp_1142,nfp,2
qwen,fp_unconditional,nfp_1143,nfp,2
qwen,fp_unconditional,nfp_1144,nfp,2
qwen,fp_unconditional,nfp_1145,nfp,5
qwen,fp_unconditional,nfp_1146,nfp,2
qwen,fp_unconditional,nfp_1147,nfp,4
qwen,fp_unconditional,nfp_1148,nfp,2
qwen,fp_unconditional,nfp_1149,nfp,1
sonnet,plain,fpq_0,fpq,5
sonnet,plain,fpq_10,fpq,5
sonnet,plain,fpq_100,fpq,1
sonnet,plain,fpq_101,fpq,1
sonnet,plain,fpq_102,fpq,5
sonnet,plain,fpq_103,fpq,5
sonnet,plain,fpq_105,fpq,1
sonnet,plain,fpq_106,fpq,1
sonnet,plain,fpq_107,fpq,5
sonnet,plain,fpq_108,fpq,1
sonnet,plain,fpq_109,fpq,3
sonnet,plain,fpq_11,fpq,5
sonnet,plain,fpq_110,fpq,1
sonnet,plain,fpq_111,fpq,5
sonnet,plain,fpq_112,fpq,5
sonnet,plain,fpq_113,fpq,1
sonnet,plain,fpq_114,fpq,1
sonnet,plain,fpq_115,fpq,1
sonnet,plain,fpq_116,fpq,4
sonnet,plain,fpq_12,fpq,5
sonnet,plain,fpq_120,fpq,1
sonnet,plain,fpq_121,fpq,2
sonnet,plain,fpq_122,fpq,4
sonnet,plain,fpq_123,fpq,1
sonnet,plain,fpq_124,fpq,2
sonnet,plain,fpq_125,fpq,5
sonnet,plain,fpq_126,fpq,5
sonnet,plain,fpq_127,fpq,5
sonnet,plain,fpq_128,fpq,5
sonnet,plain,fpq_129,fpq,5
sonnet,plain,fpq_13,fpq,2
sonnet,plain,fpq_130,fpq,1
sonnet,plain,fpq_131,fpq,1
sonnet,plain,fpq_133,fpq,4
sonnet,plain,fpq_134,fpq,1
sonnet,plain,fpq_135,fpq,1
sonnet,plain,fpq_136,fpq,5
sonnet,plain,fpq_137,fpq,4
sonnet,plain,fpq_138,fpq,1
sonnet,plain,fpq_139,fpq,1
sonnet,plain,fpq_14,fpq,1
sonnet,plain,fpq_140,fpq,1
sonnet,plain,fpq_141,fpq,5
sonnet,plain,fpq_142,fpq,5
sonnet,plain,fpq_143,fpq,1
sonnet,plain,fpq_144,fpq,1
sonnet,plain,fpq_145,fpq,5
sonnet,plain,fpq_146,fpq,5
sonnet,plain,fpq_147,fpq,5
sonnet,plain,fpq_148,fpq,5
sonnet,plain,fpq_149,fpq,5
sonnet,plain,fpq_15,fpq,1
sonnet,plain,fpq_152,fpq,1
sonnet,plain,fpq_153,fpq,1
sonnet,plain,fpq_155,fpq,1
sonnet,plain,fpq_156,fpq,5
sonnet,plain,fpq_157,fpq,5
sonnet,plain,fpq_158,fpq,1
sonnet,plain,fpq_159,fpq,1
sonnet,plain,fpq_16,fpq,5
sonnet,plain,fpq_160,fpq,1
sonnet,plain,fpq_163,fpq,1
sonnet,plain,fpq_164,fpq,1
sonnet,plain,fpq_165,fpq,1
sonnet,plain,fpq_166,fpq,1
sonnet,plain,fpq_167,fpq,1
sonnet,plain,fpq_168,fpq,1
sonnet,plain,fpq_169,fpq,5
sonnet,plain,fpq_17,fpq,5
sonnet,plain,fpq_170,fpq,5
sonnet,plain,fpq_173,fpq,1
sonnet,plain,fpq_174,fpq,5
sonnet,plain,fpq_175,fpq,5
sonnet,plain,fpq_176,fpq,2
sonnet,plain,fpq_177,fpq,1
sonnet,plain,fpq_178,fpq,5
sonnet,plain,fpq_179,fpq,1
sonnet,plain,fpq_18,fpq,1
sonnet,plain,fpq_180,fpq,1
sonnet,plain,fpq_181,fpq,5
sonnet,plain,fpq_182,fpq,5
sonnet,plain,fpq_184,fpq,1
sonnet,plain,fpq_185,fpq,5
sonnet,plain,fpq_186,fpq,5
sonnet,plain,fpq_188,fpq,5
sonnet,plain,fpq_189,fpq,1
sonnet,plain,fpq_19,fpq,5
sonnet,plain,fpq_190,fpq,4
sonnet,plain,fpq_191,fpq,1
sonnet,plain,fpq_192,fpq,5
sonnet,plain,fpq_193,fpq,5
sonnet,plain,fpq_194,fpq,1
sonnet,plain,fpq_195,fpq,1
sonnet,plain,fpq_196,fpq,5
sonnet,plain,fpq_197,fpq,4
sonnet,plain,fpq_198,fpq,5
sonnet,plain,fpq_2,fpq,2
sonnet,plain,fpq_20,fpq,5
sonnet,plain,fpq_200,fpq,5
sonnet,plain,fpq_201,fpq,5
sonnet,plain,fpq_202,fpq,5
sonnet,plain,fpq_204,fpq,5
sonnet,plain,fpq_205,fpq,1
sonnet,plain,fpq_206,fpq,5
sonnet,plain,fpq_207,fpq,1
sonnet,plain,fpq_208,fpq,1
sonnet,plain,fpq_21,fpq,5
sonnet,plain,fpq_216,fpq,1
sonnet,plain,fpq_217,fpq,1
sonnet,plain,fpq_218,fpq,1
sonnet,plain,fpq_219,fpq,1
sonnet,plain,fpq_22,fpq,5
sonnet,plain,fpq_220,fpq,1
sonnet,plain,fpq_221,fpq,2
sonnet,plain,fpq_222,fpq,5
sonnet,plain,fpq_223,fpq,3
sonnet,plain,fpq_224,fpq,5
sonnet,plain,fpq_225,fpq,5
sonnet,plain,fpq_226,fpq,1
sonnet,plain,fpq_227,fpq,1
sonnet,plain,fpq_228,fpq,4
sonnet,plain,fpq_229,fpq,5
sonnet,plain,fpq_23,fpq,1
sonnet,plain,fpq_230,fpq,1
sonnet,plain,fpq_231,fpq,1
sonnet,plain,fpq_232,fpq,5
sonnet,plain,fpq_233,fpq,2
sonnet,plain,fpq_234,fpq,5
sonnet,plain,fpq_236,fpq,1
sonnet,plain,fpq_237,fpq,4
sonnet,plain,fpq_238,fpq,5
sonnet,plain,fpq_239,fpq,5
sonnet,plain,fpq_24,fpq,5
sonnet,plain,fpq_240,fpq,5
sonnet,plain,fpq_241,fpq,1
sonnet,plain,fpq_244,fpq,5
sonnet,plain,fpq_245,fpq,1
sonnet,plain,fpq_246,fpq,2
sonnet,plain,fpq_247,fpq,5
sonnet,plain,fpq_248,fpq,5
sonnet,plain,fpq_249,fpq,5
sonnet,plain,fpq_25,fpq,3
sonnet,plain,fpq_250,fpq,4
sonnet,plain,fpq_251,fpq,1
sonnet,plain,fpq_252,fpq,5
sonnet,plain,fpq_253,fpq,5
sonnet,plain,fpq_254,fpq,5
sonnet,plain,fpq_255,fpq,1
sonnet,plain,fpq_256,fpq,1
sonnet,plain,fpq_257,fpq,1
sonnet,plain,fpq_258,fpq,5
sonnet,plain,fpq_259,fpq,1
sonnet,plain,fpq_26,fpq,1
sonnet,plain,fpq_260,fpq,4
sonnet,plain,fpq_261,fpq,1
sonnet,plain,fpq_262,fpq,5
sonnet,plain,fpq_263,fpq,5
sonnet,plain,fpq_264,fpq,5
sonnet,plain,fpq_265,fpq,1
sonnet,plain,fpq_266,fpq,5
sonnet,plain,fpq_267,fpq,1
sonnet,plain,fpq_268,fpq,5
sonnet,plain,fpq_269,fpq,1
sonnet,plain,fpq_27,fpq,5
sonnet,plain,fpq_270,fpq,1
sonnet,plain,fpq_271,fpq,5
sonnet,plain,fpq_272,fpq,5
sonnet,plain,fpq_273,fpq,5
sonnet,plain,fpq_274,fpq,5
sonnet,plain,fpq_275,fpq,1
sonnet,plain,fpq_276,fpq,1
sonnet,plain,fpq_277,fpq,5
sonnet,plain,fpq_278,fpq,5
sonnet,plain,fpq_279,fpq,4
sonnet,plain,fpq_28,fpq,5
sonnet,plain,fpq_283,fpq,2
sonnet,plain,fpq_285,fpq,1
sonnet,plain,fpq_286,fpq,5
sonnet,plain,fpq_287,fpq,5
sonnet,plain,fpq_288,fpq,5
sonnet,plain,fpq_289,fpq,5
sonnet,plain,fpq_29,fpq,5
sonnet,plain,fpq_290,fpq,5
sonnet,plain,fpq_291,fpq,5
sonnet,plain,fpq_292,fpq,5
sonnet,plain,fpq_293,fpq,5
sonnet,plain,fpq_294,fpq,5
sonnet,plain,fpq_295,fpq,1
sonnet,plain,fpq_296,fpq,1
sonnet,plain,fpq_297,fpq,2
sonnet,plain,fpq_3,fpq,1
sonnet,plain,fpq_30,fpq,4
sonnet,plain,fpq_302,fpq,4
sonnet,plain,fpq_303,fpq,2
sonnet,plain,fpq_304,fpq,1
sonnet,plain,fpq_305,fpq,1
sonnet,plain,fpq_306,fpq,1
sonnet,plain,fpq_307,fpq,5
sonnet,plain,fpq_308,fpq,5
sonnet,plain,fpq_309,fpq,1
sonnet,plain,fpq_31,fpq,5
sonnet,plain,fpq_311,fpq,5
sonnet,plain,fpq_312,fpq,1
sonnet,plain,fpq_313,fpq,5
sonnet,plain,fpq_314,fpq,5
sonnet,plain,fpq_315,fpq,5
sonnet,plain,fpq_316,fpq,4
sonnet,plain,fpq_317,fpq,4
sonnet,plain,fpq_318,fpq,1
sonnet,plain,fpq_319,fpq,1
sonnet,plain,fpq_32,fpq,1
sonnet,plain,fpq_320,fpq,5
sonnet,plain,fpq_321,fpq,5
sonnet,plain,fpq_325,fpq,5
sonnet,plain,fpq_326,fpq,1
sonnet,plain,fpq_327,fpq,5
sonnet,plain,fpq_33,fpq,1
sonnet,plain,fpq_336,fpq,1
sonnet,plain,fpq_34,fpq,5
sonnet,plain,fpq_342,fpq,1
sonnet,plain,fpq_343,fpq,5
sonnet,plain,fpq_344,fpq,1
sonnet,plain,fpq_348,fpq,5
sonnet,plain,fpq_35,fpq,1
sonnet,plain,fpq_350,fpq,2
sonnet,plain,fpq_353,fpq,5
sonnet,plain,fpq_354,fpq,4
sonnet,plain,fpq_357,fpq,4
sonnet,plain,fpq_358,fpq,3
sonnet,plain,fpq_359,fpq,5
sonnet,plain,fpq_36,fpq,1
sonnet,plain,fpq_361,fpq,2
sonnet,plain,fpq_362,fpq,1
sonnet,plain,fpq_366,fpq,1
sonnet,plain,fpq_368,fpq,1
sonnet,plain,fpq_37,fpq,5
sonnet,plain,fpq_376,fpq,5
sonnet,plain,fpq_378,fpq,5
sonnet,plain,fpq_379,fpq,5
sonnet,plain,fpq_38,fpq,5
sonnet,plain,fpq_380,fpq,5
sonnet,plain,fpq_383,fpq,3
sonnet,plain,fpq_385,fpq,4
sonnet,plain,fpq_386,fpq,1
sonnet,plain,fpq_387,fpq,5
sonnet,plain,fpq_388,fpq,5
sonnet,plain,fpq_389,fpq,5
sonnet,plain,fpq_39,fpq,4
sonnet,plain,fpq_390,fpq,5
sonnet,plain,fpq_391,fpq,5
sonnet,plain,fpq_392,fpq,1
sonnet,plain,fpq_394,fpq,1
sonnet,plain,fpq_395,fpq,5
sonnet,plain,fpq_396,fpq,1
sonnet,plain,fpq_397,fpq,4
sonnet,plain,fpq_398,fpq,5
sonnet,plain,fpq_399,fpq,5
sonnet,plain,fpq_4,fpq,5
sonnet,plain,fpq_40,fpq,5
sonnet,plain,fpq_400,fpq,5
sonnet,plain,fpq_403,fpq,2
sonnet,plain,fpq_405,fpq,5
sonnet,plain,fpq_407,fpq,5
sonnet,plain,fpq_408,fpq,5
sonnet,plain,fpq_41,fpq,1
sonnet,plain,fpq_415,fpq,5
sonnet,plain,fpq_416,fpq,1
sonnet,plain,fpq_417,fpq,1
sonnet,plain,fpq_42,fpq,2
sonnet,plain,fpq_420,fpq,1
sonnet,plain,fpq_421,fpq,1
sonnet,plain,fpq_422,fpq,1
sonnet,plain,fpq_423,fpq,4
sonnet,plain,fpq_425,fpq,5
sonnet,plain,fpq_426,fpq,5
sonnet,plain,fpq_428,fpq,5
sonnet,plain,fpq_429,fpq,5
sonnet,plain,fpq_43,fpq,5
sonnet,plain,fpq_434,fpq,5
sonnet,plain,fpq_436,fpq,5
sonnet,plain,fpq_438,fpq,1
sonnet,plain,fpq_439,fpq,5
sonnet,plain,fpq_44,fpq,5
sonnet,plain,fpq_443,fpq,5
sonnet,plain,fpq_445,fpq,5
sonnet,plain,fpq_446,fpq,5
sonnet,plain,fpq_45,fpq,5
sonnet,plain,fpq_459,fpq,5
sonnet,plain,fpq_46,fpq,5
sonnet,plain,fpq_460,fpq,1
sonnet,plain,fpq_462,fpq,4
sonnet,plain,fpq_467,fpq,5
sonnet,plain,fpq_47,fpq,5
sonnet,plain,fpq_472,fpq,5
sonnet,plain,fpq_473,fpq,5
sonnet,plain,fpq_474,fpq,5
sonnet,plain,fpq_477,fpq,5
sonnet,plain,fpq_479,fpq,5
sonnet,plain,fpq_48,fpq,1
sonnet,plain,fpq_484,fpq,5
sonnet,plain,fpq_485,fpq,5
sonnet,plain,fpq_487,fpq,5
sonnet,plain,fpq_488,fpq,4
sonnet,plain,fpq_49,fpq,1
sonnet,plain,fpq_492,fpq,1
sonnet,plain,fpq_493,fpq,4
sonnet,plain,fpq_494,fpq,5
sonnet,plain,fpq_495,fpq,5
sonnet,plain,fpq_497,fpq,5
sonnet,plain,fpq_499,fpq,2
sonnet,plain,fpq_5,fpq,1
sonnet,plain,fpq_50,fpq,1
sonnet,plain,fpq_500,fpq,5
sonnet,plain,fpq_501,fpq,5
sonnet,plain,fpq_502,fpq,1
sonnet,plain,fpq_505,fpq,3
sonnet,plain,fpq_506,fpq,5
sonnet,plain,fpq_507,fpq,2
sonnet,plain,fpq_51,fpq,5
sonnet,plain,fpq_512,fpq,2
sonnet,plain,fpq_514,fpq,2
sonnet,plain,fpq_516,fpq,4
sonnet,plain,fpq_517,fpq,5
sonnet,plain,fpq_52,fpq,1
sonnet,plain,fpq_521,fpq,5
sonnet,plain,fpq_522,fpq,2
sonnet,plain,fpq_524,fpq,4
sonnet,plain,fpq_525,fpq,5
sonnet,plain,fpq_53,fpq,4
sonnet,plain,fpq_530,fpq,5
sonnet,plain,fpq_531,fpq,5
sonnet,plain,fpq_534,fpq,5
sonnet,plain,fpq_535,fpq,5
sonnet,plain,fpq_54,fpq,5
sonnet,plain,fpq_542,fpq,2
sonnet,plain,fpq_543,fpq,4
sonnet,plain,fpq_546,fpq,1
sonnet,plain,fpq_547,fpq,1
sonnet,plain,fpq_549,fpq,1
sonnet,plain,fpq_55,fpq,5
sonnet,plain,fpq_550,fpq,5
sonnet,plain,fpq_552,fpq,1
sonnet,plain,fpq_556,fpq,5
sonnet,plain,fpq_557,fpq,1
sonnet,plain,fpq_558,fpq,5
sonnet,plain,fpq_559,fpq,5
sonnet,plain,fpq_56,fpq,5
sonnet,plain,fpq_560,fpq,5
sonnet,plain,fpq_563,fpq,5
sonnet,plain,fpq_564,fpq,1
sonnet,plain,fpq_565,fpq,5
sonnet,plain,fpq_566,fpq,5
sonnet,plain,fpq_57,fpq,5
sonnet,plain,fpq_570,fpq,5
sonnet,plain,fpq_572,fpq,5
sonnet,plain,fpq_574,fpq,5
sonnet,plain,fpq_58,fpq,4
sonnet,plain,fpq_580,fpq,5
sonnet,plain,fpq_583,fpq,5
sonnet,plain,fpq_584,fpq,5
sonnet,plain,fpq_586,fpq,1
sonnet,plain,fpq_59,fpq,1
sonnet,plain,fpq_593,fpq,2
sonnet,plain,fpq_595,fpq,5
sonnet,plain,fpq_596,fpq,5
sonnet,plain,fpq_598,fpq,5
sonnet,plain,fpq_6,fpq,5
sonnet,plain,fpq_60,fpq,5
sonnet,plain,fpq_600,fpq,5
sonnet,plain,fpq_601,fpq,5
sonnet,plain,fpq_603,fpq,5
sonnet,plain,fpq_604,fpq,2
sonnet,plain,fpq_606,fpq,4
sonnet,plain,fpq_607,fpq,5
sonnet,plain,fpq_608,fpq,5
sonnet,plain,fpq_609,fpq,1
sonnet,plain,fpq_61,fpq,1
sonnet,plain,fpq_610,fpq,4
sonnet,plain,fpq_611,fpq,5
sonnet,plain,fpq_612,fpq,2
sonnet,plain,fpq_613,fpq,5
sonnet,plain,fpq_614,fpq,5
sonnet,plain,fpq_615,fpq,5
sonnet,plain,fpq_616,fpq,5
sonnet,plain,fpq_617,fpq,5
sonnet,plain,fpq_618,fpq,1
sonnet,plain,fpq_619,fpq,5
sonnet,plain,fpq_62,fpq,5
sonnet,plain,fpq_620,fpq,3
sonnet,plain,fpq_621,fpq,1
sonnet,plain,fpq_622,fpq,5
sonnet,plain,fpq_623,fpq,1
sonnet,plain,fpq_624,fpq,5
sonnet,plain,fpq_625,fpq,5
sonnet,plain,fpq_626,fpq,5
sonnet,plain,fpq_628,fpq,4
sonnet,plain,fpq_629,fpq,4
sonnet,plain,fpq_63,fpq,5
sonnet,plain,fpq_630,fpq,5
sonnet,plain,fpq_631,fpq,5
sonnet,plain,fpq_632,fpq,5
sonnet,plain,fpq_633,fpq,5
sonnet,plain,fpq_634,fpq,5
sonnet,plain,fpq_635,fpq,1
sonnet,plain,fpq_636,fpq,5
sonnet,plain,fpq_638,fpq,5
sonnet,plain,fpq_639,fpq,1
sonnet,plain,fpq_64,fpq,5
sonnet,plain,fpq_640,fpq,1
sonnet,plain,fpq_641,fpq,1
sonnet,plain,fpq_643,fpq,5
sonnet,plain,fpq_644,fpq,1
sonnet,plain,fpq_645,fpq,5
sonnet,plain,fpq_646,fpq,1
sonnet,plain,fpq_647,fpq,1
sonnet,plain,fpq_649,fpq,1
sonnet,plain,fpq_65,fpq,1
sonnet,plain,fpq_650,fpq,5
sonnet,plain,fpq_652,fpq,1
sonnet,plain,fpq_653,fpq,3
sonnet,plain,fpq_654,fpq,1
sonnet,plain,fpq_655,fpq,4
sonnet,plain,fpq_657,fpq,5
sonnet,plain,fpq_659,fpq,5
sonnet,plain,fpq_66,fpq,1
sonnet,plain,fpq_661,fpq,5
sonnet,plain,fpq_662,fpq,1
sonnet,plain,fpq_663,fpq,1
sonnet,plain,fpq_666,fpq,5
sonnet,plain,fpq_669,fpq,1
sonnet,plain,fpq_67,fpq,1
sonnet,plain,fpq_671,fpq,5
sonnet,plain,fpq_675,fpq,5
sonnet,plain,fpq_676,fpq,5
sonnet,plain,fpq_677,fpq,1
sonnet,plain,fpq_678,fpq,5
sonnet,plain,fpq_68,fpq,4
sonnet,plain,fpq_682,fpq,1
sonnet,plain,fpq_685,fpq,4
sonnet,plain,fpq_687,fpq,1
sonnet,plain,fpq_689,fpq,1
sonnet,plain,fpq_69,fpq,4
sonnet,plain,fpq_690,fpq,4
sonnet,plain,fpq_691,fpq,5
sonnet,plain,fpq_692,fpq,5
sonnet,plain,fpq_694,fpq,5
sonnet,plain,fpq_695,fpq,5
sonnet,plain,fpq_696,fpq,5
sonnet,plain,fpq_697,fpq,5
sonnet,plain,fpq_699,fpq,5
sonnet,plain,fpq_7,fpq,5
sonnet,plain,fpq_70,fpq,1
sonnet,plain,fpq_702,fpq,5
sonnet,plain,fpq_703,fpq,5
sonnet,plain,fpq_704,fpq,3
sonnet,plain,fpq_705,fpq,5
sonnet,plain,fpq_706,fpq,5
sonnet,plain,fpq_71,fpq,5
sonnet,plain,fpq_712,fpq,5
sonnet,plain,fpq_713,fpq,1
sonnet,plain,fpq_72,fpq,2
sonnet,plain,fpq_721,fpq,5
sonnet,plain,fpq_722,fpq,5
sonnet,plain,fpq_723,fpq,5
sonnet,plain,fpq_724,fpq,1
sonnet,plain,fpq_725,fpq,1
sonnet,plain,fpq_726,fpq,1
sonnet,plain,fpq_727,fpq,5
sonnet,plain,fpq_728,fpq,5
sonnet,plain,fpq_729,fpq,1
sonnet,plain,fpq_73,fpq,5
sonnet,plain,fpq_730,fpq,5
sonnet,plain,fpq_735,fpq,5
sonnet,plain,fpq_736,fpq,1
sonnet,plain,fpq_738,fpq,1
sonnet,plain,fpq_739,fpq,5
sonnet,plain,fpq_74,fpq,5
sonnet,plain,fpq_740,fpq,5
sonnet,plain,fpq_741,fpq,5
sonnet,plain,fpq_743,fpq,1
sonnet,plain,fpq_744,fpq,5
sonnet,plain,fpq_745,fpq,5
sonnet,plain,fpq_746,fpq,1
sonnet,plain,fpq_747,fpq,5
sonnet,plain,fpq_749,fpq,5
sonnet,plain,fpq_75,fpq,2
sonnet,plain,fpq_750,fpq,4
sonnet,plain,fpq_751,fpq,5
sonnet,plain,fpq_753,fpq,5
sonnet,plain,fpq_754,fpq,5
sonnet,plain,fpq_755,fpq,5
sonnet,plain,fpq_76,fpq,1
sonnet,plain,fpq_761,fpq,5
sonnet,plain,fpq_762,fpq,5
sonnet,plain,fpq_763,fpq,5
sonnet,plain,fpq_764,fpq,5
sonnet,plain,fpq_77,fpq,5
sonnet,plain,fpq_771,fpq,5
sonnet,plain,fpq_772,fpq,5
sonnet,plain,fpq_773,fpq,5
sonnet,plain,fpq_774,fpq,5
sonnet,plain,fpq_775,fpq,5
sonnet,plain,fpq_776,fpq,5
sonnet,plain,fpq_777,fpq,5
sonnet,plain,fpq_778,fpq,2
sonnet,plain,fpq_78,fpq,5
sonnet,plain,fpq_780,fpq,5
sonnet,plain,fpq_781,fpq,5
sonnet,plain,fpq_789,fpq,5
sonnet,plain,fpq_794,fpq,5
sonnet,plain,fpq_797,fpq,1
sonnet,plain,fpq_798,fpq,5
sonnet,plain,fpq_799,fpq,1
sonnet,plain,fpq_8,fpq,5
sonnet,plain,fpq_80,fpq,1
sonnet,plain,fpq_801,fpq,1
sonnet,plain,fpq_802,fpq,2
sonnet,plain,fpq_804,fpq,1
sonnet,plain,fpq_805,fpq,4
sonnet,plain,fpq_806,fpq,1
sonnet,plain,fpq_807,fpq,2
sonnet,plain,fpq_808,fpq,5
sonnet,plain,fpq_81,fpq,5
sonnet,plain,fpq_813,fpq,5
sonnet,plain,fpq_814,fpq,5
sonnet,plain,fpq_817,fpq,5
sonnet,plain,fpq_818,fpq,5
sonnet,plain,fpq_82,fpq,5
sonnet,plain,fpq_820,fpq,5
sonnet,plain,fpq_823,fpq,4
sonnet,plain,fpq_824,fpq,3
sonnet,plain,fpq_827,fpq,1
sonnet,plain,fpq_828,fpq,2
sonnet,plain,fpq_829,fpq,2
sonnet,plain,fpq_830,fpq,4
sonnet,plain,fpq_831,fpq,1
sonnet,plain,fpq_832,fpq,2
sonnet,plain,fpq_833,fpq,5
sonnet,plain,fpq_834,fpq,5
sonnet,plain,fpq_835,fpq,5
sonnet,plain,fpq_836,fpq,5
sonnet,plain,fpq_837,fpq,1
sonnet,plain,fpq_838,fpq,5
sonnet,plain,fpq_839,fpq,5
sonnet,plain,fpq_84,fpq,1
sonnet,plain,fpq_840,fpq,5
sonnet,plain,fpq_844,fpq,5
sonnet,plain,fpq_846,fpq,4
sonnet,plain,fpq_847,fpq,5
sonnet,plain,fpq_848,fpq,2
sonnet,plain,fpq_849,fpq,5
sonnet,plain,fpq_85,fpq,1
sonnet,plain,fpq_850,fpq,5
sonnet,plain,fpq_851,fpq,5
sonnet,plain,fpq_852,fpq,1
sonnet,plain,fpq_854,fpq,1
sonnet,plain,fpq_855,fpq,1
sonnet,plain,fpq_858,fpq,2
sonnet,plain,fpq_859,fpq,1
sonnet,plain,fpq_860,fpq,1
sonnet,plain,fpq_861,fpq,2
sonnet,plain,fpq_862,fpq,5
sonnet,plain,fpq_863,fpq,5
sonnet,plain,fpq_864,fpq,2
sonnet,plain,fpq_865,fpq,5
sonnet,plain,fpq_866,fpq,2
sonnet,plain,fpq_869,fpq,5
sonnet,plain,fpq_87,fpq,5
sonnet,plain,fpq_870,fpq,1
sonnet,plain,fpq_871,fpq,1
sonnet,plain,fpq_872,fpq,1
sonnet,plain,fpq_88,fpq,5
sonnet,plain,fpq_89,fpq,5
sonnet,plain,fpq_9,fpq,5
sonnet,plain,fpq_90,fpq,5
sonnet,plain,fpq_91,fpq,5
sonnet,plain,fpq_92,fpq,1
sonnet,plain,fpq_94,fpq,1
sonnet,plain,fpq_95,fpq,1
sonnet,plain,fpq_96,fpq,1
sonnet,plain,fpq_97,fpq,5
sonnet,plain,fpq_98,fpq,1
sonnet,plain,fpq_99,fpq,5
sonnet,plain,nfp_1000,nfp,2
sonnet,plain,nfp_1001,nfp,1
sonnet,plain,nfp_1002,nfp,2
sonnet,plain,nfp_1003,nfp,5
sonnet,plain,nfp_1004,nfp,3
sonnet,plain,nfp_1005,nfp,5
sonnet,plain,nfp_1006,nfp,5
sonnet,plain,nfp_1008,nfp,5
sonnet,plain,nfp_1009,nfp,2
sonnet,plain,nfp_1010,nfp,2
sonnet,plain,nfp_1011,nfp,5
sonnet,plain,nfp_1012,nfp,2
sonnet,plain,nfp_1013,nfp,5
sonnet,plain,nfp_1014,nfp,5
sonnet,plain,nfp_1015,nfp,5
sonnet,plain,nfp_1016,nfp,4
sonnet,plain,nfp_1017,nfp,5
sonnet,plain,nfp_1018,nfp,5
sonnet,plain,nfp_1019,nfp,5
sonnet,plain,nfp_1020,nfp,4
sonnet,plain,nfp_1021,nfp,2
sonnet,plain,nfp_1022,nfp,5
sonnet,plain,nfp_1023,nfp,2
sonnet,plain,nfp_1024,nfp,2
sonnet,plain,nfp_1025,nfp,5
sonnet,plain,nfp_1026,nfp,2
sonnet,plain,nfp_1027,nfp,5
sonnet,plain,nfp_1028,nfp,5
sonnet,plain,nfp_1029,nfp,2
sonnet,plain,nfp_1030,nfp,2
sonnet,plain,nfp_1031,nfp,5
sonnet,plain,nfp_1032,nfp,5
sonnet,plain,nfp_1033,nfp,5
sonnet,plain,nfp_1034,nfp,2
sonnet,plain,nfp_1035,nfp,5
sonnet,plain,nfp_1036,nfp,2
sonnet,plain,nfp_1037,nfp,5
sonnet,plain,nfp_1038,nfp,5
sonnet,plain,nfp_1039,nfp,5
sonnet,plain,nfp_1040,nfp,5
sonnet,plain,nfp_1041,nfp,4
sonnet,plain,nfp_1042,nfp,5
sonnet,plain,nfp_1043,nfp,5
sonnet,plain,nfp_1044,nfp,5
sonnet,plain,nfp_1045,nfp,4
sonnet,plain,nfp_1046,nfp,5
sonnet,plain,nfp_1047,nfp,4
sonnet,plain,nfp_1048,nfp,5
sonnet,plain,nfp_1049,nfp,4
sonnet,plain,nfp_1050,nfp,5
sonnet,plain,nfp_1051,nfp,4
sonnet,plain,nfp_1052,nfp,4
sonnet,plain,nfp_1053,nfp,5
sonnet,plain,nfp_1054,nfp,2
sonnet,plain,nfp_1055,nfp,1
sonnet,plain,nfp_1056,nfp,5
sonnet,plain,nfp_1057,nfp,2
sonnet,plain,nfp_1058,nfp,5
sonnet,plain,nfp_1059,nfp,3
sonnet,plain,nfp_1060,nfp,2
sonnet,plain,nfp_1061,nfp,3
sonnet,plain,nfp_1062,nfp,5
sonnet,plain,nfp_1063,nfp,4
sonnet,plain,nfp_1064,nfp,5
sonnet,plain,nfp_1065,nfp,5
sonnet,plain,nfp_1066,nfp,5
sonnet,plain,nfp_1067,nfp,5
sonnet,plain,nfp_1068,nfp,3
sonnet,plain,nfp_1069,nfp,5
sonnet,plain,nfp_1070,nfp,2
sonnet,plain,nfp_1071,nfp,5
sonnet,plain,nfp_1072,nfp,2
sonnet,plain,nfp_1073,nfp,5
sonnet,plain,nfp_1074,nfp,5
sonnet,plain,nfp_1075,nfp,4
sonnet,plain,nfp_1076,nfp,2
sonnet,plain,nfp_1077,nfp,5
sonnet,plain,nfp_1078,nfp,2
sonnet,plain,nfp_1079,nfp,5
sonnet,plain,nfp_1080,nfp,1
sonnet,plain,nfp_1081,nfp,3
sonnet,plain,nfp_1082,nfp,4
sonnet,plain,nfp_1083,nfp,3
sonnet,plain,nfp_1084,nfp,5
sonnet,plain,nfp_1085,nfp,5
sonnet,plain,nfp_1086,nfp,5
sonnet,plain,nfp_1087,nfp,5
sonnet,plain,nfp_1088,nfp,5
sonnet,plain,nfp_1089,nfp,2
sonnet,plain,nfp_1090,nfp,4
sonnet,plain,nfp_1091,nfp,3
sonnet,plain,nfp_1092,nfp,5
sonnet,plain,nfp_1093,nfp,5
sonnet,plain,nfp_1094,nfp,5
sonnet,plain,nfp_1095,nfp,5
sonnet,plain,nfp_1096,nfp,2
sonnet,plain,nfp_1097,nfp,2
sonnet,plain,nfp_1098,nfp,5
sonnet,plain,nfp_1099,nfp,5
sonnet,plain,nfp_1100,nfp,3
sonnet,plain,nfp_1101,nfp,4
sonnet,plain,nfp_1102,nfp,5
sonnet,plain,nfp_1103,nfp,5
sonnet,plain,nfp_1104,nfp,5
sonnet,plain,nfp_1105,nfp,4
sonnet,plain,nfp_1106,nfp,5
sonnet,plain,nfp_1107,nfp,1
sonnet,plain,nfp_1108,nfp,2
sonnet,plain,nfp_1109,nfp,4
sonnet,plain,nfp_1110,nfp,5
sonnet,plain,nfp_1111,nfp,5
sonnet,plain,nfp_1112,nfp,5
sonnet,plain,nfp_1113,nfp,5
sonnet,plain,nfp_1114,nfp,5
sonnet,plain,nfp_1115,nfp,4
sonnet,plain,nfp_1116,nfp,2
sonnet,plain,nfp_1117,nfp,2
sonnet,plain,nfp_1118,nfp,5
sonnet,plain,nfp_1119,nfp,5
sonnet,plain,nfp_1120,nfp,5
sonnet,plain,nfp_1121,nfp,5
sonnet,plain,nfp_1122,nfp,2
sonnet,plain,nfp_1123,nfp,2
sonnet,plain,nfp_1124,nfp,2
sonnet,plain,nfp_1125,nfp,4
sonnet,plain,nfp_1126,nfp,5
sonnet,plain,nfp_1127,nfp,2
sonnet,plain,nfp_1128,nfp,4
sonnet,plain,nfp_1129,nfp,4
sonnet,plain,nfp_1130,nfp,1
sonnet,plain,nfp_1131,nfp,4
sonnet,plain,nfp_1132,nfp,5
sonnet,plain,nfp_1133,nfp,2
sonnet,plain,nfp_1134,nfp,2
sonnet,plain,nfp_1135,nfp,5
sonnet,plain,nfp_1136,nfp,5
sonnet,plain,nfp_1137,nfp,5
sonnet,plain,nfp_1138,nfp,5
sonnet,plain,nfp_1139,nfp,2
sonnet,plain,nfp_1140,nfp,2
sonnet,plain,nfp_1141,nfp,4
sonnet,plain,nfp_1142,nfp,2
sonnet,plain,nfp_1143,nfp,5
sonnet,plain,nfp_1144,nfp,4
sonnet,plain,nfp_1145,nfp,5
sonnet,plain,nfp_1146,nfp,5
sonnet,plain,nfp_1147,nfp,4
sonnet,plain,nfp_1148,nfp,2
sonnet,plain,nfp_1149,nfp,4
sonnet,balanced,fpq_0,fpq,5
sonnet,balanced,fpq_10,fpq,5
sonnet,balanced,fpq_100,fpq,1
sonnet,balanced,fpq_101,fpq,1
sonnet,balanced,fpq_102,fpq,5
sonnet,balanced,fpq_103,fpq,5
sonnet,balanced,fpq_105,fpq,5
sonnet,balanced,fpq_106,fpq,1
sonnet,balanced,fpq_107,fpq,5
sonnet,balanced,fpq_108,fpq,5
sonnet,balanced,fpq_109,fpq,1
sonnet,balanced,fpq_11,fpq,5
sonnet,balanced,fpq_110,fpq,2
sonnet,balanced,fpq_111,fpq,5
sonnet,balanced,fpq_112,fpq,5
sonnet,balanced,fpq_113,fpq,5
sonnet,balanced,fpq_114,fpq,1
sonnet,balanced,fpq_115,fpq,4
sonnet,balanced,fpq_116,fpq,5
sonnet,balanced,fpq_12,fpq,5
sonnet,balanced,fpq_120,fpq,1
sonnet,balanced,fpq_121,fpq,5
sonnet,balanced,fpq_122,fpq,5
sonnet,balanced,fpq_123,fpq,1
sonnet,balanced,fpq_124,fpq,2
sonnet,balanced,fpq_125,fpq,5
sonnet,balanced,fpq_126,fpq,5
sonnet,balanced,fpq_127,fpq,5
sonnet,balanced,fpq_128,fpq,2
sonnet,balanced,fpq_129,fpq,5
sonnet,balanced,fpq_13,fpq,1
sonnet,balanced,fpq_130,fpq,1
sonnet,balanced,fpq_131,fpq,1
sonnet,balanced,fpq_133,fpq,5
sonnet,balanced,fpq_134,fpq,5
sonnet,balanced,fpq_135,fpq,1
sonnet,balanced,fpq_136,fpq,5
sonnet,balanced,fpq_137,fpq,5
sonnet,balanced,fpq_138,fpq,1
sonnet,balanced,fpq_139,fpq,4
sonnet,balanced,fpq_14,fpq,5
sonnet,balanced,fpq_140,fpq,4
sonnet,balanced,fpq_141,fpq,5
sonnet,balanced,fpq_142,fpq,5
sonnet,balanced,fpq_143,fpq,1
sonnet,balanced,fpq_144,fpq,5
sonnet,balanced,fpq_145,fpq,5
sonnet,balanced,fpq_146,fpq,5
sonnet,balanced,fpq_147,fpq,5
sonnet,balanced,fpq_148,fpq,5
sonnet,balanced,fpq_149,fpq,5
sonnet,balanced,fpq_15,fpq,1
sonnet,balanced,fpq_152,fpq,1
sonnet,balanced,fpq_153,fpq,1
sonnet,balanced,fpq_155,fpq,2
sonnet,balanced,fpq_156,fpq,5
sonnet,balanced,fpq_157,fpq,5
sonnet,balanced,fpq_158,fpq,5
sonnet,balanced,fpq_159,fpq,1
sonnet,balanced,fpq_16,fpq,5
sonnet,balanced,fpq_160,fpq,1
sonnet,balanced,fpq_163,fpq,2
sonnet,balanced,fpq_164,fpq,1
sonnet,balanced,fpq_165,fpq,5
sonnet,balanced,fpq_166,fpq,1
sonnet,balanced,fpq_167,fpq,1
sonnet,balanced,fpq_168,fpq,2
sonnet,balanced,fpq_169,fpq,5
sonnet,balanced,fpq_17,fpq,5
sonnet,balanced,fpq_170,fpq,5
sonnet,balanced,fpq_173,fpq,5
sonnet,balanced,fpq_174,fpq,5
sonnet,balanced,fpq_175,fpq,5
sonnet,balanced,fpq_176,fpq,2
sonnet,balanced,fpq_177,fpq,1
sonnet,balanced,fpq_178,fpq,5
sonnet,balanced,fpq_179,fpq,1
sonnet,balanced,fpq_18,fpq,1
sonnet,balanced,fpq_180,fpq,2
sonnet,balanced,fpq_181,fpq,5
sonnet,balanced,fpq_182,fpq,5
sonnet,balanced,fpq_184,fpq,1
sonnet,balanced,fpq_185,fpq,5
sonnet,balanced,fpq_186,fpq,5
sonnet,balanced,fpq_188,fpq,5
sonnet,balanced,fpq_189,fpq,5
sonnet,balanced,fpq_19,fpq,5
sonnet,balanced,fpq_190,fpq,5
sonnet,balanced,fpq_191,fpq,1
sonnet,balanced,fpq_192,fpq,1
sonnet,balanced,fpq_193,fpq,5
sonnet,balanced,fpq_194,fpq,1
sonnet,balanced,fpq_195,fpq,4
sonnet,balanced,fpq_196,fpq,5
sonnet,balanced,fpq_197,fpq,5
sonnet,balanced,fpq_198,fpq,5
sonnet,balanced,fpq_2,fpq,5
sonnet,balanced,fpq_20,fpq,5
sonnet,balanced,fpq_200,fpq,5
sonnet,balanced,fpq_201,fpq,5
sonnet,balanced,fpq_202,fpq,5
sonnet,balanced,fpq_204,fpq,5
sonnet,balanced,fpq_205,fpq,4
sonnet,balanced,fpq_206,fpq,5
sonnet,balanced,fpq_207,fpq,5
sonnet,balanced,fpq_208,fpq,5
sonnet,balanced,fpq_21,fpq,5
sonnet,balanced,fpq_216,fpq,5
sonnet,balanced,fpq_217,fpq,1
sonnet,balanced,fpq_218,fpq,1
sonnet,balanced,fpq_219,fpq,1
sonnet,balanced,fpq_22,fpq,5
sonnet,balanced,fpq_220,fpq,5
sonnet,balanced,fpq_221,fpq,1
sonnet,balanced,fpq_222,fpq,4
sonnet,balanced,fpq_223,fpq,5
sonnet,balanced,fpq_224,fpq,5
sonnet,balanced,fpq_225,fpq,5
sonnet,balanced,fpq_226,fpq,5
sonnet,balanced,fpq_227,fpq,1
sonnet,balanced,fpq_228,fpq,4
sonnet,balanced,fpq_229,fpq,5
sonnet,balanced,fpq_23,fpq,2
sonnet,balanced,fpq_230,fpq,1
sonnet,balanced,fpq_231,fpq,2
sonnet,balanced,fpq_232,fpq,5
sonnet,balanced,fpq_233,fpq,5
sonnet,balanced,fpq_234,fpq,5
sonnet,balanced,fpq_236,fpq,1
sonnet,balanced,fpq_237,fpq,5
sonnet,balanced,fpq_238,fpq,5
sonnet,balanced,fpq_239,fpq,5
sonnet,balanced,fpq_24,fpq,5
sonnet,balanced,fpq_240,fpq,5
sonnet,balanced,fpq_241,fpq,5
sonnet,balanced,fpq_244,fpq,5
sonnet,balanced,fpq_245,fpq,1
sonnet,balanced,fpq_246,fpq,5
sonnet,balanced,fpq_247,fpq,5
sonnet,balanced,fpq_248,fpq,5
sonnet,balanced,fpq_249,fpq,5
sonnet,balanced,fpq_25,fpq,5
sonnet,balanced,fpq_250,fpq,5
sonnet,balanced,fpq_251,fpq,5
sonnet,balanced,fpq_252,fpq,5
sonnet,balanced,fpq_253,fpq,5
sonnet,balanced,fpq_254,fpq,5
sonnet,balanced,fpq_255,fpq,2
sonnet,balanced,fpq_256,fpq,5
sonnet,balanced,fpq_257,fpq,5
sonnet,balanced,fpq_258,fpq,5
sonnet,balanced,fpq_259,fpq,2
sonnet,balanced,fpq_26,fpq,5
sonnet,balanced,fpq_260,fpq,5
sonnet,balanced,fpq_261,fpq,5
sonnet,balanced,fpq_262,fpq,5
sonnet,balanced,fpq_263,fpq,5
sonnet,balanced,fpq_264,fpq,5
sonnet,balanced,fpq_265,fpq,1
sonnet,balanced,fpq_266,fpq,5
sonnet,balanced,fpq_267,fpq,1
sonnet,balanced,fpq_268,fpq,5
sonnet,balanced,fpq_269,fpq,5
sonnet,balanced,fpq_27,fpq,5
sonnet,balanced,fpq_270,fpq,1
sonnet,balanced,fpq_271,fpq,5
sonnet,balanced,fpq_272,fpq,5
sonnet,balanced,fpq_273,fpq,5
sonnet,balanced,fpq_274,fpq,5
sonnet,balanced,fpq_275,fpq,5
sonnet,balanced,fpq_276,fpq,5
sonnet,balanced,fpq_277,fpq,5
sonnet,balanced,fpq_278,fpq,2
sonnet,balanced,fpq_279,fpq,5
sonnet,balanced,fpq_28,fpq,5
sonnet,balanced,fpq_283,fpq,4
sonnet,balanced,fpq_285,fpq,4
sonnet,balanced,fpq_286,fpq,5
sonnet,balanced,fpq_287,fpq,5
sonnet,balanced,fpq_288,fpq,5
sonnet,balanced,fpq_289,fpq,5
sonnet,balanced,fpq_29,fpq,5
sonnet,balanced,fpq_290,fpq,5
sonnet,balanced,fpq_291,fpq,5
sonnet,balanced,fpq_292,fpq,5
sonnet,balanced,fpq_293,fpq,5
sonnet,balanced,fpq_294,fpq,5
sonnet,balanced,fpq_295,fpq,2
sonnet,balanced,fpq_296,fpq,4
sonnet,balanced,fpq_297,fpq,5
sonnet,balanced,fpq_3,fpq,1
sonnet,balanced,fpq_30,fpq,5
sonnet,balanced,fpq_302,fpq,5
sonnet,balanced,fpq_303,fpq,5
sonnet,balanced,fpq_304,fpq,4
sonnet,balanced,fpq_305,fpq,1
sonnet,balanced,fpq_306,fpq,1
sonnet,balanced,fpq_307,fpq,5
sonnet,balanced,fpq_308,fpq,5
sonnet,balanced,fpq_309,fpq,5
sonnet,balanced,fpq_31,fpq,5
sonnet,balanced,fpq_311,fpq,5
sonnet,balanced,fpq_312,fpq,5
sonnet,balanced,fpq_313,fpq,5
sonnet,balanced,fpq_314,fpq,5
sonnet,balanced,fpq_315,fpq,5
sonnet,balanced,fpq_316,fpq,5
sonnet,balanced,fpq_317,fpq,5
sonnet,balanced,fpq_318,fpq,2
sonnet,balanced,fpq_319,fpq,1
sonnet,balanced,fpq_32,fpq,5
sonnet,balanced,fpq_320,fpq,5
sonnet,balanced,fpq_321,fpq,5
sonnet,balanced,fpq_325,fpq,5
sonnet,balanced,fpq_326,fpq,4
sonnet,balanced,fpq_327,fpq,5
sonnet,balanced,fpq_33,fpq,5
sonnet,balanced,fpq_336,fpq,1
sonnet,balanced,fpq_34,fpq,5
sonnet,balanced,fpq_342,fpq,1
sonnet,balanced,fpq_343,fpq,5
sonnet,balanced,fpq_344,fpq,1
sonnet,balanced,fpq_348,fpq,5
sonnet,balanced,fpq_35,fpq,5
sonnet,balanced,fpq_350,fpq,1
sonnet,balanced,fpq_353,fpq,5
sonnet,balanced,fpq_354,fpq,2
sonnet,balanced,fpq_357,fpq,5
sonnet,balanced,fpq_358,fpq,4
sonnet,balanced,fpq_359,fpq,5
sonnet,balanced,fpq_36,fpq,5
sonnet,balanced,fpq_361,fpq,5
sonnet,balanced,fpq_362,fpq,1
sonnet,balanced,fpq_366,fpq,1
sonnet,balanced,fpq_368,fpq,1
sonnet,balanced,fpq_37,fpq,5
sonnet,balanced,fpq_376,fpq,5
sonnet,balanced,fpq_378,fpq,5
sonnet,balanced,fpq_379,fpq,5
sonnet,balanced,fpq_38,fpq,5
sonnet,balanced,fpq_380,fpq,5
sonnet,balanced,fpq_383,fpq,5
sonnet,balanced,fpq_385,fpq,5
sonnet,balanced,fpq_386,fpq,5
sonnet,balanced,fpq_387,fpq,5
sonnet,balanced,fpq_388,fpq,5
sonnet,balanced,fpq_389,fpq,5
sonnet,balanced,fpq_39,fpq,5
sonnet,balanced,fpq_390,fpq,5
sonnet,balanced,fpq_391,fpq,5
sonnet,balanced,fpq_392,fpq,5
sonnet,balanced,fpq_394,fpq,5
sonnet,balanced,fpq_395,fpq,5
sonnet,balanced,fpq_396,fpq,1
sonnet,balanced,fpq_397,fpq,5
sonnet,balanced,fpq_398,fpq,5
sonnet,balanced,fpq_399,fpq,5
sonnet,balanced,fpq_4,fpq,5
sonnet,balanced,fpq_40,fpq,5
sonnet,balanced,fpq_400,fpq,5
sonnet,balanced,fpq_403,fpq,5
sonnet,balanced,fpq_405,fpq,5
sonnet,balanced,fpq_407,fpq,5
sonnet,balanced,fpq_408,fpq,5
sonnet,balanced,fpq_41,fpq,5
sonnet,balanced,fpq_415,fpq,5
sonnet,balanced,fpq_416,fpq,1
sonnet,balanced,fpq_417,fpq,1
sonnet,balanced,fpq_42,fpq,5
sonnet,balanced,fpq_420,fpq,1
sonnet,balanced,fpq_421,fpq,2
sonnet,balanced,fpq_422,fpq,5
sonnet,balanced,fpq_423,fpq,5
sonnet,balanced,fpq_425,fpq,5
sonnet,balanced,fpq_426,fpq,5
sonnet,balanced,fpq_428,fpq,5
sonnet,balanced,fpq_429,fpq,5
sonnet,balanced,fpq_43,fpq,5
sonnet,balanced,fpq_434,fpq,5
sonnet,balanced,fpq_436,fpq,5
sonnet,balanced,fpq_438,fpq,1
sonnet,balanced,fpq_439,fpq,5
sonnet,balanced,fpq_44,fpq,5
sonnet,balanced,fpq_443,fpq,5
sonnet,balanced,fpq_445,fpq,5
sonnet,balanced,fpq_446,fpq,5
sonnet,balanced,fpq_45,fpq,5
sonnet,balanced,fpq_459,fpq,5
sonnet,balanced,fpq_46,fpq,5
sonnet,balanced,fpq_460,fpq,2
sonnet,balanced,fpq_462,fpq,5
sonnet,balanced,fpq_467,fpq,5
sonnet,balanced,fpq_47,fpq,5
sonnet,balanced,fpq_472,fpq,5
sonnet,balanced,fpq_473,fpq,5
sonnet,balanced,fpq_474,fpq,5
sonnet,balanced,fpq_477,fpq,5
sonnet,balanced,fpq_479,fpq,5
sonnet,balanced,fpq_48,fpq,1
sonnet,balanced,fpq_484,fpq,5
sonnet,balanced,fpq_485,fpq,5
sonnet,balanced,fpq_487,fpq,5
sonnet,balanced,fpq_488,fpq,5
sonnet,balanced,fpq_49,fpq,1
sonnet,balanced,fpq_492,fpq,5
sonnet,balanced,fpq_493,fpq,5
sonnet,balanced,fpq_494,fpq,5
sonnet,balanced,fpq_495,fpq,5
sonnet,balanced,fpq_497,fpq,2
sonnet,balanced,fpq_499,fpq,5
sonnet,balanced,fpq_5,fpq,1
sonnet,balanced,fpq_50,fpq,1
sonnet,balanced,fpq_500,fpq,5
sonnet,balanced,fpq_501,fpq,5
sonnet,balanced,fpq_502,fpq,5
sonnet,balanced,fpq_505,fpq,5
sonnet,balanced,fpq_506,fpq,4
sonnet,balanced,fpq_507,fpq,4
sonnet,balanced,fpq_51,fpq,5
sonnet,balanced,fpq_512,fpq,5
sonnet,balanced,fpq_514,fpq,1
sonnet,balanced,fpq_516,fpq,5
sonnet,balanced,fpq_517,fpq,5
sonnet,balanced,fpq_52,fpq,5
sonnet,balanced,fpq_521,fpq,5
sonnet,balanced,fpq_522,fpq,5
sonnet,balanced,fpq_524,fpq,5
sonnet,balanced,fpq_525,fpq,5
sonnet,balanced,fpq_53,fpq,5
sonnet,balanced,fpq_530,fpq,5
sonnet,balanced,fpq_531,fpq,5
sonnet,balanced,fpq_534,fpq,5
sonnet,balanced,fpq_535,fpq,5
sonnet,balanced,fpq_54,fpq,5
sonnet,balanced,fpq_542,fpq,2
sonnet,balanced,fpq_543,fpq,5
sonnet,balanced,fpq_546,fpq,2
sonnet,balanced,fpq_547,fpq,1
sonnet,balanced,fpq_549,fpq,5
sonnet,balanced,fpq_55,fpq,5
sonnet,balanced,fpq_550,fpq,5
sonnet,balanced,fpq_552,fpq,5
sonnet,balanced,fpq_556,fpq,5
sonnet,balanced,fpq_557,fpq,5
sonnet,balanced,fpq_558,fpq,5
sonnet,balanced,fpq_559,fpq,5
sonnet,balanced,fpq_56,fpq,5
sonnet,balanced,fpq_560,fpq,5
sonnet,balanced,fpq_563,fpq,5
sonnet,balanced,fpq_564,fpq,2
sonnet,balanced,fpq_565,fpq,5
sonnet,balanced,fpq_566,fpq,5
sonnet,balanced,fpq_57,fpq,5
sonnet,balanced,fpq_570,fpq,5
sonnet,balanced,fpq_572,fpq,5
sonnet,balanced,fpq_574,fpq,5
sonnet,balanced,fpq_58,fpq,5
sonnet,balanced,fpq_580,fpq,5
sonnet,balanced,fpq_583,fpq,5
sonnet,balanced,fpq_584,fpq,5
sonnet,balanced,fpq_586,fpq,1
sonnet,balanced,fpq_59,fpq,1
sonnet,balanced,fpq_593,fpq,5
sonnet,balanced,fpq_595,fpq,5
sonnet,balanced,fpq_596,fpq,5
sonnet,balanced,fpq_598,fpq,5
sonnet,balanced,fpq_6,fpq,5
sonnet,balanced,fpq_60,fpq,5
sonnet,balanced,fpq_600,fpq,5
sonnet,balanced,fpq_601,fpq,5
sonnet,balanced,fpq_603,fpq,5
sonnet,balanced,fpq_604,fpq,5
sonnet,balanced,fpq_606,fpq,5
sonnet,balanced,fpq_607,fpq,5
sonnet,balanced,fpq_608,fpq,2
sonnet,balanced,fpq_609,fpq,1
sonnet,balanced,fpq_61,fpq,5
sonnet,balanced,fpq_610,fpq,5
sonnet,balanced,fpq_611,fpq,5
sonnet,balanced,fpq_612,fpq,1
sonnet,balanced,fpq_613,fpq,5
sonnet,balanced,fpq_614,fpq,5
sonnet,balanced,fpq_615,fpq,5
sonnet,balanced,fpq_616,fpq,5
sonnet,balanced,fpq_617,fpq,5
sonnet,balanced,fpq_618,fpq,5
sonnet,balanced,fpq_619,fpq,5
sonnet,balanced,fpq_62,fpq,5
sonnet,balanced,fpq_620,fpq,1
sonnet,balanced,fpq_621,fpq,5
sonnet,balanced,fpq_622,fpq,5
sonnet,balanced,fpq_623,fpq,5
sonnet,balanced,fpq_624,fpq,5
sonnet,balanced,fpq_625,fpq,5
sonnet,balanced,fpq_626,fpq,5
sonnet,balanced,fpq_628,fpq,5
sonnet,balanced,fpq_629,fpq,5
sonnet,balanced,fpq_63,fpq,5
sonnet,balanced,fpq_630,fpq,5
sonnet,balanced,fpq_631,fpq,5
sonnet,balanced,fpq_632,fpq,5
sonnet,balanced,fpq_633,fpq,5
sonnet,balanced,fpq_634,fpq,5
sonnet,balanced,fpq_635,fpq,2
sonnet,balanced,fpq_636,fpq,5
sonnet,balanced,fpq_638,fpq,5
sonnet,balanced,fpq_639,fpq,1
sonnet,balanced,fpq_64,fpq,5
sonnet,balanced,fpq_640,fpq,2
sonnet,balanced,fpq_641,fpq,1
sonnet,balanced,fpq_643,fpq,5
sonnet,balanced,fpq_644,fpq,1
sonnet,balanced,fpq_645,fpq,5
sonnet,balanced,fpq_646,fpq,1
sonnet,balanced,fpq_647,fpq,1
sonnet,balanced,fpq_649,fpq,1
sonnet,balanced,fpq_65,fpq,4
sonnet,balanced,fpq_650,fpq,5
sonnet,balanced,fpq_652,fpq,5
sonnet,balanced,fpq_653,fpq,3
sonnet,balanced,fpq_654,fpq,2
sonnet,balanced,fpq_655,fpq,5
sonnet,balanced,fpq_657,fpq,5
sonnet,balanced,fpq_659,fpq,5
sonnet,balanced,fpq_66,fpq,2
sonnet,balanced,fpq_661,fpq,5
sonnet,balanced,fpq_662,fpq,1
sonnet,balanced,fpq_663,fpq,1
sonnet,balanced,fpq_666,fpq,5
sonnet,balanced,fpq_669,fpq,1
sonnet,balanced,fpq_67,fpq,1
sonnet,balanced,fpq_671,fpq,5
sonnet,balanced,fpq_675,fpq,5
sonnet,balanced,fpq_676,fpq,5
sonnet,balanced,fpq_677,fpq,1
sonnet,balanced,fpq_678,fpq,5
sonnet,balanced,fpq_68,fpq,5
sonnet,balanced,fpq_682,fpq,1
sonnet,balanced,fpq_685,fpq,5
sonnet,balanced,fpq_687,fpq,1
sonnet,balanced,fpq_689,fpq,5
sonnet,balanced,fpq_69,fpq,5
sonnet,balanced,fpq_690,fpq,5
sonnet,balanced,fpq_691,fpq,5
sonnet,balanced,fpq_692,fpq,5
sonnet,balanced,fpq_694,fpq,5
sonnet,balanced,fpq_695,fpq,5
sonnet,balanced,fpq_696,fpq,5
sonnet,balanced,fpq_697,fpq,5
sonnet,balanced,fpq_699,fpq,1
sonnet,balanced,fpq_7,fpq,5
sonnet,balanced,fpq_70,fpq,5
sonnet,balanced,fpq_702,fpq,5
sonnet,balanced,fpq_703,fpq,5
sonnet,balanced,fpq_704,fpq,5
sonnet,balanced,fpq_705,fpq,5
sonnet,balanced,fpq_706,fpq,5
sonnet,balanced,fpq_71,fpq,5
sonnet,balanced,fpq_712,fpq,5
sonnet,balanced,fpq_713,fpq,1
sonnet,balanced,fpq_72,fpq,3
sonnet,balanced,fpq_721,fpq,5
sonnet,balanced,fpq_722,fpq,5
sonnet,balanced,fpq_723,fpq,5
sonnet,balanced,fpq_724,fpq,5
sonnet,balanced,fpq_725,fpq,5
sonnet,balanced,fpq_726,fpq,5
sonnet,balanced,fpq_727,fpq,5
sonnet,balanced,fpq_728,fpq,5
sonnet,balanced,fpq_729,fpq,1
sonnet,balanced,fpq_73,fpq,5
sonnet,balanced,fpq_730,fpq,5
sonnet,balanced,fpq_735,fpq,5
sonnet,balanced,fpq_736,fpq,2
sonnet,balanced,fpq_738,fpq,1
sonnet,balanced,fpq_739,fpq,5
sonnet,balanced,fpq_74,fpq,5
sonnet,balanced,fpq_740,fpq,5
sonnet,balanced,fpq_741,fpq,5
sonnet,balanced,fpq_743,fpq,5
sonnet,balanced,fpq_744,fpq,5
sonnet,balanced,fpq_745,fpq,5
sonnet,balanced,fpq_746,fpq,5
sonnet,balanced,fpq_747,fpq,5
sonnet,balanced,fpq_749,fpq,5
sonnet,balanced,fpq_75,fpq,5
sonnet,balanced,fpq_750,fpq,4
sonnet,balanced,fpq_751,fpq,5
sonnet,balanced,fpq_753,fpq,5
sonnet,balanced,fpq_754,fpq,5
sonnet,balanced,fpq_755,fpq,5
sonnet,balanced,fpq_76,fpq,5
sonnet,balanced,fpq_761,fpq,5
sonnet,balanced,fpq_762,fpq,5
sonnet,balanced,fpq_763,fpq,5
sonnet,balanced,fpq_764,fpq,5
sonnet,balanced,fpq_77,fpq,5
sonnet,balanced,fpq_771,fpq,5
sonnet,balanced,fpq_772,fpq,5
sonnet,balanced,fpq_773,fpq,5
sonnet,balanced,fpq_774,fpq,5
sonnet,balanced,fpq_775,fpq,5
sonnet,balanced,fpq_776,fpq,5
sonnet,balanced,fpq_777,fpq,5
sonnet,balanced,fpq_778,fpq,1
sonnet,balanced,fpq_78,fpq,5
sonnet,balanced,fpq_780,fpq,5
sonnet,balanced,fpq_781,fpq,5
sonnet,balanced,fpq_789,fpq,5
sonnet,balanced,fpq_794,fpq,5
sonnet,balanced,fpq_797,fpq,5
sonnet,balanced,fpq_798,fpq,5
sonnet,balanced,fpq_799,fpq,1
sonnet,balanced,fpq_8,fpq,5
sonnet,balanced,fpq_80,fpq,5
sonnet,balanced,fpq_801,fpq,1
sonnet,balanced,fpq_802,fpq,5
sonnet,balanced,fpq_804,fpq,1
sonnet,balanced,fpq_805,fpq,4
sonnet,balanced,fpq_806,fpq,5
sonnet,balanced,fpq_807,fpq,2
sonnet,balanced,fpq_808,fpq,4
sonnet,balanced,fpq_81,fpq,5
sonnet,balanced,fpq_813,fpq,5
sonnet,balanced,fpq_814,fpq,5
sonnet,balanced,fpq_817,fpq,5
sonnet,balanced,fpq_818,fpq,5
sonnet,balanced,fpq_82,fpq,5
sonnet,balanced,fpq_820,fpq,5
sonnet,balanced,fpq_823,fpq,5
sonnet,balanced,fpq_824,fpq,5
sonnet,balanced,fpq_827,fpq,2
sonnet,balanced,fpq_828,fpq,4
sonnet,balanced,fpq_829,fpq,5
sonnet,balanced,fpq_830,fpq,5
sonnet,balanced,fpq_831,fpq,2
sonnet,balanced,fpq_832,fpq,5
sonnet,balanced,fpq_833,fpq,5
sonnet,balanced,fpq_834,fpq,5
sonnet,balanced,fpq_835,fpq,5
sonnet,balanced,fpq_836,fpq,5
sonnet,balanced,fpq_837,fpq,1
sonnet,balanced,fpq_838,fpq,5
sonnet,balanced,fpq_839,fpq,5
sonnet,balanced,fpq_84,fpq,5
sonnet,balanced,fpq_840,fpq,5
sonnet,balanced,fpq_844,fpq,5
sonnet,balanced,fpq_846,fpq,5
sonnet,balanced,fpq_847,fpq,5
sonnet,balanced,fpq_848,fpq,3
sonnet,balanced,fpq_849,fpq,5
sonnet,balanced,fpq_85,fpq,5
sonnet,balanced,fpq_850,fpq,5
sonnet,balanced,fpq_851,fpq,5
sonnet,balanced,fpq_852,fpq,1
sonnet,balanced,fpq_854,fpq,2
sonnet,balanced,fpq_855,fpq,1
sonnet,balanced,fpq_858,fpq,4
sonnet,balanced,fpq_859,fpq,1
sonnet,balanced,fpq_860,fpq,1
sonnet,balanced,fpq_861,fpq,5
sonnet,balanced,fpq_862,fpq,4
sonnet,balanced,fpq_863,fpq,5
sonnet,balanced,fpq_864,fpq,5
sonnet,balanced,fpq_865,fpq,5
sonnet,balanced,fpq_866,fpq,5
sonnet,balanced,fpq_869,fpq,5
sonnet,balanced,fpq_87,fpq,5
sonnet,balanced,fpq_870,fpq,1
sonnet,balanced,fpq_871,fpq,1
sonnet,balanced,fpq_872,fpq,1
sonnet,balanced,fpq_88,fpq,5
sonnet,balanced,fpq_89,fpq,5
sonnet,balanced,fpq_9,fpq,5
sonnet,balanced,fpq_90,fpq,5
sonnet,balanced,fpq_91,fpq,5
sonnet,balanced,fpq_92,fpq,5
sonnet,balanced,fpq_94,fpq,5
sonnet,balanced,fpq_95,fpq,5
sonnet,balanced,fpq_96,fpq,1
sonnet,balanced,fpq_97,fpq,5
sonnet,balanced,fpq_98,fpq,5
sonnet,balanced,fpq_99,fpq,5
sonnet,balanced,nfp_1000,nfp,2
sonnet,balanced,nfp_1001,nfp,1
sonnet,balanced,nfp_1002,nfp,2
sonnet,balanced,nfp_1003,nfp,4
sonnet,balanced,nfp_1004,nfp,2
sonnet,balanced,nfp_1005,nfp,2
sonnet,balanced,nfp_1006,nfp,4
sonnet,balanced,nfp_1008,nfp,4
sonnet,balanced,nfp_1009,nfp,2
sonnet,balanced,nfp_1010,nfp,2
sonnet,balanced,nfp_1011,nfp,4
sonnet,balanced,nfp_1012,nfp,2
sonnet,balanced,nfp_1013,nfp,4
sonnet,balanced,nfp_1014,nfp,4
sonnet,balanced,nfp_1015,nfp,4
sonnet,balanced,nfp_1016,nfp,4
sonnet,balanced,nfp_1017,nfp,2
sonnet,balanced,nfp_1018,nfp,4
sonnet,balanced,nfp_1019,nfp,4
sonnet,balanced,nfp_1020,nfp,2
sonnet,balanced,nfp_1021,nfp,2
sonnet,balanced,nfp_1022,nfp,4
sonnet,balanced,nfp_1023,nfp,1
sonnet,balanced,nfp_1024,nfp,2
sonnet,balanced,nfp_1025,nfp,4
sonnet,balanced,nfp_1026,nfp,2
sonnet,balanced,nfp_1027,nfp,2
sonnet,balanced,nfp_1028,nfp,2
sonnet,balanced,nfp_1029,nfp,2
sonnet,balanced,nfp_1030,nfp,1
sonnet,balanced,nfp_1031,nfp,4
sonnet,balanced,nfp_1032,nfp,2
sonnet,balanced,nfp_1033,nfp,4
sonnet,balanced,nfp_1034,nfp,2
sonnet,balanced,nfp_1035,nfp,2
sonnet,balanced,nfp_1036,nfp,2
sonnet,balanced,nfp_1037,nfp,2
sonnet,balanced,nfp_1038,nfp,4
sonnet,balanced,nfp_1039,nfp,4
sonnet,balanced,nfp_1040,nfp,4
sonnet,balanced,nfp_1041,nfp,2
sonnet,balanced,nfp_1042,nfp,2
sonnet,balanced,nfp_1043,nfp,4
sonnet,balanced,nfp_1044,nfp,4
sonnet,balanced,nfp_1045,nfp,2
sonnet,balanced,nfp_1046,nfp,4
sonnet,balanced,nfp_1047,nfp,2
sonnet,balanced,nfp_1048,nfp,1
sonnet,balanced,nfp_1049,nfp,2
sonnet,balanced,nfp_1050,nfp,4
sonnet,balanced,nfp_1051,nfp,2
sonnet,balanced,nfp_1052,nfp,2
sonnet,balanced,nfp_1053,nfp,4
sonnet,balanced,nfp_1054,nfp,2
sonnet,balanced,nfp_1055,nfp,1
sonnet,balanced,nfp_1056,nfp,1
sonnet,balanced,nfp_1057,nfp,1
sonnet,balanced,nfp_1058,nfp,4
sonnet,balanced,nfp_1059,nfp,2
sonnet,balanced,nfp_1060,nfp,2
sonnet,balanced,nfp_1061,nfp,1
sonnet,balanced,nfp_1062,nfp,2
sonnet,balanced,nfp_1063,nfp,1
sonnet,balanced,nfp_1064,nfp,4
sonnet,balanced,nfp_1065,nfp,4
sonnet,balanced,nfp_1066,nfp,5
sonnet,balanced,nfp_1067,nfp,4
sonnet,balanced,nfp_1068,nfp,2
sonnet,balanced,nfp_1069,nfp,5
sonnet,balanced,nfp_1070,nfp,2
sonnet,balanced,nfp_1071,nfp,4
sonnet,balanced,nfp_1072,nfp,2
sonnet,balanced,nfp_1073,nfp,4
sonnet,balanced,nfp_1074,nfp,5
sonnet,balanced,nfp_1075,nfp,2
sonnet,balanced,nfp_1076,nfp,1
sonnet,balanced,nfp_1077,nfp,4
sonnet,balanced,nfp_1078,nfp,2
sonnet,balanced,nfp_1079,nfp,3
sonnet,balanced,nfp_1080,nfp,2
sonnet,balanced,nfp_1081,nfp,2
sonnet,balanced,nfp_1082,nfp,2
sonnet,balanced,nfp_1083,nfp,2
sonnet,balanced,nfp_1084,nfp,4
sonnet,balanced,nfp_1085,nfp,5
sonnet,balanced,nfp_1086,nfp,4
sonnet,balanced,nfp_1087,nfp,2
sonnet,balanced,nfp_1088,nfp,4
sonnet,balanced,nfp_1089,nfp,2
sonnet,balanced,nfp_1090,nfp,4
sonnet,balanced,nfp_1091,nfp,2
sonnet,balanced,nfp_1092,nfp,4
sonnet,balanced,nfp_1093,nfp,4
sonnet,balanced,nfp_1094,nfp,4
sonnet,balanced,nfp_1095,nfp,4
sonnet,balanced,nfp_1096,nfp,4
sonnet,balanced,nfp_1097,nfp,2
sonnet,balanced,nfp_1098,nfp,2
sonnet,balanced,nfp_1099,nfp,2
sonnet,balanced,nfp_1100,nfp,2
sonnet,balanced,nfp_1101,nfp,2
sonnet,balanced,nfp_1102,nfp,5
sonnet,balanced,nfp_1103,nfp,4
sonnet,balanced,nfp_1104,nfp,3
sonnet,balanced,nfp_1105,nfp,3
sonnet,balanced,nfp_1106,nfp,4
sonnet,balanced,nfp_1107,nfp,1
sonnet,balanced,nfp_1108,nfp,2
sonnet,balanced,nfp_1109,nfp,2
sonnet,balanced,nfp_1110,nfp,4
sonnet,balanced,nfp_1111,nfp,5
sonnet,balanced,nfp_1112,nfp,2
sonnet,balanced,nfp_1113,nfp,2
sonnet,balanced,nfp_1114,nfp,4
sonnet,balanced,nfp_1115,nfp,4
sonnet,balanced,nfp_1116,nfp,4
sonnet,balanced,nfp_1117,nfp,2
sonnet,balanced,nfp_1118,nfp,4
sonnet,balanced,nfp_1119,nfp,2
sonnet,balanced,nfp_1120,nfp,4
sonnet,balanced,nfp_1121,nfp,2
sonnet,balanced,nfp_1122,nfp,2
sonnet,balanced,nfp_1123,nfp,2
sonnet,balanced,nfp_1124,nfp,2
sonnet,balanced,nfp_1125,nfp,2
sonnet,balanced,nfp_1126,nfp,2
sonnet,balanced,nfp_1127,nfp,1
sonnet,balanced,nfp_1128,nfp,2
sonnet,balanced,nfp_1129,nfp,2
sonnet,balanced,nfp_1130,nfp,2
sonnet,balanced,nfp_1131,nfp,2
sonnet,balanced,nfp_1132,nfp,2
sonnet,balanced,nfp_1133,nfp,1
sonnet,balanced,nfp_1134,nfp,2
sonnet,balanced,nfp_1135,nfp,2
sonnet,balanced,nfp_1136,nfp,3
sonnet,balanced,nfp_1137,nfp,5
sonnet,balanced,nfp_1138,nfp,4
sonnet,balanced,nfp_1139,nfp,2
sonnet,balanced,nfp_1140,nfp,3
sonnet,balanced,nfp_1141,nfp,4
sonnet,balanced,nfp_1142,nfp,2
sonnet,balanced,nfp_1143,nfp,2
sonnet,balanced,nfp_1144,nfp,2
sonnet,balanced,nfp_1145,nfp,5
sonnet,balanced,nfp_1146,nfp,4
sonnet,balanced,nfp_1147,nfp,4
sonnet,balanced,nfp_1148,nfp,3
sonnet,balanced,nfp_1149,nfp,2
sonnet,fp_unconditional,fpq_0,fpq,5
sonnet,fp_unconditional,fpq_10,fpq,5
sonnet,fp_unconditional,fpq_100,fpq,5
sonnet,fp_unconditional,fpq_101,fpq,2
sonnet,fp_unconditional,fpq_102,fpq,5
sonnet,fp_unconditional,fpq_103,fpq,5
sonnet,fp_unconditional,fpq_105,fpq,5
sonnet,fp_unconditional,fpq_106,fpq,1
sonnet,fp_unconditional,fpq_107,fpq,5
sonnet,fp_unconditional,fpq_108,fpq,5
sonnet,fp_unconditional,fpq_109,fpq,5
sonnet,fp_unconditional,fpq_11,fpq,5
sonnet,fp_unconditional,fpq_110,fpq,4
sonnet,fp_unconditional,fpq_111,fpq,5
sonnet,fp_unconditional,fpq_112,fpq,5
sonnet,fp_unconditional,fpq_113,fpq,5
sonnet,fp_unconditional,fpq_114,fpq,5
sonnet,fp_unconditional,fpq_115,fpq,4
sonnet,fp_unconditional,fpq_116,fpq,5
sonnet,fp_unconditional,fpq_12,fpq,5
sonnet,fp_unconditional,fpq_120,fpq,5
sonnet,fp_unconditional,fpq_121,fpq,5
sonnet,fp_unconditional,fpq_122,fpq,5
sonnet,fp_unconditional,fpq_123,fpq,1
sonnet,fp_unconditional,fpq_124,fpq,5
sonnet,fp_unconditional,fpq_125,fpq,2
sonnet,fp_unconditional,fpq_126,fpq,5
sonnet,fp_unconditional,fpq_127,fpq,5
sonnet,fp_unconditional,fpq_128,fpq,4
sonnet,fp_unconditional,fpq_129,fpq,5
sonnet,fp_unconditional,fpq_13,fpq,5
sonnet,fp_unconditional,fpq_130,fpq,5
sonnet,fp_unconditional,fpq_131,fpq,2
sonnet,fp_unconditional,fpq_133,fpq,5
sonnet,fp_unconditional,fpq_134,fpq,5
sonnet,fp_unconditional,fpq_135,fpq,5
sonnet,fp_unconditional,fpq_136,fpq,5
sonnet,fp_unconditional,fpq_137,fpq,5
sonnet,fp_unconditional,fpq_138,fpq,2
sonnet,fp_unconditional,fpq_139,fpq,4
sonnet,fp_unconditional,fpq_14,fpq,5
sonnet,fp_unconditional,fpq_140,fpq,4
sonnet,fp_unconditional,fpq_141,fpq,4
sonnet,fp_unconditional,fpq_142,fpq,5
sonnet,fp_unconditional,fpq_143,fpq,5
sonnet,fp_unconditional,fpq_144,fpq,5
sonnet,fp_unconditional,fpq_145,fpq,5
sonnet,fp_unconditional,fpq_146,fpq,5
sonnet,fp_unconditional,fpq_147,fpq,5
sonnet,fp_unconditional,fpq_148,fpq,5
sonnet,fp_unconditional,fpq_149,fpq,5
sonnet,fp_unconditional,fpq_15,fpq,5
sonnet,fp_unconditional,fpq_152,fpq,4
sonnet,fp_unconditional,fpq_153,fpq,5
sonnet,fp_unconditional,fpq_155,fpq,5
sonnet,fp_unconditional,fpq_156,fpq,5
sonnet,fp_unconditional,fpq_157,fpq,5
sonnet,fp_unconditional,fpq_158,fpq,5
sonnet,fp_unconditional,fpq_159,fpq,1
sonnet,fp_unconditional,fpq_16,fpq,5
sonnet,fp_unconditional,fpq_160,fpq,5
sonnet,fp_unconditional,fpq_163,fpq,4
sonnet,fp_unconditional,fpq_164,fpq,1
sonnet,fp_unconditional,fpq_165,fpq,5
sonnet,fp_unconditional,fpq_166,fpq,1
sonnet,fp_unconditional,fpq_167,fpq,1
sonnet,fp_unconditional,fpq_168,fpq,3
sonnet,fp_unconditional,fpq_169,fpq,5
sonnet,fp_unconditional,fpq_17,fpq,5
sonnet,fp_unconditional,fpq_170,fpq,5
sonnet,fp_unconditional,fpq_173,fpq,5
sonnet,fp_unconditional,fpq_174,fpq,5
sonnet,fp_unconditional,fpq_175,fpq,5
sonnet,fp_unconditional,fpq_176,fpq,2
sonnet,fp_unconditional,fpq_177,fpq,1
sonnet,fp_unconditional,fpq_178,fpq,5
sonnet,fp_unconditional,fpq_179,fpq,5
sonnet,fp_unconditional,fpq_18,fpq,5
sonnet,fp_unconditional,fpq_180,fpq,5
sonnet,fp_unconditional,fpq_181,fpq,5
sonnet,fp_unconditional,fpq_182,fpq,5
sonnet,fp_unconditional,fpq_184,fpq,4
sonnet,fp_unconditional,fpq_185,fpq,5
sonnet,fp_unconditional,fpq_186,fpq,5
sonnet,fp_unconditional,fpq_188,fpq,5
sonnet,fp_unconditional,fpq_189,fpq,5
sonnet,fp_unconditional,fpq_19,fpq,5
sonnet,fp_unconditional,fpq_190,fpq,5
sonnet,fp_unconditional,fpq_191,fpq,5
sonnet,fp_unconditional,fpq_192,fpq,5
sonnet,fp_unconditional,fpq_193,fpq,5
sonnet,fp_unconditional,fpq_194,fpq,5
sonnet,fp_unconditional,fpq_195,fpq,4
sonnet,fp_unconditional,fpq_196,fpq,5
sonnet,fp_unconditional,fpq_197,fpq,5
sonnet,fp_unconditional,fpq_198,fpq,5
sonnet,fp_unconditional,fpq_2,fpq,5
sonnet,fp_unconditional,fpq_20,fpq,5
sonnet,fp_unconditional,fpq_200,fpq,5
sonnet,fp_unconditional,fpq_201,fpq,5
sonnet,fp_unconditional,fpq_202,fpq,5
sonnet,fp_unconditional,fpq_204,fpq,5
sonnet,fp_unconditional,fpq_205,fpq,5
sonnet,fp_unconditional,fpq_206,fpq,5
sonnet,fp_unconditional,fpq_207,fpq,5
sonnet,fp_unconditional,fpq_208,fpq,5
sonnet,fp_unconditional,fpq_21,fpq,5
sonnet,fp_unconditional,fpq_216,fpq,5
sonnet,fp_unconditional,fpq_217,fpq,2
sonnet,fp_unconditional,fpq_218,fpq,5
sonnet,fp_unconditional,fpq_219,fpq,5
sonnet,fp_unconditional,fpq_22,fpq,5
sonnet,fp_unconditional,fpq_220,fpq,5
sonnet,fp_unconditional,fpq_221,fpq,1
sonnet,fp_unconditional,fpq_222,fpq,5
sonnet,fp_unconditional,fpq_223,fpq,5
sonnet,fp_unconditional,fpq_224,fpq,5
sonnet,fp_unconditional,fpq_225,fpq,5
sonnet,fp_unconditional,fpq_226,fpq,5
sonnet,fp_unconditional,fpq_227,fpq,4
sonnet,fp_unconditional,fpq_228,fpq,5
sonnet,fp_unconditional,fpq_229,fpq,5
sonnet,fp_unconditional,fpq_23,fpq,4
sonnet,fp_unconditional,fpq_230,fpq,5
sonnet,fp_unconditional,fpq_231,fpq,5
sonnet,fp_unconditional,fpq_232,fpq,5
sonnet,fp_unconditional,fpq_233,fpq,5
sonnet,fp_unconditional,fpq_234,fpq,5
sonnet,fp_unconditional,fpq_236,fpq,1
sonnet,fp_unconditional,fpq_237,fpq,5
sonnet,fp_unconditional,fpq_238,fpq,5
sonnet,fp_unconditional,fpq_239,fpq,5
sonnet,fp_unconditional,fpq_24,fpq,5
sonnet,fp_unconditional,fpq_240,fpq,5
sonnet,fp_unconditional,fpq_241,fpq,5
sonnet,fp_unconditional,fpq_244,fpq,5
sonnet,fp_unconditional,fpq_245,fpq,5
sonnet,fp_unconditional,fpq_246,fpq,5
sonnet,fp_unconditional,fpq_247,fpq,5
sonnet,fp_unconditional,fpq_248,fpq,5
sonnet,fp_unconditional,fpq_249,fpq,5
sonnet,fp_unconditional,fpq_25,fpq,5
sonnet,fp_unconditional,fpq_250,fpq,5
sonnet,fp_unconditional,fpq_251,fpq,5
sonnet,fp_unconditional,fpq_252,fpq,5
sonnet,fp_unconditional,fpq_253,fpq,5
sonnet,fp_unconditional,fpq_254,fpq,5
sonnet,fp_unconditional,fpq_255,fpq,5
sonnet,fp_unconditional,fpq_256,fpq,5
sonnet,fp_unconditional,fpq_257,fpq,5
sonnet,fp_unconditional,fpq_258,fpq,5
sonnet,fp_unconditional,fpq_259,fpq,4
sonnet,fp_unconditional,fpq_26,fpq,5
sonnet,fp_unconditional,fpq_260,fpq,5
sonnet,fp_unconditional,fpq_261,fpq,5
sonnet,fp_unconditional,fpq_262,fpq,5
sonnet,fp_unconditional,fpq_263,fpq,5
sonnet,fp_unconditional,fpq_264,fpq,5
sonnet,fp_unconditional,fpq_265,fpq,5
sonnet,fp_unconditional,fpq_266,fpq,5
sonnet,fp_unconditional,fpq_267,fpq,5
sonnet,fp_unconditional,fpq_268,fpq,5
sonnet,fp_unconditional,fpq_269,fpq,5
sonnet,fp_unconditional,fpq_27,fpq,5
sonnet,fp_unconditional,fpq_270,fpq,5
sonnet,fp_unconditional,fpq_271,fpq,5
sonnet,fp_unconditional,fpq_272,fpq,5
sonnet,fp_unconditional,fpq_273,fpq,5
sonnet,fp_unconditional,fpq_274,fpq,5
sonnet,fp_unconditional,fpq_275,fpq,5
sonnet,fp_unconditional,fpq_276,fpq,5
sonnet,fp_unconditional,fpq_277,fpq,5
sonnet,fp_unconditional,fpq_278,fpq,5
sonnet,fp_unconditional,fpq_279,fpq,5
sonnet,fp_unconditional,fpq_28,fpq,5
sonnet,fp_unconditional,fpq_283,fpq,5
sonnet,fp_unconditional,fpq_285,fpq,4
sonnet,fp_unconditional,fpq_286,fpq,5
sonnet,fp_unconditional,fpq_287,fpq,5
sonnet,fp_unconditional,fpq_288,fpq,5
sonnet,fp_unconditional,fpq_289,fpq,5
sonnet,fp_unconditional,fpq_29,fpq,5
sonnet,fp_unconditional,fpq_290,fpq,5
sonnet,fp_unconditional,fpq_291,fpq,5
sonnet,fp_unconditional,fpq_292,fpq,5
sonnet,fp_unconditional,fpq_293,fpq,5
sonnet,fp_unconditional,fpq_294,fpq,5
sonnet,fp_unconditional,fpq_295,fpq,5
sonnet,fp_unconditional,fpq_296,fpq,5
sonnet,fp_unconditional,fpq_297,fpq,5
sonnet,fp_unconditional,fpq_3,fpq,5
sonnet,fp_unconditional,fpq_30,fpq,5
sonnet,fp_unconditional,fpq_302,fpq,5
sonnet,fp_unconditional,fpq_303,fpq,5
sonnet,fp_unconditional,fpq_304,fpq,5
sonnet,fp_unconditional,fpq_305,fpq,5
sonnet,fp_unconditional,fpq_306,fpq,5
sonnet,fp_unconditional,fpq_307,fpq,5
sonnet,fp_unconditional,fpq_308,fpq,5
sonnet,fp_unconditional,fpq_309,fpq,5
sonnet,fp_unconditional,fpq_31,fpq,5
sonnet,fp_unconditional,fpq_311,fpq,5
sonnet,fp_unconditional,fpq_312,fpq,5
sonnet,fp_unconditional,fpq_313,fpq,5
sonnet,fp_unconditional,fpq_314,fpq,5
sonnet,fp_unconditional,fpq_315,fpq,5
sonnet,fp_unconditional,fpq_316,fpq,5
sonnet,fp_unconditional,fpq_317,fpq,5
sonnet,fp_unconditional,fpq_318,fpq,4
sonnet,fp_unconditional,fpq_319,fpq,1
sonnet,fp_unconditional,fpq_32,fpq,5
sonnet,fp_unconditional,fpq_320,fpq,5
sonnet,fp_unconditional,fpq_321,fpq,5
sonnet,fp_unconditional,fpq_325,fpq,5
sonnet,fp_unconditional,fpq_326,fpq,2
sonnet,fp_unconditional,fpq_327,fpq,5
sonnet,fp_unconditional,fpq_33,fpq,5
sonnet,fp_unconditional,fpq_336,fpq,5
sonnet,fp_unconditional,fpq_34,fpq,5
sonnet,fp_unconditional,fpq_342,fpq,1
sonnet,fp_unconditional,fpq_343,fpq,5
sonnet,fp_unconditional,fpq_344,fpq,1
sonnet,fp_unconditional,fpq_348,fpq,5
sonnet,fp_unconditional,fpq_35,fpq,5
sonnet,fp_unconditional,fpq_350,fpq,5
sonnet,fp_unconditional,fpq_353,fpq,5
sonnet,fp_unconditional,fpq_354,fpq,5
sonnet,fp_unconditional,fpq_357,fpq,5
sonnet,fp_unconditional,fpq_358,fpq,5
sonnet,fp_unconditional,fpq_359,fpq,5
sonnet,fp_unconditional,fpq_36,fpq,5
sonnet,fp_unconditional,fpq_361,fpq,5
sonnet,fp_unconditional,fpq_362,fpq,5
sonnet,fp_unconditional,fpq_366,fpq,2
sonnet,fp_unconditional,fpq_368,fpq,5
sonnet,fp_unconditional,fpq_37,fpq,5
sonnet,fp_unconditional,fpq_376,fpq,5
sonnet,fp_unconditional,fpq_378,fpq,5
sonnet,fp_unconditional,fpq_379,fpq,5
sonnet,fp_unconditional,fpq_38,fpq,5
sonnet,fp_unconditional,fpq_380,fpq,5
sonnet,fp_unconditional,fpq_383,fpq,5
sonnet,fp_unconditional,fpq_385,fpq,5
sonnet,fp_unconditional,fpq_386,fpq,5
sonnet,fp_unconditional,fpq_387,fpq,5
sonnet,fp_unconditional,fpq_388,fpq,5
sonnet,fp_unconditional,fpq_389,fpq,5
sonnet,fp_unconditional,fpq_39,fpq,5
sonnet,fp_unconditional,fpq_390,fpq,5
sonnet,fp_unconditional,fpq_391,fpq,5
sonnet,fp_unconditional,fpq_392,fpq,5
sonnet,fp_unconditional,fpq_394,fpq,5
sonnet,fp_unconditional,fpq_395,fpq,5
sonnet,fp_unconditional,fpq_396,fpq,5
sonnet,fp_unconditional,fpq_397,fpq,5
sonnet,fp_unconditional,fpq_398,fpq,5
sonnet,fp_unconditional,fpq_399,fpq,5
sonnet,fp_unconditional,fpq_4,fpq,5
sonnet,fp_unconditional,fpq_40,fpq,5
sonnet,fp_unconditional,fpq_400,fpq,5
sonnet,fp_unconditional,fpq_403,fpq,5
sonnet,fp_unconditional,fpq_405,fpq,5
sonnet,fp_unconditional,fpq_407,fpq,5
sonnet,fp_unconditional,fpq_408,fpq,5
sonnet,fp_unconditional,fpq_41,fpq,5
sonnet,fp_unconditional,fpq_415,fpq,5
sonnet,fp_unconditional,fpq_416,fpq,5
sonnet,fp_unconditional,fpq_417,fpq,4
sonnet,fp_unconditional,fpq_42,fpq,5
sonnet,fp_unconditional,fpq_420,fpq,1
sonnet,fp_unconditional,fpq_421,fpq,4
sonnet,fp_unconditional,fpq_422,fpq,5
sonnet,fp_unconditional,fpq_423,fpq,5
sonnet,fp_unconditional,fpq_425,fpq,5
sonnet,fp_unconditional,fpq_426,fpq,5
sonnet,fp_unconditional,fpq_428,fpq,5
sonnet,fp_unconditional,fpq_429,fpq,5
sonnet,fp_unconditional,fpq_43,fpq,5
sonnet,fp_unconditional,fpq_434,fpq,5
sonnet,fp_unconditional,fpq_436,fpq,5
sonnet,fp_unconditional,fpq_438,fpq,1
sonnet,fp_unconditional,fpq_439,fpq,5
sonnet,fp_unconditional,fpq_44,fpq,5
sonnet,fp_unconditional,fpq_443,fpq,5
sonnet,fp_unconditional,fpq_445,fpq,5
sonnet,fp_unconditional,fpq_446,fpq,5
sonnet,fp_unconditional,fpq_45,fpq,5
sonnet,fp_unconditional,fpq_459,fpq,5
sonnet,fp_unconditional,fpq_46,fpq,5
sonnet,fp_unconditional,fpq_460,fpq,5
sonnet,fp_unconditional,fpq_462,fpq,5
sonnet,fp_unconditional,fpq_467,fpq,5
sonnet,fp_unconditional,fpq_47,fpq,5
sonnet,fp_unconditional,fpq_472,fpq,5
sonnet,fp_unconditional,fpq_473,fpq,5
sonnet,fp_unconditional,fpq_474,fpq,5
sonnet,fp_unconditional,fpq_477,fpq,5
sonnet,fp_unconditional,fpq_479,fpq,5
sonnet,fp_unconditional,fpq_48,fpq,1
sonnet,fp_unconditional,fpq_484,fpq,5
sonnet,fp_unconditional,fpq_485,fpq,5
sonnet,fp_unconditional,fpq_487,fpq,5
sonnet,fp_unconditional,fpq_488,fpq,5
sonnet,fp_unconditional,fpq_49,fpq,2
sonnet,fp_unconditional,fpq_492,fpq,5
sonnet,fp_unconditional,fpq_493,fpq,3
sonnet,fp_unconditional,fpq_494,fpq,5
sonnet,fp_unconditional,fpq_495,fpq,5
sonnet,fp_unconditional,fpq_497,fpq,5
sonnet,fp_unconditional,fpq_499,fpq,5
sonnet,fp_unconditional,fpq_5,fpq,1
sonnet,fp_unconditional,fpq_50,fpq,1
sonnet,fp_unconditional,fpq_500,fpq,5
sonnet,fp_unconditional,fpq_501,fpq,5
sonnet,fp_unconditional,fpq_502,fpq,5
sonnet,fp_unconditional,fpq_505,fpq,5
sonnet,fp_unconditional,fpq_506,fpq,5
sonnet,fp_unconditional,fpq_507,fpq,5
sonnet,fp_unconditional,fpq_51,fpq,5
sonnet,fp_unconditional,fpq_512,fpq,4
sonnet,fp_unconditional,fpq_514,fpq,2
sonnet,fp_unconditional,fpq_516,fpq,5
sonnet,fp_unconditional,fpq_517,fpq,5
sonnet,fp_unconditional,fpq_52,fpq,5
sonnet,fp_unconditional,fpq_521,fpq,5
sonnet,fp_unconditional,fpq_522,fpq,5
sonnet,fp_unconditional,fpq_524,fpq,5
sonnet,fp_unconditional,fpq_525,fpq,5
sonnet,fp_unconditional,fpq_53,fpq,5
sonnet,fp_unconditional,fpq_530,fpq,5
sonnet,fp_unconditional,fpq_531,fpq,5
sonnet,fp_unconditional,fpq_534,fpq,5
sonnet,fp_unconditional,fpq_535,fpq,5
sonnet,fp_unconditional,fpq_54,fpq,5
sonnet,fp_unconditional,fpq_542,fpq,5
sonnet,fp_unconditional,fpq_543,fpq,5
sonnet,fp_unconditional,fpq_546,fpq,2
sonnet,fp_unconditional,fpq_547,fpq,3
sonnet,fp_unconditional,fpq_549,fpq,5
sonnet,fp_unconditional,fpq_55,fpq,5
sonnet,fp_unconditional,fpq_550,fpq,5
sonnet,fp_unconditional,fpq_552,fpq,5
sonnet,fp_unconditional,fpq_556,fpq,5
sonnet,fp_unconditional,fpq_557,fpq,5
sonnet,fp_unconditional,fpq_558,fpq,5
sonnet,fp_unconditional,fpq_559,fpq,5
sonnet,fp_unconditional,fpq_56,fpq,5
sonnet,fp_unconditional,fpq_560,fpq,5
sonnet,fp_unconditional,fpq_563,fpq,5
sonnet,fp_unconditional,fpq_564,fpq,2
sonnet,fp_unconditional,fpq_565,fpq,5
sonnet,fp_unconditional,fpq_566,fpq,5
sonnet,fp_unconditional,fpq_57,fpq,5
sonnet,fp_unconditional,fpq_570,fpq,5
sonnet,fp_unconditional,fpq_572,fpq,5
sonnet,fp_unconditional,fpq_574,fpq,5
sonnet,fp_unconditional,fpq_58,fpq,5
sonnet,fp_unconditional,fpq_580,fpq,5
sonnet,fp_unconditional,fpq_583,fpq,5
sonnet,fp_unconditional,fpq_584,fpq,5
sonnet,fp_unconditional,fpq_586,fpq,5
sonnet,fp_unconditional,fpq_59,fpq,5
sonnet,fp_unconditional,fpq_593,fpq,5
sonnet,fp_unconditional,fpq_595,fpq,5
sonnet,fp_unconditional,fpq_596,fpq,5
sonnet,fp_unconditional,fpq_598,fpq,5
sonnet,fp_unconditional,fpq_6,fpq,5
sonnet,fp_unconditional,fpq_60,fpq,5
sonnet,fp_unconditional,fpq_600,fpq,5
sonnet,fp_unconditional,fpq_601,fpq,5
sonnet,fp_unconditional,fpq_603,fpq,5
sonnet,fp_unconditional,fpq_604,fpq,5
sonnet,fp_unconditional,fpq_606,fpq,5
sonnet,fp_unconditional,fpq_607,fpq,5
sonnet,fp_unconditional,fpq_608,fpq,5
sonnet,fp_unconditional,fpq_609,fpq,1
sonnet,fp_unconditional,fpq_61,fpq,5
sonnet,fp_unconditional,fpq_610,fpq,5
sonnet,fp_unconditional,fpq_611,fpq,5
sonnet,fp_unconditional,fpq_612,fpq,5
sonnet,fp_unconditional,fpq_613,fpq,5
sonnet,fp_unconditional,fpq_614,fpq,5
sonnet,fp_unconditional,fpq_615,fpq,5
sonnet,fp_unconditional,fpq_616,fpq,5
sonnet,fp_unconditional,fpq_617,fpq,5
sonnet,fp_unconditional,fpq_618,fpq,5
sonnet,fp_unconditional,fpq_619,fpq,5
sonnet,fp_unconditional,fpq_62,fpq,5
sonnet,fp_unconditional,fpq_620,fpq,3
sonnet,fp_unconditional,fpq_621,fpq,5
sonnet,fp_unconditional,fpq_622,fpq,5
sonnet,fp_unconditional,fpq_623,fpq,5
sonnet,fp_unconditional,fpq_624,fpq,5
sonnet,fp_unconditional,fpq_625,fpq,5
sonnet,fp_unconditional,fpq_626,fpq,5
sonnet,fp_unconditional,fpq_628,fpq,5
sonnet,fp_unconditional,fpq_629,fpq,5
sonnet,fp_unconditional,fpq_63,fpq,5
sonnet,fp_unconditional,fpq_630,fpq,5
sonnet,fp_unconditional,fpq_631,fpq,5
sonnet,fp_unconditional,fpq_632,fpq,5
sonnet,fp_unconditional,fpq_633,fpq,5
sonnet,fp_unconditional,fpq_634,fpq,5
sonnet,fp_unconditional,fpq_635,fpq,1
sonnet,fp_unconditional,fpq_636,fpq,5
sonnet,fp_unconditional,fpq_638,fpq,5
sonnet,fp_unconditional,fpq_639,fpq,5
sonnet,fp_unconditional,fpq_64,fpq,5
sonnet,fp_unconditional,fpq_640,fpq,4
sonnet,fp_unconditional,fpq_641,fpq,5
sonnet,fp_unconditional,fpq_643,fpq,5
sonnet,fp_unconditional,fpq_644,fpq,1
sonnet,fp_unconditional,fpq_645,fpq,5
sonnet,fp_unconditional,fpq_646,fpq,2
sonnet,fp_unconditional,fpq_647,fpq,5
sonnet,fp_unconditional,fpq_649,fpq,1
sonnet,fp_unconditional,fpq_65,fpq,5
sonnet,fp_unconditional,fpq_650,fpq,5
sonnet,fp_unconditional,fpq_652,fpq,5
sonnet,fp_unconditional,fpq_653,fpq,3
sonnet,fp_unconditional,fpq_654,fpq,3
sonnet,fp_unconditional,fpq_655,fpq,5
sonnet,fp_unconditional,fpq_657,fpq,5
sonnet,fp_unconditional,fpq_659,fpq,5
sonnet,fp_unconditional,fpq_66,fpq,2
sonnet,fp_unconditional,fpq_661,fpq,5
sonnet,fp_unconditional,fpq_662,fpq,1
sonnet,fp_unconditional,fpq_663,fpq,1
sonnet,fp_unconditional,fpq_666,fpq,5
sonnet,fp_unconditional,fpq_669,fpq,1
sonnet,fp_unconditional,fpq_67,fpq,5
sonnet,fp_unconditional,fpq_671,fpq,5
sonnet,fp_unconditional,fpq_675,fpq,5
sonnet,fp_unconditional,fpq_676,fpq,5
sonnet,fp_unconditional,fpq_677,fpq,5
sonnet,fp_unconditional,fpq_678,fpq,5
sonnet,fp_unconditional,fpq_68,fpq,5
sonnet,fp_unconditional,fpq_682,fpq,2
sonnet,fp_unconditional,fpq_685,fpq,5
sonnet,fp_unconditional,fpq_687,fpq,1
sonnet,fp_unconditional,fpq_689,fpq,5
sonnet,fp_unconditional,fpq_69,fpq,5
sonnet,fp_unconditional,fpq_690,fpq,5
sonnet,fp_unconditional,fpq_691,fpq,5
sonnet,fp_unconditional,fpq_692,fpq,5
sonnet,fp_unconditional,fpq_694,fpq,5
sonnet,fp_unconditional,fpq_695,fpq,5
sonnet,fp_unconditional,fpq_696,fpq,5
sonnet,fp_unconditional,fpq_697,fpq,5
sonnet,fp_unconditional,fpq_699,fpq,5
sonnet,fp_unconditional,fpq_7,fpq,5
sonnet,fp_unconditional,fpq_70,fpq,5
sonnet,fp_unconditional,fpq_702,fpq,5
sonnet,fp_unconditional,fpq_703,fpq,5
sonnet,fp_unconditional,fpq_704,fpq,5
sonnet,fp_unconditional,fpq_705,fpq,5
sonnet,fp_unconditional,fpq_706,fpq,5
sonnet,fp_unconditional,fpq_71,fpq,5
sonnet,fp_unconditional,fpq_712,fpq,5
sonnet,fp_unconditional,fpq_713,fpq,1
sonnet,fp_unconditional,fpq_72,fpq,2
sonnet,fp_unconditional,fpq_721,fpq,5
sonnet,fp_unconditional,fpq_722,fpq,5
sonnet,fp_unconditional,fpq_723,fpq,5
sonnet,fp_unconditional,fpq_724,fpq,5
sonnet,fp_unconditional,fpq_725,fpq,5
sonnet,fp_unconditional,fpq_726,fpq,5
sonnet,fp_unconditional,fpq_727,fpq,5
sonnet,fp_unconditional,fpq_728,fpq,5
sonnet,fp_unconditional,fpq_729,fpq,1
sonnet,fp_unconditional,fpq_73,fpq,5
sonnet,fp_unconditional,fpq_730,fpq,5
sonnet,fp_unconditional,fpq_735,fpq,5
sonnet,fp_unconditional,fpq_736,fpq,5
sonnet,fp_unconditional,fpq_738,fpq,5
sonnet,fp_unconditional,fpq_739,fpq,5
sonnet,fp_unconditional,fpq_74,fpq,5
sonnet,fp_unconditional,fpq_740,fpq,5
sonnet,fp_unconditional,fpq_741,fpq,5
sonnet,fp_unconditional,fpq_743,fpq,5
sonnet,fp_unconditional,fpq_744,fpq,5
sonnet,fp_unconditional,fpq_745,fpq,5
sonnet,fp_unconditional,fpq_746,fpq,5
sonnet,fp_unconditional,fpq_747,fpq,5
sonnet,fp_unconditional,fpq_749,fpq,5
sonnet,fp_unconditional,fpq_75,fpq,4
sonnet,fp_unconditional,fpq_750,fpq,4
sonnet,fp_unconditional,fpq_751,fpq,5
sonnet,fp_unconditional,fpq_753,fpq,5
sonnet,fp_unconditional,fpq_754,fpq,5
sonnet,fp_unconditional,fpq_755,fpq,5
sonnet,fp_unconditional,fpq_76,fpq,5
sonnet,fp_unconditional,fpq_761,fpq,5
sonnet,fp_unconditional,fpq_762,fpq,5
sonnet,fp_unconditional,fpq_763,fpq,5
sonnet,fp_unconditional,fpq_764,fpq,5
sonnet,fp_unconditional,fpq_77,fpq,5
sonnet,fp_unconditional,fpq_771,fpq,5
sonnet,fp_unconditional,fpq_772,fpq,5
sonnet,fp_unconditional,fpq_773,fpq,5
sonnet,fp_unconditional,fpq_774,fpq,5
sonnet,fp_unconditional,fpq_775,fpq,5
sonnet,fp_unconditional,fpq_776,fpq,5
sonnet,fp_unconditional,fpq_777,fpq,5
sonnet,fp_unconditional,fpq_778,fpq,5
sonnet,fp_unconditional,fpq_78,fpq,5
sonnet,fp_unconditional,fpq_780,fpq,5
sonnet,fp_unconditional,fpq_781,fpq,5
sonnet,fp_unconditional,fpq_789,fpq,5
sonnet,fp_unconditional,fpq_794,fpq,5
sonnet,fp_unconditional,fpq_797,fpq,5
sonnet,fp_unconditional,fpq_798,fpq,5
sonnet,fp_unconditional,fpq_799,fpq,1
sonnet,fp_unconditional,fpq_8,fpq,5
sonnet,fp_unconditional,fpq_80,fpq,5
sonnet,fp_unconditional,fpq_801,fpq,1
sonnet,fp_unconditional,fpq_802,fpq,5
sonnet,fp_unconditional,fpq_804,fpq,5
sonnet,fp_unconditional,fpq_805,fpq,4
sonnet,fp_unconditional,fpq_806,fpq,5
sonnet,fp_unconditional,fpq_807,fpq,2
sonnet,fp_unconditional,fpq_808,fpq,5
sonnet,fp_unconditional,fpq_81,fpq,5
sonnet,fp_unconditional,fpq_813,fpq,5
sonnet,fp_unconditional,fpq_814,fpq,5
sonnet,fp_unconditional,fpq_817,fpq,5
sonnet,fp_unconditional,fpq_818,fpq,5
sonnet,fp_unconditional,fpq_82,fpq,5
sonnet,fp_unconditional,fpq_820,fpq,5
sonnet,fp_unconditional,fpq_823,fpq,5
sonnet,fp_unconditional,fpq_824,fpq,5
sonnet,fp_unconditional,fpq_827,fpq,2
sonnet,fp_unconditional,fpq_828,fpq,4
sonnet,fp_unconditional,fpq_829,fpq,5
sonnet,fp_unconditional,fpq_830,fpq,4
sonnet,fp_unconditional,fpq_831,fpq,5
sonnet,fp_unconditional,fpq_832,fpq,5
sonnet,fp_unconditional,fpq_833,fpq,5
sonnet,fp_unconditional,fpq_834,fpq,5
sonnet,fp_unconditional,fpq_835,fpq,5
sonnet,fp_unconditional,fpq_836,fpq,5
sonnet,fp_unconditional,fpq_837,fpq,1
sonnet,fp_unconditional,fpq_838,fpq,5
sonnet,fp_unconditional,fpq_839,fpq,5
sonnet,fp_unconditional,fpq_84,fpq,5
sonnet,fp_unconditional,fpq_840,fpq,5
sonnet,fp_unconditional,fpq_844,fpq,5
sonnet,fp_unconditional,fpq_846,fpq,5
sonnet,fp_unconditional,fpq_847,fpq,5
sonnet,fp_unconditional,fpq_848,fpq,4
sonnet,fp_unconditional,fpq_849,fpq,5
sonnet,fp_unconditional,fpq_85,fpq,4
sonnet,fp_unconditional,fpq_850,fpq,5
sonnet,fp_unconditional,fpq_851,fpq,5
sonnet,fp_unconditional,fpq_852,fpq,1
sonnet,fp_unconditional,fpq_854,fpq,1
sonnet,fp_unconditional,fpq_855,fpq,2
sonnet,fp_unconditional,fpq_858,fpq,5
sonnet,fp_unconditional,fpq_859,fpq,2
sonnet,fp_unconditional,fpq_860,fpq,1
sonnet,fp_unconditional,fpq_861,fpq,4
sonnet,fp_unconditional,fpq_862,fpq,4
sonnet,fp_unconditional,fpq_863,fpq,5
sonnet,fp_unconditional,fpq_864,fpq,5
sonnet,fp_unconditional,fpq_865,fpq,5
sonnet,fp_unconditional,fpq_866,fpq,5
sonnet,fp_unconditional,fpq_869,fpq,5
sonnet,fp_unconditional,fpq_87,fpq,5
sonnet,fp_unconditional,fpq_870,fpq,1
sonnet,fp_unconditional,fpq_871,fpq,5
sonnet,fp_unconditional,fpq_872,fpq,5
sonnet,fp_unconditional,fpq_88,fpq,5
sonnet,fp_unconditional,fpq_89,fpq,5
sonnet,fp_unconditional,fpq_9,fpq,5
sonnet,fp_unconditional,fpq_90,fpq,5
sonnet,fp_unconditional,fpq_91,fpq,5
sonnet,fp_unconditional,fpq_92,fpq,5
sonnet,fp_unconditional,fpq_94,fpq,5
sonnet,fp_unconditional,fpq_95,fpq,5
sonnet,fp_unconditional,fpq_96,fpq,1
sonnet,fp_unconditional,fpq_97,fpq,5
sonnet,fp_unconditional,fpq_98,fpq,5
sonnet,fp_unconditional,fpq_99,fpq,5
sonnet,fp_unconditional,nfp_1000,nfp,2
sonnet,fp_unconditional,nfp_1001,nfp,1
sonnet,fp_unconditional,nfp_1002,nfp,1
sonnet,fp_unconditional,nfp_1003,nfp,2
sonnet,fp_unconditional,nfp_1004,nfp,2
sonnet,fp_unconditional,nfp_1005,nfp,2
sonnet,fp_unconditional,nfp_1006,nfp,2
sonnet,fp_unconditional,nfp_1008,nfp,1
sonnet,fp_unconditional,nfp_1009,nfp,1
sonnet,fp_unconditional,nfp_1010,nfp,1
sonnet,fp_unconditional,nfp_1011,nfp,1
sonnet,fp_unconditional,nfp_1012,nfp,2
sonnet,fp_unconditional,nfp_1013,nfp,2
sonnet,fp_unconditional,nfp_1014,nfp,2
sonnet,fp_unconditional,nfp_1015,nfp,1
sonnet,fp_unconditional,nfp_1016,nfp,2
sonnet,fp_unconditional,nfp_1017,nfp,2
sonnet,fp_unconditional,nfp_1018,nfp,1
sonnet,fp_unconditional,nfp_1019,nfp,2
sonnet,fp_unconditional,nfp_1020,nfp,1
sonnet,fp_unconditional,nfp_1021,nfp,2
sonnet,fp_unconditional,nfp_1022,nfp,2
sonnet,fp_unconditional,nfp_1023,nfp,2
sonnet,fp_unconditional,nfp_1024,nfp,2
sonnet,fp_unconditional,nfp_1025,nfp,2
sonnet,fp_unconditional,nfp_1026,nfp,2
sonnet,fp_unconditional,nfp_1027,nfp,2
sonnet,fp_unconditional,nfp_1028,nfp,1
sonnet,fp_unconditional,nfp_1029,nfp,2
sonnet,fp_unconditional,nfp_1030,nfp,1
sonnet,fp_unconditional,nfp_1031,nfp,2
sonnet,fp_unconditional,nfp_1032,nfp,1
sonnet,fp_unconditional,nfp_1033,nfp,1
sonnet,fp_unconditional,nfp_1034,nfp,1
sonnet,fp_unconditional,nfp_1035,nfp,2
sonnet,fp_unconditional,nfp_1036,nfp,1
sonnet,fp_unconditional,nfp_1037,nfp,1
sonnet,fp_unconditional,nfp_1038,nfp,2
sonnet,fp_unconditional,nfp_1039,nfp,2
sonnet,fp_unconditional,nfp_1040,nfp,4
sonnet,fp_unconditional,nfp_1041,nfp,1
sonnet,fp_unconditional,nfp_1042,nfp,2
sonnet,fp_unconditional,nfp_1043,nfp,2
sonnet,fp_unconditional,nfp_1044,nfp,1
sonnet,fp_unconditional,nfp_1045,nfp,2
sonnet,fp_unconditional,nfp_1046,nfp,2
sonnet,fp_unconditional,nfp_1047,nfp,2
sonnet,fp_unconditional,nfp_1048,nfp,2
sonnet,fp_unconditional,nfp_1049,nfp,1
sonnet,fp_unconditional,nfp_1050,nfp,2
sonnet,fp_unconditional,nfp_1051,nfp,1
sonnet,fp_unconditional,nfp_1052,nfp,1
sonnet,fp_unconditional,nfp_1053,nfp,1
sonnet,fp_unconditional,nfp_1054,nfp,2
sonnet,fp_unconditional,nfp_1055,nfp,1
sonnet,fp_unconditional,nfp_1056,nfp,2
sonnet,fp_unconditional,nfp_1057,nfp,1
sonnet,fp_unconditional,nfp_1058,nfp,2
sonnet,fp_unconditional,nfp_1059,nfp,1
sonnet,fp_unconditional,nfp_1060,nfp,1
sonnet,fp_unconditional,nfp_1061,nfp,1
sonnet,fp_unconditional,nfp_1062,nfp,2
sonnet,fp_unconditional,nfp_1063,nfp,1
sonnet,fp_unconditional,nfp_1064,nfp,2
sonnet,fp_unconditional,nfp_1065,nfp,2
sonnet,fp_unconditional,nfp_1066,nfp,2
sonnet,fp_unconditional,nfp_1067,nfp,1
sonnet,fp_unconditional,nfp_1068,nfp,2
sonnet,fp_unconditional,nfp_1069,nfp,2
sonnet,fp_unconditional,nfp_1070,nfp,2
sonnet,fp_unconditional,nfp_1071,nfp,2
sonnet,fp_unconditional,nfp_1072,nfp,2
sonnet,fp_unconditional,nfp_1073,nfp,2
sonnet,fp_unconditional,nfp_1074,nfp,2
sonnet,fp_unconditional,nfp_1075,nfp,2
sonnet,fp_unconditional,nfp_1076,nfp,1
sonnet,fp_unconditional,nfp_1077,nfp,2
sonnet,fp_unconditional,nfp_1078,nfp,2
sonnet,fp_unconditional,nfp_1079,nfp,2
sonnet,fp_unconditional,nfp_1080,nfp,1
sonnet,fp_unconditional,nfp_1081,nfp,2
sonnet,fp_unconditional,nfp_1082,nfp,1
sonnet,fp_unconditional,nfp_1083,nfp,2
sonnet,fp_unconditional,nfp_1084,nfp,2
sonnet,fp_unconditional,nfp_1085,nfp,2
sonnet,fp_unconditional,nfp_1086,nfp,1
sonnet,fp_unconditional,nfp_1087,nfp,1
sonnet,fp_unconditional,nfp_1088,nfp,1
sonnet,fp_unconditional,nfp_1089,nfp,2
sonnet,fp_unconditional,nfp_1090,nfp,2
sonnet,fp_unconditional,nfp_1091,nfp,2
sonnet,fp_unconditional,nfp_1092,nfp,2
sonnet,fp_unconditional,nfp_1093,nfp,2
sonnet,fp_unconditional,nfp_1094,nfp,2
sonnet,fp_unconditional,nfp_1095,nfp,2
sonnet,fp_unconditional,nfp_1096,nfp,2
sonnet,fp_unconditional,nfp_1097,nfp,1
sonnet,fp_unconditional,nfp_1098,nfp,2
sonnet,fp_unconditional,nfp_1099,nfp,2
sonnet,fp_unconditional,nfp_1100,nfp,2
sonnet,fp_unconditional,nfp_1101,nfp,1
sonnet,fp_unconditional,nfp_1102,nfp,2
sonnet,fp_unconditional,nfp_1103,nfp,2
sonnet,fp_unconditional,nfp_1104,nfp,2
sonnet,fp_unconditional,nfp_1105,nfp,2
sonnet,fp_unconditional,nfp_1106,nfp,2
sonnet,fp_unconditional,nfp_1107,nfp,1
sonnet,fp_unconditional,nfp_1108,nfp,1
sonnet,fp_unconditional,nfp_1109,nfp,1
sonnet,fp_unconditional,nfp_1110,nfp,2
sonnet,fp_unconditional,nfp_1111,nfp,2
sonnet,fp_unconditional,nfp_1112,nfp,2
sonnet,fp_unconditional,nfp_1113,nfp,2
sonnet,fp_unconditional,nfp_1114,nfp,4
sonnet,fp_unconditional,nfp_1115,nfp,2
sonnet,fp_unconditional,nfp_1116,nfp,2
sonnet,fp_unconditional,nfp_1117,nfp,2
sonnet,fp_unconditional,nfp_1118,nfp,1
sonnet,fp_unconditional,nfp_1119,nfp,1
sonnet,fp_unconditional,nfp_1120,nfp,2
sonnet,fp_unconditional,nfp_1121,nfp,2
sonnet,fp_unconditional,nfp_1122,nfp,1
sonnet,fp_unconditional,nfp_1123,nfp,2
sonnet,fp_unconditional,nfp_1124,nfp,2
sonnet,fp_unconditional,nfp_1125,nfp,2
sonnet,fp_unconditional,nfp_1126,nfp,2
sonnet,fp_unconditional,nfp_1127,nfp,1
sonnet,fp_unconditional,nfp_1128,nfp,1
sonnet,fp_unconditional,nfp_1129,nfp,1
sonnet,fp_unconditional,nfp_1130,nfp,1
sonnet,fp_unconditional,nfp_1131,nfp,1
sonnet,fp_unconditional,nfp_1132,nfp,2
sonnet,fp_unconditional,nfp_1133,nfp,2
sonnet,fp_unconditional,nfp_1134,nfp,1
sonnet,fp_unconditional,nfp_1135,nfp,2
sonnet,fp_unconditional,nfp_1136,nfp,2
sonnet,fp_unconditional,nfp_1137,nfp,2
sonnet,fp_unconditional,nfp_1138,nfp,1
sonnet,fp_unconditional,nfp_1139,nfp,1
sonnet,fp_unconditional,nfp_1140,nfp,2
sonnet,fp_unconditional,nfp_1141,nfp,2
sonnet,fp_unconditional,nfp_1142,nfp,2
sonnet,fp_unconditional,nfp_1143,nfp,2
sonnet,fp_unconditional,nfp_1144,nfp,1
sonnet,fp_unconditional,nfp_1145,nfp,2
sonnet,fp_unconditional,nfp_1146,nfp,2
sonnet,fp_unconditional,nfp_1147,nfp,2
sonnet,fp_unconditional,nfp_1148,nfp,2
sonnet,fp_unconditional,nfp_1149,nfp,2
luna,balanced,fpq_0,fpq,5
luna,balanced,fpq_10,fpq,5
luna,balanced,fpq_100,fpq,1
luna,balanced,fpq_101,fpq,1
luna,balanced,fpq_102,fpq,5
luna,balanced,fpq_103,fpq,4
luna,balanced,fpq_105,fpq,1
luna,balanced,fpq_106,fpq,1
luna,balanced,fpq_107,fpq,5
luna,balanced,fpq_108,fpq,2
luna,balanced,fpq_109,fpq,5
luna,balanced,fpq_11,fpq,5
luna,balanced,fpq_110,fpq,2
luna,balanced,fpq_111,fpq,5
luna,balanced,fpq_112,fpq,4
luna,balanced,fpq_113,fpq,5
luna,balanced,fpq_114,fpq,5
luna,balanced,fpq_115,fpq,2
luna,balanced,fpq_116,fpq,5
luna,balanced,fpq_12,fpq,4
luna,balanced,fpq_120,fpq,4
luna,balanced,fpq_121,fpq,5
luna,balanced,fpq_122,fpq,4
luna,balanced,fpq_123,fpq,1
luna,balanced,fpq_124,fpq,2
luna,balanced,fpq_125,fpq,4
luna,balanced,fpq_126,fpq,4
luna,balanced,fpq_127,fpq,4
luna,balanced,fpq_128,fpq,5
luna,balanced,fpq_129,fpq,5
luna,balanced,fpq_13,fpq,1
luna,balanced,fpq_130,fpq,4
luna,balanced,fpq_131,fpq,1
luna,balanced,fpq_133,fpq,4
luna,balanced,fpq_134,fpq,5
luna,balanced,fpq_135,fpq,5
luna,balanced,fpq_136,fpq,5
luna,balanced,fpq_137,fpq,2
luna,balanced,fpq_138,fpq,1
luna,balanced,fpq_139,fpq,1
luna,balanced,fpq_14,fpq,4
luna,balanced,fpq_140,fpq,3
luna,balanced,fpq_141,fpq,5
luna,balanced,fpq_142,fpq,5
luna,balanced,fpq_143,fpq,4
luna,balanced,fpq_144,fpq,5
luna,balanced,fpq_145,fpq,4
luna,balanced,fpq_146,fpq,4
luna,balanced,fpq_147,fpq,5
luna,balanced,fpq_148,fpq,5
luna,balanced,fpq_149,fpq,5
luna,balanced,fpq_15,fpq,3
luna,balanced,fpq_152,fpq,5
luna,balanced,fpq_153,fpq,1
luna,balanced,fpq_155,fpq,3
luna,balanced,fpq_156,fpq,5
luna,balanced,fpq_157,fpq,5
luna,balanced,fpq_158,fpq,4
luna,balanced,fpq_159,fpq,1
luna,balanced,fpq_16,fpq,5
luna,balanced,fpq_160,fpq,4
luna,balanced,fpq_163,fpq,2
luna,balanced,fpq_164,fpq,1
luna,balanced,fpq_165,fpq,4
luna,balanced,fpq_166,fpq,5
luna,balanced,fpq_167,fpq,1
luna,balanced,fpq_168,fpq,5
luna,balanced,fpq_169,fpq,5
luna,balanced,fpq_17,fpq,5
luna,balanced,fpq_170,fpq,5
luna,balanced,fpq_173,fpq,2
luna,balanced,fpq_174,fpq,5
luna,balanced,fpq_175,fpq,4
luna,balanced,fpq_176,fpq,3
luna,balanced,fpq_177,fpq,1
luna,balanced,fpq_178,fpq,5
luna,balanced,fpq_179,fpq,1
luna,balanced,fpq_18,fpq,2
luna,balanced,fpq_180,fpq,2
luna,balanced,fpq_181,fpq,5
luna,balanced,fpq_182,fpq,5
luna,balanced,fpq_184,fpq,1
luna,balanced,fpq_185,fpq,4
luna,balanced,fpq_186,fpq,5
luna,balanced,fpq_188,fpq,4
luna,balanced,fpq_189,fpq,4
luna,balanced,fpq_19,fpq,5
luna,balanced,fpq_190,fpq,5
luna,balanced,fpq_191,fpq,5
luna,balanced,fpq_192,fpq,2
luna,balanced,fpq_193,fpq,4
luna,balanced,fpq_194,fpq,1
luna,balanced,fpq_195,fpq,2
luna,balanced,fpq_196,fpq,4
luna,balanced,fpq_197,fpq,5
luna,balanced,fpq_198,fpq,5
luna,balanced,fpq_2,fpq,5
luna,balanced,fpq_20,fpq,5
luna,balanced,fpq_200,fpq,5
luna,balanced,fpq_201,fpq,5
luna,balanced,fpq_202,fpq,4
luna,balanced,fpq_204,fpq,5
luna,balanced,fpq_205,fpq,5
luna,balanced,fpq_206,fpq,5
luna,balanced,fpq_207,fpq,4
luna,balanced,fpq_208,fpq,4
luna,balanced,fpq_21,fpq,4
luna,balanced,fpq_216,fpq,4
luna,balanced,fpq_217,fpq,1
luna,balanced,fpq_218,fpq,1
luna,balanced,fpq_219,fpq,1
luna,balanced,fpq_22,fpq,5
luna,balanced,fpq_220,fpq,4
luna,balanced,fpq_221,fpq,1
luna,balanced,fpq_222,fpq,5
luna,balanced,fpq_223,fpq,5
luna,balanced,fpq_224,fpq,5
luna,balanced,fpq_225,fpq,5
luna,balanced,fpq_226,fpq,5
luna,balanced,fpq_227,fpq,2
luna,balanced,fpq_228,fpq,4
luna,balanced,fpq_229,fpq,5
luna,balanced,fpq_23,fpq,5
luna,balanced,fpq_230,fpq,5
luna,balanced,fpq_231,fpq,1
luna,balanced,fpq_232,fpq,5
luna,balanced,fpq_233,fpq,4
luna,balanced,fpq_234,fpq,5
luna,balanced,fpq_236,fpq,1
luna,balanced,fpq_237,fpq,5
luna,balanced,fpq_238,fpq,5
luna,balanced,fpq_239,fpq,4
luna,balanced,fpq_24,fpq,5
luna,balanced,fpq_240,fpq,5
luna,balanced,fpq_241,fpq,5
luna,balanced,fpq_244,fpq,5
luna,balanced,fpq_245,fpq,1
luna,balanced,fpq_246,fpq,5
luna,balanced,fpq_247,fpq,5
luna,balanced,fpq_248,fpq,5
luna,balanced,fpq_249,fpq,5
luna,balanced,fpq_25,fpq,5
luna,balanced,fpq_250,fpq,4
luna,balanced,fpq_251,fpq,4
luna,balanced,fpq_252,fpq,5
luna,balanced,fpq_253,fpq,5
luna,balanced,fpq_254,fpq,4
luna,balanced,fpq_255,fpq,4
luna,balanced,fpq_256,fpq,4
luna,balanced,fpq_257,fpq,5
luna,balanced,fpq_258,fpq,5
luna,balanced,fpq_259,fpq,1
luna,balanced,fpq_26,fpq,1
luna,balanced,fpq_260,fpq,4
luna,balanced,fpq_261,fpq,2
luna,balanced,fpq_262,fpq,5
luna,balanced,fpq_263,fpq,5
luna,balanced,fpq_264,fpq,5
luna,balanced,fpq_265,fpq,1
luna,balanced,fpq_266,fpq,5
luna,balanced,fpq_267,fpq,4
luna,balanced,fpq_268,fpq,4
luna,balanced,fpq_269,fpq,4
luna,balanced,fpq_27,fpq,5
luna,balanced,fpq_270,fpq,4
luna,balanced,fpq_271,fpq,5
luna,balanced,fpq_272,fpq,5
luna,balanced,fpq_273,fpq,5
luna,balanced,fpq_274,fpq,5
luna,balanced,fpq_275,fpq,4
luna,balanced,fpq_276,fpq,1
luna,balanced,fpq_277,fpq,5
luna,balanced,fpq_278,fpq,2
luna,balanced,fpq_279,fpq,5
luna,balanced,fpq_28,fpq,4
luna,balanced,fpq_283,fpq,4
luna,balanced,fpq_285,fpq,4
luna,balanced,fpq_286,fpq,4
luna,balanced,fpq_287,fpq,5
luna,balanced,fpq_288,fpq,5
luna,balanced,fpq_289,fpq,4
luna,balanced,fpq_29,fpq,4
luna,balanced,fpq_290,fpq,5
luna,balanced,fpq_291,fpq,4
luna,balanced,fpq_292,fpq,5
luna,balanced,fpq_293,fpq,5
luna,balanced,fpq_294,fpq,5
luna,balanced,fpq_295,fpq,1
luna,balanced,fpq_296,fpq,5
luna,balanced,fpq_297,fpq,2
luna,balanced,fpq_3,fpq,3
luna,balanced,fpq_30,fpq,5
luna,balanced,fpq_302,fpq,4
luna,balanced,fpq_303,fpq,5
luna,balanced,fpq_304,fpq,5
luna,balanced,fpq_305,fpq,2
luna,balanced,fpq_306,fpq,1
luna,balanced,fpq_307,fpq,5
luna,balanced,fpq_308,fpq,4
luna,balanced,fpq_309,fpq,5
luna,balanced,fpq_31,fpq,5
luna,balanced,fpq_311,fpq,5
luna,balanced,fpq_312,fpq,4
luna,balanced,fpq_313,fpq,4
luna,balanced,fpq_314,fpq,4
luna,balanced,fpq_315,fpq,4
luna,balanced,fpq_316,fpq,5
luna,balanced,fpq_317,fpq,2
luna,balanced,fpq_318,fpq,3
luna,balanced,fpq_319,fpq,1
luna,balanced,fpq_32,fpq,1
luna,balanced,fpq_320,fpq,5
luna,balanced,fpq_321,fpq,2
luna,balanced,fpq_325,fpq,3
luna,balanced,fpq_326,fpq,2
luna,balanced,fpq_327,fpq,4
luna,balanced,fpq_33,fpq,5
luna,balanced,fpq_336,fpq,1
luna,balanced,fpq_34,fpq,4
luna,balanced,fpq_342,fpq,1
luna,balanced,fpq_343,fpq,5
luna,balanced,fpq_344,fpq,1
luna,balanced,fpq_348,fpq,5
luna,balanced,fpq_35,fpq,5
luna,balanced,fpq_350,fpq,4
luna,balanced,fpq_353,fpq,4
luna,balanced,fpq_354,fpq,4
luna,balanced,fpq_357,fpq,5
luna,balanced,fpq_358,fpq,4
luna,balanced,fpq_359,fpq,5
luna,balanced,fpq_36,fpq,5
luna,balanced,fpq_361,fpq,5
luna,balanced,fpq_362,fpq,4
luna,balanced,fpq_366,fpq,2
luna,balanced,fpq_368,fpq,4
luna,balanced,fpq_37,fpq,5
luna,balanced,fpq_376,fpq,4
luna,balanced,fpq_378,fpq,4
luna,balanced,fpq_379,fpq,5
luna,balanced,fpq_38,fpq,5
luna,balanced,fpq_380,fpq,4
luna,balanced,fpq_383,fpq,1
luna,balanced,fpq_385,fpq,5
luna,balanced,fpq_386,fpq,2
luna,balanced,fpq_387,fpq,5
luna,balanced,fpq_388,fpq,5
luna,balanced,fpq_389,fpq,5
luna,balanced,fpq_39,fpq,4
luna,balanced,fpq_390,fpq,3
luna,balanced,fpq_391,fpq,5
luna,balanced,fpq_392,fpq,5
luna,balanced,fpq_394,fpq,4
luna,balanced,fpq_395,fpq,5
luna,balanced,fpq_396,fpq,1
luna,balanced,fpq_397,fpq,3
luna,balanced,fpq_398,fpq,5
luna,balanced,fpq_399,fpq,5
luna,balanced,fpq_4,fpq,5
luna,balanced,fpq_40,fpq,5
luna,balanced,fpq_400,fpq,5
luna,balanced,fpq_403,fpq,5
luna,balanced,fpq_405,fpq,5
luna,balanced,fpq_407,fpq,5
luna,balanced,fpq_408,fpq,5
luna,balanced,fpq_41,fpq,4
luna,balanced,fpq_415,fpq,5
luna,balanced,fpq_416,fpq,4
luna,balanced,fpq_417,fpq,4
luna,balanced,fpq_42,fpq,5
luna,balanced,fpq_420,fpq,1
luna,balanced,fpq_421,fpq,2
luna,balanced,fpq_422,fpq,4
luna,balanced,fpq_423,fpq,5
luna,balanced,fpq_425,fpq,5
luna,balanced,fpq_426,fpq,5
luna,balanced,fpq_428,fpq,5
luna,balanced,fpq_429,fpq,5
luna,balanced,fpq_43,fpq,4
luna,balanced,fpq_434,fpq,5
luna,balanced,fpq_436,fpq,5
luna,balanced,fpq_438,fpq,1
luna,balanced,fpq_439,fpq,5
luna,balanced,fpq_44,fpq,5
luna,balanced,fpq_443,fpq,5
luna,balanced,fpq_445,fpq,5
luna,balanced,fpq_446,fpq,5
luna,balanced,fpq_45,fpq,5
luna,balanced,fpq_459,fpq,4
luna,balanced,fpq_46,fpq,5
luna,balanced,fpq_460,fpq,2
luna,balanced,fpq_462,fpq,4
luna,balanced,fpq_467,fpq,5
luna,balanced,fpq_47,fpq,5
luna,balanced,fpq_472,fpq,4
luna,balanced,fpq_473,fpq,5
luna,balanced,fpq_474,fpq,5
luna,balanced,fpq_477,fpq,4
luna,balanced,fpq_479,fpq,5
luna,balanced,fpq_48,fpq,1
luna,balanced,fpq_484,fpq,5
luna,balanced,fpq_485,fpq,5
luna,balanced,fpq_487,fpq,5
luna,balanced,fpq_488,fpq,4
luna,balanced,fpq_49,fpq,1
luna,balanced,fpq_492,fpq,3
luna,balanced,fpq_493,fpq,1
luna,balanced,fpq_494,fpq,4
luna,balanced,fpq_495,fpq,5
luna,balanced,fpq_497,fpq,4
luna,balanced,fpq_499,fpq,4
luna,balanced,fpq_5,fpq,1
luna,balanced,fpq_50,fpq,2
luna,balanced,fpq_500,fpq,5
luna,balanced,fpq_501,fpq,4
luna,balanced,fpq_502,fpq,5
luna,balanced,fpq_505,fpq,1
luna,balanced,fpq_506,fpq,4
luna,balanced,fpq_507,fpq,5
luna,balanced,fpq_51,fpq,4
luna,balanced,fpq_512,fpq,5
luna,balanced,fpq_514,fpq,1
luna,balanced,fpq_516,fpq,5
luna,balanced,fpq_517,fpq,4
luna,balanced,fpq_52,fpq,4
luna,balanced,fpq_521,fpq,5
luna,balanced,fpq_522,fpq,5
luna,balanced,fpq_524,fpq,5
luna,balanced,fpq_525,fpq,5
luna,balanced,fpq_53,fpq,4
luna,balanced,fpq_530,fpq,5
luna,balanced,fpq_531,fpq,4
luna,balanced,fpq_534,fpq,5
luna,balanced,fpq_535,fpq,5
luna,balanced,fpq_54,fpq,5
luna,balanced,fpq_542,fpq,2
luna,balanced,fpq_543,fpq,2
luna,balanced,fpq_546,fpq,4
luna,balanced,fpq_547,fpq,4
luna,balanced,fpq_549,fpq,4
luna,balanced,fpq_55,fpq,2
luna,balanced,fpq_550,fpq,5
luna,balanced,fpq_552,fpq,4
luna,balanced,fpq_556,fpq,4
luna,balanced,fpq_557,fpq,4
luna,balanced,fpq_558,fpq,5
luna,balanced,fpq_559,fpq,3
luna,balanced,fpq_56,fpq,5
luna,balanced,fpq_560,fpq,5
luna,balanced,fpq_563,fpq,5
luna,balanced,fpq_564,fpq,2
luna,balanced,fpq_565,fpq,5
luna,balanced,fpq_566,fpq,4
luna,balanced,fpq_57,fpq,5
luna,balanced,fpq_570,fpq,4
luna,balanced,fpq_572,fpq,4
luna,balanced,fpq_574,fpq,4
luna,balanced,fpq_58,fpq,4
luna,balanced,fpq_580,fpq,5
luna,balanced,fpq_583,fpq,1
luna,balanced,fpq_584,fpq,5
luna,balanced,fpq_586,fpq,1
luna,balanced,fpq_59,fpq,2
luna,balanced,fpq_593,fpq,3
luna,balanced,fpq_595,fpq,5
luna,balanced,fpq_596,fpq,5
luna,balanced,fpq_598,fpq,5
luna,balanced,fpq_6,fpq,5
luna,balanced,fpq_60,fpq,5
luna,balanced,fpq_600,fpq,2
luna,balanced,fpq_601,fpq,4
luna,balanced,fpq_603,fpq,5
luna,balanced,fpq_604,fpq,2
luna,balanced,fpq_606,fpq,5
luna,balanced,fpq_607,fpq,5
luna,balanced,fpq_608,fpq,3
luna,balanced,fpq_609,fpq,1
luna,balanced,fpq_61,fpq,5
luna,balanced,fpq_610,fpq,3
luna,balanced,fpq_611,fpq,5
luna,balanced,fpq_612,fpq,1
luna,balanced,fpq_613,fpq,5
luna,balanced,fpq_614,fpq,5
luna,balanced,fpq_615,fpq,5
luna,balanced,fpq_616,fpq,5
luna,balanced,fpq_617,fpq,5
luna,balanced,fpq_618,fpq,2
luna,balanced,fpq_619,fpq,5
luna,balanced,fpq_62,fpq,5
luna,balanced,fpq_620,fpq,1
luna,balanced,fpq_621,fpq,4
luna,balanced,fpq_622,fpq,4
luna,balanced,fpq_623,fpq,5
luna,balanced,fpq_624,fpq,5
luna,balanced,fpq_625,fpq,5
luna,balanced,fpq_626,fpq,4
luna,balanced,fpq_628,fpq,4
luna,balanced,fpq_629,fpq,5
luna,balanced,fpq_63,fpq,5
luna,balanced,fpq_630,fpq,5
luna,balanced,fpq_631,fpq,5
luna,balanced,fpq_632,fpq,5
luna,balanced,fpq_633,fpq,4
luna,balanced,fpq_634,fpq,5
luna,balanced,fpq_635,fpq,1
luna,balanced,fpq_636,fpq,5
luna,balanced,fpq_638,fpq,5
luna,balanced,fpq_639,fpq,2
luna,balanced,fpq_64,fpq,5
luna,balanced,fpq_640,fpq,1
luna,balanced,fpq_641,fpq,1
luna,balanced,fpq_643,fpq,5
luna,balanced,fpq_644,fpq,1
luna,balanced,fpq_645,fpq,5
luna,balanced,fpq_646,fpq,2
luna,balanced,fpq_647,fpq,2
luna,balanced,fpq_649,fpq,1
luna,balanced,fpq_65,fpq,2
luna,balanced,fpq_650,fpq,4
luna,balanced,fpq_652,fpq,1
luna,balanced,fpq_653,fpq,2
luna,balanced,fpq_654,fpq,1
luna,balanced,fpq_655,fpq,5
luna,balanced,fpq_657,fpq,4
luna,balanced,fpq_659,fpq,4
luna,balanced,fpq_66,fpq,2
luna,balanced,fpq_661,fpq,4
luna,balanced,fpq_662,fpq,1
luna,balanced,fpq_663,fpq,1
luna,balanced,fpq_666,fpq,5
luna,balanced,fpq_669,fpq,4
luna,balanced,fpq_67,fpq,1
luna,balanced,fpq_671,fpq,5
luna,balanced,fpq_675,fpq,4
luna,balanced,fpq_676,fpq,1
luna,balanced,fpq_677,fpq,4
luna,balanced,fpq_678,fpq,4
luna,balanced,fpq_68,fpq,5
luna,balanced,fpq_682,fpq,2
luna,balanced,fpq_685,fpq,4
luna,balanced,fpq_687,fpq,1
luna,balanced,fpq_689,fpq,1
luna,balanced,fpq_69,fpq,5
luna,balanced,fpq_690,fpq,5
luna,balanced,fpq_691,fpq,5
luna,balanced,fpq_692,fpq,2
luna,balanced,fpq_694,fpq,4
luna,balanced,fpq_695,fpq,5
luna,balanced,fpq_696,fpq,5
luna,balanced,fpq_697,fpq,4
luna,balanced,fpq_699,fpq,1
luna,balanced,fpq_7,fpq,5
luna,balanced,fpq_70,fpq,4
luna,balanced,fpq_702,fpq,5
luna,balanced,fpq_703,fpq,5
luna,balanced,fpq_704,fpq,2
luna,balanced,fpq_705,fpq,4
luna,balanced,fpq_706,fpq,4
luna,balanced,fpq_71,fpq,4
luna,balanced,fpq_712,fpq,5
luna,balanced,fpq_713,fpq,1
luna,balanced,fpq_72,fpq,4
luna,balanced,fpq_721,fpq,5
luna,balanced,fpq_722,fpq,5
luna,balanced,fpq_723,fpq,5
luna,balanced,fpq_724,fpq,4
luna,balanced,fpq_725,fpq,5
luna,balanced,fpq_726,fpq,4
luna,balanced,fpq_727,fpq,5
luna,balanced,fpq_728,fpq,5
luna,balanced,fpq_729,fpq,1
luna,balanced,fpq_73,fpq,2
luna,balanced,fpq_730,fpq,2
luna,balanced,fpq_735,fpq,5
luna,balanced,fpq_736,fpq,3
luna,balanced,fpq_738,fpq,1
luna,balanced,fpq_739,fpq,5
luna,balanced,fpq_74,fpq,5
luna,balanced,fpq_740,fpq,4
luna,balanced,fpq_741,fpq,4
luna,balanced,fpq_743,fpq,4
luna,balanced,fpq_744,fpq,4
luna,balanced,fpq_745,fpq,5
luna,balanced,fpq_746,fpq,5
luna,balanced,fpq_747,fpq,4
luna,balanced,fpq_749,fpq,5
luna,balanced,fpq_75,fpq,4
luna,balanced,fpq_750,fpq,4
luna,balanced,fpq_751,fpq,5
luna,balanced,fpq_753,fpq,5
luna,balanced,fpq_754,fpq,3
luna,balanced,fpq_755,fpq,5
luna,balanced,fpq_76,fpq,4
luna,balanced,fpq_761,fpq,5
luna,balanced,fpq_762,fpq,5
luna,balanced,fpq_763,fpq,5
luna,balanced,fpq_764,fpq,4
luna,balanced,fpq_77,fpq,5
luna,balanced,fpq_771,fpq,5
luna,balanced,fpq_772,fpq,4
luna,balanced,fpq_773,fpq,5
luna,balanced,fpq_774,fpq,5
luna,balanced,fpq_775,fpq,5
luna,balanced,fpq_776,fpq,5
luna,balanced,fpq_777,fpq,4
luna,balanced,fpq_778,fpq,2
luna,balanced,fpq_78,fpq,1
luna,balanced,fpq_780,fpq,5
luna,balanced,fpq_781,fpq,2
luna,balanced,fpq_789,fpq,5
luna,balanced,fpq_794,fpq,5
luna,balanced,fpq_797,fpq,4
luna,balanced,fpq_798,fpq,5
luna,balanced,fpq_799,fpq,1
luna,balanced,fpq_8,fpq,5
luna,balanced,fpq_80,fpq,3
luna,balanced,fpq_801,fpq,5
luna,balanced,fpq_802,fpq,5
luna,balanced,fpq_804,fpq,4
luna,balanced,fpq_805,fpq,1
luna,balanced,fpq_806,fpq,4
luna,balanced,fpq_807,fpq,1
luna,balanced,fpq_808,fpq,4
luna,balanced,fpq_81,fpq,5
luna,balanced,fpq_813,fpq,5
luna,balanced,fpq_814,fpq,5
luna,balanced,fpq_817,fpq,5
luna,balanced,fpq_818,fpq,5
luna,balanced,fpq_82,fpq,5
luna,balanced,fpq_820,fpq,5
luna,balanced,fpq_823,fpq,5
luna,balanced,fpq_824,fpq,5
luna,balanced,fpq_827,fpq,4
luna,balanced,fpq_828,fpq,3
luna,balanced,fpq_829,fpq,2
luna,balanced,fpq_830,fpq,4
luna,balanced,fpq_831,fpq,5
luna,balanced,fpq_832,fpq,5
luna,balanced,fpq_833,fpq,5
luna,balanced,fpq_834,fpq,5
luna,balanced,fpq_835,fpq,3
luna,balanced,fpq_836,fpq,2
luna,balanced,fpq_837,fpq,2
luna,balanced,fpq_838,fpq,5
luna,balanced,fpq_839,fpq,5
luna,balanced,fpq_84,fpq,2
luna,balanced,fpq_840,fpq,5
luna,balanced,fpq_844,fpq,5
luna,balanced,fpq_846,fpq,4
luna,balanced,fpq_847,fpq,4
luna,balanced,fpq_848,fpq,4
luna,balanced,fpq_849,fpq,5
luna,balanced,fpq_85,fpq,4
luna,balanced,fpq_850,fpq,5
luna,balanced,fpq_851,fpq,4
luna,balanced,fpq_852,fpq,1
luna,balanced,fpq_854,fpq,1
luna,balanced,fpq_855,fpq,1
luna,balanced,fpq_858,fpq,4
luna,balanced,fpq_859,fpq,2
luna,balanced,fpq_860,fpq,1
luna,balanced,fpq_861,fpq,4
luna,balanced,fpq_862,fpq,4
luna,balanced,fpq_863,fpq,5
luna,balanced,fpq_864,fpq,1
luna,balanced,fpq_865,fpq,4
luna,balanced,fpq_866,fpq,5
luna,balanced,fpq_869,fpq,5
luna,balanced,fpq_87,fpq,5
luna,balanced,fpq_870,fpq,1
luna,balanced,fpq_871,fpq,5
luna,balanced,fpq_872,fpq,4
luna,balanced,fpq_88,fpq,5
luna,balanced,fpq_89,fpq,4
luna,balanced,fpq_9,fpq,5
luna,balanced,fpq_90,fpq,5
luna,balanced,fpq_91,fpq,5
luna,balanced,fpq_92,fpq,4
luna,balanced,fpq_94,fpq,2
luna,balanced,fpq_95,fpq,5
luna,balanced,fpq_96,fpq,1
luna,balanced,fpq_97,fpq,5
luna,balanced,fpq_98,fpq,4
luna,balanced,fpq_99,fpq,4
luna,balanced,nfp_1000,nfp,5
luna,balanced,nfp_1001,nfp,1
luna,balanced,nfp_1002,nfp,1
luna,balanced,nfp_1003,nfp,5
luna,balanced,nfp_1004,nfp,4
luna,balanced,nfp_1005,nfp,2
luna,balanced,nfp_1006,nfp,5
luna,balanced,nfp_1008,nfp,3
luna,balanced,nfp_1009,nfp,2
luna,balanced,nfp_1010,nfp,2
luna,balanced,nfp_1011,nfp,4
luna,balanced,nfp_1012,nfp,3
luna,balanced,nfp_1013,nfp,5
luna,balanced,nfp_1014,nfp,4
luna,balanced,nfp_1015,nfp,2
luna,balanced,nfp_1016,nfp,3
luna,balanced,nfp_1017,nfp,5
luna,balanced,nfp_1018,nfp,5
luna,balanced,nfp_1019,nfp,4
luna,balanced,nfp_1020,nfp,4
luna,balanced,nfp_1021,nfp,4
luna,balanced,nfp_1022,nfp,2
luna,balanced,nfp_1023,nfp,2
luna,balanced,nfp_1024,nfp,2
luna,balanced,nfp_1025,nfp,5
luna,balanced,nfp_1026,nfp,2
luna,balanced,nfp_1027,nfp,3
luna,balanced,nfp_1028,nfp,2
luna,balanced,nfp_1029,nfp,2
luna,balanced,nfp_1030,nfp,2
luna,balanced,nfp_1031,nfp,2
luna,balanced,nfp_1032,nfp,4
luna,balanced,nfp_1033,nfp,4
luna,balanced,nfp_1034,nfp,3
luna,balanced,nfp_1035,nfp,5
luna,balanced,nfp_1036,nfp,3
luna,balanced,nfp_1037,nfp,2
luna,balanced,nfp_1038,nfp,4
luna,balanced,nfp_1039,nfp,5
luna,balanced,nfp_1040,nfp,4
luna,balanced,nfp_1041,nfp,4
luna,balanced,nfp_1042,nfp,2
luna,balanced,nfp_1043,nfp,4
luna,balanced,nfp_1044,nfp,4
luna,balanced,nfp_1045,nfp,4
luna,balanced,nfp_1046,nfp,5
luna,balanced,nfp_1047,nfp,2
luna,balanced,nfp_1048,nfp,5
luna,balanced,nfp_1049,nfp,4
luna,balanced,nfp_1050,nfp,5
luna,balanced,nfp_1051,nfp,2
luna,balanced,nfp_1052,nfp,2
luna,balanced,nfp_1053,nfp,4
luna,balanced,nfp_1054,nfp,2
luna,balanced,nfp_1055,nfp,2
luna,balanced,nfp_1056,nfp,5
luna,balanced,nfp_1057,nfp,2
luna,balanced,nfp_1058,nfp,3
luna,balanced,nfp_1059,nfp,5
luna,balanced,nfp_1060,nfp,4
luna,balanced,nfp_1061,nfp,4
luna,balanced,nfp_1062,nfp,2
luna,balanced,nfp_1063,nfp,2
luna,balanced,nfp_1064,nfp,4
luna,balanced,nfp_1065,nfp,2
luna,balanced,nfp_1066,nfp,4
luna,balanced,nfp_1067,nfp,5
luna,balanced,nfp_1068,nfp,4
luna,balanced,nfp_1069,nfp,4
luna,balanced,nfp_1070,nfp,4
luna,balanced,nfp_1071,nfp,2
luna,balanced,nfp_1072,nfp,3
luna,balanced,nfp_1073,nfp,4
luna,balanced,nfp_1074,nfp,2
luna,balanced,nfp_1075,nfp,5
luna,balanced,nfp_1076,nfp,2
luna,balanced,nfp_1077,nfp,4
luna,balanced,nfp_1078,nfp,2
luna,balanced,nfp_1079,nfp,4
luna,balanced,nfp_1080,nfp,2
luna,balanced,nfp_1081,nfp,5
luna,balanced,nfp_1082,nfp,2
luna,balanced,nfp_1083,nfp,2
luna,balanced,nfp_1084,nfp,4
luna,balanced,nfp_1085,nfp,4
luna,balanced,nfp_1086,nfp,4
luna,balanced,nfp_1087,nfp,5
luna,balanced,nfp_1088,nfp,2
luna,balanced,nfp_1089,nfp,1
luna,balanced,nfp_1090,nfp,5
luna,balanced,nfp_1091,nfp,3
luna,balanced,nfp_1092,nfp,4
luna,balanced,nfp_1093,nfp,2
luna,balanced,nfp_1094,nfp,3
luna,balanced,nfp_1095,nfp,4
luna,balanced,nfp_1096,nfp,4
luna,balanced,nfp_1097,nfp,1
luna,balanced,nfp_1098,nfp,3
luna,balanced,nfp_1099,nfp,5
luna,balanced,nfp_1100,nfp,4
luna,balanced,nfp_1101,nfp,4
luna,balanced,nfp_1102,nfp,4
luna,balanced,nfp_1103,nfp,4
luna,balanced,nfp_1104,nfp,4
luna,balanced,nfp_1105,nfp,4
luna,balanced,nfp_1106,nfp,5
luna,balanced,nfp_1107,nfp,2
luna,balanced,nfp_1108,nfp,3
luna,balanced,nfp_1109,nfp,4
luna,balanced,nfp_1110,nfp,5
luna,balanced,nfp_1111,nfp,5
luna,balanced,nfp_1112,nfp,4
luna,balanced,nfp_1113,nfp,4
luna,balanced,nfp_1114,nfp,5
luna,balanced,nfp_1115,nfp,5
luna,balanced,nfp_1116,nfp,4
luna,balanced,nfp_1117,nfp,2
luna,balanced,nfp_1118,nfp,4
luna,balanced,nfp_1119,nfp,4
luna,balanced,nfp_1120,nfp,5
luna,balanced,nfp_1121,nfp,2
luna,balanced,nfp_1122,nfp,2
luna,balanced,nfp_1123,nfp,3
luna,balanced,nfp_1124,nfp,2
luna,balanced,nfp_1125,nfp,4
luna,balanced,nfp_1126,nfp,4
luna,balanced,nfp_1127,nfp,2
luna,balanced,nfp_1128,nfp,4
luna,balanced,nfp_1129,nfp,1
luna,balanced,nfp_1130,nfp,2
luna,balanced,nfp_1131,nfp,4
luna,balanced,nfp_1132,nfp,2
luna,balanced,nfp_1133,nfp,4
luna,balanced,nfp_1134,nfp,2
luna,balanced,nfp_1135,nfp,4
luna,balanced,nfp_1136,nfp,4
luna,balanced,nfp_1137,nfp,2
luna,balanced,nfp_1138,nfp,5
luna,balanced,nfp_1139,nfp,3
luna,balanced,nfp_1140,nfp,5
luna,balanced,nfp_1141,nfp,2
luna,balanced,nfp_1142,nfp,2
luna,balanced,nfp_1143,nfp,2
luna,balanced,nfp_1144,nfp,5
luna,balanced,nfp_1145,nfp,5
luna,balanced,nfp_1146,nfp,5
luna,balanced,nfp_1147,nfp,2
luna,balanced,nfp_1148,nfp,2
luna,balanced,nfp_1149,nfp,5
luna,fp_unconditional,fpq_0,fpq,5
luna,fp_unconditional,fpq_10,fpq,5
luna,fp_unconditional,fpq_100,fpq,5
luna,fp_unconditional,fpq_101,fpq,1
luna,fp_unconditional,fpq_102,fpq,5
luna,fp_unconditional,fpq_103,fpq,5
luna,fp_unconditional,fpq_105,fpq,4
luna,fp_unconditional,fpq_106,fpq,1
luna,fp_unconditional,fpq_107,fpq,5
luna,fp_unconditional,fpq_108,fpq,5
luna,fp_unconditional,fpq_109,fpq,5
luna,fp_unconditional,fpq_11,fpq,5
luna,fp_unconditional,fpq_110,fpq,1
luna,fp_unconditional,fpq_111,fpq,5
luna,fp_unconditional,fpq_112,fpq,5
luna,fp_unconditional,fpq_113,fpq,5
luna,fp_unconditional,fpq_114,fpq,5
luna,fp_unconditional,fpq_115,fpq,4
luna,fp_unconditional,fpq_116,fpq,5
luna,fp_unconditional,fpq_12,fpq,5
luna,fp_unconditional,fpq_120,fpq,4
luna,fp_unconditional,fpq_121,fpq,5
luna,fp_unconditional,fpq_122,fpq,5
luna,fp_unconditional,fpq_123,fpq,1
luna,fp_unconditional,fpq_124,fpq,4
luna,fp_unconditional,fpq_125,fpq,5
luna,fp_unconditional,fpq_126,fpq,4
luna,fp_unconditional,fpq_127,fpq,4
luna,fp_unconditional,fpq_128,fpq,5
luna,fp_unconditional,fpq_129,fpq,5
luna,fp_unconditional,fpq_13,fpq,2
luna,fp_unconditional,fpq_130,fpq,5
luna,fp_unconditional,fpq_131,fpq,2
luna,fp_unconditional,fpq_133,fpq,5
luna,fp_unconditional,fpq_134,fpq,5
luna,fp_unconditional,fpq_135,fpq,5
luna,fp_unconditional,fpq_136,fpq,5
luna,fp_unconditional,fpq_137,fpq,5
luna,fp_unconditional,fpq_138,fpq,1
luna,fp_unconditional,fpq_139,fpq,2
luna,fp_unconditional,fpq_14,fpq,5
luna,fp_unconditional,fpq_140,fpq,4
luna,fp_unconditional,fpq_141,fpq,5
luna,fp_unconditional,fpq_142,fpq,5
luna,fp_unconditional,fpq_143,fpq,4
luna,fp_unconditional,fpq_144,fpq,5
luna,fp_unconditional,fpq_145,fpq,5
luna,fp_unconditional,fpq_146,fpq,5
luna,fp_unconditional,fpq_147,fpq,5
luna,fp_unconditional,fpq_148,fpq,5
luna,fp_unconditional,fpq_149,fpq,5
luna,fp_unconditional,fpq_15,fpq,4
luna,fp_unconditional,fpq_152,fpq,2
luna,fp_unconditional,fpq_153,fpq,5
luna,fp_unconditional,fpq_155,fpq,5
luna,fp_unconditional,fpq_156,fpq,5
luna,fp_unconditional,fpq_157,fpq,5
luna,fp_unconditional,fpq_158,fpq,5
luna,fp_unconditional,fpq_159,fpq,4
luna,fp_unconditional,fpq_16,fpq,5
luna,fp_unconditional,fpq_160,fpq,4
luna,fp_unconditional,fpq_163,fpq,4
luna,fp_unconditional,fpq_164,fpq,2
luna,fp_unconditional,fpq_165,fpq,5
luna,fp_unconditional,fpq_166,fpq,4
luna,fp_unconditional,fpq_167,fpq,5
luna,fp_unconditional,fpq_168,fpq,5
luna,fp_unconditional,fpq_169,fpq,5
luna,fp_unconditional,fpq_17,fpq,5
luna,fp_unconditional,fpq_170,fpq,5
luna,fp_unconditional,fpq_173,fpq,4
luna,fp_unconditional,fpq_174,fpq,5
luna,fp_unconditional,fpq_175,fpq,4
luna,fp_unconditional,fpq_176,fpq,4
luna,fp_unconditional,fpq_177,fpq,1
luna,fp_unconditional,fpq_178,fpq,5
luna,fp_unconditional,fpq_179,fpq,5
luna,fp_unconditional,fpq_18,fpq,4
luna,fp_unconditional,fpq_180,fpq,5
luna,fp_unconditional,fpq_181,fpq,5
luna,fp_unconditional,fpq_182,fpq,5
luna,fp_unconditional,fpq_184,fpq,1
luna,fp_unconditional,fpq_185,fpq,5
luna,fp_unconditional,fpq_186,fpq,5
luna,fp_unconditional,fpq_188,fpq,4
luna,fp_unconditional,fpq_189,fpq,5
luna,fp_unconditional,fpq_19,fpq,5
luna,fp_unconditional,fpq_190,fpq,5
luna,fp_unconditional,fpq_191,fpq,5
luna,fp_unconditional,fpq_192,fpq,2
luna,fp_unconditional,fpq_193,fpq,5
luna,fp_unconditional,fpq_194,fpq,1
luna,fp_unconditional,fpq_195,fpq,3
luna,fp_unconditional,fpq_196,fpq,5
luna,fp_unconditional,fpq_197,fpq,5
luna,fp_unconditional,fpq_198,fpq,5
luna,fp_unconditional,fpq_2,fpq,5
luna,fp_unconditional,fpq_20,fpq,5
luna,fp_unconditional,fpq_200,fpq,5
luna,fp_unconditional,fpq_201,fpq,5
luna,fp_unconditional,fpq_202,fpq,5
luna,fp_unconditional,fpq_204,fpq,5
luna,fp_unconditional,fpq_205,fpq,5
luna,fp_unconditional,fpq_206,fpq,5
luna,fp_unconditional,fpq_207,fpq,4
luna,fp_unconditional,fpq_208,fpq,4
luna,fp_unconditional,fpq_21,fpq,5
luna,fp_unconditional,fpq_216,fpq,5
luna,fp_unconditional,fpq_217,fpq,1
luna,fp_unconditional,fpq_218,fpq,5
luna,fp_unconditional,fpq_219,fpq,1
luna,fp_unconditional,fpq_22,fpq,3
luna,fp_unconditional,fpq_220,fpq,5
luna,fp_unconditional,fpq_221,fpq,1
luna,fp_unconditional,fpq_222,fpq,5
luna,fp_unconditional,fpq_223,fpq,5
luna,fp_unconditional,fpq_224,fpq,5
luna,fp_unconditional,fpq_225,fpq,5
luna,fp_unconditional,fpq_226,fpq,5
luna,fp_unconditional,fpq_227,fpq,4
luna,fp_unconditional,fpq_228,fpq,4
luna,fp_unconditional,fpq_229,fpq,5
luna,fp_unconditional,fpq_23,fpq,5
luna,fp_unconditional,fpq_230,fpq,5
luna,fp_unconditional,fpq_231,fpq,5
luna,fp_unconditional,fpq_232,fpq,5
luna,fp_unconditional,fpq_233,fpq,5
luna,fp_unconditional,fpq_234,fpq,5
luna,fp_unconditional,fpq_236,fpq,1
luna,fp_unconditional,fpq_237,fpq,5
luna,fp_unconditional,fpq_238,fpq,5
luna,fp_unconditional,fpq_239,fpq,5
luna,fp_unconditional,fpq_24,fpq,5
luna,fp_unconditional,fpq_240,fpq,5
luna,fp_unconditional,fpq_241,fpq,5
luna,fp_unconditional,fpq_244,fpq,5
luna,fp_unconditional,fpq_245,fpq,4
luna,fp_unconditional,fpq_246,fpq,5
luna,fp_unconditional,fpq_247,fpq,5
luna,fp_unconditional,fpq_248,fpq,5
luna,fp_unconditional,fpq_249,fpq,5
luna,fp_unconditional,fpq_25,fpq,5
luna,fp_unconditional,fpq_250,fpq,5
luna,fp_unconditional,fpq_251,fpq,4
luna,fp_unconditional,fpq_252,fpq,5
luna,fp_unconditional,fpq_253,fpq,5
luna,fp_unconditional,fpq_254,fpq,5
luna,fp_unconditional,fpq_255,fpq,5
luna,fp_unconditional,fpq_256,fpq,5
luna,fp_unconditional,fpq_257,fpq,5
luna,fp_unconditional,fpq_258,fpq,5
luna,fp_unconditional,fpq_259,fpq,1
luna,fp_unconditional,fpq_26,fpq,5
luna,fp_unconditional,fpq_260,fpq,4
luna,fp_unconditional,fpq_261,fpq,4
luna,fp_unconditional,fpq_262,fpq,5
luna,fp_unconditional,fpq_263,fpq,5
luna,fp_unconditional,fpq_264,fpq,5
luna,fp_unconditional,fpq_265,fpq,2
luna,fp_unconditional,fpq_266,fpq,5
luna,fp_unconditional,fpq_267,fpq,4
luna,fp_unconditional,fpq_268,fpq,5
luna,fp_unconditional,fpq_269,fpq,5
luna,fp_unconditional,fpq_27,fpq,5
luna,fp_unconditional,fpq_270,fpq,4
luna,fp_unconditional,fpq_271,fpq,5
luna,fp_unconditional,fpq_272,fpq,5
luna,fp_unconditional,fpq_273,fpq,5
luna,fp_unconditional,fpq_274,fpq,5
luna,fp_unconditional,fpq_275,fpq,4
luna,fp_unconditional,fpq_276,fpq,4
luna,fp_unconditional,fpq_277,fpq,5
luna,fp_unconditional,fpq_278,fpq,4
luna,fp_unconditional,fpq_279,fpq,5
luna,fp_unconditional,fpq_28,fpq,5
luna,fp_unconditional,fpq_283,fpq,2
luna,fp_unconditional,fpq_285,fpq,4
luna,fp_unconditional,fpq_286,fpq,5
luna,fp_unconditional,fpq_287,fpq,5
luna,fp_unconditional,fpq_288,fpq,5
luna,fp_unconditional,fpq_289,fpq,5
luna,fp_unconditional,fpq_29,fpq,5
luna,fp_unconditional,fpq_290,fpq,4
luna,fp_unconditional,fpq_291,fpq,5
luna,fp_unconditional,fpq_292,fpq,5
luna,fp_unconditional,fpq_293,fpq,5
luna,fp_unconditional,fpq_294,fpq,5
luna,fp_unconditional,fpq_295,fpq,1
luna,fp_unconditional,fpq_296,fpq,5
luna,fp_unconditional,fpq_297,fpq,5
luna,fp_unconditional,fpq_3,fpq,4
luna,fp_unconditional,fpq_30,fpq,5
luna,fp_unconditional,fpq_302,fpq,4
luna,fp_unconditional,fpq_303,fpq,5
luna,fp_unconditional,fpq_304,fpq,5
luna,fp_unconditional,fpq_305,fpq,5
luna,fp_unconditional,fpq_306,fpq,1
luna,fp_unconditional,fpq_307,fpq,5
luna,fp_unconditional,fpq_308,fpq,5
luna,fp_unconditional,fpq_309,fpq,5
luna,fp_unconditional,fpq_31,fpq,5
luna,fp_unconditional,fpq_311,fpq,5
luna,fp_unconditional,fpq_312,fpq,5
luna,fp_unconditional,fpq_313,fpq,5
luna,fp_unconditional,fpq_314,fpq,5
luna,fp_unconditional,fpq_315,fpq,5
luna,fp_unconditional,fpq_316,fpq,5
luna,fp_unconditional,fpq_317,fpq,5
luna,fp_unconditional,fpq_318,fpq,4
luna,fp_unconditional,fpq_319,fpq,1
luna,fp_unconditional,fpq_32,fpq,4
luna,fp_unconditional,fpq_320,fpq,5
luna,fp_unconditional,fpq_321,fpq,2
luna,fp_unconditional,fpq_325,fpq,4
luna,fp_unconditional,fpq_326,fpq,1
luna,fp_unconditional,fpq_327,fpq,4
luna,fp_unconditional,fpq_33,fpq,5
luna,fp_unconditional,fpq_336,fpq,5
luna,fp_unconditional,fpq_34,fpq,4
luna,fp_unconditional,fpq_342,fpq,1
luna,fp_unconditional,fpq_343,fpq,5
luna,fp_unconditional,fpq_344,fpq,4
luna,fp_unconditional,fpq_348,fpq,5
luna,fp_unconditional,fpq_35,fpq,5
luna,fp_unconditional,fpq_350,fpq,5
luna,fp_unconditional,fpq_353,fpq,4
luna,fp_unconditional,fpq_354,fpq,4
luna,fp_unconditional,fpq_357,fpq,5
luna,fp_unconditional,fpq_358,fpq,4
luna,fp_unconditional,fpq_359,fpq,5
luna,fp_unconditional,fpq_36,fpq,5
luna,fp_unconditional,fpq_361,fpq,5
luna,fp_unconditional,fpq_362,fpq,4
luna,fp_unconditional,fpq_366,fpq,4
luna,fp_unconditional,fpq_368,fpq,4
luna,fp_unconditional,fpq_37,fpq,5
luna,fp_unconditional,fpq_376,fpq,5
luna,fp_unconditional,fpq_378,fpq,5
luna,fp_unconditional,fpq_379,fpq,5
luna,fp_unconditional,fpq_38,fpq,5
luna,fp_unconditional,fpq_380,fpq,4
luna,fp_unconditional,fpq_383,fpq,2
luna,fp_unconditional,fpq_385,fpq,5
luna,fp_unconditional,fpq_386,fpq,5
luna,fp_unconditional,fpq_387,fpq,5
luna,fp_unconditional,fpq_388,fpq,5
luna,fp_unconditional,fpq_389,fpq,5
luna,fp_unconditional,fpq_39,fpq,5
luna,fp_unconditional,fpq_390,fpq,5
luna,fp_unconditional,fpq_391,fpq,5
luna,fp_unconditional,fpq_392,fpq,5
luna,fp_unconditional,fpq_394,fpq,5
luna,fp_unconditional,fpq_395,fpq,5
luna,fp_unconditional,fpq_396,fpq,1
luna,fp_unconditional,fpq_397,fpq,5
luna,fp_unconditional,fpq_398,fpq,5
luna,fp_unconditional,fpq_399,fpq,5
luna,fp_unconditional,fpq_4,fpq,5
luna,fp_unconditional,fpq_40,fpq,5
luna,fp_unconditional,fpq_400,fpq,5
luna,fp_unconditional,fpq_403,fpq,5
luna,fp_unconditional,fpq_405,fpq,5
luna,fp_unconditional,fpq_407,fpq,5
luna,fp_unconditional,fpq_408,fpq,5
luna,fp_unconditional,fpq_41,fpq,5
luna,fp_unconditional,fpq_415,fpq,5
luna,fp_unconditional,fpq_416,fpq,5
luna,fp_unconditional,fpq_417,fpq,5
luna,fp_unconditional,fpq_42,fpq,5
luna,fp_unconditional,fpq_420,fpq,1
luna,fp_unconditional,fpq_421,fpq,2
luna,fp_unconditional,fpq_422,fpq,3
luna,fp_unconditional,fpq_423,fpq,5
luna,fp_unconditional,fpq_425,fpq,5
luna,fp_unconditional,fpq_426,fpq,5
luna,fp_unconditional,fpq_428,fpq,5
luna,fp_unconditional,fpq_429,fpq,5
luna,fp_unconditional,fpq_43,fpq,4
luna,fp_unconditional,fpq_434,fpq,5
luna,fp_unconditional,fpq_436,fpq,5
luna,fp_unconditional,fpq_438,fpq,4
luna,fp_unconditional,fpq_439,fpq,5
luna,fp_unconditional,fpq_44,fpq,5
luna,fp_unconditional,fpq_443,fpq,5
luna,fp_unconditional,fpq_445,fpq,5
luna,fp_unconditional,fpq_446,fpq,5
luna,fp_unconditional,fpq_45,fpq,5
luna,fp_unconditional,fpq_459,fpq,4
luna,fp_unconditional,fpq_46,fpq,5
luna,fp_unconditional,fpq_460,fpq,5
luna,fp_unconditional,fpq_462,fpq,5
luna,fp_unconditional,fpq_467,fpq,5
luna,fp_unconditional,fpq_47,fpq,5
luna,fp_unconditional,fpq_472,fpq,5
luna,fp_unconditional,fpq_473,fpq,5
luna,fp_unconditional,fpq_474,fpq,5
luna,fp_unconditional,fpq_477,fpq,5
luna,fp_unconditional,fpq_479,fpq,5
luna,fp_unconditional,fpq_48,fpq,1
luna,fp_unconditional,fpq_484,fpq,5
luna,fp_unconditional,fpq_485,fpq,5
luna,fp_unconditional,fpq_487,fpq,5
luna,fp_unconditional,fpq_488,fpq,4
luna,fp_unconditional,fpq_49,fpq,1
luna,fp_unconditional,fpq_492,fpq,4
luna,fp_unconditional,fpq_493,fpq,4
luna,fp_unconditional,fpq_494,fpq,4
luna,fp_unconditional,fpq_495,fpq,5
luna,fp_unconditional,fpq_497,fpq,5
luna,fp_unconditional,fpq_499,fpq,4
luna,fp_unconditional,fpq_5,fpq,1
luna,fp_unconditional,fpq_50,fpq,1
luna,fp_unconditional,fpq_500,fpq,5
luna,fp_unconditional,fpq_501,fpq,5
luna,fp_unconditional,fpq_502,fpq,5
luna,fp_unconditional,fpq_505,fpq,1
luna,fp_unconditional,fpq_506,fpq,5
luna,fp_unconditional,fpq_507,fpq,5
luna,fp_unconditional,fpq_51,fpq,5
luna,fp_unconditional,fpq_512,fpq,5
luna,fp_unconditional,fpq_514,fpq,1
luna,fp_unconditional,fpq_516,fpq,4
luna,fp_unconditional,fpq_517,fpq,5
luna,fp_unconditional,fpq_52,fpq,4
luna,fp_unconditional,fpq_521,fpq,5
luna,fp_unconditional,fpq_522,fpq,5
luna,fp_unconditional,fpq_524,fpq,4
luna,fp_unconditional,fpq_525,fpq,5
luna,fp_unconditional,fpq_53,fpq,5
luna,fp_unconditional,fpq_530,fpq,5
luna,fp_unconditional,fpq_531,fpq,5
luna,fp_unconditional,fpq_534,fpq,5
luna,fp_unconditional,fpq_535,fpq,5
luna,fp_unconditional,fpq_54,fpq,5
luna,fp_unconditional,fpq_542,fpq,4
luna,fp_unconditional,fpq_543,fpq,5
luna,fp_unconditional,fpq_546,fpq,4
luna,fp_unconditional,fpq_547,fpq,2
luna,fp_unconditional,fpq_549,fpq,5
luna,fp_unconditional,fpq_55,fpq,4
luna,fp_unconditional,fpq_550,fpq,5
luna,fp_unconditional,fpq_552,fpq,2
luna,fp_unconditional,fpq_556,fpq,5
luna,fp_unconditional,fpq_557,fpq,5
luna,fp_unconditional,fpq_558,fpq,5
luna,fp_unconditional,fpq_559,fpq,5
luna,fp_unconditional,fpq_56,fpq,5
luna,fp_unconditional,fpq_560,fpq,5
luna,fp_unconditional,fpq_563,fpq,5
luna,fp_unconditional,fpq_564,fpq,2
luna,fp_unconditional,fpq_565,fpq,5
luna,fp_unconditional,fpq_566,fpq,5
luna,fp_unconditional,fpq_57,fpq,5
luna,fp_unconditional,fpq_570,fpq,5
luna,fp_unconditional,fpq_572,fpq,4
luna,fp_unconditional,fpq_574,fpq,5
luna,fp_unconditional,fpq_58,fpq,5
luna,fp_unconditional,fpq_580,fpq,5
luna,fp_unconditional,fpq_583,fpq,5
luna,fp_unconditional,fpq_584,fpq,5
luna,fp_unconditional,fpq_586,fpq,1
luna,fp_unconditional,fpq_59,fpq,5
luna,fp_unconditional,fpq_593,fpq,4
luna,fp_unconditional,fpq_595,fpq,5
luna,fp_unconditional,fpq_596,fpq,5
luna,fp_unconditional,fpq_598,fpq,5
luna,fp_unconditional,fpq_6,fpq,5
luna,fp_unconditional,fpq_60,fpq,5
luna,fp_unconditional,fpq_600,fpq,2
luna,fp_unconditional,fpq_601,fpq,5
luna,fp_unconditional,fpq_603,fpq,5
luna,fp_unconditional,fpq_604,fpq,4
luna,fp_unconditional,fpq_606,fpq,5
luna,fp_unconditional,fpq_607,fpq,5
luna,fp_unconditional,fpq_608,fpq,5
luna,fp_unconditional,fpq_609,fpq,2
luna,fp_unconditional,fpq_61,fpq,5
luna,fp_unconditional,fpq_610,fpq,5
luna,fp_unconditional,fpq_611,fpq,5
luna,fp_unconditional,fpq_612,fpq,5
luna,fp_unconditional,fpq_613,fpq,5
luna,fp_unconditional,fpq_614,fpq,5
luna,fp_unconditional,fpq_615,fpq,5
luna,fp_unconditional,fpq_616,fpq,5
luna,fp_unconditional,fpq_617,fpq,5
luna,fp_unconditional,fpq_618,fpq,4
luna,fp_unconditional,fpq_619,fpq,5
luna,fp_unconditional,fpq_62,fpq,5
luna,fp_unconditional,fpq_620,fpq,1
luna,fp_unconditional,fpq_621,fpq,5
luna,fp_unconditional,fpq_622,fpq,5
luna,fp_unconditional,fpq_623,fpq,5
luna,fp_unconditional,fpq_624,fpq,5
luna,fp_unconditional,fpq_625,fpq,5
luna,fp_unconditional,fpq_626,fpq,4
luna,fp_unconditional,fpq_628,fpq,4
luna,fp_unconditional,fpq_629,fpq,5
luna,fp_unconditional,fpq_63,fpq,5
luna,fp_unconditional,fpq_630,fpq,5
luna,fp_unconditional,fpq_631,fpq,5
luna,fp_unconditional,fpq_632,fpq,5
luna,fp_unconditional,fpq_633,fpq,5
luna,fp_unconditional,fpq_634,fpq,5
luna,fp_unconditional,fpq_635,fpq,1
luna,fp_unconditional,fpq_636,fpq,5
luna,fp_unconditional,fpq_638,fpq,5
luna,fp_unconditional,fpq_639,fpq,5
luna,fp_unconditional,fpq_64,fpq,5
luna,fp_unconditional,fpq_640,fpq,3
luna,fp_unconditional,fpq_641,fpq,2
luna,fp_unconditional,fpq_643,fpq,5
luna,fp_unconditional,fpq_644,fpq,5
luna,fp_unconditional,fpq_645,fpq,5
luna,fp_unconditional,fpq_646,fpq,2
luna,fp_unconditional,fpq_647,fpq,4
luna,fp_unconditional,fpq_649,fpq,1
luna,fp_unconditional,fpq_65,fpq,2
luna,fp_unconditional,fpq_650,fpq,5
luna,fp_unconditional,fpq_652,fpq,5
luna,fp_unconditional,fpq_653,fpq,4
luna,fp_unconditional,fpq_654,fpq,1
luna,fp_unconditional,fpq_655,fpq,5
luna,fp_unconditional,fpq_657,fpq,5
luna,fp_unconditional,fpq_659,fpq,4
luna,fp_unconditional,fpq_66,fpq,2
luna,fp_unconditional,fpq_661,fpq,4
luna,fp_unconditional,fpq_662,fpq,1
luna,fp_unconditional,fpq_663,fpq,1
luna,fp_unconditional,fpq_666,fpq,5
luna,fp_unconditional,fpq_669,fpq,2
luna,fp_unconditional,fpq_67,fpq,5
luna,fp_unconditional,fpq_671,fpq,5
luna,fp_unconditional,fpq_675,fpq,5
luna,fp_unconditional,fpq_676,fpq,2
luna,fp_unconditional,fpq_677,fpq,4
luna,fp_unconditional,fpq_678,fpq,5
luna,fp_unconditional,fpq_68,fpq,5
luna,fp_unconditional,fpq_682,fpq,2
luna,fp_unconditional,fpq_685,fpq,4
luna,fp_unconditional,fpq_687,fpq,1
luna,fp_unconditional,fpq_689,fpq,5
luna,fp_unconditional,fpq_69,fpq,5
luna,fp_unconditional,fpq_690,fpq,5
luna,fp_unconditional,fpq_691,fpq,5
luna,fp_unconditional,fpq_692,fpq,4
luna,fp_unconditional,fpq_694,fpq,5
luna,fp_unconditional,fpq_695,fpq,5
luna,fp_unconditional,fpq_696,fpq,5
luna,fp_unconditional,fpq_697,fpq,5
luna,fp_unconditional,fpq_699,fpq,5
luna,fp_unconditional,fpq_7,fpq,5
luna,fp_unconditional,fpq_70,fpq,5
luna,fp_unconditional,fpq_702,fpq,5
luna,fp_unconditional,fpq_703,fpq,5
luna,fp_unconditional,fpq_704,fpq,5
luna,fp_unconditional,fpq_705,fpq,5
luna,fp_unconditional,fpq_706,fpq,5
luna,fp_unconditional,fpq_71,fpq,5
luna,fp_unconditional,fpq_712,fpq,5
luna,fp_unconditional,fpq_713,fpq,2
luna,fp_unconditional,fpq_72,fpq,2
luna,fp_unconditional,fpq_721,fpq,5
luna,fp_unconditional,fpq_722,fpq,5
luna,fp_unconditional,fpq_723,fpq,5
luna,fp_unconditional,fpq_724,fpq,4
luna,fp_unconditional,fpq_725,fpq,4
luna,fp_unconditional,fpq_726,fpq,5
luna,fp_unconditional,fpq_727,fpq,5
luna,fp_unconditional,fpq_728,fpq,5
luna,fp_unconditional,fpq_729,fpq,2
luna,fp_unconditional,fpq_73,fpq,2
luna,fp_unconditional,fpq_730,fpq,4
luna,fp_unconditional,fpq_735,fpq,5
luna,fp_unconditional,fpq_736,fpq,5
luna,fp_unconditional,fpq_738,fpq,4
luna,fp_unconditional,fpq_739,fpq,5
luna,fp_unconditional,fpq_74,fpq,4
luna,fp_unconditional,fpq_740,fpq,5
luna,fp_unconditional,fpq_741,fpq,5
luna,fp_unconditional,fpq_743,fpq,5
luna,fp_unconditional,fpq_744,fpq,5
luna,fp_unconditional,fpq_745,fpq,5
luna,fp_unconditional,fpq_746,fpq,5
luna,fp_unconditional,fpq_747,fpq,5
luna,fp_unconditional,fpq_749,fpq,5
luna,fp_unconditional,fpq_75,fpq,5
luna,fp_unconditional,fpq_750,fpq,4
luna,fp_unconditional,fpq_751,fpq,5
luna,fp_unconditional,fpq_753,fpq,5
luna,fp_unconditional,fpq_754,fpq,5
luna,fp_unconditional,fpq_755,fpq,5
luna,fp_unconditional,fpq_76,fpq,5
luna,fp_unconditional,fpq_761,fpq,5
luna,fp_unconditional,fpq_762,fpq,5
luna,fp_unconditional,fpq_763,fpq,5
luna,fp_unconditional,fpq_764,fpq,4
luna,fp_unconditional,fpq_77,fpq,5
luna,fp_unconditional,fpq_771,fpq,5
luna,fp_unconditional,fpq_772,fpq,5
luna,fp_unconditional,fpq_773,fpq,5
luna,fp_unconditional,fpq_774,fpq,5
luna,fp_unconditional,fpq_775,fpq,5
luna,fp_unconditional,fpq_776,fpq,5
luna,fp_unconditional,fpq_777,fpq,5
luna,fp_unconditional,fpq_778,fpq,2
luna,fp_unconditional,fpq_78,fpq,5
luna,fp_unconditional,fpq_780,fpq,5
luna,fp_unconditional,fpq_781,fpq,5
luna,fp_unconditional,fpq_789,fpq,5
luna,fp_unconditional,fpq_794,fpq,5
luna,fp_unconditional,fpq_797,fpq,4
luna,fp_unconditional,fpq_798,fpq,5
luna,fp_unconditional,fpq_799,fpq,1
luna,fp_unconditional,fpq_8,fpq,5
luna,fp_unconditional,fpq_80,fpq,3
luna,fp_unconditional,fpq_801,fpq,4
luna,fp_unconditional,fpq_802,fpq,5
luna,fp_unconditional,fpq_804,fpq,5
luna,fp_unconditional,fpq_805,fpq,4
luna,fp_unconditional,fpq_806,fpq,3
luna,fp_unconditional,fpq_807,fpq,2
luna,fp_unconditional,fpq_808,fpq,4
luna,fp_unconditional,fpq_81,fpq,5
luna,fp_unconditional,fpq_813,fpq,5
luna,fp_unconditional,fpq_814,fpq,5
luna,fp_unconditional,fpq_817,fpq,5
luna,fp_unconditional,fpq_818,fpq,5
luna,fp_unconditional,fpq_82,fpq,5
luna,fp_unconditional,fpq_820,fpq,5
luna,fp_unconditional,fpq_823,fpq,5
luna,fp_unconditional,fpq_824,fpq,5
luna,fp_unconditional,fpq_827,fpq,2
luna,fp_unconditional,fpq_828,fpq,2
luna,fp_unconditional,fpq_829,fpq,2
luna,fp_unconditional,fpq_830,fpq,4
luna,fp_unconditional,fpq_831,fpq,5
luna,fp_unconditional,fpq_832,fpq,4
luna,fp_unconditional,fpq_833,fpq,5
luna,fp_unconditional,fpq_834,fpq,5
luna,fp_unconditional,fpq_835,fpq,4
luna,fp_unconditional,fpq_836,fpq,5
luna,fp_unconditional,fpq_837,fpq,4
luna,fp_unconditional,fpq_838,fpq,5
luna,fp_unconditional,fpq_839,fpq,5
luna,fp_unconditional,fpq_84,fpq,5
luna,fp_unconditional,fpq_840,fpq,5
luna,fp_unconditional,fpq_844,fpq,5
luna,fp_unconditional,fpq_846,fpq,4
luna,fp_unconditional,fpq_847,fpq,4
luna,fp_unconditional,fpq_848,fpq,4
luna,fp_unconditional,fpq_849,fpq,5
luna,fp_unconditional,fpq_85,fpq,5
luna,fp_unconditional,fpq_850,fpq,5
luna,fp_unconditional,fpq_851,fpq,5
luna,fp_unconditional,fpq_852,fpq,1
luna,fp_unconditional,fpq_854,fpq,1
luna,fp_unconditional,fpq_855,fpq,4
luna,fp_unconditional,fpq_858,fpq,5
luna,fp_unconditional,fpq_859,fpq,1
luna,fp_unconditional,fpq_860,fpq,1
luna,fp_unconditional,fpq_861,fpq,5
luna,fp_unconditional,fpq_862,fpq,5
luna,fp_unconditional,fpq_863,fpq,5
luna,fp_unconditional,fpq_864,fpq,5
luna,fp_unconditional,fpq_865,fpq,4
luna,fp_unconditional,fpq_866,fpq,5
luna,fp_unconditional,fpq_869,fpq,5
luna,fp_unconditional,fpq_87,fpq,4
luna,fp_unconditional,fpq_870,fpq,5
luna,fp_unconditional,fpq_871,fpq,5
luna,fp_unconditional,fpq_872,fpq,4
luna,fp_unconditional,fpq_88,fpq,5
luna,fp_unconditional,fpq_89,fpq,5
luna,fp_unconditional,fpq_9,fpq,5
luna,fp_unconditional,fpq_90,fpq,5
luna,fp_unconditional,fpq_91,fpq,5
luna,fp_unconditional,fpq_92,fpq,5
luna,fp_unconditional,fpq_94,fpq,5
luna,fp_unconditional,fpq_95,fpq,5
luna,fp_unconditional,fpq_96,fpq,1
luna,fp_unconditional,fpq_97,fpq,5
luna,fp_unconditional,fpq_98,fpq,4
luna,fp_unconditional,fpq_99,fpq,5
luna,fp_unconditional,nfp_1000,nfp,1
luna,fp_unconditional,nfp_1001,nfp,2
luna,fp_unconditional,nfp_1002,nfp,2
luna,fp_unconditional,nfp_1003,nfp,3
luna,fp_unconditional,nfp_1004,nfp,2
luna,fp_unconditional,nfp_1005,nfp,2
luna,fp_unconditional,nfp_1006,nfp,2
luna,fp_unconditional,nfp_1008,nfp,2
luna,fp_unconditional,nfp_1009,nfp,2
luna,fp_unconditional,nfp_1010,nfp,2
luna,fp_unconditional,nfp_1011,nfp,2
luna,fp_unconditional,nfp_1012,nfp,2
luna,fp_unconditional,nfp_1013,nfp,3
luna,fp_unconditional,nfp_1014,nfp,2
luna,fp_unconditional,nfp_1015,nfp,2
luna,fp_unconditional,nfp_1016,nfp,2
luna,fp_unconditional,nfp_1017,nfp,2
luna,fp_unconditional,nfp_1018,nfp,4
luna,fp_unconditional,nfp_1019,nfp,1
luna,fp_unconditional,nfp_1020,nfp,2
luna,fp_unconditional,nfp_1021,nfp,2
luna,fp_unconditional,nfp_1022,nfp,2
luna,fp_unconditional,nfp_1023,nfp,2
luna,fp_unconditional,nfp_1024,nfp,2
luna,fp_unconditional,nfp_1025,nfp,4
luna,fp_unconditional,nfp_1026,nfp,2
luna,fp_unconditional,nfp_1027,nfp,4
luna,fp_unconditional,nfp_1028,nfp,3
luna,fp_unconditional,nfp_1029,nfp,2
luna,fp_unconditional,nfp_1030,nfp,2
luna,fp_unconditional,nfp_1031,nfp,2
luna,fp_unconditional,nfp_1032,nfp,5
luna,fp_unconditional,nfp_1033,nfp,4
luna,fp_unconditional,nfp_1034,nfp,2
luna,fp_unconditional,nfp_1035,nfp,4
luna,fp_unconditional,nfp_1036,nfp,2
luna,fp_unconditional,nfp_1037,nfp,2
luna,fp_unconditional,nfp_1038,nfp,4
luna,fp_unconditional,nfp_1039,nfp,4
luna,fp_unconditional,nfp_1040,nfp,5
luna,fp_unconditional,nfp_1041,nfp,1
luna,fp_unconditional,nfp_1042,nfp,2
luna,fp_unconditional,nfp_1043,nfp,2
luna,fp_unconditional,nfp_1044,nfp,4
luna,fp_unconditional,nfp_1045,nfp,2
luna,fp_unconditional,nfp_1046,nfp,4
luna,fp_unconditional,nfp_1047,nfp,2
luna,fp_unconditional,nfp_1048,nfp,1
luna,fp_unconditional,nfp_1049,nfp,4
luna,fp_unconditional,nfp_1050,nfp,2
luna,fp_unconditional,nfp_1051,nfp,2
luna,fp_unconditional,nfp_1052,nfp,1
luna,fp_unconditional,nfp_1053,nfp,2
luna,fp_unconditional,nfp_1054,nfp,2
luna,fp_unconditional,nfp_1055,nfp,1
luna,fp_unconditional,nfp_1056,nfp,1
luna,fp_unconditional,nfp_1057,nfp,2
luna,fp_unconditional,nfp_1058,nfp,1
luna,fp_unconditional,nfp_1059,nfp,2
luna,fp_unconditional,nfp_1060,nfp,3
luna,fp_unconditional,nfp_1061,nfp,1
luna,fp_unconditional,nfp_1062,nfp,2
luna,fp_unconditional,nfp_1063,nfp,2
luna,fp_unconditional,nfp_1064,nfp,1
luna,fp_unconditional,nfp_1065,nfp,2
luna,fp_unconditional,nfp_1066,nfp,2
luna,fp_unconditional,nfp_1067,nfp,2
luna,fp_unconditional,nfp_1068,nfp,4
luna,fp_unconditional,nfp_1069,nfp,2
luna,fp_unconditional,nfp_1070,nfp,2
luna,fp_unconditional,nfp_1071,nfp,2
luna,fp_unconditional,nfp_1072,nfp,2
luna,fp_unconditional,nfp_1073,nfp,4
luna,fp_unconditional,nfp_1074,nfp,2
luna,fp_unconditional,nfp_1075,nfp,4
luna,fp_unconditional,nfp_1076,nfp,2
luna,fp_unconditional,nfp_1077,nfp,2
luna,fp_unconditional,nfp_1078,nfp,2
luna,fp_unconditional,nfp_1079,nfp,4
luna,fp_unconditional,nfp_1080,nfp,2
luna,fp_unconditional,nfp_1081,nfp,2
luna,fp_unconditional,nfp_1082,nfp,2
luna,fp_unconditional,nfp_1083,nfp,3
luna,fp_unconditional,nfp_1084,nfp,2
luna,fp_unconditional,nfp_1085,nfp,2
luna,fp_unconditional,nfp_1086,nfp,2
luna,fp_unconditional,nfp_1087,nfp,2
luna,fp_unconditional,nfp_1088,nfp,2
luna,fp_unconditional,nfp_1089,nfp,1
luna,fp_unconditional,nfp_1090,nfp,1
luna,fp_unconditional,nfp_1091,nfp,2
luna,fp_unconditional,nfp_1092,nfp,4
luna,fp_unconditional,nfp_1093,nfp,2
luna,fp_unconditional,nfp_1094,nfp,2
luna,fp_unconditional,nfp_1095,nfp,3
luna,fp_unconditional,nfp_1096,nfp,2
luna,fp_unconditional,nfp_1097,nfp,2
luna,fp_unconditional,nfp_1098,nfp,2
luna,fp_unconditional,nfp_1099,nfp,2
luna,fp_unconditional,nfp_1100,nfp,2
luna,fp_unconditional,nfp_1101,nfp,2
luna,fp_unconditional,nfp_1102,nfp,2
luna,fp_unconditional,nfp_1103,nfp,4
luna,fp_unconditional,nfp_1104,nfp,2
luna,fp_unconditional,nfp_1105,nfp,2
luna,fp_unconditional,nfp_1106,nfp,4
luna,fp_unconditional,nfp_1107,nfp,1
luna,fp_unconditional,nfp_1108,nfp,4
luna,fp_unconditional,nfp_1109,nfp,2
luna,fp_unconditional,nfp_1110,nfp,4
luna,fp_unconditional,nfp_1111,nfp,2
luna,fp_unconditional,nfp_1112,nfp,2
luna,fp_unconditional,nfp_1113,nfp,2
luna,fp_unconditional,nfp_1114,nfp,3
luna,fp_unconditional,nfp_1115,nfp,4
luna,fp_unconditional,nfp_1116,nfp,2
luna,fp_unconditional,nfp_1117,nfp,2
luna,fp_unconditional,nfp_1118,nfp,4
luna,fp_unconditional,nfp_1119,nfp,4
luna,fp_unconditional,nfp_1120,nfp,3
luna,fp_unconditional,nfp_1121,nfp,2
luna,fp_unconditional,nfp_1122,nfp,2
luna,fp_unconditional,nfp_1123,nfp,2
luna,fp_unconditional,nfp_1124,nfp,2
luna,fp_unconditional,nfp_1125,nfp,2
luna,fp_unconditional,nfp_1126,nfp,2
luna,fp_unconditional,nfp_1127,nfp,2
luna,fp_unconditional,nfp_1128,nfp,2
luna,fp_unconditional,nfp_1129,nfp,2
luna,fp_unconditional,nfp_1130,nfp,1
luna,fp_unconditional,nfp_1131,nfp,2
luna,fp_unconditional,nfp_1132,nfp,2
luna,fp_unconditional,nfp_1133,nfp,1
luna,fp_unconditional,nfp_1134,nfp,2
luna,fp_unconditional,nfp_1135,nfp,1
luna,fp_unconditional,nfp_1136,nfp,2
luna,fp_unconditional,nfp_1137,nfp,2
luna,fp_unconditional,nfp_1138,nfp,2
luna,fp_unconditional,nfp_1139,nfp,2
luna,fp_unconditional,nfp_1140,nfp,1
luna,fp_unconditional,nfp_1141,nfp,2
luna,fp_unconditional,nfp_1142,nfp,2
luna,fp_unconditional,nfp_1143,nfp,2
luna,fp_unconditional,nfp_1144,nfp,4
luna,fp_unconditional,nfp_1145,nfp,5
luna,fp_unconditional,nfp_1146,nfp,2
luna,fp_unconditional,nfp_1147,nfp,2
luna,fp_unconditional,nfp_1148,nfp,2
luna,fp_unconditional,nfp_1149,nfp,2
luna,plain,fpq_0,fpq,5
luna,plain,fpq_10,fpq,4
luna,plain,fpq_100,fpq,1
luna,plain,fpq_101,fpq,1
luna,plain,fpq_102,fpq,5
luna,plain,fpq_103,fpq,4
luna,plain,fpq_105,fpq,1
luna,plain,fpq_106,fpq,1
luna,plain,fpq_107,fpq,5
luna,plain,fpq_108,fpq,1
luna,plain,fpq_109,fpq,3
luna,plain,fpq_11,fpq,4
luna,plain,fpq_110,fpq,1
luna,plain,fpq_111,fpq,5
luna,plain,fpq_112,fpq,1
luna,plain,fpq_113,fpq,1
luna,plain,fpq_114,fpq,4
luna,plain,fpq_115,fpq,1
luna,plain,fpq_116,fpq,5
luna,plain,fpq_12,fpq,5
luna,plain,fpq_120,fpq,1
luna,plain,fpq_121,fpq,5
luna,plain,fpq_122,fpq,5
luna,plain,fpq_123,fpq,1
luna,plain,fpq_124,fpq,2
luna,plain,fpq_125,fpq,2
luna,plain,fpq_126,fpq,4
luna,plain,fpq_127,fpq,1
luna,plain,fpq_128,fpq,1
luna,plain,fpq_129,fpq,5
luna,plain,fpq_13,fpq,1
luna,plain,fpq_130,fpq,1
luna,plain,fpq_131,fpq,2
luna,plain,fpq_133,fpq,2
luna,plain,fpq_134,fpq,1
luna,plain,fpq_135,fpq,1
luna,plain,fpq_136,fpq,5
luna,plain,fpq_137,fpq,1
luna,plain,fpq_138,fpq,1
luna,plain,fpq_139,fpq,1
luna,plain,fpq_14,fpq,1
luna,plain,fpq_140,fpq,2
luna,plain,fpq_141,fpq,2
luna,plain,fpq_142,fpq,5
luna,plain,fpq_143,fpq,1
luna,plain,fpq_144,fpq,5
luna,plain,fpq_145,fpq,4
luna,plain,fpq_146,fpq,4
luna,plain,fpq_147,fpq,5
luna,plain,fpq_148,fpq,5
luna,plain,fpq_149,fpq,5
luna,plain,fpq_15,fpq,2
luna,plain,fpq_152,fpq,1
luna,plain,fpq_153,fpq,1
luna,plain,fpq_155,fpq,1
luna,plain,fpq_156,fpq,4
luna,plain,fpq_157,fpq,4
luna,plain,fpq_158,fpq,4
luna,plain,fpq_159,fpq,1
luna,plain,fpq_16,fpq,4
luna,plain,fpq_160,fpq,1
luna,plain,fpq_163,fpq,1
luna,plain,fpq_164,fpq,1
luna,plain,fpq_165,fpq,1
luna,plain,fpq_166,fpq,2
luna,plain,fpq_167,fpq,1
luna,plain,fpq_168,fpq,5
luna,plain,fpq_169,fpq,2
luna,plain,fpq_17,fpq,5
luna,plain,fpq_170,fpq,2
luna,plain,fpq_173,fpq,1
luna,plain,fpq_174,fpq,5
luna,plain,fpq_175,fpq,5
luna,plain,fpq_176,fpq,2
luna,plain,fpq_177,fpq,1
luna,plain,fpq_178,fpq,4
luna,plain,fpq_179,fpq,1
luna,plain,fpq_18,fpq,2
luna,plain,fpq_180,fpq,1
luna,plain,fpq_181,fpq,2
luna,plain,fpq_182,fpq,5
luna,plain,fpq_184,fpq,1
luna,plain,fpq_185,fpq,2
luna,plain,fpq_186,fpq,5
luna,plain,fpq_188,fpq,4
luna,plain,fpq_189,fpq,5
luna,plain,fpq_19,fpq,4
luna,plain,fpq_190,fpq,1
luna,plain,fpq_191,fpq,1
luna,plain,fpq_192,fpq,1
luna,plain,fpq_193,fpq,4
luna,plain,fpq_194,fpq,2
luna,plain,fpq_195,fpq,2
luna,plain,fpq_196,fpq,4
luna,plain,fpq_197,fpq,5
luna,plain,fpq_198,fpq,5
luna,plain,fpq_2,fpq,4
luna,plain,fpq_20,fpq,5
luna,plain,fpq_200,fpq,5
luna,plain,fpq_201,fpq,4
luna,plain,fpq_202,fpq,1
luna,plain,fpq_204,fpq,1
luna,plain,fpq_205,fpq,1
luna,plain,fpq_206,fpq,5
luna,plain,fpq_207,fpq,2
luna,plain,fpq_208,fpq,2
luna,plain,fpq_21,fpq,1
luna,plain,fpq_216,fpq,1
luna,plain,fpq_217,fpq,1
luna,plain,fpq_218,fpq,1
luna,plain,fpq_219,fpq,1
luna,plain,fpq_22,fpq,5
luna,plain,fpq_220,fpq,1
luna,plain,fpq_221,fpq,1
luna,plain,fpq_222,fpq,5
luna,plain,fpq_223,fpq,5
luna,plain,fpq_224,fpq,1
luna,plain,fpq_225,fpq,3
luna,plain,fpq_226,fpq,2
luna,plain,fpq_227,fpq,1
luna,plain,fpq_228,fpq,2
luna,plain,fpq_229,fpq,1
luna,plain,fpq_23,fpq,1
luna,plain,fpq_230,fpq,1
luna,plain,fpq_231,fpq,1
luna,plain,fpq_232,fpq,2
luna,plain,fpq_233,fpq,1
luna,plain,fpq_234,fpq,4
luna,plain,fpq_236,fpq,1
luna,plain,fpq_237,fpq,2
luna,plain,fpq_238,fpq,5
luna,plain,fpq_239,fpq,4
luna,plain,fpq_24,fpq,5
luna,plain,fpq_240,fpq,5
luna,plain,fpq_241,fpq,1
luna,plain,fpq_244,fpq,5
luna,plain,fpq_245,fpq,1
luna,plain,fpq_246,fpq,4
luna,plain,fpq_247,fpq,5
luna,plain,fpq_248,fpq,5
luna,plain,fpq_249,fpq,5
luna,plain,fpq_25,fpq,3
luna,plain,fpq_250,fpq,1
luna,plain,fpq_251,fpq,1
luna,plain,fpq_252,fpq,5
luna,plain,fpq_253,fpq,1
luna,plain,fpq_254,fpq,4
luna,plain,fpq_255,fpq,1
luna,plain,fpq_256,fpq,1
luna,plain,fpq_257,fpq,1
luna,plain,fpq_258,fpq,5
luna,plain,fpq_259,fpq,1
luna,plain,fpq_26,fpq,1
luna,plain,fpq_260,fpq,1
luna,plain,fpq_261,fpq,5
luna,plain,fpq_262,fpq,2
luna,plain,fpq_263,fpq,5
luna,plain,fpq_264,fpq,2
luna,plain,fpq_265,fpq,1
luna,plain,fpq_266,fpq,5
luna,plain,fpq_267,fpq,1
luna,plain,fpq_268,fpq,4
luna,plain,fpq_269,fpq,1
luna,plain,fpq_27,fpq,4
luna,plain,fpq_270,fpq,1
luna,plain,fpq_271,fpq,4
luna,plain,fpq_272,fpq,5
luna,plain,fpq_273,fpq,5
luna,plain,fpq_274,fpq,2
luna,plain,fpq_275,fpq,4
luna,plain,fpq_276,fpq,1
luna,plain,fpq_277,fpq,4
luna,plain,fpq_278,fpq,1
luna,plain,fpq_279,fpq,2
luna,plain,fpq_28,fpq,4
luna,plain,fpq_283,fpq,1
luna,plain,fpq_285,fpq,1
luna,plain,fpq_286,fpq,2
luna,plain,fpq_287,fpq,5
luna,plain,fpq_288,fpq,2
luna,plain,fpq_289,fpq,3
luna,plain,fpq_29,fpq,5
luna,plain,fpq_290,fpq,1
luna,plain,fpq_291,fpq,4
luna,plain,fpq_292,fpq,1
luna,plain,fpq_293,fpq,5
luna,plain,fpq_294,fpq,4
luna,plain,fpq_295,fpq,2
luna,plain,fpq_296,fpq,1
luna,plain,fpq_297,fpq,3
luna,plain,fpq_3,fpq,4
luna,plain,fpq_30,fpq,4
luna,plain,fpq_302,fpq,1
luna,plain,fpq_303,fpq,2
luna,plain,fpq_304,fpq,1
luna,plain,fpq_305,fpq,1
luna,plain,fpq_306,fpq,1
luna,plain,fpq_307,fpq,2
luna,plain,fpq_308,fpq,3
luna,plain,fpq_309,fpq,1
luna,plain,fpq_31,fpq,4
luna,plain,fpq_311,fpq,5
luna,plain,fpq_312,fpq,2
luna,plain,fpq_313,fpq,1
luna,plain,fpq_314,fpq,4
luna,plain,fpq_315,fpq,2
luna,plain,fpq_316,fpq,5
luna,plain,fpq_317,fpq,1
luna,plain,fpq_318,fpq,2
luna,plain,fpq_319,fpq,1
luna,plain,fpq_32,fpq,1
luna,plain,fpq_320,fpq,4
luna,plain,fpq_321,fpq,1
luna,plain,fpq_325,fpq,1
luna,plain,fpq_326,fpq,1
luna,plain,fpq_327,fpq,2
luna,plain,fpq_33,fpq,3
luna,plain,fpq_336,fpq,1
luna,plain,fpq_34,fpq,1
luna,plain,fpq_342,fpq,1
luna,plain,fpq_343,fpq,5
luna,plain,fpq_344,fpq,1
luna,plain,fpq_348,fpq,5
luna,plain,fpq_35,fpq,1
luna,plain,fpq_350,fpq,4
luna,plain,fpq_353,fpq,4
luna,plain,fpq_354,fpq,2
luna,plain,fpq_357,fpq,3
luna,plain,fpq_358,fpq,4
luna,plain,fpq_359,fpq,5
luna,plain,fpq_36,fpq,1
luna,plain,fpq_361,fpq,2
luna,plain,fpq_362,fpq,1
luna,plain,fpq_366,fpq,1
luna,plain,fpq_368,fpq,1
luna,plain,fpq_37,fpq,5
luna,plain,fpq_376,fpq,4
luna,plain,fpq_378,fpq,4
luna,plain,fpq_379,fpq,5
luna,plain,fpq_38,fpq,5
luna,plain,fpq_380,fpq,1
luna,plain,fpq_383,fpq,2
luna,plain,fpq_385,fpq,1
luna,plain,fpq_386,fpq,1
luna,plain,fpq_387,fpq,5
luna,plain,fpq_388,fpq,4
luna,plain,fpq_389,fpq,5
luna,plain,fpq_39,fpq,4
luna,plain,fpq_390,fpq,2
luna,plain,fpq_391,fpq,4
luna,plain,fpq_392,fpq,5
luna,plain,fpq_394,fpq,2
luna,plain,fpq_395,fpq,5
luna,plain,fpq_396,fpq,1
luna,plain,fpq_397,fpq,1
luna,plain,fpq_398,fpq,5
luna,plain,fpq_399,fpq,5
luna,plain,fpq_4,fpq,2
luna,plain,fpq_40,fpq,5
luna,plain,fpq_400,fpq,2
luna,plain,fpq_403,fpq,4
luna,plain,fpq_405,fpq,4
luna,plain,fpq_407,fpq,5
luna,plain,fpq_408,fpq,1
luna,plain,fpq_41,fpq,1
luna,plain,fpq_415,fpq,4
luna,plain,fpq_416,fpq,1
luna,plain,fpq_417,fpq,1
luna,plain,fpq_42,fpq,2
luna,plain,fpq_420,fpq,1
luna,plain,fpq_421,fpq,2
luna,plain,fpq_422,fpq,3
luna,plain,fpq_423,fpq,5
luna,plain,fpq_425,fpq,5
luna,plain,fpq_426,fpq,5
luna,plain,fpq_428,fpq,5
luna,plain,fpq_429,fpq,5
luna,plain,fpq_43,fpq,2
luna,plain,fpq_434,fpq,5
luna,plain,fpq_436,fpq,4
luna,plain,fpq_438,fpq,1
luna,plain,fpq_439,fpq,4
luna,plain,fpq_44,fpq,4
luna,plain,fpq_443,fpq,5
luna,plain,fpq_445,fpq,5
luna,plain,fpq_446,fpq,5
luna,plain,fpq_45,fpq,5
luna,plain,fpq_459,fpq,4
luna,plain,fpq_46,fpq,5
luna,plain,fpq_460,fpq,1
luna,plain,fpq_462,fpq,4
luna,plain,fpq_467,fpq,3
luna,plain,fpq_47,fpq,5
luna,plain,fpq_472,fpq,1
luna,plain,fpq_473,fpq,2
luna,plain,fpq_474,fpq,1
luna,plain,fpq_477,fpq,4
luna,plain,fpq_479,fpq,4
luna,plain,fpq_48,fpq,1
luna,plain,fpq_484,fpq,5
luna,plain,fpq_485,fpq,4
luna,plain,fpq_487,fpq,5
luna,plain,fpq_488,fpq,2
luna,plain,fpq_49,fpq,2
luna,plain,fpq_492,fpq,1
luna,plain,fpq_493,fpq,2
luna,plain,fpq_494,fpq,2
luna,plain,fpq_495,fpq,4
luna,plain,fpq_497,fpq,4
luna,plain,fpq_499,fpq,2
luna,plain,fpq_5,fpq,1
luna,plain,fpq_50,fpq,1
luna,plain,fpq_500,fpq,5
luna,plain,fpq_501,fpq,4
luna,plain,fpq_502,fpq,4
luna,plain,fpq_505,fpq,1
luna,plain,fpq_506,fpq,5
luna,plain,fpq_507,fpq,5
luna,plain,fpq_51,fpq,5
luna,plain,fpq_512,fpq,5
luna,plain,fpq_514,fpq,1
luna,plain,fpq_516,fpq,4
luna,plain,fpq_517,fpq,1
luna,plain,fpq_52,fpq,1
luna,plain,fpq_521,fpq,4
luna,plain,fpq_522,fpq,2
luna,plain,fpq_524,fpq,5
luna,plain,fpq_525,fpq,4
luna,plain,fpq_53,fpq,4
luna,plain,fpq_530,fpq,5
luna,plain,fpq_531,fpq,5
luna,plain,fpq_534,fpq,5
luna,plain,fpq_535,fpq,5
luna,plain,fpq_54,fpq,4
luna,plain,fpq_542,fpq,1
luna,plain,fpq_543,fpq,1
luna,plain,fpq_546,fpq,2
luna,plain,fpq_547,fpq,2
luna,plain,fpq_549,fpq,2
luna,plain,fpq_55,fpq,1
luna,plain,fpq_550,fpq,5
luna,plain,fpq_552,fpq,1
luna,plain,fpq_556,fpq,4
luna,plain,fpq_557,fpq,2
luna,plain,fpq_558,fpq,5
luna,plain,fpq_559,fpq,3
luna,plain,fpq_56,fpq,5
luna,plain,fpq_560,fpq,5
luna,plain,fpq_563,fpq,5
luna,plain,fpq_564,fpq,1
luna,plain,fpq_565,fpq,5
luna,plain,fpq_566,fpq,5
luna,plain,fpq_57,fpq,5
luna,plain,fpq_570,fpq,2
luna,plain,fpq_572,fpq,2
luna,plain,fpq_574,fpq,4
luna,plain,fpq_58,fpq,2
luna,plain,fpq_580,fpq,5
luna,plain,fpq_583,fpq,1
luna,plain,fpq_584,fpq,5
luna,plain,fpq_586,fpq,1
luna,plain,fpq_59,fpq,1
luna,plain,fpq_593,fpq,1
luna,plain,fpq_595,fpq,5
luna,plain,fpq_596,fpq,2
luna,plain,fpq_598,fpq,4
luna,plain,fpq_6,fpq,4
luna,plain,fpq_60,fpq,2
luna,plain,fpq_600,fpq,1
luna,plain,fpq_601,fpq,2
luna,plain,fpq_603,fpq,4
luna,plain,fpq_604,fpq,2
luna,plain,fpq_606,fpq,2
luna,plain,fpq_607,fpq,4
luna,plain,fpq_608,fpq,5
luna,plain,fpq_609,fpq,1
luna,plain,fpq_61,fpq,2
luna,plain,fpq_610,fpq,1
luna,plain,fpq_611,fpq,5
luna,plain,fpq_612,fpq,1
luna,plain,fpq_613,fpq,2
luna,plain,fpq_614,fpq,4
luna,plain,fpq_615,fpq,5
luna,plain,fpq_616,fpq,3
luna,plain,fpq_617,fpq,4
luna,plain,fpq_618,fpq,1
luna,plain,fpq_619,fpq,4
luna,plain,fpq_62,fpq,5
luna,plain,fpq_620,fpq,1
luna,plain,fpq_621,fpq,1
luna,plain,fpq_622,fpq,4
luna,plain,fpq_623,fpq,5
luna,plain,fpq_624,fpq,5
luna,plain,fpq_625,fpq,4
luna,plain,fpq_626,fpq,4
luna,plain,fpq_628,fpq,4
luna,plain,fpq_629,fpq,4
luna,plain,fpq_63,fpq,5
luna,plain,fpq_630,fpq,5
luna,plain,fpq_631,fpq,5
luna,plain,fpq_632,fpq,5
luna,plain,fpq_633,fpq,1
luna,plain,fpq_634,fpq,2
luna,plain,fpq_635,fpq,1
luna,plain,fpq_636,fpq,4
luna,plain,fpq_638,fpq,4
luna,plain,fpq_639,fpq,1
luna,plain,fpq_64,fpq,5
luna,plain,fpq_640,fpq,1
luna,plain,fpq_641,fpq,1
luna,plain,fpq_643,fpq,4
luna,plain,fpq_644,fpq,1
luna,plain,fpq_645,fpq,5
luna,plain,fpq_646,fpq,1
luna,plain,fpq_647,fpq,1
luna,plain,fpq_649,fpq,1
luna,plain,fpq_65,fpq,1
luna,plain,fpq_650,fpq,2
luna,plain,fpq_652,fpq,1
luna,plain,fpq_653,fpq,2
luna,plain,fpq_654,fpq,1
luna,plain,fpq_655,fpq,5
luna,plain,fpq_657,fpq,5
luna,plain,fpq_659,fpq,2
luna,plain,fpq_66,fpq,1
luna,plain,fpq_661,fpq,1
luna,plain,fpq_662,fpq,1
luna,plain,fpq_663,fpq,1
luna,plain,fpq_666,fpq,5
luna,plain,fpq_669,fpq,1
luna,plain,fpq_67,fpq,1
luna,plain,fpq_671,fpq,5
luna,plain,fpq_675,fpq,4
luna,plain,fpq_676,fpq,1
luna,plain,fpq_677,fpq,2
luna,plain,fpq_678,fpq,5
luna,plain,fpq_68,fpq,2
luna,plain,fpq_682,fpq,2
luna,plain,fpq_685,fpq,2
luna,plain,fpq_687,fpq,1
luna,plain,fpq_689,fpq,1
luna,plain,fpq_69,fpq,4
luna,plain,fpq_690,fpq,5
luna,plain,fpq_691,fpq,4
luna,plain,fpq_692,fpq,4
luna,plain,fpq_694,fpq,4
luna,plain,fpq_695,fpq,5
luna,plain,fpq_696,fpq,4
luna,plain,fpq_697,fpq,4
luna,plain,fpq_699,fpq,2
luna,plain,fpq_7,fpq,2
luna,plain,fpq_70,fpq,4
luna,plain,fpq_702,fpq,3
luna,plain,fpq_703,fpq,5
luna,plain,fpq_704,fpq,3
luna,plain,fpq_705,fpq,2
luna,plain,fpq_706,fpq,5
luna,plain,fpq_71,fpq,1
luna,plain,fpq_712,fpq,2
luna,plain,fpq_713,fpq,1
luna,plain,fpq_72,fpq,2
luna,plain,fpq_721,fpq,4
luna,plain,fpq_722,fpq,1
luna,plain,fpq_723,fpq,5
luna,plain,fpq_724,fpq,1
luna,plain,fpq_725,fpq,1
luna,plain,fpq_726,fpq,2
luna,plain,fpq_727,fpq,4
luna,plain,fpq_728,fpq,5
luna,plain,fpq_729,fpq,1
luna,plain,fpq_73,fpq,2
luna,plain,fpq_730,fpq,1
luna,plain,fpq_735,fpq,5
luna,plain,fpq_736,fpq,3
luna,plain,fpq_738,fpq,1
luna,plain,fpq_739,fpq,4
luna,plain,fpq_74,fpq,4
luna,plain,fpq_740,fpq,2
luna,plain,fpq_741,fpq,4
luna,plain,fpq_743,fpq,1
luna,plain,fpq_744,fpq,4
luna,plain,fpq_745,fpq,4
luna,plain,fpq_746,fpq,3
luna,plain,fpq_747,fpq,2
luna,plain,fpq_749,fpq,2
luna,plain,fpq_75,fpq,4
luna,plain,fpq_750,fpq,2
luna,plain,fpq_751,fpq,3
luna,plain,fpq_753,fpq,5
luna,plain,fpq_754,fpq,4
luna,plain,fpq_755,fpq,4
luna,plain,fpq_76,fpq,1
luna,plain,fpq_761,fpq,5
luna,plain,fpq_762,fpq,5
luna,plain,fpq_763,fpq,5
luna,plain,fpq_764,fpq,2
luna,plain,fpq_77,fpq,1
luna,plain,fpq_771,fpq,5
luna,plain,fpq_772,fpq,2
luna,plain,fpq_773,fpq,5
luna,plain,fpq_774,fpq,5
luna,plain,fpq_775,fpq,5
luna,plain,fpq_776,fpq,2
luna,plain,fpq_777,fpq,1
luna,plain,fpq_778,fpq,1
luna,plain,fpq_78,fpq,1
luna,plain,fpq_780,fpq,5
luna,plain,fpq_781,fpq,1
luna,plain,fpq_789,fpq,5
luna,plain,fpq_794,fpq,2
luna,plain,fpq_797,fpq,1
luna,plain,fpq_798,fpq,5
luna,plain,fpq_799,fpq,1
luna,plain,fpq_8,fpq,3
luna,plain,fpq_80,fpq,1
luna,plain,fpq_801,fpq,1
luna,plain,fpq_802,fpq,4
luna,plain,fpq_804,fpq,1
luna,plain,fpq_805,fpq,1
luna,plain,fpq_806,fpq,2
luna,plain,fpq_807,fpq,1
luna,plain,fpq_808,fpq,2
luna,plain,fpq_81,fpq,5
luna,plain,fpq_813,fpq,4
luna,plain,fpq_814,fpq,1
luna,plain,fpq_817,fpq,4
luna,plain,fpq_818,fpq,4
luna,plain,fpq_82,fpq,5
luna,plain,fpq_820,fpq,5
luna,plain,fpq_823,fpq,1
luna,plain,fpq_824,fpq,5
luna,plain,fpq_827,fpq,5
luna,plain,fpq_828,fpq,2
luna,plain,fpq_829,fpq,2
luna,plain,fpq_830,fpq,2
luna,plain,fpq_831,fpq,4
luna,plain,fpq_832,fpq,4
luna,plain,fpq_833,fpq,5
luna,plain,fpq_834,fpq,5
luna,plain,fpq_835,fpq,2
luna,plain,fpq_836,fpq,3
luna,plain,fpq_837,fpq,1
luna,plain,fpq_838,fpq,5
luna,plain,fpq_839,fpq,5
luna,plain,fpq_84,fpq,2
luna,plain,fpq_840,fpq,1
luna,plain,fpq_844,fpq,5
luna,plain,fpq_846,fpq,4
luna,plain,fpq_847,fpq,4
luna,plain,fpq_848,fpq,4
luna,plain,fpq_849,fpq,5
luna,plain,fpq_85,fpq,1
luna,plain,fpq_850,fpq,5
luna,plain,fpq_851,fpq,4
luna,plain,fpq_852,fpq,1
luna,plain,fpq_854,fpq,1
luna,plain,fpq_855,fpq,1
luna,plain,fpq_858,fpq,3
luna,plain,fpq_859,fpq,1
luna,plain,fpq_860,fpq,1
luna,plain,fpq_861,fpq,3
luna,plain,fpq_862,fpq,4
luna,plain,fpq_863,fpq,5
luna,plain,fpq_864,fpq,1
luna,plain,fpq_865,fpq,5
luna,plain,fpq_866,fpq,2
luna,plain,fpq_869,fpq,5
luna,plain,fpq_87,fpq,2
luna,plain,fpq_870,fpq,1
luna,plain,fpq_871,fpq,1
luna,plain,fpq_872,fpq,1
luna,plain,fpq_88,fpq,5
luna,plain,fpq_89,fpq,2
luna,plain,fpq_9,fpq,5
luna,plain,fpq_90,fpq,1
luna,plain,fpq_91,fpq,1
luna,plain,fpq_92,fpq,1
luna,plain,fpq_94,fpq,1
luna,plain,fpq_95,fpq,1
luna,plain,fpq_96,fpq,1
luna,plain,fpq_97,fpq,5
luna,plain,fpq_98,fpq,1
luna,plain,fpq_99,fpq,5
luna,plain,nfp_1000,nfp,4
luna,plain,nfp_1001,nfp,2
luna,plain,nfp_1002,nfp,4
luna,plain,nfp_1003,nfp,5
luna,plain,nfp_1004,nfp,5
luna,plain,nfp_1005,nfp,5
luna,plain,nfp_1006,nfp,5
luna,plain,nfp_1008,nfp,5
luna,plain,nfp_1009,nfp,5
luna,plain,nfp_1010,nfp,4
luna,plain,nfp_1011,nfp,5
luna,plain,nfp_1012,nfp,4
luna,plain,nfp_1013,nfp,5
luna,plain,nfp_1014,nfp,5
luna,plain,nfp_1015,nfp,5
luna,plain,nfp_1016,nfp,4
luna,plain,nfp_1017,nfp,5
luna,plain,nfp_1018,nfp,5
luna,plain,nfp_1019,nfp,5
luna,plain,nfp_1020,nfp,4
luna,plain,nfp_1021,nfp,2
luna,plain,nfp_1022,nfp,5
luna,plain,nfp_1023,nfp,4
luna,plain,nfp_1024,nfp,2
luna,plain,nfp_1025,nfp,5
luna,plain,nfp_1026,nfp,4
luna,plain,nfp_1027,nfp,5
luna,plain,nfp_1028,nfp,5
luna,plain,nfp_1029,nfp,4
luna,plain,nfp_1030,nfp,2
luna,plain,nfp_1031,nfp,4
luna,plain,nfp_1032,nfp,5
luna,plain,nfp_1033,nfp,5
luna,plain,nfp_1034,nfp,4
luna,plain,nfp_1035,nfp,5
luna,plain,nfp_1036,nfp,5
luna,plain,nfp_1037,nfp,4
luna,plain,nfp_1038,nfp,5
luna,plain,nfp_1039,nfp,5
luna,plain,nfp_1040,nfp,5
luna,plain,nfp_1041,nfp,5
luna,plain,nfp_1042,nfp,2
luna,plain,nfp_1043,nfp,5
luna,plain,nfp_1044,nfp,5
luna,plain,nfp_1045,nfp,5
luna,plain,nfp_1046,nfp,5
luna,plain,nfp_1047,nfp,5
luna,plain,nfp_1048,nfp,5
luna,plain,nfp_1049,nfp,5
luna,plain,nfp_1050,nfp,5
luna,plain,nfp_1051,nfp,4
luna,plain,nfp_1052,nfp,5
luna,plain,nfp_1053,nfp,5
luna,plain,nfp_1054,nfp,4
luna,plain,nfp_1055,nfp,4
luna,plain,nfp_1056,nfp,5
luna,plain,nfp_1057,nfp,5
luna,plain,nfp_1058,nfp,5
luna,plain,nfp_1059,nfp,5
luna,plain,nfp_1060,nfp,5
luna,plain,nfp_1061,nfp,5
luna,plain,nfp_1062,nfp,4
luna,plain,nfp_1063,nfp,2
luna,plain,nfp_1064,nfp,5
luna,plain,nfp_1065,nfp,5
luna,plain,nfp_1066,nfp,5
luna,plain,nfp_1067,nfp,5
luna,plain,nfp_1068,nfp,5
luna,plain,nfp_1069,nfp,5
luna,plain,nfp_1070,nfp,5
luna,plain,nfp_1071,nfp,5
luna,plain,nfp_1072,nfp,4
luna,plain,nfp_1073,nfp,5
luna,plain,nfp_1074,nfp,5
luna,plain,nfp_1075,nfp,5
luna,plain,nfp_1076,nfp,2
luna,plain,nfp_1077,nfp,5
luna,plain,nfp_1078,nfp,4
luna,plain,nfp_1079,nfp,5
luna,plain,nfp_1080,nfp,5
luna,plain,nfp_1081,nfp,5
luna,plain,nfp_1082,nfp,2
luna,plain,nfp_1083,nfp,5
luna,plain,nfp_1084,nfp,5
luna,plain,nfp_1085,nfp,5
luna,plain,nfp_1086,nfp,5
luna,plain,nfp_1087,nfp,5
luna,plain,nfp_1088,nfp,4
luna,plain,nfp_1089,nfp,2
luna,plain,nfp_1090,nfp,5
luna,plain,nfp_1091,nfp,5
luna,plain,nfp_1092,nfp,4
luna,plain,nfp_1093,nfp,4
luna,plain,nfp_1094,nfp,4
luna,plain,nfp_1095,nfp,5
luna,plain,nfp_1096,nfp,5
luna,plain,nfp_1097,nfp,4
luna,plain,nfp_1098,nfp,5
luna,plain,nfp_1099,nfp,5
luna,plain,nfp_1100,nfp,5
luna,plain,nfp_1101,nfp,5
luna,plain,nfp_1102,nfp,5
luna,plain,nfp_1103,nfp,5
luna,plain,nfp_1104,nfp,5
luna,plain,nfp_1105,nfp,3
luna,plain,nfp_1106,nfp,5
luna,plain,nfp_1107,nfp,2
luna,plain,nfp_1108,nfp,4
luna,plain,nfp_1109,nfp,5
luna,plain,nfp_1110,nfp,5
luna,plain,nfp_1111,nfp,5
luna,plain,nfp_1112,nfp,5
luna,plain,nfp_1113,nfp,5
luna,plain,nfp_1114,nfp,5
luna,plain,nfp_1115,nfp,5
luna,plain,nfp_1116,nfp,2
luna,plain,nfp_1117,nfp,4
luna,plain,nfp_1118,nfp,5
luna,plain,nfp_1119,nfp,5
luna,plain,nfp_1120,nfp,3
luna,plain,nfp_1121,nfp,5
luna,plain,nfp_1122,nfp,4
luna,plain,nfp_1123,nfp,5
luna,plain,nfp_1124,nfp,4
luna,plain,nfp_1125,nfp,5
luna,plain,nfp_1126,nfp,5
luna,plain,nfp_1127,nfp,2
luna,plain,nfp_1128,nfp,4
luna,plain,nfp_1129,nfp,4
luna,plain,nfp_1130,nfp,2
luna,plain,nfp_1131,nfp,4
luna,plain,nfp_1132,nfp,4
luna,plain,nfp_1133,nfp,4
luna,plain,nfp_1134,nfp,4
luna,plain,nfp_1135,nfp,5
luna,plain,nfp_1136,nfp,4
luna,plain,nfp_1137,nfp,5
luna,plain,nfp_1138,nfp,5
luna,plain,nfp_1139,nfp,5
luna,plain,nfp_1140,nfp,5
luna,plain,nfp_1141,nfp,5
luna,plain,nfp_1142,nfp,2
luna,plain,nfp_1143,nfp,4
luna,plain,nfp_1144,nfp,5
luna,plain,nfp_1145,nfp,5
luna,plain,nfp_1146,nfp,5
luna,plain,nfp_1147,nfp,5
luna,plain,nfp_1148,nfp,4
luna,plain,nfp_1149,nfp,5
